backbone,regime,seed,subset,n_tasks,method,absolute_acc,normalized_acc,cosine,sign_conflict,subspace_overlap,mean_tau_norm,num_tasks,cka,drift,param_scaling,param_density,param_drop_rate,param_seed
vit_tiny_patch16_224,semantic,0,aquatic_life+flora_and_insects,2,averaging,0.84575,0.9813782292146453,0.07330257445573807,0.442454069852829,0.26754857867497855,2.628836154937744,2.0,0.8312760048499626,0.7277724756937554,,,,
vit_tiny_patch16_224,semantic,0,aquatic_life+flora_and_insects,2,task_arithmetic,0.774,0.8977686399521627,0.07330257445573807,0.442454069852829,0.26754857867497855,2.628836154937744,2.0,0.8312760048499626,0.7277724756937554,0.1,,,
vit_tiny_patch16_224,semantic,0,aquatic_life+flora_and_insects,2,task_arithmetic,0.8107500000000001,0.9405479059093518,0.07330257445573807,0.442454069852829,0.26754857867497855,2.628836154937744,2.0,0.8312760048499626,0.7277724756937554,0.2,,,
vit_tiny_patch16_224,semantic,0,aquatic_life+flora_and_insects,2,task_arithmetic,0.8320000000000001,0.9652528625568673,0.07330257445573807,0.442454069852829,0.26754857867497855,2.628836154937744,2.0,0.8312760048499626,0.7277724756937554,0.3,,,
vit_tiny_patch16_224,semantic,0,aquatic_life+flora_and_insects,2,task_arithmetic,0.84575,0.9813782292146453,0.07330257445573807,0.442454069852829,0.26754857867497855,2.628836154937744,2.0,0.8312760048499626,0.7277724756937554,0.5,,,
vit_tiny_patch16_224,semantic,0,aquatic_life+flora_and_insects,2,task_arithmetic,0.8215,0.953125883816958,0.07330257445573807,0.442454069852829,0.26754857867497855,2.628836154937744,2.0,0.8312760048499626,0.7277724756937554,1.0,,,
vit_tiny_patch16_224,semantic,0,aquatic_life+flora_and_insects,2,ties,0.82325,0.955055129976647,0.07330257445573807,0.442454069852829,0.26754857867497855,2.628836154937744,2.0,0.8312760048499626,0.7277724756937554,0.5,0.2,,
vit_tiny_patch16_224,semantic,0,aquatic_life+flora_and_insects,2,ties,0.84775,0.9836796885732063,0.07330257445573807,0.442454069852829,0.26754857867497855,2.628836154937744,2.0,0.8312760048499626,0.7277724756937554,1.0,0.2,,
vit_tiny_patch16_224,semantic,0,aquatic_life+flora_and_insects,2,dare,0.8015,0.9298683668274708,0.07330257445573807,0.442454069852829,0.26754857867497855,2.628836154937744,2.0,0.8312760048499626,0.7277724756937554,1.0,0.2,0.9,0
vit_tiny_patch16_224,semantic,0,aquatic_life+flora_and_insects,2,dare,0.8067500000000001,0.9358793322182088,0.07330257445573807,0.442454069852829,0.26754857867497855,2.628836154937744,2.0,0.8312760048499626,0.7277724756937554,1.0,0.2,0.9,1
vit_tiny_patch16_224,semantic,0,aquatic_life+flora_and_insects,2,dare,0.81125,0.9411938498460644,0.07330257445573807,0.442454069852829,0.26754857867497855,2.628836154937744,2.0,0.8312760048499626,0.7277724756937554,1.0,0.2,0.9,2
vit_tiny_patch16_224,semantic,0,aquatic_life+household_and_people,2,averaging,0.8255,0.9691811812349926,0.0636754259467125,0.44997671246528625,0.25536785925316113,2.6818147897720337,2.0,0.8135311252628803,0.7300080406160367,,,,
vit_tiny_patch16_224,semantic,0,aquatic_life+household_and_people,2,task_arithmetic,0.7410000000000001,0.8699765878496661,0.0636754259467125,0.44997671246528625,0.25536785925316113,2.6818147897720337,2.0,0.8135311252628803,0.7300080406160367,0.1,,,
vit_tiny_patch16_224,semantic,0,aquatic_life+household_and_people,2,task_arithmetic,0.7805,0.9163504958110376,0.0636754259467125,0.44997671246528625,0.25536785925316113,2.6818147897720337,2.0,0.8135311252628803,0.7300080406160367,0.2,,,
vit_tiny_patch16_224,semantic,0,aquatic_life+household_and_people,2,task_arithmetic,0.79625,0.9348419249101971,0.0636754259467125,0.44997671246528625,0.25536785925316113,2.6818147897720337,2.0,0.8135311252628803,0.7300080406160367,0.3,,,
vit_tiny_patch16_224,semantic,0,aquatic_life+household_and_people,2,task_arithmetic,0.8255,0.9691811812349926,0.0636754259467125,0.44997671246528625,0.25536785925316113,2.6818147897720337,2.0,0.8135311252628803,0.7300080406160367,0.5,,,
vit_tiny_patch16_224,semantic,0,aquatic_life+household_and_people,2,task_arithmetic,0.8135,0.955090643685956,0.0636754259467125,0.44997671246528625,0.25536785925316113,2.6818147897720337,2.0,0.8135311252628803,0.7300080406160367,1.0,,,
vit_tiny_patch16_224,semantic,0,aquatic_life+household_and_people,2,ties,0.7935,0.9316135361789055,0.0636754259467125,0.44997671246528625,0.25536785925316113,2.6818147897720337,2.0,0.8135311252628803,0.7300080406160367,0.5,0.2,,
vit_tiny_patch16_224,semantic,0,aquatic_life+household_and_people,2,ties,0.82675,0.9706484896854212,0.0636754259467125,0.44997671246528625,0.25536785925316113,2.6818147897720337,2.0,0.8135311252628803,0.7300080406160367,1.0,0.2,,
vit_tiny_patch16_224,semantic,0,aquatic_life+household_and_people,2,dare,0.80025,0.9395331422868785,0.0636754259467125,0.44997671246528625,0.25536785925316113,2.6818147897720337,2.0,0.8135311252628803,0.7300080406160367,1.0,0.2,0.9,0
vit_tiny_patch16_224,semantic,0,aquatic_life+household_and_people,2,dare,0.79625,0.9348379620057397,0.0636754259467125,0.44997671246528625,0.25536785925316113,2.6818147897720337,2.0,0.8135311252628803,0.7300080406160367,1.0,0.2,0.9,1
vit_tiny_patch16_224,semantic,0,aquatic_life+household_and_people,2,dare,0.79175,0.929552481260631,0.0636754259467125,0.44997671246528625,0.25536785925316113,2.6818147897720337,2.0,0.8135311252628803,0.7300080406160367,1.0,0.2,0.9,2
vit_tiny_patch16_224,semantic,0,aquatic_life+mammals,2,averaging,0.8262499999999999,0.9647314783006985,0.0806870386004448,0.4367660582065582,0.2886546215108,2.695367693901062,2.0,0.8495652354638408,0.7198636256064388,,,,
vit_tiny_patch16_224,semantic,0,aquatic_life+mammals,2,task_arithmetic,0.74175,0.8660284880011778,0.0806870386004448,0.4367660582065582,0.2886546215108,2.695367693901062,2.0,0.8495652354638408,0.7198636256064388,0.1,,,
vit_tiny_patch16_224,semantic,0,aquatic_life+mammals,2,task_arithmetic,0.78225,0.9133183245816362,0.0806870386004448,0.4367660582065582,0.2886546215108,2.695367693901062,2.0,0.8495652354638408,0.7198636256064388,0.2,,,
vit_tiny_patch16_224,semantic,0,aquatic_life+mammals,2,task_arithmetic,0.804,0.9387544780880405,0.0806870386004448,0.4367660582065582,0.2886546215108,2.695367693901062,2.0,0.8495652354638408,0.7198636256064388,0.3,,,
vit_tiny_patch16_224,semantic,0,aquatic_life+mammals,2,task_arithmetic,0.8262499999999999,0.9647314783006985,0.0806870386004448,0.4367660582065582,0.2886546215108,2.695367693901062,2.0,0.8495652354638408,0.7198636256064388,0.5,,,
vit_tiny_patch16_224,semantic,0,aquatic_life+mammals,2,task_arithmetic,0.8007500000000001,0.9350258052379317,0.0806870386004448,0.4367660582065582,0.2886546215108,2.695367693901062,2.0,0.8495652354638408,0.7198636256064388,1.0,,,
vit_tiny_patch16_224,semantic,0,aquatic_life+mammals,2,ties,0.798,0.9317214261176817,0.0806870386004448,0.4367660582065582,0.2886546215108,2.695367693901062,2.0,0.8495652354638408,0.7198636256064388,0.5,0.2,,
vit_tiny_patch16_224,semantic,0,aquatic_life+mammals,2,ties,0.82975,0.968814922052641,0.0806870386004448,0.4367660582065582,0.2886546215108,2.695367693901062,2.0,0.8495652354638408,0.7198636256064388,1.0,0.2,,
vit_tiny_patch16_224,semantic,0,aquatic_life+mammals,2,dare,0.778,0.9084220771785183,0.0806870386004448,0.4367660582065582,0.2886546215108,2.695367693901062,2.0,0.8495652354638408,0.7198636256064388,1.0,0.2,0.9,0
vit_tiny_patch16_224,semantic,0,aquatic_life+mammals,2,dare,0.782,0.9131077113085013,0.0806870386004448,0.4367660582065582,0.2886546215108,2.695367693901062,2.0,0.8495652354638408,0.7198636256064388,1.0,0.2,0.9,1
vit_tiny_patch16_224,semantic,0,aquatic_life+mammals,2,dare,0.7845,0.9160327820582029,0.0806870386004448,0.4367660582065582,0.2886546215108,2.695367693901062,2.0,0.8495652354638408,0.7198636256064388,1.0,0.2,0.9,2
vit_tiny_patch16_224,semantic,0,aquatic_life+outdoor_and_vehicles,2,averaging,0.85375,0.9667040352985895,0.06641963124275208,0.4477892518043518,0.25909093196250926,2.639186978340149,2.0,0.7886978618845465,0.7201771541631565,,,,
vit_tiny_patch16_224,semantic,0,aquatic_life+outdoor_and_vehicles,2,task_arithmetic,0.7795000000000001,0.882163605263969,0.06641963124275208,0.4477892518043518,0.25909093196250926,2.639186978340149,2.0,0.7886978618845465,0.7201771541631565,0.1,,,
vit_tiny_patch16_224,semantic,0,aquatic_life+outdoor_and_vehicles,2,task_arithmetic,0.8140000000000001,0.9214424035093126,0.06641963124275208,0.4477892518043518,0.25909093196250926,2.639186978340149,2.0,0.7886978618845465,0.7201771541631565,0.2,,,
vit_tiny_patch16_224,semantic,0,aquatic_life+outdoor_and_vehicles,2,task_arithmetic,0.831,0.940778423274879,0.06641963124275208,0.4477892518043518,0.25909093196250926,2.639186978340149,2.0,0.7886978618845465,0.7201771541631565,0.3,,,
vit_tiny_patch16_224,semantic,0,aquatic_life+outdoor_and_vehicles,2,task_arithmetic,0.85375,0.9667040352985895,0.06641963124275208,0.4477892518043518,0.25909093196250926,2.639186978340149,2.0,0.7886978618845465,0.7201771541631565,0.5,,,
vit_tiny_patch16_224,semantic,0,aquatic_life+outdoor_and_vehicles,2,task_arithmetic,0.8282499999999999,0.9371327344079061,0.06641963124275208,0.4477892518043518,0.25909093196250926,2.639186978340149,2.0,0.7886978618845465,0.7201771541631565,1.0,,,
vit_tiny_patch16_224,semantic,0,aquatic_life+outdoor_and_vehicles,2,ties,0.82525,0.9343679693037877,0.06641963124275208,0.4477892518043518,0.25909093196250926,2.639186978340149,2.0,0.7886978618845465,0.7201771541631565,0.5,0.2,,
vit_tiny_patch16_224,semantic,0,aquatic_life+outdoor_and_vehicles,2,ties,0.854,0.967256217832157,0.06641963124275208,0.4477892518043518,0.25909093196250926,2.639186978340149,2.0,0.7886978618845465,0.7201771541631565,1.0,0.2,,
vit_tiny_patch16_224,semantic,0,aquatic_life+outdoor_and_vehicles,2,dare,0.80975,0.9162550980573447,0.06641963124275208,0.4477892518043518,0.25909093196250926,2.639186978340149,2.0,0.7886978618845465,0.7201771541631565,1.0,0.2,0.9,0
vit_tiny_patch16_224,semantic,0,aquatic_life+outdoor_and_vehicles,2,dare,0.8107500000000001,0.9169312006246084,0.06641963124275208,0.4477892518043518,0.25909093196250926,2.639186978340149,2.0,0.7886978618845465,0.7201771541631565,1.0,0.2,0.9,1
vit_tiny_patch16_224,semantic,0,aquatic_life+outdoor_and_vehicles,2,dare,0.8185,0.9264056255842862,0.06641963124275208,0.4477892518043518,0.25909093196250926,2.639186978340149,2.0,0.7886978618845465,0.7201771541631565,1.0,0.2,0.9,2
vit_tiny_patch16_224,semantic,0,flora_and_insects+household_and_people,2,averaging,0.845,0.9806763333848775,0.06997724622488022,0.44523587822914124,0.2669245466976033,2.585866332054138,2.0,0.8254207014066353,0.7444404911055373,,,,
vit_tiny_patch16_224,semantic,0,flora_and_insects+household_and_people,2,task_arithmetic,0.78075,0.9059556740509559,0.06997724622488022,0.44523587822914124,0.2669245466976033,2.585866332054138,2.0,0.8254207014066353,0.7444404911055373,0.1,,,
vit_tiny_patch16_224,semantic,0,flora_and_insects+household_and_people,2,task_arithmetic,0.81225,0.9425247336127498,0.06997724622488022,0.44523587822914124,0.2669245466976033,2.585866332054138,2.0,0.8254207014066353,0.7444404911055373,0.2,,,
vit_tiny_patch16_224,semantic,0,flora_and_insects+household_and_people,2,task_arithmetic,0.83175,0.9652233630436519,0.06997724622488022,0.44523587822914124,0.2669245466976033,2.585866332054138,2.0,0.8254207014066353,0.7444404911055373,0.3,,,
vit_tiny_patch16_224,semantic,0,flora_and_insects+household_and_people,2,task_arithmetic,0.845,0.9806763333848775,0.06997724622488022,0.44523587822914124,0.2669245466976033,2.585866332054138,2.0,0.8254207014066353,0.7444404911055373,0.5,,,
vit_tiny_patch16_224,semantic,0,flora_and_insects+household_and_people,2,task_arithmetic,0.823,0.9550821354371433,0.06997724622488022,0.44523587822914124,0.2669245466976033,2.585866332054138,2.0,0.8254207014066353,0.7444404911055373,1.0,,,
vit_tiny_patch16_224,semantic,0,flora_and_insects+household_and_people,2,ties,0.8240000000000001,0.9562026311773391,0.06997724622488022,0.44523587822914124,0.2669245466976033,2.585866332054138,2.0,0.8254207014066353,0.7444404911055373,0.5,0.2,,
vit_tiny_patch16_224,semantic,0,flora_and_insects+household_and_people,2,ties,0.8494999999999999,0.9859409115364233,0.06997724622488022,0.44523587822914124,0.2669245466976033,2.585866332054138,2.0,0.8254207014066353,0.7444404911055373,1.0,0.2,,
vit_tiny_patch16_224,semantic,0,flora_and_insects+household_and_people,2,dare,0.8145,0.945140178194533,0.06997724622488022,0.44523587822914124,0.2669245466976033,2.585866332054138,2.0,0.8254207014066353,0.7444404911055373,1.0,0.2,0.9,0
vit_tiny_patch16_224,semantic,0,flora_and_insects+household_and_people,2,dare,0.8047500000000001,0.9338649792526368,0.06997724622488022,0.44523587822914124,0.2669245466976033,2.585866332054138,2.0,0.8254207014066353,0.7444404911055373,1.0,0.2,0.9,1
vit_tiny_patch16_224,semantic,0,flora_and_insects+household_and_people,2,dare,0.7975,0.9253573306732508,0.06997724622488022,0.44523587822914124,0.2669245466976033,2.585866332054138,2.0,0.8254207014066353,0.7444404911055373,1.0,0.2,0.9,2
vit_tiny_patch16_224,semantic,0,flora_and_insects+mammals,2,averaging,0.8315,0.9597449029567748,0.06540185958147049,0.44850361347198486,0.25726096685846306,2.5994192361831665,2.0,0.8236557026912595,0.7342960760959394,,,,
vit_tiny_patch16_224,semantic,0,flora_and_insects+mammals,2,task_arithmetic,0.77525,0.894700754236458,0.06540185958147049,0.44850361347198486,0.25726096685846306,2.5994192361831665,2.0,0.8236557026912595,0.7342960760959394,0.1,,,
vit_tiny_patch16_224,semantic,0,flora_and_insects+mammals,2,task_arithmetic,0.8087500000000001,0.9334340847711403,0.06540185958147049,0.44850361347198486,0.25726096685846306,2.5994192361831665,2.0,0.8236557026912595,0.7342960760959394,0.2,,,
vit_tiny_patch16_224,semantic,0,flora_and_insects+mammals,2,task_arithmetic,0.8275,0.9550921455858277,0.06540185958147049,0.44850361347198486,0.25726096685846306,2.5994192361831665,2.0,0.8236557026912595,0.7342960760959394,0.3,,,
vit_tiny_patch16_224,semantic,0,flora_and_insects+mammals,2,task_arithmetic,0.8315,0.9597449029567748,0.06540185958147049,0.44850361347198486,0.25726096685846306,2.5994192361831665,2.0,0.8236557026912595,0.7342960760959394,0.5,,,
vit_tiny_patch16_224,semantic,0,flora_and_insects+mammals,2,task_arithmetic,0.79025,0.912006912668094,0.06540185958147049,0.44850361347198486,0.25726096685846306,2.5994192361831665,2.0,0.8236557026912595,0.7342960760959394,1.0,,,
vit_tiny_patch16_224,semantic,0,flora_and_insects+mammals,2,ties,0.82225,0.9490505576312218,0.06540185958147049,0.44850361347198486,0.25726096685846306,2.5994192361831665,2.0,0.8236557026912595,0.7342960760959394,0.5,0.2,,
vit_tiny_patch16_224,semantic,0,flora_and_insects+mammals,2,ties,0.8385,0.9678400011194603,0.06540185958147049,0.44850361347198486,0.25726096685846306,2.5994192361831665,2.0,0.8236557026912595,0.7342960760959394,1.0,0.2,,
vit_tiny_patch16_224,semantic,0,flora_and_insects+mammals,2,dare,0.777,0.8966073352644026,0.06540185958147049,0.44850361347198486,0.25726096685846306,2.5994192361831665,2.0,0.8236557026912595,0.7342960760959394,1.0,0.2,0.9,0
vit_tiny_patch16_224,semantic,0,flora_and_insects+mammals,2,dare,0.788,0.9094286553881028,0.06540185958147049,0.44850361347198486,0.25726096685846306,2.5994192361831665,2.0,0.8236557026912595,0.7342960760959394,1.0,0.2,0.9,1
vit_tiny_patch16_224,semantic,0,flora_and_insects+mammals,2,dare,0.7737499999999999,0.892895624309083,0.06540185958147049,0.44850361347198486,0.25726096685846306,2.5994192361831665,2.0,0.8236557026912595,0.7342960760959394,1.0,0.2,0.9,2
vit_tiny_patch16_224,semantic,0,flora_and_insects+outdoor_and_vehicles,2,averaging,0.86975,0.974489078539855,0.07049383968114853,0.44480299949645996,0.26133083368015714,2.5432385206222534,2.0,0.8040270837372796,0.7346096046526571,,,,
vit_tiny_patch16_224,semantic,0,flora_and_insects+outdoor_and_vehicles,2,task_arithmetic,0.81825,0.9168761636103653,0.07049383968114853,0.44480299949645996,0.26133083368015714,2.5432385206222534,2.0,0.8040270837372796,0.7346096046526571,0.1,,,
vit_tiny_patch16_224,semantic,0,flora_and_insects+outdoor_and_vehicles,2,task_arithmetic,0.84625,0.9482843848039861,0.07049383968114853,0.44480299949645996,0.26133083368015714,2.5432385206222534,2.0,0.8040270837372796,0.7346096046526571,0.2,,,
vit_tiny_patch16_224,semantic,0,flora_and_insects+outdoor_and_vehicles,2,task_arithmetic,0.86175,0.9656829882832361,0.07049383968114853,0.44480299949645996,0.26133083368015714,2.5432385206222534,2.0,0.8040270837372796,0.7346096046526571,0.3,,,
vit_tiny_patch16_224,semantic,0,flora_and_insects+outdoor_and_vehicles,2,task_arithmetic,0.86975,0.974489078539855,0.07049383968114853,0.44480299949645996,0.26133083368015714,2.5432385206222534,2.0,0.8040270837372796,0.7346096046526571,0.5,,,
vit_tiny_patch16_224,semantic,0,flora_and_insects+outdoor_and_vehicles,2,task_arithmetic,0.85675,0.959678978496041,0.07049383968114853,0.44480299949645996,0.26133083368015714,2.5432385206222534,2.0,0.8040270837372796,0.7346096046526571,1.0,,,
vit_tiny_patch16_224,semantic,0,flora_and_insects+outdoor_and_vehicles,2,ties,0.85625,0.9596254665426319,0.07049383968114853,0.44480299949645996,0.26133083368015714,2.5432385206222534,2.0,0.8040270837372796,0.7346096046526571,0.5,0.2,,
vit_tiny_patch16_224,semantic,0,flora_and_insects+outdoor_and_vehicles,2,ties,0.87625,0.9817874185080429,0.07049383968114853,0.44480299949645996,0.26133083368015714,2.5432385206222534,2.0,0.8040270837372796,0.7346096046526571,1.0,0.2,,
vit_tiny_patch16_224,semantic,0,flora_and_insects+outdoor_and_vehicles,2,dare,0.841,0.9420602070677206,0.07049383968114853,0.44480299949645996,0.26133083368015714,2.5432385206222534,2.0,0.8040270837372796,0.7346096046526571,1.0,0.2,0.9,0
vit_tiny_patch16_224,semantic,0,flora_and_insects+outdoor_and_vehicles,2,dare,0.8472500000000001,0.9490850240599785,0.07049383968114853,0.44480299949645996,0.26133083368015714,2.5432385206222534,2.0,0.8040270837372796,0.7346096046526571,1.0,0.2,0.9,1
vit_tiny_patch16_224,semantic,0,flora_and_insects+outdoor_and_vehicles,2,dare,0.8454999999999999,0.9472237182553283,0.07049383968114853,0.44480299949645996,0.26133083368015714,2.5432385206222534,2.0,0.8040270837372796,0.7346096046526571,1.0,0.2,0.9,2
vit_tiny_patch16_224,semantic,0,household_and_people+mammals,2,averaging,0.8194999999999999,0.9571324225950925,0.06377342343330383,0.44978582859039307,0.25479725744690623,2.652397871017456,2.0,0.8183070671188075,0.7365316410182208,,,,
vit_tiny_patch16_224,semantic,0,household_and_people+mammals,2,task_arithmetic,0.74275,0.8674897683462197,0.06377342343330383,0.44978582859039307,0.25479725744690623,2.652397871017456,2.0,0.8183070671188075,0.7365316410182208,0.1,,,
vit_tiny_patch16_224,semantic,0,household_and_people+mammals,2,task_arithmetic,0.78575,0.9177070524584954,0.06377342343330383,0.44978582859039307,0.25479725744690623,2.652397871017456,2.0,0.8183070671188075,0.7365316410182208,0.2,,,
vit_tiny_patch16_224,semantic,0,household_and_people+mammals,2,task_arithmetic,0.8015000000000001,0.9360580460934214,0.06377342343330383,0.44978582859039307,0.25479725744690623,2.652397871017456,2.0,0.8183070671188075,0.7365316410182208,0.3,,,
vit_tiny_patch16_224,semantic,0,household_and_people+mammals,2,task_arithmetic,0.8194999999999999,0.9571324225950925,0.06377342343330383,0.44978582859039307,0.25479725744690623,2.652397871017456,2.0,0.8183070671188075,0.7365316410182208,0.5,,,
vit_tiny_patch16_224,semantic,0,household_and_people+mammals,2,task_arithmetic,0.7989999999999999,0.9332581091099057,0.06377342343330383,0.44978582859039307,0.25479725744690623,2.652397871017456,2.0,0.8183070671188075,0.7365316410182208,1.0,,,
vit_tiny_patch16_224,semantic,0,household_and_people+mammals,2,ties,0.80025,0.9346127248286995,0.06377342343330383,0.44978582859039307,0.25479725744690623,2.652397871017456,2.0,0.8183070671188075,0.7365316410182208,0.5,0.2,,
vit_tiny_patch16_224,semantic,0,household_and_people+mammals,2,ties,0.82175,0.9597586209483435,0.06377342343330383,0.44978582859039307,0.25479725744690623,2.652397871017456,2.0,0.8183070671188075,0.7365316410182208,1.0,0.2,,
vit_tiny_patch16_224,semantic,0,household_and_people+mammals,2,dare,0.7709999999999999,0.9005660912661471,0.06377342343330383,0.44978582859039307,0.25479725744690623,2.652397871017456,2.0,0.8183070671188075,0.7365316410182208,1.0,0.2,0.9,0
vit_tiny_patch16_224,semantic,0,household_and_people+mammals,2,dare,0.7869999999999999,0.9192204028826632,0.06377342343330383,0.44978582859039307,0.25479725744690623,2.652397871017456,2.0,0.8183070671188075,0.7365316410182208,1.0,0.2,0.9,1
vit_tiny_patch16_224,semantic,0,household_and_people+mammals,2,dare,0.7775000000000001,0.9081834816334909,0.06377342343330383,0.44978582859039307,0.25479725744690623,2.652397871017456,2.0,0.8183070671188075,0.7365316410182208,1.0,0.2,0.9,2
vit_tiny_patch16_224,semantic,0,household_and_people+outdoor_and_vehicles,2,averaging,0.854,0.9673001114007844,0.0766649916768074,0.4400654435157776,0.27907526314773384,2.596217155456543,2.0,0.824717919565525,0.7368451695749385,,,,
vit_tiny_patch16_224,semantic,0,household_and_people+outdoor_and_vehicles,2,task_arithmetic,0.788,0.8923997874776266,0.0766649916768074,0.4400654435157776,0.27907526314773384,2.596217155456543,2.0,0.824717919565525,0.7368451695749385,0.1,,,
vit_tiny_patch16_224,semantic,0,household_and_people+outdoor_and_vehicles,2,task_arithmetic,0.8180000000000001,0.9265877502823566,0.0766649916768074,0.4400654435157776,0.27907526314773384,2.596217155456543,2.0,0.824717919565525,0.7368451695749385,0.2,,,
vit_tiny_patch16_224,semantic,0,household_and_people+outdoor_and_vehicles,2,task_arithmetic,0.839,0.9504470486501488,0.0766649916768074,0.4400654435157776,0.27907526314773384,2.596217155456543,2.0,0.824717919565525,0.7368451695749385,0.3,,,
vit_tiny_patch16_224,semantic,0,household_and_people+outdoor_and_vehicles,2,task_arithmetic,0.854,0.9673001114007844,0.0766649916768074,0.4400654435157776,0.27907526314773384,2.596217155456543,2.0,0.824717919565525,0.7368451695749385,0.5,,,
vit_tiny_patch16_224,semantic,0,household_and_people+outdoor_and_vehicles,2,task_arithmetic,0.838,0.948991578768835,0.0766649916768074,0.4400654435157776,0.27907526314773384,2.596217155456543,2.0,0.824717919565525,0.7368451695749385,1.0,,,
vit_tiny_patch16_224,semantic,0,household_and_people+outdoor_and_vehicles,2,ties,0.833,0.9435010426959247,0.0766649916768074,0.4400654435157776,0.27907526314773384,2.596217155456543,2.0,0.824717919565525,0.7368451695749385,0.5,0.2,,
vit_tiny_patch16_224,semantic,0,household_and_people+outdoor_and_vehicles,2,ties,0.855,0.9684343564131259,0.0766649916768074,0.4400654435157776,0.27907526314773384,2.596217155456543,2.0,0.824717919565525,0.7368451695749385,1.0,0.2,,
vit_tiny_patch16_224,semantic,0,household_and_people+outdoor_and_vehicles,2,dare,0.82675,0.9361610544399058,0.0766649916768074,0.4400654435157776,0.27907526314773384,2.596217155456543,2.0,0.824717919565525,0.7368451695749385,1.0,0.2,0.9,0
vit_tiny_patch16_224,semantic,0,household_and_people+outdoor_and_vehicles,2,dare,0.8255,0.9348938223318098,0.0766649916768074,0.4400654435157776,0.27907526314773384,2.596217155456543,2.0,0.824717919565525,0.7368451695749385,1.0,0.2,0.9,1
vit_tiny_patch16_224,semantic,0,household_and_people+outdoor_and_vehicles,2,dare,0.8225,0.9314710107404747,0.0766649916768074,0.4400654435157776,0.27907526314773384,2.596217155456543,2.0,0.824717919565525,0.7368451695749385,1.0,0.2,0.9,2
vit_tiny_patch16_224,semantic,0,mammals+outdoor_and_vehicles,2,averaging,0.8534999999999999,0.9613192130670916,0.06592569500207901,0.4480605721473694,0.2559749415630488,2.6097700595855713,2.0,0.8019850083473977,0.7267007545653406,,,,
vit_tiny_patch16_224,semantic,0,mammals+outdoor_and_vehicles,2,task_arithmetic,0.78225,0.8807554189952653,0.06592569500207901,0.4480605721473694,0.2559749415630488,2.6097700595855713,2.0,0.8019850083473977,0.7267007545653406,0.1,,,
vit_tiny_patch16_224,semantic,0,mammals+outdoor_and_vehicles,2,task_arithmetic,0.8185,0.9218137273589053,0.06592569500207901,0.4480605721473694,0.2559749415630488,2.6097700595855713,2.0,0.8019850083473977,0.7267007545653406,0.2,,,
vit_tiny_patch16_224,semantic,0,mammals+outdoor_and_vehicles,2,task_arithmetic,0.837,0.942677399187246,0.06592569500207901,0.4480605721473694,0.2559749415630488,2.6097700595855713,2.0,0.8019850083473977,0.7267007545653406,0.3,,,
vit_tiny_patch16_224,semantic,0,mammals+outdoor_and_vehicles,2,task_arithmetic,0.8534999999999999,0.9613192130670916,0.06592569500207901,0.4480605721473694,0.2559749415630488,2.6097700595855713,2.0,0.8019850083473977,0.7267007545653406,0.5,,,
vit_tiny_patch16_224,semantic,0,mammals+outdoor_and_vehicles,2,task_arithmetic,0.83325,0.9380694424324674,0.06592569500207901,0.4480605721473694,0.2559749415630488,2.6097700595855713,2.0,0.8019850083473977,0.7267007545653406,1.0,,,
vit_tiny_patch16_224,semantic,0,mammals+outdoor_and_vehicles,2,ties,0.8300000000000001,0.9349345705085685,0.06592569500207901,0.4480605721473694,0.2559749415630488,2.6097700595855713,2.0,0.8019850083473977,0.7267007545653406,0.5,0.2,,
vit_tiny_patch16_224,semantic,0,mammals+outdoor_and_vehicles,2,ties,0.8567499999999999,0.9650770566005128,0.06592569500207901,0.4480605721473694,0.2559749415630488,2.6097700595855713,2.0,0.8019850083473977,0.7267007545653406,1.0,0.2,,
vit_tiny_patch16_224,semantic,0,mammals+outdoor_and_vehicles,2,dare,0.81525,0.9177528165559867,0.06592569500207901,0.4480605721473694,0.2559749415630488,2.6097700595855713,2.0,0.8019850083473977,0.7267007545653406,1.0,0.2,0.9,0
vit_tiny_patch16_224,semantic,0,mammals+outdoor_and_vehicles,2,dare,0.8265,0.930549625518137,0.06592569500207901,0.4480605721473694,0.2559749415630488,2.6097700595855713,2.0,0.8019850083473977,0.7267007545653406,1.0,0.2,0.9,1
vit_tiny_patch16_224,semantic,0,mammals+outdoor_and_vehicles,2,dare,0.8222499999999999,0.9255629935167748,0.06592569500207901,0.4480605721473694,0.2559749415630488,2.6097700595855713,2.0,0.8019850083473977,0.7267007545653406,1.0,0.2,0.9,2
vit_tiny_patch16_224,semantic,0,aquatic_life+flora_and_insects+household_and_people,3,averaging,0.8206666666666668,0.9559276286011201,0.06898508220911026,0.4458888868490855,0.263280328208581,2.632172425587972,3.0,0.8234092771731594,0.7340736691384432,,,,
vit_tiny_patch16_224,semantic,0,aquatic_life+flora_and_insects+household_and_people,3,task_arithmetic,0.7793333333333333,0.9076723638509648,0.06898508220911026,0.4458888868490855,0.263280328208581,2.632172425587972,3.0,0.8234092771731594,0.7340736691384432,0.1,,,
vit_tiny_patch16_224,semantic,0,aquatic_life+flora_and_insects+household_and_people,3,task_arithmetic,0.8071666666666667,0.9401195389602841,0.06898508220911026,0.4458888868490855,0.263280328208581,2.632172425587972,3.0,0.8234092771731594,0.7340736691384432,0.2,,,
vit_tiny_patch16_224,semantic,0,aquatic_life+flora_and_insects+household_and_people,3,task_arithmetic,0.8205,0.9557021755274501,0.06898508220911026,0.4458888868490855,0.263280328208581,2.632172425587972,3.0,0.8234092771731594,0.7340736691384432,0.3,,,
vit_tiny_patch16_224,semantic,0,aquatic_life+flora_and_insects+household_and_people,3,task_arithmetic,0.8250000000000001,0.9610674881025717,0.06898508220911026,0.4458888868490855,0.263280328208581,2.632172425587972,3.0,0.8234092771731594,0.7340736691384432,0.5,,,
vit_tiny_patch16_224,semantic,0,aquatic_life+flora_and_insects+household_and_people,3,task_arithmetic,0.7425,0.8646573286549167,0.06898508220911026,0.4458888868490855,0.263280328208581,2.632172425587972,3.0,0.8234092771731594,0.7340736691384432,1.0,,,
vit_tiny_patch16_224,semantic,0,aquatic_life+flora_and_insects+household_and_people,3,ties,0.8113333333333334,0.944993174002103,0.06898508220911026,0.4458888868490855,0.263280328208581,2.632172425587972,3.0,0.8234092771731594,0.7340736691384432,0.5,0.2,,
vit_tiny_patch16_224,semantic,0,aquatic_life+flora_and_insects+household_and_people,3,ties,0.8285,0.9651285858770349,0.06898508220911026,0.4458888868490855,0.263280328208581,2.632172425587972,3.0,0.8234092771731594,0.7340736691384432,1.0,0.2,,
vit_tiny_patch16_224,semantic,0,aquatic_life+flora_and_insects+household_and_people,3,dare,0.7301666666666667,0.8502967777224789,0.06898508220911026,0.4458888868490855,0.263280328208581,2.632172425587972,3.0,0.8234092771731594,0.7340736691384432,1.0,0.2,0.9,0
vit_tiny_patch16_224,semantic,0,aquatic_life+flora_and_insects+household_and_people,3,dare,0.7158333333333333,0.8334645299962218,0.06898508220911026,0.4458888868490855,0.263280328208581,2.632172425587972,3.0,0.8234092771731594,0.7340736691384432,1.0,0.2,0.9,1
vit_tiny_patch16_224,semantic,0,aquatic_life+flora_and_insects+household_and_people,3,dare,0.7290000000000001,0.8487732339684065,0.06898508220911026,0.4458888868490855,0.263280328208581,2.632172425587972,3.0,0.8234092771731594,0.7340736691384432,1.0,0.2,0.9,2
vit_tiny_patch16_224,semantic,0,aquatic_life+flora_and_insects+mammals,3,averaging,0.8211666666666666,0.9531036416034325,0.07313049087921779,0.44257458051045734,0.2711547223480805,2.641207695007324,3.0,0.834832314335021,0.7273107257987111,,,,
vit_tiny_patch16_224,semantic,0,aquatic_life+flora_and_insects+mammals,3,task_arithmetic,0.777,0.9016840373550278,0.07313049087921779,0.44257458051045734,0.2711547223480805,2.641207695007324,3.0,0.834832314335021,0.7273107257987111,0.1,,,
vit_tiny_patch16_224,semantic,0,aquatic_life+flora_and_insects+mammals,3,task_arithmetic,0.8085,0.9382857368851499,0.07313049087921779,0.44257458051045734,0.2711547223480805,2.641207695007324,3.0,0.834832314335021,0.7273107257987111,0.2,,,
vit_tiny_patch16_224,semantic,0,aquatic_life+flora_and_insects+mammals,3,task_arithmetic,0.8191666666666667,0.9507646903394442,0.07313049087921779,0.44257458051045734,0.2711547223480805,2.641207695007324,3.0,0.834832314335021,0.7273107257987111,0.3,,,
vit_tiny_patch16_224,semantic,0,aquatic_life+flora_and_insects+mammals,3,task_arithmetic,0.8166666666666668,0.9479530396865142,0.07313049087921779,0.44257458051045734,0.2711547223480805,2.641207695007324,3.0,0.834832314335021,0.7273107257987111,0.5,,,
vit_tiny_patch16_224,semantic,0,aquatic_life+flora_and_insects+mammals,3,task_arithmetic,0.7188333333333333,0.8341374363660002,0.07313049087921779,0.44257458051045734,0.2711547223480805,2.641207695007324,3.0,0.834832314335021,0.7273107257987111,1.0,,,
vit_tiny_patch16_224,semantic,0,aquatic_life+flora_and_insects+mammals,3,ties,0.8158333333333333,0.9468540846410622,0.07313049087921779,0.44257458051045734,0.2711547223480805,2.641207695007324,3.0,0.834832314335021,0.7273107257987111,0.5,0.2,,
vit_tiny_patch16_224,semantic,0,aquatic_life+flora_and_insects+mammals,3,ties,0.8251666666666666,0.957815985277256,0.07313049087921779,0.44257458051045734,0.2711547223480805,2.641207695007324,3.0,0.834832314335021,0.7273107257987111,1.0,0.2,,
vit_tiny_patch16_224,semantic,0,aquatic_life+flora_and_insects+mammals,3,dare,0.703,0.815735024638312,0.07313049087921779,0.44257458051045734,0.2711547223480805,2.641207695007324,3.0,0.834832314335021,0.7273107257987111,1.0,0.2,0.9,0
vit_tiny_patch16_224,semantic,0,aquatic_life+flora_and_insects+mammals,3,dare,0.702,0.8145272276884606,0.07313049087921779,0.44257458051045734,0.2711547223480805,2.641207695007324,3.0,0.834832314335021,0.7273107257987111,1.0,0.2,0.9,1
vit_tiny_patch16_224,semantic,0,aquatic_life+flora_and_insects+mammals,3,dare,0.7141666666666667,0.8287295523557644,0.07313049087921779,0.44257458051045734,0.2711547223480805,2.641207695007324,3.0,0.834832314335021,0.7273107257987111,1.0,0.2,0.9,2
vit_tiny_patch16_224,semantic,0,aquatic_life+flora_and_insects+outdoor_and_vehicles,3,averaging,0.8411666666666667,0.9569942547731443,0.07007201512654622,0.44501544038454693,0.26265678143921495,2.6037538846333823,3.0,0.8080003168239296,0.727519744836523,,,,
vit_tiny_patch16_224,semantic,0,aquatic_life+flora_and_insects+outdoor_and_vehicles,3,task_arithmetic,0.8033333333333333,0.9136477240201349,0.07007201512654622,0.44501544038454693,0.26265678143921495,2.6037538846333823,3.0,0.8080003168239296,0.727519744836523,0.1,,,
vit_tiny_patch16_224,semantic,0,aquatic_life+flora_and_insects+outdoor_and_vehicles,3,task_arithmetic,0.8306666666666667,0.9449306316280949,0.07007201512654622,0.44501544038454693,0.26265678143921495,2.6037538846333823,3.0,0.8080003168239296,0.727519744836523,0.2,,,
vit_tiny_patch16_224,semantic,0,aquatic_life+flora_and_insects+outdoor_and_vehicles,3,task_arithmetic,0.8381666666666666,0.9535348215121551,0.07007201512654622,0.44501544038454693,0.26265678143921495,2.6037538846333823,3.0,0.8080003168239296,0.727519744836523,0.3,,,
vit_tiny_patch16_224,semantic,0,aquatic_life+flora_and_insects+outdoor_and_vehicles,3,task_arithmetic,0.8426666666666667,0.9587330716700261,0.07007201512654622,0.44501544038454693,0.26265678143921495,2.6037538846333823,3.0,0.8080003168239296,0.727519744836523,0.5,,,
vit_tiny_patch16_224,semantic,0,aquatic_life+flora_and_insects+outdoor_and_vehicles,3,task_arithmetic,0.7578333333333335,0.8609014041952688,0.07007201512654622,0.44501544038454693,0.26265678143921495,2.6037538846333823,3.0,0.8080003168239296,0.727519744836523,1.0,,,
vit_tiny_patch16_224,semantic,0,aquatic_life+flora_and_insects+outdoor_and_vehicles,3,ties,0.8338333333333333,0.948674746595155,0.07007201512654622,0.44501544038454693,0.26265678143921495,2.6037538846333823,3.0,0.8080003168239296,0.727519744836523,0.5,0.2,,
vit_tiny_patch16_224,semantic,0,aquatic_life+flora_and_insects+outdoor_and_vehicles,3,ties,0.8458333333333333,0.9624810096035924,0.07007201512654622,0.44501544038454693,0.26265678143921495,2.6037538846333823,3.0,0.8080003168239296,0.727519744836523,1.0,0.2,,
vit_tiny_patch16_224,semantic,0,aquatic_life+flora_and_insects+outdoor_and_vehicles,3,dare,0.7324999999999999,0.8324043620500197,0.07007201512654622,0.44501544038454693,0.26265678143921495,2.6037538846333823,3.0,0.8080003168239296,0.727519744836523,1.0,0.2,0.9,0
vit_tiny_patch16_224,semantic,0,aquatic_life+flora_and_insects+outdoor_and_vehicles,3,dare,0.7535,0.8562615642710764,0.07007201512654622,0.44501544038454693,0.26265678143921495,2.6037538846333823,3.0,0.8080003168239296,0.727519744836523,1.0,0.2,0.9,1
vit_tiny_patch16_224,semantic,0,aquatic_life+flora_and_insects+outdoor_and_vehicles,3,dare,0.7486666666666667,0.8507436333661103,0.07007201512654622,0.44501544038454693,0.26265678143921495,2.6037538846333823,3.0,0.8080003168239296,0.727519744836523,1.0,0.2,0.9,2
vit_tiny_patch16_224,semantic,0,aquatic_life+household_and_people+mammals,3,averaging,0.8081666666666667,0.9454244583295748,0.06937862932682037,0.44550953308741253,0.2662732460702891,2.6765267848968506,3.0,0.8271344759485095,0.7288011024135654,,,,
vit_tiny_patch16_224,semantic,0,aquatic_life+household_and_people+mammals,3,task_arithmetic,0.7566666666666667,0.8851818027916322,0.06937862932682037,0.44550953308741253,0.2662732460702891,2.6765267848968506,3.0,0.8271344759485095,0.7288011024135654,0.1,,,
vit_tiny_patch16_224,semantic,0,aquatic_life+household_and_people+mammals,3,task_arithmetic,0.7895,0.9235779015995411,0.06937862932682037,0.44550953308741253,0.2662732460702891,2.6765267848968506,3.0,0.8271344759485095,0.7288011024135654,0.2,,,
vit_tiny_patch16_224,semantic,0,aquatic_life+household_and_people+mammals,3,task_arithmetic,0.8046666666666668,0.9413275971753161,0.06937862932682037,0.44550953308741253,0.2662732460702891,2.6765267848968506,3.0,0.8271344759485095,0.7288011024135654,0.3,,,
vit_tiny_patch16_224,semantic,0,aquatic_life+household_and_people+mammals,3,task_arithmetic,0.8081666666666667,0.9454701328896603,0.06937862932682037,0.44550953308741253,0.2662732460702891,2.6765267848968506,3.0,0.8271344759485095,0.7288011024135654,0.5,,,
vit_tiny_patch16_224,semantic,0,aquatic_life+household_and_people+mammals,3,task_arithmetic,0.7191666666666666,0.8414250407194386,0.06937862932682037,0.44550953308741253,0.2662732460702891,2.6765267848968506,3.0,0.8271344759485095,0.7288011024135654,1.0,,,
vit_tiny_patch16_224,semantic,0,aquatic_life+household_and_people+mammals,3,ties,0.7951666666666667,0.9302162134256639,0.06937862932682037,0.44550953308741253,0.2662732460702891,2.6765267848968506,3.0,0.8271344759485095,0.7288011024135654,0.5,0.2,,
vit_tiny_patch16_224,semantic,0,aquatic_life+household_and_people+mammals,3,ties,0.81,0.9475872860294546,0.06937862932682037,0.44550953308741253,0.2662732460702891,2.6765267848968506,3.0,0.8271344759485095,0.7288011024135654,1.0,0.2,,
vit_tiny_patch16_224,semantic,0,aquatic_life+household_and_people+mammals,3,dare,0.7018333333333334,0.8211963639982788,0.06937862932682037,0.44550953308741253,0.2662732460702891,2.6765267848968506,3.0,0.8271344759485095,0.7288011024135654,1.0,0.2,0.9,0
vit_tiny_patch16_224,semantic,0,aquatic_life+household_and_people+mammals,3,dare,0.6981666666666667,0.8169092149902633,0.06937862932682037,0.44550953308741253,0.2662732460702891,2.6765267848968506,3.0,0.8271344759485095,0.7288011024135654,1.0,0.2,0.9,1
vit_tiny_patch16_224,semantic,0,aquatic_life+household_and_people+mammals,3,dare,0.7084999999999999,0.8289492927821877,0.06937862932682037,0.44550953308741253,0.2662732460702891,2.6765267848968506,3.0,0.8271344759485095,0.7288011024135654,1.0,0.2,0.9,2
vit_tiny_patch16_224,semantic,0,aquatic_life+household_and_people+outdoor_and_vehicles,3,averaging,0.8230000000000001,0.9432852871616308,0.06892001628875732,0.44594380259513855,0.2645113514544681,2.6390729745229087,3.0,0.8089823022376507,0.7290101214513772,,,,
vit_tiny_patch16_224,semantic,0,aquatic_life+household_and_people+outdoor_and_vehicles,3,task_arithmetic,0.7831666666666667,0.8972923011222286,0.06892001628875732,0.44594380259513855,0.2645113514544681,2.6390729745229087,3.0,0.8089823022376507,0.7290101214513772,0.1,,,
vit_tiny_patch16_224,semantic,0,aquatic_life+household_and_people+outdoor_and_vehicles,3,task_arithmetic,0.8103333333333333,0.9285481308634687,0.06892001628875732,0.44594380259513855,0.2645113514544681,2.6390729745229087,3.0,0.8089823022376507,0.7290101214513772,0.2,,,
vit_tiny_patch16_224,semantic,0,aquatic_life+household_and_people+outdoor_and_vehicles,3,task_arithmetic,0.8203333333333332,0.940194056548072,0.06892001628875732,0.44594380259513855,0.2645113514544681,2.6390729745229087,3.0,0.8089823022376507,0.7290101214513772,0.3,,,
vit_tiny_patch16_224,semantic,0,aquatic_life+household_and_people+outdoor_and_vehicles,3,task_arithmetic,0.8205,0.9403228677205299,0.06892001628875732,0.44594380259513855,0.2645113514544681,2.6390729745229087,3.0,0.8089823022376507,0.7290101214513772,0.5,,,
vit_tiny_patch16_224,semantic,0,aquatic_life+household_and_people+outdoor_and_vehicles,3,task_arithmetic,0.7325,0.8385203146699111,0.06892001628875732,0.44594380259513855,0.2645113514544681,2.6390729745229087,3.0,0.8089823022376507,0.7290101214513772,1.0,,,
vit_tiny_patch16_224,semantic,0,aquatic_life+household_and_people+outdoor_and_vehicles,3,ties,0.8131666666666667,0.9320333329707866,0.06892001628875732,0.44594380259513855,0.2645113514544681,2.6390729745229087,3.0,0.8089823022376507,0.7290101214513772,0.5,0.2,,
vit_tiny_patch16_224,semantic,0,aquatic_life+household_and_people+outdoor_and_vehicles,3,ties,0.8256666666666668,0.9465079492678816,0.06892001628875732,0.44594380259513855,0.2645113514544681,2.6390729745229087,3.0,0.8089823022376507,0.7290101214513772,1.0,0.2,,
vit_tiny_patch16_224,semantic,0,aquatic_life+household_and_people+outdoor_and_vehicles,3,dare,0.7243333333333334,0.8291587688329692,0.06892001628875732,0.44594380259513855,0.2645113514544681,2.6390729745229087,3.0,0.8089823022376507,0.7290101214513772,1.0,0.2,0.9,0
vit_tiny_patch16_224,semantic,0,aquatic_life+household_and_people+outdoor_and_vehicles,3,dare,0.7273333333333333,0.8328930117050181,0.06892001628875732,0.44594380259513855,0.2645113514544681,2.6390729745229087,3.0,0.8089823022376507,0.7290101214513772,1.0,0.2,0.9,1
vit_tiny_patch16_224,semantic,0,aquatic_life+household_and_people+outdoor_and_vehicles,3,dare,0.713,0.8161702631978233,0.06892001628875732,0.44594380259513855,0.2645113514544681,2.6390729745229087,3.0,0.8089823022376507,0.7290101214513772,1.0,0.2,0.9,2
vit_tiny_patch16_224,semantic,0,aquatic_life+mammals+outdoor_and_vehicles,3,averaging,0.8256666666666668,0.9428644295248522,0.07101078828175862,0.4442052940527598,0.26790683167878604,2.6481082439422607,3.0,0.8134160352319283,0.7222471781116453,,,,
vit_tiny_patch16_224,semantic,0,aquatic_life+mammals+outdoor_and_vehicles,3,task_arithmetic,0.7808333333333333,0.8913151899483456,0.07101078828175862,0.4442052940527598,0.26790683167878604,2.6481082439422607,3.0,0.8134160352319283,0.7222471781116453,0.1,,,
vit_tiny_patch16_224,semantic,0,aquatic_life+mammals+outdoor_and_vehicles,3,task_arithmetic,0.8095,0.9242519213052773,0.07101078828175862,0.4442052940527598,0.26790683167878604,2.6481082439422607,3.0,0.8134160352319283,0.7222471781116453,0.2,,,
vit_tiny_patch16_224,semantic,0,aquatic_life+mammals+outdoor_and_vehicles,3,task_arithmetic,0.8245,0.9415042823759253,0.07101078828175862,0.4442052940527598,0.26790683167878604,2.6481082439422607,3.0,0.8134160352319283,0.7222471781116453,0.3,,,
vit_tiny_patch16_224,semantic,0,aquatic_life+mammals+outdoor_and_vehicles,3,task_arithmetic,0.8261666666666666,0.9434564175837373,0.07101078828175862,0.4442052940527598,0.26790683167878604,2.6481082439422607,3.0,0.8134160352319283,0.7222471781116453,0.5,,,
vit_tiny_patch16_224,semantic,0,aquatic_life+mammals+outdoor_and_vehicles,3,task_arithmetic,0.7276666666666666,0.8296402086413864,0.07101078828175862,0.4442052940527598,0.26790683167878604,2.6481082439422607,3.0,0.8134160352319283,0.7222471781116453,1.0,,,
vit_tiny_patch16_224,semantic,0,aquatic_life+mammals+outdoor_and_vehicles,3,ties,0.8171666666666667,0.9331676072815657,0.07101078828175862,0.4442052940527598,0.26790683167878604,2.6481082439422607,3.0,0.8134160352319283,0.7222471781116453,0.5,0.2,,
vit_tiny_patch16_224,semantic,0,aquatic_life+mammals+outdoor_and_vehicles,3,ties,0.8295,0.9474524007410471,0.07101078828175862,0.4442052940527598,0.26790683167878604,2.6481082439422607,3.0,0.8134160352319283,0.7222471781116453,1.0,0.2,,
vit_tiny_patch16_224,semantic,0,aquatic_life+mammals+outdoor_and_vehicles,3,dare,0.7068333333333333,0.8060067320719965,0.07101078828175862,0.4442052940527598,0.26790683167878604,2.6481082439422607,3.0,0.8134160352319283,0.7222471781116453,1.0,0.2,0.9,0
vit_tiny_patch16_224,semantic,0,aquatic_life+mammals+outdoor_and_vehicles,3,dare,0.7216666666666667,0.8230012170536756,0.07101078828175862,0.4442052940527598,0.26790683167878604,2.6481082439422607,3.0,0.8134160352319283,0.7222471781116453,1.0,0.2,0.9,1
vit_tiny_patch16_224,semantic,0,aquatic_life+mammals+outdoor_and_vehicles,3,dare,0.7156666666666668,0.8158692090753531,0.07101078828175862,0.4442052940527598,0.26790683167878604,2.6481082439422607,3.0,0.8134160352319283,0.7222471781116453,1.0,0.2,0.9,2
vit_tiny_patch16_224,semantic,0,flora_and_insects+household_and_people+mammals,3,averaging,0.8143333333333334,0.9453317028301381,0.06638417641321818,0.4478417734305064,0.25966092366765753,2.6125611464182534,3.0,0.8224611570722341,0.7384227360732325,,,,
vit_tiny_patch16_224,semantic,0,flora_and_insects+household_and_people+mammals,3,task_arithmetic,0.7778333333333333,0.9028466049964816,0.06638417641321818,0.4478417734305064,0.25966092366765753,2.6125611464182534,3.0,0.8224611570722341,0.7384227360732325,0.1,,,
vit_tiny_patch16_224,semantic,0,flora_and_insects+household_and_people+mammals,3,task_arithmetic,0.8071666666666667,0.9369392842843526,0.06638417641321818,0.4478417734305064,0.25966092366765753,2.6125611464182534,3.0,0.8224611570722341,0.7384227360732325,0.2,,,
vit_tiny_patch16_224,semantic,0,flora_and_insects+household_and_people+mammals,3,task_arithmetic,0.8131666666666666,0.9439506008563844,0.06638417641321818,0.4478417734305064,0.25966092366765753,2.6125611464182534,3.0,0.8224611570722341,0.7384227360732325,0.3,,,
vit_tiny_patch16_224,semantic,0,flora_and_insects+household_and_people+mammals,3,task_arithmetic,0.8075,0.9374389892085325,0.06638417641321818,0.4478417734305064,0.25966092366765753,2.6125611464182534,3.0,0.8224611570722341,0.7384227360732325,0.5,,,
vit_tiny_patch16_224,semantic,0,flora_and_insects+household_and_people+mammals,3,task_arithmetic,0.7183333333333334,0.8336728347944317,0.06638417641321818,0.4478417734305064,0.25966092366765753,2.6125611464182534,3.0,0.8224611570722341,0.7384227360732325,1.0,,,
vit_tiny_patch16_224,semantic,0,flora_and_insects+household_and_people+mammals,3,ties,0.8126666666666668,0.9433301441913061,0.06638417641321818,0.4478417734305064,0.25966092366765753,2.6125611464182534,3.0,0.8224611570722341,0.7384227360732325,0.5,0.2,,
vit_tiny_patch16_224,semantic,0,flora_and_insects+household_and_people+mammals,3,ties,0.8165,0.9478970494217481,0.06638417641321818,0.4478417734305064,0.25966092366765753,2.6125611464182534,3.0,0.8224611570722341,0.7384227360732325,1.0,0.2,,
vit_tiny_patch16_224,semantic,0,flora_and_insects+household_and_people+mammals,3,dare,0.7125,0.8268522417174369,0.06638417641321818,0.4478417734305064,0.25966092366765753,2.6125611464182534,3.0,0.8224611570722341,0.7384227360732325,1.0,0.2,0.9,0
vit_tiny_patch16_224,semantic,0,flora_and_insects+household_and_people+mammals,3,dare,0.6981666666666667,0.8101841931175277,0.06638417641321818,0.4478417734305064,0.25966092366765753,2.6125611464182534,3.0,0.8224611570722341,0.7384227360732325,1.0,0.2,0.9,1
vit_tiny_patch16_224,semantic,0,flora_and_insects+household_and_people+mammals,3,dare,0.6981666666666667,0.8101395305579758,0.06638417641321818,0.4478417734305064,0.25966092366765753,2.6125611464182534,3.0,0.8224611570722341,0.7384227360732325,1.0,0.2,0.9,2
vit_tiny_patch16_224,semantic,0,flora_and_insects+household_and_people+outdoor_and_vehicles,3,averaging,0.84,0.9557524285339114,0.07237869252761205,0.4433681070804596,0.2691102145084981,2.5751073360443115,3.0,0.8180552349031466,0.7386317551110443,,,,
vit_tiny_patch16_224,semantic,0,flora_and_insects+household_and_people+outdoor_and_vehicles,3,task_arithmetic,0.8058333333333333,0.9166772741519554,0.07237869252761205,0.4433681070804596,0.2691102145084981,2.5751073360443115,3.0,0.8180552349031466,0.7386317551110443,0.1,,,
vit_tiny_patch16_224,semantic,0,flora_and_insects+household_and_people+outdoor_and_vehicles,3,task_arithmetic,0.8308333333333332,0.945214829158575,0.07237869252761205,0.4433681070804596,0.2691102145084981,2.5751073360443115,3.0,0.8180552349031466,0.7386317551110443,0.2,,,
vit_tiny_patch16_224,semantic,0,flora_and_insects+household_and_people+outdoor_and_vehicles,3,task_arithmetic,0.8393333333333333,0.9549961739666992,0.07237869252761205,0.4433681070804596,0.2691102145084981,2.5751073360443115,3.0,0.8180552349031466,0.7386317551110443,0.3,,,
vit_tiny_patch16_224,semantic,0,flora_and_insects+household_and_people+outdoor_and_vehicles,3,task_arithmetic,0.8401666666666667,0.9558675816598751,0.07237869252761205,0.4433681070804596,0.2691102145084981,2.5751073360443115,3.0,0.8180552349031466,0.7386317551110443,0.5,,,
vit_tiny_patch16_224,semantic,0,flora_and_insects+household_and_people+outdoor_and_vehicles,3,task_arithmetic,0.7706666666666667,0.8763024055555029,0.07237869252761205,0.4433681070804596,0.2691102145084981,2.5751073360443115,3.0,0.8180552349031466,0.7386317551110443,1.0,,,
vit_tiny_patch16_224,semantic,0,flora_and_insects+household_and_people+outdoor_and_vehicles,3,ties,0.835,0.9500319754078035,0.07237869252761205,0.4433681070804596,0.2691102145084981,2.5751073360443115,3.0,0.8180552349031466,0.7386317551110443,0.5,0.2,,
vit_tiny_patch16_224,semantic,0,flora_and_insects+household_and_people+outdoor_and_vehicles,3,ties,0.8443333333333333,0.9606986596325514,0.07237869252761205,0.4433681070804596,0.2691102145084981,2.5751073360443115,3.0,0.8180552349031466,0.7386317551110443,1.0,0.2,,
vit_tiny_patch16_224,semantic,0,flora_and_insects+household_and_people+outdoor_and_vehicles,3,dare,0.7563333333333334,0.8603483335719612,0.07237869252761205,0.4433681070804596,0.2691102145084981,2.5751073360443115,3.0,0.8180552349031466,0.7386317551110443,1.0,0.2,0.9,0
vit_tiny_patch16_224,semantic,0,flora_and_insects+household_and_people+outdoor_and_vehicles,3,dare,0.7586666666666666,0.8625625697053204,0.07237869252761205,0.4433681070804596,0.2691102145084981,2.5751073360443115,3.0,0.8180552349031466,0.7386317551110443,1.0,0.2,0.9,1
vit_tiny_patch16_224,semantic,0,flora_and_insects+household_and_people+outdoor_and_vehicles,3,dare,0.7518333333333334,0.8546092032684601,0.07237869252761205,0.4433681070804596,0.2691102145084981,2.5751073360443115,3.0,0.8180552349031466,0.7386317551110443,1.0,0.2,0.9,2
vit_tiny_patch16_224,semantic,0,flora_and_insects+mammals+outdoor_and_vehicles,3,averaging,0.8315,0.9423286356720043,0.06727379808823268,0.44712239503860474,0.25818891403388966,2.5841426054636636,3.0,0.8098892649253123,0.7318688117713124,,,,
vit_tiny_patch16_224,semantic,0,flora_and_insects+mammals+outdoor_and_vehicles,3,task_arithmetic,0.8006666666666667,0.9074279235337087,0.06727379808823268,0.44712239503860474,0.25818891403388966,2.5841426054636636,3.0,0.8098892649253123,0.7318688117713124,0.1,,,
vit_tiny_patch16_224,semantic,0,flora_and_insects+mammals+outdoor_and_vehicles,3,task_arithmetic,0.8250000000000001,0.9350996904101997,0.06727379808823268,0.44712239503860474,0.25818891403388966,2.5841426054636636,3.0,0.8098892649253123,0.7318688117713124,0.2,,,
vit_tiny_patch16_224,semantic,0,flora_and_insects+mammals+outdoor_and_vehicles,3,task_arithmetic,0.8301666666666666,0.940872178676253,0.06727379808823268,0.44712239503860474,0.25818891403388966,2.5841426054636636,3.0,0.8098892649253123,0.7318688117713124,0.3,,,
vit_tiny_patch16_224,semantic,0,flora_and_insects+mammals+outdoor_and_vehicles,3,task_arithmetic,0.8236666666666667,0.9333728170738699,0.06727379808823268,0.44712239503860474,0.25818891403388966,2.5841426054636636,3.0,0.8098892649253123,0.7318688117713124,0.5,,,
vit_tiny_patch16_224,semantic,0,flora_and_insects+mammals+outdoor_and_vehicles,3,task_arithmetic,0.7328333333333333,0.8290199379187343,0.06727379808823268,0.44712239503860474,0.25818891403388966,2.5841426054636636,3.0,0.8098892649253123,0.7318688117713124,1.0,,,
vit_tiny_patch16_224,semantic,0,flora_and_insects+mammals+outdoor_and_vehicles,3,ties,0.8298333333333333,0.9406389730653107,0.06727379808823268,0.44712239503860474,0.25818891403388966,2.5841426054636636,3.0,0.8098892649253123,0.7318688117713124,0.5,0.2,,
vit_tiny_patch16_224,semantic,0,flora_and_insects+mammals+outdoor_and_vehicles,3,ties,0.8355,0.9469379537327048,0.06727379808823268,0.44712239503860474,0.25818891403388966,2.5841426054636636,3.0,0.8098892649253123,0.7318688117713124,1.0,0.2,,
vit_tiny_patch16_224,semantic,0,flora_and_insects+mammals+outdoor_and_vehicles,3,dare,0.7146666666666667,0.8087090902564249,0.06727379808823268,0.44712239503860474,0.25818891403388966,2.5841426054636636,3.0,0.8098892649253123,0.7318688117713124,1.0,0.2,0.9,0
vit_tiny_patch16_224,semantic,0,flora_and_insects+mammals+outdoor_and_vehicles,3,dare,0.7308333333333333,0.8269897727676003,0.06727379808823268,0.44712239503860474,0.25818891403388966,2.5841426054636636,3.0,0.8098892649253123,0.7318688117713124,1.0,0.2,0.9,1
vit_tiny_patch16_224,semantic,0,flora_and_insects+mammals+outdoor_and_vehicles,3,dare,0.719,0.8133093346454127,0.06727379808823268,0.44712239503860474,0.25818891403388966,2.5841426054636636,3.0,0.8098892649253123,0.7318688117713124,1.0,0.2,0.9,2
vit_tiny_patch16_224,semantic,0,household_and_people+mammals+outdoor_and_vehicles,3,averaging,0.8253333333333334,0.942536461744894,0.06878803670406342,0.44597061475118,0.26328248738589627,2.61946169535319,3.0,0.8150033316772434,0.7333591883861666,,,,
vit_tiny_patch16_224,semantic,0,household_and_people+mammals+outdoor_and_vehicles,3,task_arithmetic,0.7833333333333333,0.894425907866779,0.06878803670406342,0.44597061475118,0.26328248738589627,2.61946169535319,3.0,0.8150033316772434,0.7333591883861666,0.1,,,
vit_tiny_patch16_224,semantic,0,household_and_people+mammals+outdoor_and_vehicles,3,task_arithmetic,0.8104999999999999,0.9255648400312365,0.06878803670406342,0.44597061475118,0.26328248738589627,2.61946169535319,3.0,0.8150033316772434,0.7333591883861666,0.2,,,
vit_tiny_patch16_224,semantic,0,household_and_people+mammals+outdoor_and_vehicles,3,task_arithmetic,0.8218333333333333,0.9384878179886994,0.06878803670406342,0.44597061475118,0.26328248738589627,2.61946169535319,3.0,0.8150033316772434,0.7333591883861666,0.3,,,
vit_tiny_patch16_224,semantic,0,household_and_people+mammals+outdoor_and_vehicles,3,task_arithmetic,0.8216666666666667,0.9382355349657056,0.06878803670406342,0.44597061475118,0.26328248738589627,2.61946169535319,3.0,0.8150033316772434,0.7333591883861666,0.5,,,
vit_tiny_patch16_224,semantic,0,household_and_people+mammals+outdoor_and_vehicles,3,task_arithmetic,0.7475,0.8527177818640764,0.06878803670406342,0.44597061475118,0.26328248738589627,2.61946169535319,3.0,0.8150033316772434,0.7333591883861666,1.0,,,
vit_tiny_patch16_224,semantic,0,household_and_people+mammals+outdoor_and_vehicles,3,ties,0.8166666666666668,0.9326299249646612,0.06878803670406342,0.44597061475118,0.26328248738589627,2.61946169535319,3.0,0.8150033316772434,0.7333591883861666,0.5,0.2,,
vit_tiny_patch16_224,semantic,0,household_and_people+mammals+outdoor_and_vehicles,3,ties,0.8291666666666666,0.9470482391352312,0.06878803670406342,0.44597061475118,0.26328248738589627,2.61946169535319,3.0,0.8150033316772434,0.7333591883861666,1.0,0.2,,
vit_tiny_patch16_224,semantic,0,household_and_people+mammals+outdoor_and_vehicles,3,dare,0.7185,0.8196546000632661,0.06878803670406342,0.44597061475118,0.26328248738589627,2.61946169535319,3.0,0.8150033316772434,0.7333591883861666,1.0,0.2,0.9,0
vit_tiny_patch16_224,semantic,0,household_and_people+mammals+outdoor_and_vehicles,3,dare,0.7408333333333333,0.8451030374047126,0.06878803670406342,0.44597061475118,0.26328248738589627,2.61946169535319,3.0,0.8150033316772434,0.7333591883861666,1.0,0.2,0.9,1
vit_tiny_patch16_224,semantic,0,household_and_people+mammals+outdoor_and_vehicles,3,dare,0.7163333333333334,0.8171118315064428,0.06878803670406342,0.44597061475118,0.26328248738589627,2.61946169535319,3.0,0.8150033316772434,0.7333591883861666,1.0,0.2,0.9,2
vit_tiny_patch16_224,semantic,0,aquatic_life+flora_and_insects+household_and_people+mammals+outdoor_and_vehicles,5,averaging,0.8087,0.9295552742364028,0.06963217258453369,0.44534404277801515,0.26460258007953613,2.623211479187012,5.0,0.8181183710328135,0.7311245033092021,,,,
vit_tiny_patch16_224,semantic,0,aquatic_life+flora_and_insects+household_and_people+mammals+outdoor_and_vehicles,5,task_arithmetic,0.7974,0.9164546828631501,0.06963217258453369,0.44534404277801515,0.26460258007953613,2.623211479187012,5.0,0.8181183710328135,0.7311245033092021,0.1,,,
vit_tiny_patch16_224,semantic,0,aquatic_life+flora_and_insects+household_and_people+mammals+outdoor_and_vehicles,5,task_arithmetic,0.8087,0.9295552742364028,0.06963217258453369,0.44534404277801515,0.26460258007953613,2.623211479187012,5.0,0.8181183710328135,0.7311245033092021,0.2,,,
vit_tiny_patch16_224,semantic,0,aquatic_life+flora_and_insects+household_and_people+mammals+outdoor_and_vehicles,5,task_arithmetic,0.8028000000000001,0.922735101774383,0.06963217258453369,0.44534404277801515,0.26460258007953613,2.623211479187012,5.0,0.8181183710328135,0.7311245033092021,0.3,,,
vit_tiny_patch16_224,semantic,0,aquatic_life+flora_and_insects+household_and_people+mammals+outdoor_and_vehicles,5,task_arithmetic,0.7668999999999999,0.8812955185832955,0.06963217258453369,0.44534404277801515,0.26460258007953613,2.623211479187012,5.0,0.8181183710328135,0.7311245033092021,0.5,,,
vit_tiny_patch16_224,semantic,0,aquatic_life+flora_and_insects+household_and_people+mammals+outdoor_and_vehicles,5,task_arithmetic,0.5099,0.584702691872679,0.06963217258453369,0.44534404277801515,0.26460258007953613,2.623211479187012,5.0,0.8181183710328135,0.7311245033092021,1.0,,,
vit_tiny_patch16_224,semantic,0,aquatic_life+flora_and_insects+household_and_people+mammals+outdoor_and_vehicles,5,ties,0.8103,0.9314314868204585,0.06963217258453369,0.44534404277801515,0.26460258007953613,2.623211479187012,5.0,0.8181183710328135,0.7311245033092021,0.5,0.2,,
vit_tiny_patch16_224,semantic,0,aquatic_life+flora_and_insects+household_and_people+mammals+outdoor_and_vehicles,5,ties,0.8021,0.9220668956685877,0.06963217258453369,0.44534404277801515,0.26460258007953613,2.623211479187012,5.0,0.8181183710328135,0.7311245033092021,1.0,0.2,,
vit_tiny_patch16_224,semantic,0,aquatic_life+flora_and_insects+household_and_people+mammals+outdoor_and_vehicles,5,dare,0.5526,0.6341417330564715,0.06963217258453369,0.44534404277801515,0.26460258007953613,2.623211479187012,5.0,0.8181183710328135,0.7311245033092021,1.0,0.2,0.9,0
vit_tiny_patch16_224,semantic,0,aquatic_life+flora_and_insects+household_and_people+mammals+outdoor_and_vehicles,5,dare,0.5346,0.613114496099202,0.06963217258453369,0.44534404277801515,0.26460258007953613,2.623211479187012,5.0,0.8181183710328135,0.7311245033092021,1.0,0.2,0.9,1
vit_tiny_patch16_224,semantic,0,aquatic_life+flora_and_insects+household_and_people+mammals+outdoor_and_vehicles,5,dare,0.5621,0.6447920160035374,0.06963217258453369,0.44534404277801515,0.26460258007953613,2.623211479187012,5.0,0.8181183710328135,0.7311245033092021,1.0,0.2,0.9,2
vit_tiny_patch16_224,semantic,1,aquatic_life+flora_and_insects,2,averaging,0.84675,0.9796495821503187,0.06618405878543854,0.4480040967464447,0.2685604196913699,2.6397324800491333,2.0,0.8463236451227378,0.7325643206822823,,,,
vit_tiny_patch16_224,semantic,1,aquatic_life+flora_and_insects,2,task_arithmetic,0.776,0.8974378247709862,0.06618405878543854,0.4480040967464447,0.2685604196913699,2.6397324800491333,2.0,0.8463236451227378,0.7325643206822823,0.1,,,
vit_tiny_patch16_224,semantic,1,aquatic_life+flora_and_insects,2,task_arithmetic,0.80925,0.9360656506133819,0.06618405878543854,0.4480040967464447,0.2685604196913699,2.6397324800491333,2.0,0.8463236451227378,0.7325643206822823,0.2,,,
vit_tiny_patch16_224,semantic,1,aquatic_life+flora_and_insects,2,task_arithmetic,0.8287500000000001,0.9587204357957895,0.06618405878543854,0.4480040967464447,0.2685604196913699,2.6397324800491333,2.0,0.8463236451227378,0.7325643206822823,0.3,,,
vit_tiny_patch16_224,semantic,1,aquatic_life+flora_and_insects,2,task_arithmetic,0.84675,0.9796495821503187,0.06618405878543854,0.4480040967464447,0.2685604196913699,2.6397324800491333,2.0,0.8463236451227378,0.7325643206822823,0.5,,,
vit_tiny_patch16_224,semantic,1,aquatic_life+flora_and_insects,2,task_arithmetic,0.8200000000000001,0.9486085069909467,0.06618405878543854,0.4480040967464447,0.2685604196913699,2.6397324800491333,2.0,0.8463236451227378,0.7325643206822823,1.0,,,
vit_tiny_patch16_224,semantic,1,aquatic_life+flora_and_insects,2,ties,0.821,0.949702683880645,0.06618405878543854,0.4480040967464447,0.2685604196913699,2.6397324800491333,2.0,0.8463236451227378,0.7325643206822823,0.5,0.2,,
vit_tiny_patch16_224,semantic,1,aquatic_life+flora_and_insects,2,ties,0.8485,0.9817542320672845,0.06618405878543854,0.4480040967464447,0.2685604196913699,2.6397324800491333,2.0,0.8463236451227378,0.7325643206822823,1.0,0.2,,
vit_tiny_patch16_224,semantic,1,aquatic_life+flora_and_insects,2,dare,0.8115,0.9388017624685273,0.06618405878543854,0.4480040967464447,0.2685604196913699,2.6397324800491333,2.0,0.8463236451227378,0.7325643206822823,1.0,0.2,0.9,0
vit_tiny_patch16_224,semantic,1,aquatic_life+flora_and_insects,2,dare,0.8029999999999999,0.9287840842127819,0.06618405878543854,0.4480040967464447,0.2685604196913699,2.6397324800491333,2.0,0.8463236451227378,0.7325643206822823,1.0,0.2,0.9,1
vit_tiny_patch16_224,semantic,1,aquatic_life+flora_and_insects,2,dare,0.8069999999999999,0.9334244589382332,0.06618405878543854,0.4480040967464447,0.2685604196913699,2.6397324800491333,2.0,0.8463236451227378,0.7325643206822823,1.0,0.2,0.9,2
vit_tiny_patch16_224,semantic,1,aquatic_life+household_and_people,2,averaging,0.824,0.9719896003712363,0.06525024026632309,0.44872617721557617,0.2590017620076223,2.684120774269104,2.0,0.8160383541066613,0.7315682788577792,,,,
vit_tiny_patch16_224,semantic,1,aquatic_life+household_and_people,2,task_arithmetic,0.7390000000000001,0.8717288095736695,0.06525024026632309,0.44872617721557617,0.2590017620076223,2.684120774269104,2.0,0.8160383541066613,0.7315682788577792,0.1,,,
vit_tiny_patch16_224,semantic,1,aquatic_life+household_and_people,2,task_arithmetic,0.772,0.9106554103741653,0.06525024026632309,0.44872617721557617,0.2590017620076223,2.684120774269104,2.0,0.8160383541066613,0.7315682788577792,0.2,,,
vit_tiny_patch16_224,semantic,1,aquatic_life+household_and_people,2,task_arithmetic,0.799,0.9425060127636868,0.06525024026632309,0.44872617721557617,0.2590017620076223,2.684120774269104,2.0,0.8160383541066613,0.7315682788577792,0.3,,,
vit_tiny_patch16_224,semantic,1,aquatic_life+household_and_people,2,task_arithmetic,0.824,0.9719896003712363,0.06525024026632309,0.44872617721557617,0.2590017620076223,2.684120774269104,2.0,0.8160383541066613,0.7315682788577792,0.5,,,
vit_tiny_patch16_224,semantic,1,aquatic_life+household_and_people,2,task_arithmetic,0.80925,0.9545934592540903,0.06525024026632309,0.44872617721557617,0.2590017620076223,2.684120774269104,2.0,0.8160383541066613,0.7315682788577792,1.0,,,
vit_tiny_patch16_224,semantic,1,aquatic_life+household_and_people,2,ties,0.79225,0.9345414054526392,0.06525024026632309,0.44872617721557617,0.2590017620076223,2.684120774269104,2.0,0.8160383541066613,0.7315682788577792,0.5,0.2,,
vit_tiny_patch16_224,semantic,1,aquatic_life+household_and_people,2,ties,0.8265,0.9749370199094312,0.06525024026632309,0.44872617721557617,0.2590017620076223,2.684120774269104,2.0,0.8160383541066613,0.7315682788577792,1.0,0.2,,
vit_tiny_patch16_224,semantic,1,aquatic_life+household_and_people,2,dare,0.79375,0.9363071438659375,0.06525024026632309,0.44872617721557617,0.2590017620076223,2.684120774269104,2.0,0.8160383541066613,0.7315682788577792,1.0,0.2,0.9,0
vit_tiny_patch16_224,semantic,1,aquatic_life+household_and_people,2,dare,0.78825,0.9298235513883448,0.06525024026632309,0.44872617721557617,0.2590017620076223,2.684120774269104,2.0,0.8160383541066613,0.7315682788577792,1.0,0.2,0.9,1
vit_tiny_patch16_224,semantic,1,aquatic_life+household_and_people,2,dare,0.793,0.9354127952724407,0.06525024026632309,0.44872617721557617,0.2590017620076223,2.684120774269104,2.0,0.8160383541066613,0.7315682788577792,1.0,0.2,0.9,2
vit_tiny_patch16_224,semantic,1,aquatic_life+mammals,2,averaging,0.8245,0.9621485157311965,0.08057379722595215,0.4368910491466522,0.2822009130405179,2.707331418991089,2.0,0.8373499840419364,0.7159855338291543,,,,
vit_tiny_patch16_224,semantic,1,aquatic_life+mammals,2,task_arithmetic,0.74325,0.8673114651301257,0.08057379722595215,0.4368910491466522,0.2822009130405179,2.707331418991089,2.0,0.8373499840419364,0.7159855338291543,0.1,,,
vit_tiny_patch16_224,semantic,1,aquatic_life+mammals,2,task_arithmetic,0.7825,0.9130776539426118,0.08057379722595215,0.4368910491466522,0.2822009130405179,2.707331418991089,2.0,0.8373499840419364,0.7159855338291543,0.2,,,
vit_tiny_patch16_224,semantic,1,aquatic_life+mammals,2,task_arithmetic,0.8087500000000001,0.9438062615680576,0.08057379722595215,0.4368910491466522,0.2822009130405179,2.707331418991089,2.0,0.8373499840419364,0.7159855338291543,0.3,,,
vit_tiny_patch16_224,semantic,1,aquatic_life+mammals,2,task_arithmetic,0.8245,0.9621485157311965,0.08057379722595215,0.4368910491466522,0.2822009130405179,2.707331418991089,2.0,0.8373499840419364,0.7159855338291543,0.5,,,
vit_tiny_patch16_224,semantic,1,aquatic_life+mammals,2,task_arithmetic,0.79625,0.9293348066915245,0.08057379722595215,0.4368910491466522,0.2822009130405179,2.707331418991089,2.0,0.8373499840419364,0.7159855338291543,1.0,,,
vit_tiny_patch16_224,semantic,1,aquatic_life+mammals,2,ties,0.80125,0.9349902825763479,0.08057379722595215,0.4368910491466522,0.2822009130405179,2.707331418991089,2.0,0.8373499840419364,0.7159855338291543,0.5,0.2,,
vit_tiny_patch16_224,semantic,1,aquatic_life+mammals,2,ties,0.83175,0.9706119849246316,0.08057379722595215,0.4368910491466522,0.2822009130405179,2.707331418991089,2.0,0.8373499840419364,0.7159855338291543,1.0,0.2,,
vit_tiny_patch16_224,semantic,1,aquatic_life+mammals,2,dare,0.7755000000000001,0.905122949494248,0.08057379722595215,0.4368910491466522,0.2822009130405179,2.707331418991089,2.0,0.8373499840419364,0.7159855338291543,1.0,0.2,0.9,0
vit_tiny_patch16_224,semantic,1,aquatic_life+mammals,2,dare,0.78375,0.9147070968681946,0.08057379722595215,0.4368910491466522,0.2822009130405179,2.707331418991089,2.0,0.8373499840419364,0.7159855338291543,1.0,0.2,0.9,1
vit_tiny_patch16_224,semantic,1,aquatic_life+mammals,2,dare,0.7675000000000001,0.8958681630375689,0.08057379722595215,0.4368910491466522,0.2822009130405179,2.707331418991089,2.0,0.8373499840419364,0.7159855338291543,1.0,0.2,0.9,2
vit_tiny_patch16_224,semantic,1,aquatic_life+outdoor_and_vehicles,2,averaging,0.8534999999999999,0.9682453847631745,0.06701362133026123,0.447339802980423,0.2649419063112473,2.65437650680542,2.0,0.7974767341104908,0.7262835297042567,,,,
vit_tiny_patch16_224,semantic,1,aquatic_life+outdoor_and_vehicles,2,task_arithmetic,0.7797499999999999,0.8842199969311271,0.06701362133026123,0.447339802980423,0.2649419063112473,2.65437650680542,2.0,0.7974767341104908,0.7262835297042567,0.1,,,
vit_tiny_patch16_224,semantic,1,aquatic_life+outdoor_and_vehicles,2,task_arithmetic,0.8095,0.918141681355565,0.06701362133026123,0.447339802980423,0.2649419063112473,2.65437650680542,2.0,0.7974767341104908,0.7262835297042567,0.2,,,
vit_tiny_patch16_224,semantic,1,aquatic_life+outdoor_and_vehicles,2,task_arithmetic,0.83125,0.9429727966330079,0.06701362133026123,0.447339802980423,0.2649419063112473,2.65437650680542,2.0,0.7974767341104908,0.7262835297042567,0.3,,,
vit_tiny_patch16_224,semantic,1,aquatic_life+outdoor_and_vehicles,2,task_arithmetic,0.8534999999999999,0.9682453847631745,0.06701362133026123,0.447339802980423,0.2649419063112473,2.65437650680542,2.0,0.7974767341104908,0.7262835297042567,0.5,,,
vit_tiny_patch16_224,semantic,1,aquatic_life+outdoor_and_vehicles,2,task_arithmetic,0.827,0.9378161551663444,0.06701362133026123,0.447339802980423,0.2649419063112473,2.65437650680542,2.0,0.7974767341104908,0.7262835297042567,1.0,,,
vit_tiny_patch16_224,semantic,1,aquatic_life+outdoor_and_vehicles,2,ties,0.8240000000000001,0.9345972233146664,0.06701362133026123,0.447339802980423,0.2649419063112473,2.65437650680542,2.0,0.7974767341104908,0.7262835297042567,0.5,0.2,,
vit_tiny_patch16_224,semantic,1,aquatic_life+outdoor_and_vehicles,2,ties,0.8567499999999999,0.9720756735080183,0.06701362133026123,0.447339802980423,0.2649419063112473,2.65437650680542,2.0,0.7974767341104908,0.7262835297042567,1.0,0.2,,
vit_tiny_patch16_224,semantic,1,aquatic_life+outdoor_and_vehicles,2,dare,0.8235,0.9339868335033248,0.06701362133026123,0.447339802980423,0.2649419063112473,2.65437650680542,2.0,0.7974767341104908,0.7262835297042567,1.0,0.2,0.9,0
vit_tiny_patch16_224,semantic,1,aquatic_life+outdoor_and_vehicles,2,dare,0.81975,0.9293350087488668,0.06701362133026123,0.447339802980423,0.2649419063112473,2.65437650680542,2.0,0.7974767341104908,0.7262835297042567,1.0,0.2,0.9,1
vit_tiny_patch16_224,semantic,1,aquatic_life+outdoor_and_vehicles,2,dare,0.81475,0.9240334661888852,0.06701362133026123,0.447339802980423,0.2649419063112473,2.65437650680542,2.0,0.7974767341104908,0.7262835297042567,1.0,0.2,0.9,2
vit_tiny_patch16_224,semantic,1,flora_and_insects+household_and_people,2,averaging,0.8394999999999999,0.9721074380165289,0.07125629484653473,0.4441826045513153,0.27084790196246994,2.5903213024139404,2.0,0.8362473277416509,0.7465230906902134,,,,
vit_tiny_patch16_224,semantic,1,flora_and_insects+household_and_people,2,task_arithmetic,0.779,0.9018189197166471,0.07125629484653473,0.4441826045513153,0.27084790196246994,2.5903213024139404,2.0,0.8362473277416509,0.7465230906902134,0.1,,,
vit_tiny_patch16_224,semantic,1,flora_and_insects+household_and_people,2,task_arithmetic,0.81325,0.9415363046044865,0.07125629484653473,0.4441826045513153,0.27084790196246994,2.5903213024139404,2.0,0.8362473277416509,0.7465230906902134,0.2,,,
vit_tiny_patch16_224,semantic,1,flora_and_insects+household_and_people,2,task_arithmetic,0.82975,0.9607401121605668,0.07125629484653473,0.4441826045513153,0.27084790196246994,2.5903213024139404,2.0,0.8362473277416509,0.7465230906902134,0.3,,,
vit_tiny_patch16_224,semantic,1,flora_and_insects+household_and_people,2,task_arithmetic,0.8394999999999999,0.9721074380165289,0.07125629484653473,0.4441826045513153,0.27084790196246994,2.5903213024139404,2.0,0.8362473277416509,0.7465230906902134,0.5,,,
vit_tiny_patch16_224,semantic,1,flora_and_insects+household_and_people,2,task_arithmetic,0.8205,0.9499077626918536,0.07125629484653473,0.4441826045513153,0.27084790196246994,2.5903213024139404,2.0,0.8362473277416509,0.7465230906902134,1.0,,,
vit_tiny_patch16_224,semantic,1,flora_and_insects+household_and_people,2,ties,0.82575,0.9560507674144038,0.07125629484653473,0.4441826045513153,0.27084790196246994,2.5903213024139404,2.0,0.8362473277416509,0.7465230906902134,0.5,0.2,,
vit_tiny_patch16_224,semantic,1,flora_and_insects+household_and_people,2,ties,0.8434999999999999,0.9767857142857143,0.07125629484653473,0.4441826045513153,0.27084790196246994,2.5903213024139404,2.0,0.8362473277416509,0.7465230906902134,1.0,0.2,,
vit_tiny_patch16_224,semantic,1,flora_and_insects+household_and_people,2,dare,0.8155,0.9440931227863046,0.07125629484653473,0.4441826045513153,0.27084790196246994,2.5903213024139404,2.0,0.8362473277416509,0.7465230906902134,1.0,0.2,0.9,0
vit_tiny_patch16_224,semantic,1,flora_and_insects+household_and_people,2,dare,0.80825,0.9357548701298701,0.07125629484653473,0.4441826045513153,0.27084790196246994,2.5903213024139404,2.0,0.8362473277416509,0.7465230906902134,1.0,0.2,0.9,1
vit_tiny_patch16_224,semantic,1,flora_and_insects+household_and_people,2,dare,0.8049999999999999,0.9318624557260922,0.07125629484653473,0.4441826045513153,0.27084790196246994,2.5903213024139404,2.0,0.8362473277416509,0.7465230906902134,1.0,0.2,0.9,2
vit_tiny_patch16_224,semantic,1,flora_and_insects+mammals,2,averaging,0.83375,0.9551868336747019,0.06408017873764038,0.4495828449726105,0.2587019672437997,2.6135319471359253,2.0,0.8238850673941,0.7309403456615884,,,,
vit_tiny_patch16_224,semantic,1,flora_and_insects+mammals,2,task_arithmetic,0.77225,0.8845627527440785,0.06408017873764038,0.4495828449726105,0.2587019672437997,2.6135319471359253,2.0,0.8238850673941,0.7309403456615884,0.1,,,
vit_tiny_patch16_224,semantic,1,flora_and_insects+mammals,2,task_arithmetic,0.80775,0.9253034570138123,0.06408017873764038,0.4495828449726105,0.2587019672437997,2.6135319471359253,2.0,0.8238850673941,0.7309403456615884,0.2,,,
vit_tiny_patch16_224,semantic,1,flora_and_insects+mammals,2,task_arithmetic,0.82775,0.9482306273304975,0.06408017873764038,0.4495828449726105,0.2587019672437997,2.6135319471359253,2.0,0.8238850673941,0.7309403456615884,0.3,,,
vit_tiny_patch16_224,semantic,1,flora_and_insects+mammals,2,task_arithmetic,0.83375,0.9551868336747019,0.06408017873764038,0.4495828449726105,0.2587019672437997,2.6135319471359253,2.0,0.8238850673941,0.7309403456615884,0.5,,,
vit_tiny_patch16_224,semantic,1,flora_and_insects+mammals,2,task_arithmetic,0.7985,0.9145826768552072,0.06408017873764038,0.4495828449726105,0.2587019672437997,2.6135319471359253,2.0,0.8238850673941,0.7309403456615884,1.0,,,
vit_tiny_patch16_224,semantic,1,flora_and_insects+mammals,2,ties,0.82625,0.9465070440102936,0.06408017873764038,0.4495828449726105,0.2587019672437997,2.6135319471359253,2.0,0.8238850673941,0.7309403456615884,0.5,0.2,,
vit_tiny_patch16_224,semantic,1,flora_and_insects+mammals,2,ties,0.841,0.9635206593666299,0.06408017873764038,0.4495828449726105,0.2587019672437997,2.6135319471359253,2.0,0.8238850673941,0.7309403456615884,1.0,0.2,,
vit_tiny_patch16_224,semantic,1,flora_and_insects+mammals,2,dare,0.7729999999999999,0.8852436846804264,0.06408017873764038,0.4495828449726105,0.2587019672437997,2.6135319471359253,2.0,0.8238850673941,0.7309403456615884,1.0,0.2,0.9,0
vit_tiny_patch16_224,semantic,1,flora_and_insects+mammals,2,dare,0.78425,0.8981895974476131,0.06408017873764038,0.4495828449726105,0.2587019672437997,2.6135319471359253,2.0,0.8238850673941,0.7309403456615884,1.0,0.2,0.9,1
vit_tiny_patch16_224,semantic,1,flora_and_insects+mammals,2,dare,0.7777499999999999,0.8906794876844704,0.06408017873764038,0.4495828449726105,0.2587019672437997,2.6135319471359253,2.0,0.8238850673941,0.7309403456615884,1.0,0.2,0.9,2
vit_tiny_patch16_224,semantic,1,flora_and_insects+outdoor_and_vehicles,2,averaging,0.86925,0.9691950964790133,0.0705573707818985,0.44474151730537415,0.26730409973366326,2.5605770349502563,2.0,0.8205072274076093,0.7412383415366909,,,,
vit_tiny_patch16_224,semantic,1,flora_and_insects+outdoor_and_vehicles,2,task_arithmetic,0.8175,0.9114767754127711,0.0705573707818985,0.44474151730537415,0.26730409973366326,2.5605770349502563,2.0,0.8205072274076093,0.7412383415366909,0.1,,,
vit_tiny_patch16_224,semantic,1,flora_and_insects+outdoor_and_vehicles,2,task_arithmetic,0.843,0.9398728118161925,0.0705573707818985,0.44474151730537415,0.26730409973366326,2.5605770349502563,2.0,0.8205072274076093,0.7412383415366909,0.2,,,
vit_tiny_patch16_224,semantic,1,flora_and_insects+outdoor_and_vehicles,2,task_arithmetic,0.853,0.9510673612492541,0.0705573707818985,0.44474151730537415,0.26730409973366326,2.5605770349502563,2.0,0.8205072274076093,0.7412383415366909,0.3,,,
vit_tiny_patch16_224,semantic,1,flora_and_insects+outdoor_and_vehicles,2,task_arithmetic,0.86925,0.9691950964790133,0.0705573707818985,0.44474151730537415,0.26730409973366326,2.5605770349502563,2.0,0.8205072274076093,0.7412383415366909,0.5,,,
vit_tiny_patch16_224,semantic,1,flora_and_insects+outdoor_and_vehicles,2,task_arithmetic,0.86275,0.9619778197732246,0.0705573707818985,0.44474151730537415,0.26730409973366326,2.5605770349502563,2.0,0.8205072274076093,0.7412383415366909,1.0,,,
vit_tiny_patch16_224,semantic,1,flora_and_insects+outdoor_and_vehicles,2,ties,0.8512500000000001,0.9490892928187786,0.0705573707818985,0.44474151730537415,0.26730409973366326,2.5605770349502563,2.0,0.8205072274076093,0.7412383415366909,0.5,0.2,,
vit_tiny_patch16_224,semantic,1,flora_and_insects+outdoor_and_vehicles,2,ties,0.8694999999999999,0.9694791873881042,0.0705573707818985,0.44474151730537415,0.26730409973366326,2.5605770349502563,2.0,0.8205072274076093,0.7412383415366909,1.0,0.2,,
vit_tiny_patch16_224,semantic,1,flora_and_insects+outdoor_and_vehicles,2,dare,0.848,0.9456497413964591,0.0705573707818985,0.44474151730537415,0.26730409973366326,2.5605770349502563,2.0,0.8205072274076093,0.7412383415366909,1.0,0.2,0.9,0
vit_tiny_patch16_224,semantic,1,flora_and_insects+outdoor_and_vehicles,2,dare,0.8545,0.9528036105032822,0.0705573707818985,0.44474151730537415,0.26730409973366326,2.5605770349502563,2.0,0.8205072274076093,0.7412383415366909,1.0,0.2,0.9,1
vit_tiny_patch16_224,semantic,1,flora_and_insects+outdoor_and_vehicles,2,dare,0.84125,0.9380004227173264,0.0705573707818985,0.44474151730537415,0.26730409973366326,2.5605770349502563,2.0,0.8205072274076093,0.7412383415366909,1.0,0.2,0.9,2
vit_tiny_patch16_224,semantic,1,household_and_people+mammals,2,averaging,0.81975,0.9575250126691752,0.06450521945953369,0.4491826593875885,0.253571161551804,2.657920241355896,2.0,0.7980335525831062,0.7299443038370854,,,,
vit_tiny_patch16_224,semantic,1,household_and_people+mammals,2,task_arithmetic,0.744,0.869031761264312,0.06450521945953369,0.4491826593875885,0.253571161551804,2.657920241355896,2.0,0.7980335525831062,0.7299443038370854,0.1,,,
vit_tiny_patch16_224,semantic,1,household_and_people+mammals,2,task_arithmetic,0.78525,0.9172472661522606,0.06450521945953369,0.4491826593875885,0.253571161551804,2.657920241355896,2.0,0.7980335525831062,0.7299443038370854,0.2,,,
vit_tiny_patch16_224,semantic,1,household_and_people+mammals,2,task_arithmetic,0.804,0.939087696610936,0.06450521945953369,0.4491826593875885,0.253571161551804,2.657920241355896,2.0,0.7980335525831062,0.7299443038370854,0.3,,,
vit_tiny_patch16_224,semantic,1,household_and_people+mammals,2,task_arithmetic,0.81975,0.9575250126691752,0.06450521945953369,0.4491826593875885,0.253571161551804,2.657920241355896,2.0,0.7980335525831062,0.7299443038370854,0.5,,,
vit_tiny_patch16_224,semantic,1,household_and_people+mammals,2,task_arithmetic,0.79425,0.9279171671246667,0.06450521945953369,0.4491826593875885,0.253571161551804,2.657920241355896,2.0,0.7980335525831062,0.7299443038370854,1.0,,,
vit_tiny_patch16_224,semantic,1,household_and_people+mammals,2,ties,0.79725,0.9312319553772208,0.06450521945953369,0.4491826593875885,0.253571161551804,2.657920241355896,2.0,0.7980335525831062,0.7299443038370854,0.5,0.2,,
vit_tiny_patch16_224,semantic,1,household_and_people+mammals,2,ties,0.82325,0.961581535947378,0.06450521945953369,0.4491826593875885,0.253571161551804,2.657920241355896,2.0,0.7980335525831062,0.7299443038370854,1.0,0.2,,
vit_tiny_patch16_224,semantic,1,household_and_people+mammals,2,dare,0.7705,0.9002997291558816,0.06450521945953369,0.4491826593875885,0.253571161551804,2.657920241355896,2.0,0.7980335525831062,0.7299443038370854,1.0,0.2,0.9,0
vit_tiny_patch16_224,semantic,1,household_and_people+mammals,2,dare,0.779,0.9099881527012454,0.06450521945953369,0.4491826593875885,0.253571161551804,2.657920241355896,2.0,0.7980335525831062,0.7299443038370854,1.0,0.2,0.9,1
vit_tiny_patch16_224,semantic,1,household_and_people+mammals,2,dare,0.76225,0.8906036324895628,0.06450521945953369,0.4491826593875885,0.253571161551804,2.657920241355896,2.0,0.7980335525831062,0.7299443038370854,1.0,0.2,0.9,2
vit_tiny_patch16_224,semantic,1,household_and_people+outdoor_and_vehicles,2,averaging,0.8534999999999999,0.9693344252723604,0.08005769550800323,0.437421977519989,0.2793006906013175,2.604965329170227,2.0,0.8327484386236741,0.7402422997121878,,,,
vit_tiny_patch16_224,semantic,1,household_and_people+outdoor_and_vehicles,2,task_arithmetic,0.788,0.8947072173897317,0.08005769550800323,0.437421977519989,0.2793006906013175,2.604965329170227,2.0,0.8327484386236741,0.7402422997121878,0.1,,,
vit_tiny_patch16_224,semantic,1,household_and_people+outdoor_and_vehicles,2,task_arithmetic,0.8182499999999999,0.9293613190072311,0.08005769550800323,0.437421977519989,0.2793006906013175,2.604965329170227,2.0,0.8327484386236741,0.7402422997121878,0.2,,,
vit_tiny_patch16_224,semantic,1,household_and_people+outdoor_and_vehicles,2,task_arithmetic,0.83575,0.9492868380873154,0.08005769550800323,0.437421977519989,0.2793006906013175,2.604965329170227,2.0,0.8327484386236741,0.7402422997121878,0.3,,,
vit_tiny_patch16_224,semantic,1,household_and_people+outdoor_and_vehicles,2,task_arithmetic,0.8534999999999999,0.9693344252723604,0.08005769550800323,0.437421977519989,0.2793006906013175,2.604965329170227,2.0,0.8327484386236741,0.7402422997121878,0.5,,,
vit_tiny_patch16_224,semantic,1,household_and_people+outdoor_and_vehicles,2,task_arithmetic,0.8335,0.9464356759214527,0.08005769550800323,0.437421977519989,0.2793006906013175,2.604965329170227,2.0,0.8327484386236741,0.7402422997121878,1.0,,,
vit_tiny_patch16_224,semantic,1,household_and_people+outdoor_and_vehicles,2,ties,0.8315,0.9443773105748439,0.08005769550800323,0.437421977519989,0.2793006906013175,2.604965329170227,2.0,0.8327484386236741,0.7402422997121878,0.5,0.2,,
vit_tiny_patch16_224,semantic,1,household_and_people+outdoor_and_vehicles,2,ties,0.856,0.9724807468242916,0.08005769550800323,0.437421977519989,0.2793006906013175,2.604965329170227,2.0,0.8327484386236741,0.7402422997121878,1.0,0.2,,
vit_tiny_patch16_224,semantic,1,household_and_people+outdoor_and_vehicles,2,dare,0.8285,0.9406839430710527,0.08005769550800323,0.437421977519989,0.2793006906013175,2.604965329170227,2.0,0.8327484386236741,0.7402422997121878,1.0,0.2,0.9,0
vit_tiny_patch16_224,semantic,1,household_and_people+outdoor_and_vehicles,2,dare,0.82725,0.9392946917812642,0.08005769550800323,0.437421977519989,0.2793006906013175,2.604965329170227,2.0,0.8327484386236741,0.7402422997121878,1.0,0.2,0.9,1
vit_tiny_patch16_224,semantic,1,household_and_people+outdoor_and_vehicles,2,dare,0.8240000000000001,0.9355874382232051,0.08005769550800323,0.437421977519989,0.2793006906013175,2.604965329170227,2.0,0.8327484386236741,0.7402422997121878,1.0,0.2,0.9,2
vit_tiny_patch16_224,semantic,1,mammals+outdoor_and_vehicles,2,averaging,0.85625,0.9620757470606155,0.06693749129772186,0.44734278321266174,0.25964865896459227,2.628175973892212,2.0,0.7951428139572998,0.7246595546835629,,,,
vit_tiny_patch16_224,semantic,1,mammals+outdoor_and_vehicles,2,task_arithmetic,0.785,0.8816846423880658,0.06693749129772186,0.44734278321266174,0.25964865896459227,2.628175973892212,2.0,0.7951428139572998,0.7246595546835629,0.1,,,
vit_tiny_patch16_224,semantic,1,mammals+outdoor_and_vehicles,2,task_arithmetic,0.81875,0.9199897101004086,0.06693749129772186,0.44734278321266174,0.25964865896459227,2.628175973892212,2.0,0.7951428139572998,0.7246595546835629,0.2,,,
vit_tiny_patch16_224,semantic,1,mammals+outdoor_and_vehicles,2,task_arithmetic,0.837,0.9404626915292889,0.06693749129772186,0.44734278321266174,0.25964865896459227,2.628175973892212,2.0,0.7951428139572998,0.7246595546835629,0.3,,,
vit_tiny_patch16_224,semantic,1,mammals+outdoor_and_vehicles,2,task_arithmetic,0.85625,0.9620757470606155,0.06693749129772186,0.44734278321266174,0.25964865896459227,2.628175973892212,2.0,0.7951428139572998,0.7246595546835629,0.5,,,
vit_tiny_patch16_224,semantic,1,mammals+outdoor_and_vehicles,2,task_arithmetic,0.8434999999999999,0.9472217587132316,0.06693749129772186,0.44734278321266174,0.25964865896459227,2.628175973892212,2.0,0.7951428139572998,0.7246595546835629,1.0,,,
vit_tiny_patch16_224,semantic,1,mammals+outdoor_and_vehicles,2,ties,0.83325,0.9364058290890658,0.06693749129772186,0.44734278321266174,0.25964865896459227,2.628175973892212,2.0,0.7951428139572998,0.7246595546835629,0.5,0.2,,
vit_tiny_patch16_224,semantic,1,mammals+outdoor_and_vehicles,2,ties,0.8605,0.9669402212454823,0.06693749129772186,0.44734278321266174,0.25964865896459227,2.628175973892212,2.0,0.7951428139572998,0.7246595546835629,1.0,0.2,,
vit_tiny_patch16_224,semantic,1,mammals+outdoor_and_vehicles,2,dare,0.82975,0.931702845650242,0.06693749129772186,0.44734278321266174,0.25964865896459227,2.628175973892212,2.0,0.7951428139572998,0.7246595546835629,1.0,0.2,0.9,0
vit_tiny_patch16_224,semantic,1,mammals+outdoor_and_vehicles,2,dare,0.8325,0.9348955271803778,0.06693749129772186,0.44734278321266174,0.25964865896459227,2.628175973892212,2.0,0.7951428139572998,0.7246595546835629,1.0,0.2,0.9,1
vit_tiny_patch16_224,semantic,1,mammals+outdoor_and_vehicles,2,dare,0.8254999999999999,0.9267923892666486,0.06693749129772186,0.44734278321266174,0.25964865896459227,2.628175973892212,2.0,0.7951428139572998,0.7246595546835629,1.0,0.2,0.9,2
vit_tiny_patch16_224,semantic,1,aquatic_life+flora_and_insects+household_and_people,3,averaging,0.8213333333333334,0.9565975848181747,0.06756353129943211,0.4469709595044454,0.2661366945538207,2.6380581855773926,3.0,0.8328697756570166,0.7368852300767582,,,,
vit_tiny_patch16_224,semantic,1,aquatic_life+flora_and_insects+household_and_people,3,task_arithmetic,0.7776666666666666,0.9055040326274321,0.06756353129943211,0.4469709595044454,0.2661366945538207,2.6380581855773926,3.0,0.8328697756570166,0.7368852300767582,0.1,,,
vit_tiny_patch16_224,semantic,1,aquatic_life+flora_and_insects+household_and_people,3,task_arithmetic,0.8063333333333333,0.9390273048811513,0.06756353129943211,0.4469709595044454,0.2661366945538207,2.6380581855773926,3.0,0.8328697756570166,0.7368852300767582,0.2,,,
vit_tiny_patch16_224,semantic,1,aquatic_life+flora_and_insects+household_and_people,3,task_arithmetic,0.819,0.9538476339244406,0.06756353129943211,0.4469709595044454,0.2661366945538207,2.6380581855773926,3.0,0.8328697756570166,0.7368852300767582,0.3,,,
vit_tiny_patch16_224,semantic,1,aquatic_life+flora_and_insects+household_and_people,3,task_arithmetic,0.8236666666666667,0.9592779201878816,0.06756353129943211,0.4469709595044454,0.2661366945538207,2.6380581855773926,3.0,0.8328697756570166,0.7368852300767582,0.5,,,
vit_tiny_patch16_224,semantic,1,aquatic_life+flora_and_insects+household_and_people,3,task_arithmetic,0.7371666666666666,0.858003051661647,0.06756353129943211,0.4469709595044454,0.2661366945538207,2.6380581855773926,3.0,0.8328697756570166,0.7368852300767582,1.0,,,
vit_tiny_patch16_224,semantic,1,aquatic_life+flora_and_insects+household_and_people,3,ties,0.8143333333333334,0.9483449492553125,0.06756353129943211,0.4469709595044454,0.2661366945538207,2.6380581855773926,3.0,0.8328697756570166,0.7368852300767582,0.5,0.2,,
vit_tiny_patch16_224,semantic,1,aquatic_life+flora_and_insects+household_and_people,3,ties,0.831,0.9678354798627203,0.06756353129943211,0.4469709595044454,0.2661366945538207,2.6380581855773926,3.0,0.8328697756570166,0.7368852300767582,1.0,0.2,,
vit_tiny_patch16_224,semantic,1,aquatic_life+flora_and_insects+household_and_people,3,dare,0.7248333333333333,0.8437461329540265,0.06756353129943211,0.4469709595044454,0.2661366945538207,2.6380581855773926,3.0,0.8328697756570166,0.7368852300767582,1.0,0.2,0.9,0
vit_tiny_patch16_224,semantic,1,aquatic_life+flora_and_insects+household_and_people,3,dare,0.7138333333333332,0.830472857105752,0.06756353129943211,0.4469709595044454,0.2661366945538207,2.6380581855773926,3.0,0.8328697756570166,0.7368852300767582,1.0,0.2,0.9,1
vit_tiny_patch16_224,semantic,1,aquatic_life+flora_and_insects+household_and_people,3,dare,0.727,0.8461056441014388,0.06756353129943211,0.4469709595044454,0.2661366945538207,2.6380581855773926,3.0,0.8328697756570166,0.7368852300767582,1.0,0.2,0.9,2
vit_tiny_patch16_224,semantic,1,aquatic_life+flora_and_insects+mammals,3,averaging,0.8211666666666666,0.9496966161323707,0.07027934491634369,0.4448259969552358,0.2698210999918958,2.6535319487253823,3.0,0.8358528988529247,0.7264967333910083,,,,
vit_tiny_patch16_224,semantic,1,aquatic_life+flora_and_insects+mammals,3,task_arithmetic,0.7775,0.8989456687922682,0.07027934491634369,0.4448259969552358,0.2698210999918958,2.6535319487253823,3.0,0.8358528988529247,0.7264967333910083,0.1,,,
vit_tiny_patch16_224,semantic,1,aquatic_life+flora_and_insects+mammals,3,task_arithmetic,0.8078333333333333,0.9341208191421356,0.07027934491634369,0.4448259969552358,0.2698210999918958,2.6535319487253823,3.0,0.8358528988529247,0.7264967333910083,0.2,,,
vit_tiny_patch16_224,semantic,1,aquatic_life+flora_and_insects+mammals,3,task_arithmetic,0.82,0.9483314124868468,0.07027934491634369,0.4448259969552358,0.2698210999918958,2.6535319487253823,3.0,0.8358528988529247,0.7264967333910083,0.3,,,
vit_tiny_patch16_224,semantic,1,aquatic_life+flora_and_insects+mammals,3,task_arithmetic,0.8171666666666666,0.9451115360849532,0.07027934491634369,0.4448259969552358,0.2698210999918958,2.6535319487253823,3.0,0.8358528988529247,0.7264967333910083,0.5,,,
vit_tiny_patch16_224,semantic,1,aquatic_life+flora_and_insects+mammals,3,task_arithmetic,0.7091666666666666,0.8199160290073223,0.07027934491634369,0.4448259969552358,0.2698210999918958,2.6535319487253823,3.0,0.8358528988529247,0.7264967333910083,1.0,,,
vit_tiny_patch16_224,semantic,1,aquatic_life+flora_and_insects+mammals,3,ties,0.8155,0.9430690050399466,0.07027934491634369,0.4448259969552358,0.2698210999918958,2.6535319487253823,3.0,0.8358528988529247,0.7264967333910083,0.5,0.2,,
vit_tiny_patch16_224,semantic,1,aquatic_life+flora_and_insects+mammals,3,ties,0.8251666666666667,0.9543518279920334,0.07027934491634369,0.4448259969552358,0.2698210999918958,2.6535319487253823,3.0,0.8358528988529247,0.7264967333910083,1.0,0.2,,
vit_tiny_patch16_224,semantic,1,aquatic_life+flora_and_insects+mammals,3,dare,0.6945,0.8030298477122391,0.07027934491634369,0.4448259969552358,0.2698210999918958,2.6535319487253823,3.0,0.8358528988529247,0.7264967333910083,1.0,0.2,0.9,0
vit_tiny_patch16_224,semantic,1,aquatic_life+flora_and_insects+mammals,3,dare,0.7006666666666667,0.8099952367231497,0.07027934491634369,0.4448259969552358,0.2698210999918958,2.6535319487253823,3.0,0.8358528988529247,0.7264967333910083,1.0,0.2,0.9,1
vit_tiny_patch16_224,semantic,1,aquatic_life+flora_and_insects+mammals,3,dare,0.6976666666666667,0.8065843431748986,0.07027934491634369,0.4448259969552358,0.2698210999918958,2.6535319487253823,3.0,0.8358528988529247,0.7264967333910083,1.0,0.2,0.9,2
vit_tiny_patch16_224,semantic,1,aquatic_life+flora_and_insects+outdoor_and_vehicles,3,averaging,0.8383333333333334,0.9519170230998141,0.06791835029919942,0.44669513901074726,0.2669354752454268,2.6182286739349365,3.0,0.8214358688802793,0.73336206397441,,,,
vit_tiny_patch16_224,semantic,1,aquatic_life+flora_and_insects+outdoor_and_vehicles,3,task_arithmetic,0.802,0.9102502284657547,0.06791835029919942,0.44669513901074726,0.2669354752454268,2.6182286739349365,3.0,0.8214358688802793,0.73336206397441,0.1,,,
vit_tiny_patch16_224,semantic,1,aquatic_life+flora_and_insects+outdoor_and_vehicles,3,task_arithmetic,0.8253333333333334,0.9369546679320395,0.06791835029919942,0.44669513901074726,0.2669354752454268,2.6182286739349365,3.0,0.8214358688802793,0.73336206397441,0.2,,,
vit_tiny_patch16_224,semantic,1,aquatic_life+flora_and_insects+outdoor_and_vehicles,3,task_arithmetic,0.8370000000000001,0.9503667159624416,0.06791835029919942,0.44669513901074726,0.2669354752454268,2.6182286739349365,3.0,0.8214358688802793,0.73336206397441,0.3,,,
vit_tiny_patch16_224,semantic,1,aquatic_life+flora_and_insects+outdoor_and_vehicles,3,task_arithmetic,0.8388333333333332,0.9523866700254687,0.06791835029919942,0.44669513901074726,0.2669354752454268,2.6182286739349365,3.0,0.8214358688802793,0.73336206397441,0.5,,,
vit_tiny_patch16_224,semantic,1,aquatic_life+flora_and_insects+outdoor_and_vehicles,3,task_arithmetic,0.7515000000000001,0.8522253072946454,0.06791835029919942,0.44669513901074726,0.2669354752454268,2.6182286739349365,3.0,0.8214358688802793,0.73336206397441,1.0,,,
vit_tiny_patch16_224,semantic,1,aquatic_life+flora_and_insects+outdoor_and_vehicles,3,ties,0.8340000000000001,0.947021103473965,0.06791835029919942,0.44669513901074726,0.2669354752454268,2.6182286739349365,3.0,0.8214358688802793,0.73336206397441,0.5,0.2,,
vit_tiny_patch16_224,semantic,1,aquatic_life+flora_and_insects+outdoor_and_vehicles,3,ties,0.8458333333333333,0.9605239963869042,0.06791835029919942,0.44669513901074726,0.2669354752454268,2.6182286739349365,3.0,0.8214358688802793,0.73336206397441,1.0,0.2,,
vit_tiny_patch16_224,semantic,1,aquatic_life+flora_and_insects+outdoor_and_vehicles,3,dare,0.7431666666666666,0.8431570359774366,0.06791835029919942,0.44669513901074726,0.2669354752454268,2.6182286739349365,3.0,0.8214358688802793,0.73336206397441,1.0,0.2,0.9,0
vit_tiny_patch16_224,semantic,1,aquatic_life+flora_and_insects+outdoor_and_vehicles,3,dare,0.7436666666666666,0.8432467047321794,0.06791835029919942,0.44669513901074726,0.2669354752454268,2.6182286739349365,3.0,0.8214358688802793,0.73336206397441,1.0,0.2,0.9,1
vit_tiny_patch16_224,semantic,1,aquatic_life+flora_and_insects+outdoor_and_vehicles,3,dare,0.7395,0.8385824082853787,0.06791835029919942,0.44669513901074726,0.2669354752454268,2.6182286739349365,3.0,0.8214358688802793,0.73336206397441,1.0,0.2,0.9,2
vit_tiny_patch16_224,semantic,1,aquatic_life+household_and_people+mammals,3,averaging,0.8063333333333333,0.9446360416667892,0.07010975231726964,0.44493329524993896,0.26492461219998137,2.6831241448720298,3.0,0.8171406302439013,0.7258327055080063,,,,
vit_tiny_patch16_224,semantic,1,aquatic_life+household_and_people+mammals,3,task_arithmetic,0.7543333333333333,0.8837494122098627,0.07010975231726964,0.44493329524993896,0.26492461219998137,2.6831241448720298,3.0,0.8171406302439013,0.7258327055080063,0.1,,,
vit_tiny_patch16_224,semantic,1,aquatic_life+household_and_people+mammals,3,task_arithmetic,0.7885,0.9237708619173458,0.07010975231726964,0.44493329524993896,0.26492461219998137,2.6831241448720298,3.0,0.8171406302439013,0.7258327055080063,0.2,,,
vit_tiny_patch16_224,semantic,1,aquatic_life+household_and_people+mammals,3,task_arithmetic,0.8033333333333333,0.9411253103842988,0.07010975231726964,0.44493329524993896,0.26492461219998137,2.6831241448720298,3.0,0.8171406302439013,0.7258327055080063,0.3,,,
vit_tiny_patch16_224,semantic,1,aquatic_life+household_and_people+mammals,3,task_arithmetic,0.8033333333333333,0.9411971920487723,0.07010975231726964,0.44493329524993896,0.26492461219998137,2.6831241448720298,3.0,0.8171406302439013,0.7258327055080063,0.5,,,
vit_tiny_patch16_224,semantic,1,aquatic_life+household_and_people+mammals,3,task_arithmetic,0.7123333333333334,0.8348730076265921,0.07010975231726964,0.44493329524993896,0.26492461219998137,2.6831241448720298,3.0,0.8171406302439013,0.7258327055080063,1.0,,,
vit_tiny_patch16_224,semantic,1,aquatic_life+household_and_people+mammals,3,ties,0.794,0.9301753782271073,0.07010975231726964,0.44493329524993896,0.26492461219998137,2.6831241448720298,3.0,0.8171406302439013,0.7258327055080063,0.5,0.2,,
vit_tiny_patch16_224,semantic,1,aquatic_life+household_and_people+mammals,3,ties,0.8118333333333334,0.9510812266061407,0.07010975231726964,0.44493329524993896,0.26492461219998137,2.6831241448720298,3.0,0.8171406302439013,0.7258327055080063,1.0,0.2,,
vit_tiny_patch16_224,semantic,1,aquatic_life+household_and_people+mammals,3,dare,0.699,0.8193214559159002,0.07010975231726964,0.44493329524993896,0.26492461219998137,2.6831241448720298,3.0,0.8171406302439013,0.7258327055080063,1.0,0.2,0.9,0
vit_tiny_patch16_224,semantic,1,aquatic_life+household_and_people+mammals,3,dare,0.6859999999999999,0.8041410285772597,0.07010975231726964,0.44493329524993896,0.26492461219998137,2.6831241448720298,3.0,0.8171406302439013,0.7258327055080063,1.0,0.2,0.9,1
vit_tiny_patch16_224,semantic,1,aquatic_life+household_and_people+mammals,3,dare,0.6886666666666666,0.8072403464028682,0.07010975231726964,0.44493329524993896,0.26492461219998137,2.6831241448720298,3.0,0.8171406302439013,0.7258327055080063,1.0,0.2,0.9,2
vit_tiny_patch16_224,semantic,1,aquatic_life+household_and_people+outdoor_and_vehicles,3,averaging,0.8235,0.9467222091482435,0.07077385236819585,0.4444959859053294,0.2677481196400624,2.6478208700815835,3.0,0.8154211756136087,0.7326980360914078,,,,
vit_tiny_patch16_224,semantic,1,aquatic_life+household_and_people+outdoor_and_vehicles,3,task_arithmetic,0.7818333333333333,0.8985291468964783,0.07077385236819585,0.4444959859053294,0.2677481196400624,2.6478208700815835,3.0,0.8154211756136087,0.7326980360914078,0.1,,,
vit_tiny_patch16_224,semantic,1,aquatic_life+household_and_people+outdoor_and_vehicles,3,task_arithmetic,0.8079999999999999,0.9287951091549024,0.07077385236819585,0.4444959859053294,0.2677481196400624,2.6478208700815835,3.0,0.8154211756136087,0.7326980360914078,0.2,,,
vit_tiny_patch16_224,semantic,1,aquatic_life+household_and_people+outdoor_and_vehicles,3,task_arithmetic,0.8205,0.9432531136029652,0.07077385236819585,0.4444959859053294,0.2677481196400624,2.6478208700815835,3.0,0.8154211756136087,0.7326980360914078,0.3,,,
vit_tiny_patch16_224,semantic,1,aquatic_life+household_and_people+outdoor_and_vehicles,3,task_arithmetic,0.8246666666666668,0.9479413004690883,0.07077385236819585,0.4444959859053294,0.2677481196400624,2.6478208700815835,3.0,0.8154211756136087,0.7326980360914078,0.5,,,
vit_tiny_patch16_224,semantic,1,aquatic_life+household_and_people+outdoor_and_vehicles,3,task_arithmetic,0.7345,0.8430132482080483,0.07077385236819585,0.4444959859053294,0.2677481196400624,2.6478208700815835,3.0,0.8154211756136087,0.7326980360914078,1.0,,,
vit_tiny_patch16_224,semantic,1,aquatic_life+household_and_people+outdoor_and_vehicles,3,ties,0.816,0.9380306167565692,0.07077385236819585,0.4444959859053294,0.2677481196400624,2.6478208700815835,3.0,0.8154211756136087,0.7326980360914078,0.5,0.2,,
vit_tiny_patch16_224,semantic,1,aquatic_life+household_and_people+outdoor_and_vehicles,3,ties,0.8283333333333333,0.952364317507922,0.07077385236819585,0.4444959859053294,0.2677481196400624,2.6478208700815835,3.0,0.8154211756136087,0.7326980360914078,1.0,0.2,,
vit_tiny_patch16_224,semantic,1,aquatic_life+household_and_people+outdoor_and_vehicles,3,dare,0.7336666666666667,0.8423208139429114,0.07077385236819585,0.4444959859053294,0.2677481196400624,2.6478208700815835,3.0,0.8154211756136087,0.7326980360914078,1.0,0.2,0.9,0
vit_tiny_patch16_224,semantic,1,aquatic_life+household_and_people+outdoor_and_vehicles,3,dare,0.7256666666666667,0.8331767220247036,0.07077385236819585,0.4444959859053294,0.2677481196400624,2.6478208700815835,3.0,0.8154211756136087,0.7326980360914078,1.0,0.2,0.9,1
vit_tiny_patch16_224,semantic,1,aquatic_life+household_and_people+outdoor_and_vehicles,3,dare,0.7165,0.8222254363219843,0.07077385236819585,0.4444959859053294,0.2677481196400624,2.6478208700815835,3.0,0.8154211756136087,0.7326980360914078,1.0,0.2,0.9,2
vit_tiny_patch16_224,semantic,1,aquatic_life+mammals+outdoor_and_vehicles,3,averaging,0.8303333333333334,0.9477659108376998,0.07150830328464508,0.443857878446579,0.26893049277211917,2.6632946332295737,3.0,0.8099898440365756,0.722309539405658,,,,
vit_tiny_patch16_224,semantic,1,aquatic_life+mammals+outdoor_and_vehicles,3,task_arithmetic,0.7805,0.8905801116383864,0.07150830328464508,0.443857878446579,0.26893049277211917,2.6632946332295737,3.0,0.8099898440365756,0.722309539405658,0.1,,,
vit_tiny_patch16_224,semantic,1,aquatic_life+mammals+outdoor_and_vehicles,3,task_arithmetic,0.8123333333333332,0.9271336261585336,0.07150830328464508,0.443857878446579,0.26893049277211917,2.6632946332295737,3.0,0.8099898440365756,0.722309539405658,0.2,,,
vit_tiny_patch16_224,semantic,1,aquatic_life+mammals+outdoor_and_vehicles,3,task_arithmetic,0.828,0.9451094908910634,0.07150830328464508,0.443857878446579,0.26893049277211917,2.6632946332295737,3.0,0.8099898440365756,0.722309539405658,0.3,,,
vit_tiny_patch16_224,semantic,1,aquatic_life+mammals+outdoor_and_vehicles,3,task_arithmetic,0.8255,0.9422350635492268,0.07150830328464508,0.443857878446579,0.26893049277211917,2.6632946332295737,3.0,0.8099898440365756,0.722309539405658,0.5,,,
vit_tiny_patch16_224,semantic,1,aquatic_life+mammals+outdoor_and_vehicles,3,task_arithmetic,0.7358333333333333,0.8386912582100333,0.07150830328464508,0.443857878446579,0.26893049277211917,2.6632946332295737,3.0,0.8099898440365756,0.722309539405658,1.0,,,
vit_tiny_patch16_224,semantic,1,aquatic_life+mammals+outdoor_and_vehicles,3,ties,0.82,0.9360011975595405,0.07150830328464508,0.443857878446579,0.26893049277211917,2.6632946332295737,3.0,0.8099898440365756,0.722309539405658,0.5,0.2,,
vit_tiny_patch16_224,semantic,1,aquatic_life+mammals+outdoor_and_vehicles,3,ties,0.8333333333333334,0.951288631372163,0.07150830328464508,0.443857878446579,0.26893049277211917,2.6632946332295737,3.0,0.8099898440365756,0.722309539405658,1.0,0.2,,
vit_tiny_patch16_224,semantic,1,aquatic_life+mammals+outdoor_and_vehicles,3,dare,0.7053333333333334,0.8043084906004725,0.07150830328464508,0.443857878446579,0.26893049277211917,2.6632946332295737,3.0,0.8099898440365756,0.722309539405658,1.0,0.2,0.9,0
vit_tiny_patch16_224,semantic,1,aquatic_life+mammals+outdoor_and_vehicles,3,dare,0.7231666666666667,0.8245121363581861,0.07150830328464508,0.443857878446579,0.26893049277211917,2.6632946332295737,3.0,0.8099898440365756,0.722309539405658,1.0,0.2,0.9,1
vit_tiny_patch16_224,semantic,1,aquatic_life+mammals+outdoor_and_vehicles,3,dare,0.7183333333333334,0.8186949672354453,0.07150830328464508,0.443857878446579,0.26893049277211917,2.6632946332295737,3.0,0.8099898440365756,0.722309539405658,1.0,0.2,0.9,2
vit_tiny_patch16_224,semantic,1,flora_and_insects+household_and_people+mammals,3,averaging,0.8133333333333334,0.9411294743105048,0.06661389768123627,0.44764936963717145,0.2610403435860245,2.620591163635254,3.0,0.819388649239619,0.7358025800629623,,,,
vit_tiny_patch16_224,semantic,1,flora_and_insects+household_and_people+mammals,3,task_arithmetic,0.7765,0.8983618867215449,0.06661389768123627,0.44764936963717145,0.2610403435860245,2.620591163635254,3.0,0.819388649239619,0.7358025800629623,0.1,,,
vit_tiny_patch16_224,semantic,1,flora_and_insects+household_and_people+mammals,3,task_arithmetic,0.8081666666666667,0.93511267466581,0.06661389768123627,0.44764936963717145,0.2610403435860245,2.620591163635254,3.0,0.819388649239619,0.7358025800629623,0.2,,,
vit_tiny_patch16_224,semantic,1,flora_and_insects+household_and_people+mammals,3,task_arithmetic,0.8133333333333334,0.9411084442752947,0.06661389768123627,0.44764936963717145,0.2610403435860245,2.620591163635254,3.0,0.819388649239619,0.7358025800629623,0.3,,,
vit_tiny_patch16_224,semantic,1,flora_and_insects+household_and_people+mammals,3,task_arithmetic,0.8104999999999999,0.9379316926268242,0.06661389768123627,0.44764936963717145,0.2610403435860245,2.620591163635254,3.0,0.819388649239619,0.7358025800629623,0.5,,,
vit_tiny_patch16_224,semantic,1,flora_and_insects+household_and_people+mammals,3,task_arithmetic,0.7028333333333334,0.8128640469608643,0.06661389768123627,0.44764936963717145,0.2610403435860245,2.620591163635254,3.0,0.819388649239619,0.7358025800629623,1.0,,,
vit_tiny_patch16_224,semantic,1,flora_and_insects+household_and_people+mammals,3,ties,0.8133333333333334,0.9410821013142976,0.06661389768123627,0.44764936963717145,0.2610403435860245,2.620591163635254,3.0,0.819388649239619,0.7358025800629623,0.5,0.2,,
vit_tiny_patch16_224,semantic,1,flora_and_insects+household_and_people+mammals,3,ties,0.8175,0.945955158337977,0.06661389768123627,0.44764936963717145,0.2610403435860245,2.620591163635254,3.0,0.819388649239619,0.7358025800629623,1.0,0.2,,
vit_tiny_patch16_224,semantic,1,flora_and_insects+household_and_people+mammals,3,dare,0.6856666666666666,0.7929667860717963,0.06661389768123627,0.44764936963717145,0.2610403435860245,2.620591163635254,3.0,0.819388649239619,0.7358025800629623,1.0,0.2,0.9,0
vit_tiny_patch16_224,semantic,1,flora_and_insects+household_and_people+mammals,3,dare,0.6875,0.795190541781451,0.06661389768123627,0.44764936963717145,0.2610403435860245,2.620591163635254,3.0,0.819388649239619,0.7358025800629623,1.0,0.2,0.9,1
vit_tiny_patch16_224,semantic,1,flora_and_insects+household_and_people+mammals,3,dare,0.6908333333333333,0.7989563575046873,0.06661389768123627,0.44764936963717145,0.2610403435860245,2.620591163635254,3.0,0.819388649239619,0.7358025800629623,1.0,0.2,0.9,2
vit_tiny_patch16_224,semantic,1,flora_and_insects+household_and_people+outdoor_and_vehicles,3,averaging,0.8386666666666667,0.9527881959066065,0.07395712037881215,0.4421153664588928,0.2724842307658169,2.585287888844808,3.0,0.8298343312576447,0.7426679106463641,,,,
vit_tiny_patch16_224,semantic,1,flora_and_insects+household_and_people+outdoor_and_vehicles,3,task_arithmetic,0.8063333333333333,0.9158704575379529,0.07395712037881215,0.4421153664588928,0.2724842307658169,2.585287888844808,3.0,0.8298343312576447,0.7426679106463641,0.1,,,
vit_tiny_patch16_224,semantic,1,flora_and_insects+household_and_people+outdoor_and_vehicles,3,task_arithmetic,0.8275,0.9400971711631648,0.07395712037881215,0.4421153664588928,0.2724842307658169,2.585287888844808,3.0,0.8298343312576447,0.7426679106463641,0.2,,,
vit_tiny_patch16_224,semantic,1,flora_and_insects+household_and_people+outdoor_and_vehicles,3,task_arithmetic,0.8391666666666667,0.9532923027340673,0.07395712037881215,0.4421153664588928,0.2724842307658169,2.585287888844808,3.0,0.8298343312576447,0.7426679106463641,0.3,,,
vit_tiny_patch16_224,semantic,1,flora_and_insects+household_and_people+outdoor_and_vehicles,3,task_arithmetic,0.8351666666666667,0.948705948914821,0.07395712037881215,0.4421153664588928,0.2724842307658169,2.585287888844808,3.0,0.8298343312576447,0.7426679106463641,0.5,,,
vit_tiny_patch16_224,semantic,1,flora_and_insects+household_and_people+outdoor_and_vehicles,3,task_arithmetic,0.7621666666666668,0.8653045523868083,0.07395712037881215,0.4421153664588928,0.2724842307658169,2.585287888844808,3.0,0.8298343312576447,0.7426679106463641,1.0,,,
vit_tiny_patch16_224,semantic,1,flora_and_insects+household_and_people+outdoor_and_vehicles,3,ties,0.8336666666666667,0.9471027070701329,0.07395712037881215,0.4421153664588928,0.2724842307658169,2.585287888844808,3.0,0.8298343312576447,0.7426679106463641,0.5,0.2,,
vit_tiny_patch16_224,semantic,1,flora_and_insects+household_and_people+outdoor_and_vehicles,3,ties,0.8448333333333333,0.959985956785738,0.07395712037881215,0.4421153664588928,0.2724842307658169,2.585287888844808,3.0,0.8298343312576447,0.7426679106463641,1.0,0.2,,
vit_tiny_patch16_224,semantic,1,flora_and_insects+household_and_people+outdoor_and_vehicles,3,dare,0.7513333333333333,0.852889677128786,0.07395712037881215,0.4421153664588928,0.2724842307658169,2.585287888844808,3.0,0.8298343312576447,0.7426679106463641,1.0,0.2,0.9,0
vit_tiny_patch16_224,semantic,1,flora_and_insects+household_and_people+outdoor_and_vehicles,3,dare,0.7528333333333332,0.8548233048034123,0.07395712037881215,0.4421153664588928,0.2724842307658169,2.585287888844808,3.0,0.8298343312576447,0.7426679106463641,1.0,0.2,0.9,1
vit_tiny_patch16_224,semantic,1,flora_and_insects+household_and_people+outdoor_and_vehicles,3,dare,0.7448333333333332,0.8456713993353638,0.07395712037881215,0.4421153664588928,0.2724842307658169,2.585287888844808,3.0,0.8298343312576447,0.7426679106463641,1.0,0.2,0.9,2
vit_tiny_patch16_224,semantic,1,flora_and_insects+mammals+outdoor_and_vehicles,3,averaging,0.8316666666666667,0.9379007126201738,0.06719168027242024,0.44722238183021545,0.26188490864735176,2.600761651992798,3.0,0.8131783695863364,0.732279413960614,,,,
vit_tiny_patch16_224,semantic,1,flora_and_insects+mammals+outdoor_and_vehicles,3,task_arithmetic,0.801,0.9032901611099792,0.06719168027242024,0.44722238183021545,0.26188490864735176,2.600761651992798,3.0,0.8131783695863364,0.732279413960614,0.1,,,
vit_tiny_patch16_224,semantic,1,flora_and_insects+mammals+outdoor_and_vehicles,3,task_arithmetic,0.826,0.9315327945922367,0.06719168027242024,0.44722238183021545,0.26188490864735176,2.600761651992798,3.0,0.8131783695863364,0.732279413960614,0.2,,,
vit_tiny_patch16_224,semantic,1,flora_and_insects+mammals+outdoor_and_vehicles,3,task_arithmetic,0.8321666666666667,0.938498849903952,0.06719168027242024,0.44722238183021545,0.26188490864735176,2.600761651992798,3.0,0.8131783695863364,0.732279413960614,0.3,,,
vit_tiny_patch16_224,semantic,1,flora_and_insects+mammals+outdoor_and_vehicles,3,task_arithmetic,0.8273333333333334,0.9329034917109077,0.06719168027242024,0.44722238183021545,0.26188490864735176,2.600761651992798,3.0,0.8131783695863364,0.732279413960614,0.5,,,
vit_tiny_patch16_224,semantic,1,flora_and_insects+mammals+outdoor_and_vehicles,3,task_arithmetic,0.7376666666666667,0.8305334098333853,0.06719168027242024,0.44722238183021545,0.26188490864735176,2.600761651992798,3.0,0.8131783695863364,0.732279413960614,1.0,,,
vit_tiny_patch16_224,semantic,1,flora_and_insects+mammals+outdoor_and_vehicles,3,ties,0.8328333333333333,0.9392902534382886,0.06719168027242024,0.44722238183021545,0.26188490864735176,2.600761651992798,3.0,0.8131783695863364,0.732279413960614,0.5,0.2,,
vit_tiny_patch16_224,semantic,1,flora_and_insects+mammals+outdoor_and_vehicles,3,ties,0.8386666666666667,0.9458852654935446,0.06719168027242024,0.44722238183021545,0.26188490864735176,2.600761651992798,3.0,0.8131783695863364,0.732279413960614,1.0,0.2,,
vit_tiny_patch16_224,semantic,1,flora_and_insects+mammals+outdoor_and_vehicles,3,dare,0.7111666666666667,0.8006393682759354,0.06719168027242024,0.44722238183021545,0.26188490864735176,2.600761651992798,3.0,0.8131783695863364,0.732279413960614,1.0,0.2,0.9,0
vit_tiny_patch16_224,semantic,1,flora_and_insects+mammals+outdoor_and_vehicles,3,dare,0.735,0.8277176903971394,0.06719168027242024,0.44722238183021545,0.26188490864735176,2.600761651992798,3.0,0.8131783695863364,0.732279413960614,1.0,0.2,0.9,1
vit_tiny_patch16_224,semantic,1,flora_and_insects+mammals+outdoor_and_vehicles,3,dare,0.7161666666666666,0.8061581217922352,0.06719168027242024,0.44722238183021545,0.26188490864735176,2.600761651992798,3.0,0.8131783695863364,0.732279413960614,1.0,0.2,0.9,2
vit_tiny_patch16_224,semantic,1,household_and_people+mammals+outdoor_and_vehicles,3,averaging,0.8225000000000001,0.9393336722804392,0.07050013542175293,0.44464914004007977,0.2641735037059046,2.630353848139445,3.0,0.80864160172136,0.7316153860776121,,,,
vit_tiny_patch16_224,semantic,1,household_and_people+mammals+outdoor_and_vehicles,3,task_arithmetic,0.7846666666666667,0.8959841431808235,0.07050013542175293,0.44464914004007977,0.2641735037059046,2.630353848139445,3.0,0.80864160172136,0.7316153860776121,0.1,,,
vit_tiny_patch16_224,semantic,1,household_and_people+mammals+outdoor_and_vehicles,3,task_arithmetic,0.8125,0.927979842325823,0.07050013542175293,0.44464914004007977,0.2641735037059046,2.630353848139445,3.0,0.80864160172136,0.7316153860776121,0.2,,,
vit_tiny_patch16_224,semantic,1,household_and_people+mammals+outdoor_and_vehicles,3,task_arithmetic,0.8223333333333334,0.9392084272210792,0.07050013542175293,0.44464914004007977,0.2641735037059046,2.630353848139445,3.0,0.80864160172136,0.7316153860776121,0.3,,,
vit_tiny_patch16_224,semantic,1,household_and_people+mammals+outdoor_and_vehicles,3,task_arithmetic,0.8211666666666666,0.9376645054884641,0.07050013542175293,0.44464914004007977,0.2641735037059046,2.630353848139445,3.0,0.80864160172136,0.7316153860776121,0.5,,,
vit_tiny_patch16_224,semantic,1,household_and_people+mammals+outdoor_and_vehicles,3,task_arithmetic,0.7428333333333333,0.8473229397235432,0.07050013542175293,0.44464914004007977,0.2641735037059046,2.630353848139445,3.0,0.80864160172136,0.7316153860776121,1.0,,,
vit_tiny_patch16_224,semantic,1,household_and_people+mammals+outdoor_and_vehicles,3,ties,0.8171666666666667,0.933440818366897,0.07050013542175293,0.44464914004007977,0.2641735037059046,2.630353848139445,3.0,0.80864160172136,0.7316153860776121,0.5,0.2,,
vit_tiny_patch16_224,semantic,1,household_and_people+mammals+outdoor_and_vehicles,3,ties,0.824,0.9411497076694267,0.07050013542175293,0.44464914004007977,0.2641735037059046,2.630353848139445,3.0,0.80864160172136,0.7316153860776121,1.0,0.2,,
vit_tiny_patch16_224,semantic,1,household_and_people+mammals+outdoor_and_vehicles,3,dare,0.711,0.8110007515457255,0.07050013542175293,0.44464914004007977,0.2641735037059046,2.630353848139445,3.0,0.80864160172136,0.7316153860776121,1.0,0.2,0.9,0
vit_tiny_patch16_224,semantic,1,household_and_people+mammals+outdoor_and_vehicles,3,dare,0.7281666666666666,0.8305394077744185,0.07050013542175293,0.44464914004007977,0.2641735037059046,2.630353848139445,3.0,0.80864160172136,0.7316153860776121,1.0,0.2,0.9,1
vit_tiny_patch16_224,semantic,1,household_and_people+mammals+outdoor_and_vehicles,3,dare,0.7251666666666666,0.8273532252328383,0.07050013542175293,0.44464914004007977,0.2641735037059046,2.630353848139445,3.0,0.80864160172136,0.7316153860776121,1.0,0.2,0.9,2
vit_tiny_patch16_224,semantic,1,aquatic_life+flora_and_insects+household_and_people+mammals+outdoor_and_vehicles,5,averaging,0.8061,0.9255180693170436,0.06964159682393074,0.44534155130386355,0.2664079481108404,2.6341053009033204,5.0,0.8203753145089265,0.7319949599194802,,,,
vit_tiny_patch16_224,semantic,1,aquatic_life+flora_and_insects+household_and_people+mammals+outdoor_and_vehicles,5,task_arithmetic,0.7951,0.912755370018618,0.06964159682393074,0.44534155130386355,0.2664079481108404,2.6341053009033204,5.0,0.8203753145089265,0.7319949599194802,0.1,,,
vit_tiny_patch16_224,semantic,1,aquatic_life+flora_and_insects+household_and_people+mammals+outdoor_and_vehicles,5,task_arithmetic,0.8061,0.9255180693170436,0.06964159682393074,0.44534155130386355,0.2664079481108404,2.6341053009033204,5.0,0.8203753145089265,0.7319949599194802,0.2,,,
vit_tiny_patch16_224,semantic,1,aquatic_life+flora_and_insects+household_and_people+mammals+outdoor_and_vehicles,5,task_arithmetic,0.8038000000000001,0.9229016016266858,0.06964159682393074,0.44534155130386355,0.2664079481108404,2.6341053009033204,5.0,0.8203753145089265,0.7319949599194802,0.3,,,
vit_tiny_patch16_224,semantic,1,aquatic_life+flora_and_insects+household_and_people+mammals+outdoor_and_vehicles,5,task_arithmetic,0.7613000000000001,0.8738096808692,0.06964159682393074,0.44534155130386355,0.2664079481108404,2.6341053009033204,5.0,0.8203753145089265,0.7319949599194802,0.5,,,
vit_tiny_patch16_224,semantic,1,aquatic_life+flora_and_insects+household_and_people+mammals+outdoor_and_vehicles,5,task_arithmetic,0.5095,0.5836510700105321,0.06964159682393074,0.44534155130386355,0.2664079481108404,2.6341053009033204,5.0,0.8203753145089265,0.7319949599194802,1.0,,,
vit_tiny_patch16_224,semantic,1,aquatic_life+flora_and_insects+household_and_people+mammals+outdoor_and_vehicles,5,ties,0.8112,0.9314481885053342,0.06964159682393074,0.44534155130386355,0.2664079481108404,2.6341053009033204,5.0,0.8203753145089265,0.7319949599194802,0.5,0.2,,
vit_tiny_patch16_224,semantic,1,aquatic_life+flora_and_insects+household_and_people+mammals+outdoor_and_vehicles,5,ties,0.8086,0.9284281132645068,0.06964159682393074,0.44534155130386355,0.2664079481108404,2.6341053009033204,5.0,0.8203753145089265,0.7319949599194802,1.0,0.2,,
vit_tiny_patch16_224,semantic,1,aquatic_life+flora_and_insects+household_and_people+mammals+outdoor_and_vehicles,5,dare,0.5335,0.6114243815689756,0.06964159682393074,0.44534155130386355,0.2664079481108404,2.6341053009033204,5.0,0.8203753145089265,0.7319949599194802,1.0,0.2,0.9,0
vit_tiny_patch16_224,semantic,1,aquatic_life+flora_and_insects+household_and_people+mammals+outdoor_and_vehicles,5,dare,0.5237,0.6000335991915235,0.06964159682393074,0.44534155130386355,0.2664079481108404,2.6341053009033204,5.0,0.8203753145089265,0.7319949599194802,1.0,0.2,0.9,1
vit_tiny_patch16_224,semantic,1,aquatic_life+flora_and_insects+household_and_people+mammals+outdoor_and_vehicles,5,dare,0.5365,0.6149441816936452,0.06964159682393074,0.44534155130386355,0.2664079481108404,2.6341053009033204,5.0,0.8203753145089265,0.7319949599194802,1.0,0.2,0.9,2
vit_tiny_patch16_224,mix25,0,mix25_0+mix25_1,2,averaging,0.8832500000000001,0.9830754156994368,0.0816817432641983,0.43608400225639343,0.28437249485206323,2.6339014768600464,2.0,0.8602044152640606,0.7202931163021535,,,,
vit_tiny_patch16_224,mix25,0,mix25_0+mix25_1,2,task_arithmetic,0.82125,0.913554001368859,0.0816817432641983,0.43608400225639343,0.28437249485206323,2.6339014768600464,2.0,0.8602044152640606,0.7202931163021535,0.1,,,
vit_tiny_patch16_224,mix25,0,mix25_0+mix25_1,2,task_arithmetic,0.8535,0.949596385119769,0.0816817432641983,0.43608400225639343,0.28437249485206323,2.6339014768600464,2.0,0.8602044152640606,0.7202931163021535,0.2,,,
vit_tiny_patch16_224,mix25,0,mix25_0+mix25_1,2,task_arithmetic,0.8705,0.9685472656635399,0.0816817432641983,0.43608400225639343,0.28437249485206323,2.6339014768600464,2.0,0.8602044152640606,0.7202931163021535,0.3,,,
vit_tiny_patch16_224,mix25,0,mix25_0+mix25_1,2,task_arithmetic,0.8832500000000001,0.9830754156994368,0.0816817432641983,0.43608400225639343,0.28437249485206323,2.6339014768600464,2.0,0.8602044152640606,0.7202931163021535,0.5,,,
vit_tiny_patch16_224,mix25,0,mix25_0+mix25_1,2,task_arithmetic,0.8505,0.9460895367907265,0.0816817432641983,0.43608400225639343,0.28437249485206323,2.6339014768600464,2.0,0.8602044152640606,0.7202931163021535,1.0,,,
vit_tiny_patch16_224,mix25,0,mix25_0+mix25_1,2,ties,0.86525,0.9629081679191789,0.0816817432641983,0.43608400225639343,0.28437249485206323,2.6339014768600464,2.0,0.8602044152640606,0.7202931163021535,0.5,0.2,,
vit_tiny_patch16_224,mix25,0,mix25_0+mix25_1,2,ties,0.8835,0.9834252318094071,0.0816817432641983,0.43608400225639343,0.28437249485206323,2.6339014768600464,2.0,0.8602044152640606,0.7202931163021535,1.0,0.2,,
vit_tiny_patch16_224,mix25,0,mix25_0+mix25_1,2,dare,0.84075,0.9349869474379189,0.0816817432641983,0.43608400225639343,0.28437249485206323,2.6339014768600464,2.0,0.8602044152640606,0.7202931163021535,1.0,0.2,0.9,0
vit_tiny_patch16_224,mix25,0,mix25_0+mix25_1,2,dare,0.8362499999999999,0.9301737569970978,0.0816817432641983,0.43608400225639343,0.28437249485206323,2.6339014768600464,2.0,0.8602044152640606,0.7202931163021535,1.0,0.2,0.9,1
vit_tiny_patch16_224,mix25,0,mix25_0+mix25_1,2,dare,0.8395,0.9336239832063447,0.0816817432641983,0.43608400225639343,0.28437249485206323,2.6339014768600464,2.0,0.8602044152640606,0.7202931163021535,1.0,0.2,0.9,2
vit_tiny_patch16_224,mix25,0,mix25_0+mix25_2,2,averaging,0.837,0.9745679449312861,0.06902052462100983,0.44590264558792114,0.26319579513594804,2.6796621084213257,2.0,0.8297228706271528,0.738113831304793,,,,
vit_tiny_patch16_224,mix25,0,mix25_0+mix25_2,2,task_arithmetic,0.76225,0.8876204221283797,0.06902052462100983,0.44590264558792114,0.26319579513594804,2.6796621084213257,2.0,0.8297228706271528,0.738113831304793,0.1,,,
vit_tiny_patch16_224,mix25,0,mix25_0+mix25_2,2,task_arithmetic,0.79325,0.9237582485089626,0.06902052462100983,0.44590264558792114,0.26319579513594804,2.6796621084213257,2.0,0.8297228706271528,0.738113831304793,0.2,,,
vit_tiny_patch16_224,mix25,0,mix25_0+mix25_2,2,task_arithmetic,0.81175,0.9452750587871539,0.06902052462100983,0.44590264558792114,0.26319579513594804,2.6796621084213257,2.0,0.8297228706271528,0.738113831304793,0.3,,,
vit_tiny_patch16_224,mix25,0,mix25_0+mix25_2,2,task_arithmetic,0.837,0.9745679449312861,0.06902052462100983,0.44590264558792114,0.26319579513594804,2.6796621084213257,2.0,0.8297228706271528,0.738113831304793,0.5,,,
vit_tiny_patch16_224,mix25,0,mix25_0+mix25_2,2,task_arithmetic,0.83075,0.96728718643461,0.06902052462100983,0.44590264558792114,0.26319579513594804,2.6796621084213257,2.0,0.8297228706271528,0.738113831304793,1.0,,,
vit_tiny_patch16_224,mix25,0,mix25_0+mix25_2,2,ties,0.8087500000000001,0.9418088542810881,0.06902052462100983,0.44590264558792114,0.26319579513594804,2.6796621084213257,2.0,0.8297228706271528,0.738113831304793,0.5,0.2,,
vit_tiny_patch16_224,mix25,0,mix25_0+mix25_2,2,ties,0.8402499999999999,0.9783962294855209,0.06902052462100983,0.44590264558792114,0.26319579513594804,2.6796621084213257,2.0,0.8297228706271528,0.738113831304793,1.0,0.2,,
vit_tiny_patch16_224,mix25,0,mix25_0+mix25_2,2,dare,0.81,0.943189030195035,0.06902052462100983,0.44590264558792114,0.26319579513594804,2.6796621084213257,2.0,0.8297228706271528,0.738113831304793,1.0,0.2,0.9,0
vit_tiny_patch16_224,mix25,0,mix25_0+mix25_2,2,dare,0.80075,0.9323688375196295,0.06902052462100983,0.44590264558792114,0.26319579513594804,2.6796621084213257,2.0,0.8297228706271528,0.738113831304793,1.0,0.2,0.9,1
vit_tiny_patch16_224,mix25,0,mix25_0+mix25_2,2,dare,0.80675,0.9393561687862588,0.06902052462100983,0.44590264558792114,0.26319579513594804,2.6796621084213257,2.0,0.8297228706271528,0.738113831304793,1.0,0.2,0.9,2
vit_tiny_patch16_224,mix25,0,mix25_0+mix25_3,2,averaging,0.87275,0.974707100101402,0.08465772122144699,0.43386611342430115,0.2990921727476407,2.6494007110595703,2.0,0.8596358904694225,0.7231165141084059,,,,
vit_tiny_patch16_224,mix25,0,mix25_0+mix25_3,2,task_arithmetic,0.80775,0.9016096971331249,0.08465772122144699,0.43386611342430115,0.2990921727476407,2.6494007110595703,2.0,0.8596358904694225,0.7231165141084059,0.1,,,
vit_tiny_patch16_224,mix25,0,mix25_0+mix25_3,2,task_arithmetic,0.8395,0.9373199366682679,0.08465772122144699,0.43386611342430115,0.2990921727476407,2.6494007110595703,2.0,0.8596358904694225,0.7231165141084059,0.2,,,
vit_tiny_patch16_224,mix25,0,mix25_0+mix25_3,2,task_arithmetic,0.85875,0.9588685492033441,0.08465772122144699,0.43386611342430115,0.2990921727476407,2.6494007110595703,2.0,0.8596358904694225,0.7231165141084059,0.3,,,
vit_tiny_patch16_224,mix25,0,mix25_0+mix25_3,2,task_arithmetic,0.87275,0.974707100101402,0.08465772122144699,0.43386611342430115,0.2990921727476407,2.6494007110595703,2.0,0.8596358904694225,0.7231165141084059,0.5,,,
vit_tiny_patch16_224,mix25,0,mix25_0+mix25_3,2,task_arithmetic,0.84975,0.9485635662768825,0.08465772122144699,0.43386611342430115,0.2990921727476407,2.6494007110595703,2.0,0.8596358904694225,0.7231165141084059,1.0,,,
vit_tiny_patch16_224,mix25,0,mix25_0+mix25_3,2,ties,0.8554999999999999,0.9552071249135088,0.08465772122144699,0.43386611342430115,0.2990921727476407,2.6494007110595703,2.0,0.8596358904694225,0.7231165141084059,0.5,0.2,,
vit_tiny_patch16_224,mix25,0,mix25_0+mix25_3,2,ties,0.87575,0.9779860434239958,0.08465772122144699,0.43386611342430115,0.2990921727476407,2.6494007110595703,2.0,0.8596358904694225,0.7231165141084059,1.0,0.2,,
vit_tiny_patch16_224,mix25,0,mix25_0+mix25_3,2,dare,0.8405,0.9381757202767345,0.08465772122144699,0.43386611342430115,0.2990921727476407,2.6494007110595703,2.0,0.8596358904694225,0.7231165141084059,1.0,0.2,0.9,0
vit_tiny_patch16_224,mix25,0,mix25_0+mix25_3,2,dare,0.8322499999999999,0.928793466831831,0.08465772122144699,0.43386611342430115,0.2990921727476407,2.6494007110595703,2.0,0.8596358904694225,0.7231165141084059,1.0,0.2,0.9,1
vit_tiny_patch16_224,mix25,0,mix25_0+mix25_3,2,dare,0.83375,0.9308074608600718,0.08465772122144699,0.43386611342430115,0.2990921727476407,2.6494007110595703,2.0,0.8596358904694225,0.7231165141084059,1.0,0.2,0.9,2
vit_tiny_patch16_224,mix25,0,mix25_0+mix25_4,2,averaging,0.875,0.9759698287607774,0.06649202853441238,0.4478086829185486,0.2637464416034603,2.6330578327178955,2.0,0.8280759610282126,0.731903486586934,,,,
vit_tiny_patch16_224,mix25,0,mix25_0+mix25_4,2,task_arithmetic,0.81,0.9028768251684441,0.06649202853441238,0.4478086829185486,0.2637464416034603,2.6330578327178955,2.0,0.8280759610282126,0.731903486586934,0.1,,,
vit_tiny_patch16_224,mix25,0,mix25_0+mix25_4,2,task_arithmetic,0.837,0.933300321861847,0.06649202853441238,0.4478086829185486,0.2637464416034603,2.6330578327178955,2.0,0.8280759610282126,0.731903486586934,0.2,,,
vit_tiny_patch16_224,mix25,0,mix25_0+mix25_4,2,task_arithmetic,0.85525,0.9538843757639741,0.06649202853441238,0.4478086829185486,0.2637464416034603,2.6330578327178955,2.0,0.8280759610282126,0.731903486586934,0.3,,,
vit_tiny_patch16_224,mix25,0,mix25_0+mix25_4,2,task_arithmetic,0.875,0.9759698287607774,0.06649202853441238,0.4478086829185486,0.2637464416034603,2.6330578327178955,2.0,0.8280759610282126,0.731903486586934,0.5,,,
vit_tiny_patch16_224,mix25,0,mix25_0+mix25_4,2,task_arithmetic,0.8654999999999999,0.9648390457193309,0.06649202853441238,0.4478086829185486,0.2637464416034603,2.6330578327178955,2.0,0.8280759610282126,0.731903486586934,1.0,,,
vit_tiny_patch16_224,mix25,0,mix25_0+mix25_4,2,ties,0.84625,0.9437560825971931,0.06649202853441238,0.4478086829185486,0.2637464416034603,2.6330578327178955,2.0,0.8280759610282126,0.731903486586934,0.5,0.2,,
vit_tiny_patch16_224,mix25,0,mix25_0+mix25_4,2,ties,0.877,0.9782420145717619,0.06649202853441238,0.4478086829185486,0.2637464416034603,2.6330578327178955,2.0,0.8280759610282126,0.731903486586934,1.0,0.2,,
vit_tiny_patch16_224,mix25,0,mix25_0+mix25_4,2,dare,0.85025,0.9477791221128586,0.06649202853441238,0.4478086829185486,0.2637464416034603,2.6330578327178955,2.0,0.8280759610282126,0.731903486586934,1.0,0.2,0.9,0
vit_tiny_patch16_224,mix25,0,mix25_0+mix25_4,2,dare,0.856,0.9541330518015387,0.06649202853441238,0.4478086829185486,0.2637464416034603,2.6330578327178955,2.0,0.8280759610282126,0.731903486586934,1.0,0.2,0.9,1
vit_tiny_patch16_224,mix25,0,mix25_0+mix25_4,2,dare,0.863,0.9621436279295734,0.06649202853441238,0.4478086829185486,0.2637464416034603,2.6330578327178955,2.0,0.8280759610282126,0.731903486586934,1.0,0.2,0.9,2
vit_tiny_patch16_224,mix25,0,mix25_1+mix25_2,2,averaging,0.8755,0.9816190375334715,0.07408712059259415,0.442014217376709,0.27597201254735976,2.6119015216827393,2.0,0.8365531453434145,0.7342303278563037,,,,
vit_tiny_patch16_224,mix25,0,mix25_1+mix25_2,2,task_arithmetic,0.8102499999999999,0.9078231922865514,0.07408712059259415,0.442014217376709,0.27597201254735976,2.6119015216827393,2.0,0.8365531453434145,0.7342303278563037,0.1,,,
vit_tiny_patch16_224,mix25,0,mix25_1+mix25_2,2,task_arithmetic,0.84325,0.9449620656268438,0.07408712059259415,0.442014217376709,0.27597201254735976,2.6119015216827393,2.0,0.8365531453434145,0.7342303278563037,0.2,,,
vit_tiny_patch16_224,mix25,0,mix25_1+mix25_2,2,task_arithmetic,0.8625,0.9668338981255957,0.07408712059259415,0.442014217376709,0.27597201254735976,2.6119015216827393,2.0,0.8365531453434145,0.7342303278563037,0.3,,,
vit_tiny_patch16_224,mix25,0,mix25_1+mix25_2,2,task_arithmetic,0.8755,0.9816190375334715,0.07408712059259415,0.442014217376709,0.27597201254735976,2.6119015216827393,2.0,0.8365531453434145,0.7342303278563037,0.5,,,
vit_tiny_patch16_224,mix25,0,mix25_1+mix25_2,2,task_arithmetic,0.85225,0.9548033816936707,0.07408712059259415,0.442014217376709,0.27597201254735976,2.6119015216827393,2.0,0.8365531453434145,0.7342303278563037,1.0,,,
vit_tiny_patch16_224,mix25,0,mix25_1+mix25_2,2,ties,0.8560000000000001,0.9595284741027619,0.07408712059259415,0.442014217376709,0.27597201254735976,2.6119015216827393,2.0,0.8365531453434145,0.7342303278563037,0.5,0.2,,
vit_tiny_patch16_224,mix25,0,mix25_1+mix25_2,2,ties,0.87575,0.9817630721673398,0.07408712059259415,0.442014217376709,0.27597201254735976,2.6119015216827393,2.0,0.8365531453434145,0.7342303278563037,1.0,0.2,,
vit_tiny_patch16_224,mix25,0,mix25_1+mix25_2,2,dare,0.8415,0.942708884888277,0.07408712059259415,0.442014217376709,0.27597201254735976,2.6119015216827393,2.0,0.8365531453434145,0.7342303278563037,1.0,0.2,0.9,0
vit_tiny_patch16_224,mix25,0,mix25_1+mix25_2,2,dare,0.84325,0.9445387866043378,0.07408712059259415,0.442014217376709,0.27597201254735976,2.6119015216827393,2.0,0.8365531453434145,0.7342303278563037,1.0,0.2,0.9,1
vit_tiny_patch16_224,mix25,0,mix25_1+mix25_2,2,dare,0.83575,0.9361094511933759,0.07408712059259415,0.442014217376709,0.27597201254735976,2.6119015216827393,2.0,0.8365531453434145,0.7342303278563037,1.0,0.2,0.9,2
vit_tiny_patch16_224,mix25,0,mix25_1+mix25_3,2,averaging,0.9075,0.9776131983118248,0.08630435168743134,0.43258190155029297,0.284841748923283,2.581640124320984,2.0,0.8600770851801148,0.7192330106599167,,,,
vit_tiny_patch16_224,mix25,0,mix25_1+mix25_3,2,task_arithmetic,0.8565,0.9226642375793617,0.08630435168743134,0.43258190155029297,0.284841748923283,2.581640124320984,2.0,0.8600770851801148,0.7192330106599167,0.1,,,
vit_tiny_patch16_224,mix25,0,mix25_1+mix25_3,2,task_arithmetic,0.8825000000000001,0.9506837538393332,0.08630435168743134,0.43258190155029297,0.284841748923283,2.581640124320984,2.0,0.8600770851801148,0.7192330106599167,0.2,,,
vit_tiny_patch16_224,mix25,0,mix25_1+mix25_3,2,task_arithmetic,0.898,0.9673851797820553,0.08630435168743134,0.43258190155029297,0.284841748923283,2.581640124320984,2.0,0.8600770851801148,0.7192330106599167,0.3,,,
vit_tiny_patch16_224,mix25,0,mix25_1+mix25_3,2,task_arithmetic,0.9075,0.9776131983118248,0.08630435168743134,0.43258190155029297,0.284841748923283,2.581640124320984,2.0,0.8600770851801148,0.7192330106599167,0.5,,,
vit_tiny_patch16_224,mix25,0,mix25_1+mix25_3,2,task_arithmetic,0.873,0.9403950951702014,0.08630435168743134,0.43258190155029297,0.284841748923283,2.581640124320984,2.0,0.8600770851801148,0.7192330106599167,1.0,,,
vit_tiny_patch16_224,mix25,0,mix25_1+mix25_3,2,ties,0.89225,0.9611834924194023,0.08630435168743134,0.43258190155029297,0.284841748923283,2.581640124320984,2.0,0.8600770851801148,0.7192330106599167,0.5,0.2,,
vit_tiny_patch16_224,mix25,0,mix25_1+mix25_3,2,ties,0.9115,0.9819335906332165,0.08630435168743134,0.43258190155029297,0.284841748923283,2.581640124320984,2.0,0.8600770851801148,0.7192330106599167,1.0,0.2,,
vit_tiny_patch16_224,mix25,0,mix25_1+mix25_3,2,dare,0.8534999999999999,0.9193716811129466,0.08630435168743134,0.43258190155029297,0.284841748923283,2.581640124320984,2.0,0.8600770851801148,0.7192330106599167,1.0,0.2,0.9,0
vit_tiny_patch16_224,mix25,0,mix25_1+mix25_3,2,dare,0.875,0.9425608766068911,0.08630435168743134,0.43258190155029297,0.284841748923283,2.581640124320984,2.0,0.8600770851801148,0.7192330106599167,1.0,0.2,0.9,1
vit_tiny_patch16_224,mix25,0,mix25_1+mix25_3,2,dare,0.855,0.9209860434833321,0.08630435168743134,0.43258190155029297,0.284841748923283,2.581640124320984,2.0,0.8600770851801148,0.7192330106599167,1.0,0.2,0.9,2
vit_tiny_patch16_224,mix25,0,mix25_1+mix25_4,2,averaging,0.9065,0.975507164136757,0.07420865446329117,0.4419238865375519,0.27040990900184725,2.565297245979309,2.0,0.8233317597396643,0.7280199831384447,,,,
vit_tiny_patch16_224,mix25,0,mix25_1+mix25_4,2,task_arithmetic,0.85875,0.9241209492734532,0.07420865446329117,0.4419238865375519,0.27040990900184725,2.565297245979309,2.0,0.8233317597396643,0.7280199831384447,0.1,,,
vit_tiny_patch16_224,mix25,0,mix25_1+mix25_4,2,task_arithmetic,0.88575,0.9531666092454857,0.07420865446329117,0.4419238865375519,0.27040990900184725,2.565297245979309,2.0,0.8233317597396643,0.7280199831384447,0.2,,,
vit_tiny_patch16_224,mix25,0,mix25_1+mix25_4,2,task_arithmetic,0.89625,0.9644691242932129,0.07420865446329117,0.4419238865375519,0.27040990900184725,2.565297245979309,2.0,0.8233317597396643,0.7280199831384447,0.3,,,
vit_tiny_patch16_224,mix25,0,mix25_1+mix25_4,2,task_arithmetic,0.9065,0.975507164136757,0.07420865446329117,0.4419238865375519,0.27040990900184725,2.565297245979309,2.0,0.8233317597396643,0.7280199831384447,0.5,,,
vit_tiny_patch16_224,mix25,0,mix25_1+mix25_4,2,task_arithmetic,0.88725,0.9547808199744644,0.07420865446329117,0.4419238865375519,0.27040990900184725,2.565297245979309,2.0,0.8233317597396643,0.7280199831384447,1.0,,,
vit_tiny_patch16_224,mix25,0,mix25_1+mix25_4,2,ties,0.8945,0.9625833451553412,0.07420865446329117,0.4419238865375519,0.27040990900184725,2.565297245979309,2.0,0.8233317597396643,0.7280199831384447,0.5,0.2,,
vit_tiny_patch16_224,mix25,0,mix25_1+mix25_4,2,ties,0.909,0.9781924487769288,0.07420865446329117,0.4419238865375519,0.27040990900184725,2.565297245979309,2.0,0.8233317597396643,0.7280199831384447,1.0,0.2,,
vit_tiny_patch16_224,mix25,0,mix25_1+mix25_4,2,dare,0.87725,0.9440234683744401,0.07420865446329117,0.4419238865375519,0.27040990900184725,2.565297245979309,2.0,0.8233317597396643,0.7280199831384447,1.0,0.2,0.9,0
vit_tiny_patch16_224,mix25,0,mix25_1+mix25_4,2,dare,0.87225,0.9386427659445108,0.07420865446329117,0.4419238865375519,0.27040990900184725,2.565297245979309,2.0,0.8233317597396643,0.7280199831384447,1.0,0.2,0.9,1
vit_tiny_patch16_224,mix25,0,mix25_1+mix25_4,2,dare,0.87175,0.9381178687959791,0.07420865446329117,0.4419238865375519,0.27040990900184725,2.565297245979309,2.0,0.8233317597396643,0.7280199831384447,1.0,0.2,0.9,2
vit_tiny_patch16_224,mix25,0,mix25_2+mix25_3,2,averaging,0.8605,0.9682175984051256,0.07150519639253616,0.44394436478614807,0.2643042426373498,2.627400755882263,2.0,0.8346720920777437,0.737053725662556,,,,
vit_tiny_patch16_224,mix25,0,mix25_2+mix25_3,2,task_arithmetic,0.7969999999999999,0.8963436208825074,0.07150519639253616,0.44394436478614807,0.2643042426373498,2.627400755882263,2.0,0.8346720920777437,0.737053725662556,0.1,,,
vit_tiny_patch16_224,mix25,0,mix25_2+mix25_3,2,task_arithmetic,0.827,0.9304130428165971,0.07150519639253616,0.44394436478614807,0.2643042426373498,2.627400755882263,2.0,0.8346720920777437,0.737053725662556,0.2,,,
vit_tiny_patch16_224,mix25,0,mix25_2+mix25_3,2,task_arithmetic,0.8452500000000001,0.9511341414233646,0.07150519639253616,0.44394436478614807,0.2643042426373498,2.627400755882263,2.0,0.8346720920777437,0.737053725662556,0.3,,,
vit_tiny_patch16_224,mix25,0,mix25_2+mix25_3,2,task_arithmetic,0.8605,0.9682175984051256,0.07150519639253616,0.44394436478614807,0.2643042426373498,2.627400755882263,2.0,0.8346720920777437,0.737053725662556,0.5,,,
vit_tiny_patch16_224,mix25,0,mix25_2+mix25_3,2,task_arithmetic,0.8505,0.9571795983899072,0.07150519639253616,0.44394436478614807,0.2643042426373498,2.627400755882263,2.0,0.8346720920777437,0.737053725662556,1.0,,,
vit_tiny_patch16_224,mix25,0,mix25_2+mix25_3,2,ties,0.84,0.9450653814839333,0.07150519639253616,0.44394436478614807,0.2643042426373498,2.627400755882263,2.0,0.8346720920777437,0.737053725662556,0.5,0.2,,
vit_tiny_patch16_224,mix25,0,mix25_2+mix25_3,2,ties,0.8652500000000001,0.9736062919929083,0.07150519639253616,0.44394436478614807,0.2643042426373498,2.627400755882263,2.0,0.8346720920777437,0.737053725662556,1.0,0.2,,
vit_tiny_patch16_224,mix25,0,mix25_2+mix25_3,2,dare,0.8427500000000001,0.9484328988517818,0.07150519639253616,0.44394436478614807,0.2643042426373498,2.627400755882263,2.0,0.8346720920777437,0.737053725662556,1.0,0.2,0.9,0
vit_tiny_patch16_224,mix25,0,mix25_2+mix25_3,2,dare,0.843,0.9483068725698328,0.07150519639253616,0.44394436478614807,0.2643042426373498,2.627400755882263,2.0,0.8346720920777437,0.737053725662556,1.0,0.2,0.9,1
vit_tiny_patch16_224,mix25,0,mix25_2+mix25_3,2,dare,0.8327500000000001,0.9370686572161223,0.07150519639253616,0.44394436478614807,0.2643042426373498,2.627400755882263,2.0,0.8346720920777437,0.737053725662556,1.0,0.2,0.9,2
vit_tiny_patch16_224,mix25,0,mix25_2+mix25_4,2,averaging,0.866,0.9730559457373169,0.07405345141887665,0.4420301616191864,0.2767086355515925,2.6110578775405884,2.0,0.8459840765364682,0.7458406981410841,,,,
vit_tiny_patch16_224,mix25,0,mix25_2+mix25_4,2,task_arithmetic,0.8009999999999999,0.8995116927982992,0.07405345141887665,0.4420301616191864,0.2767086355515925,2.6110578775405884,2.0,0.8459840765364682,0.7458406981410841,0.1,,,
vit_tiny_patch16_224,mix25,0,mix25_2+mix25_4,2,task_arithmetic,0.83325,0.9360739911165104,0.07405345141887665,0.4420301616191864,0.2767086355515925,2.6110578775405884,2.0,0.8459840765364682,0.7458406981410841,0.2,,,
vit_tiny_patch16_224,mix25,0,mix25_2+mix25_4,2,task_arithmetic,0.85075,0.9558734482365894,0.07405345141887665,0.4420301616191864,0.2767086355515925,2.6110578775405884,2.0,0.8459840765364682,0.7458406981410841,0.3,,,
vit_tiny_patch16_224,mix25,0,mix25_2+mix25_4,2,task_arithmetic,0.866,0.9730559457373169,0.07405345141887665,0.4420301616191864,0.2767086355515925,2.6110578775405884,2.0,0.8459840765364682,0.7458406981410841,0.5,,,
vit_tiny_patch16_224,mix25,0,mix25_2+mix25_4,2,task_arithmetic,0.85825,0.9641268997633601,0.07405345141887665,0.4420301616191864,0.2767086355515925,2.6110578775405884,2.0,0.8459840765364682,0.7458406981410841,1.0,,,
vit_tiny_patch16_224,mix25,0,mix25_2+mix25_4,2,ties,0.8445,0.9488960492514837,0.07405345141887665,0.4420301616191864,0.2767086355515925,2.6110578775405884,2.0,0.8459840765364682,0.7458406981410841,0.5,0.2,,
vit_tiny_patch16_224,mix25,0,mix25_2+mix25_4,2,ties,0.8634999999999999,0.9703366424964883,0.07405345141887665,0.4420301616191864,0.2767086355515925,2.6110578775405884,2.0,0.8459840765364682,0.7458406981410841,1.0,0.2,,
vit_tiny_patch16_224,mix25,0,mix25_2+mix25_4,2,dare,0.8480000000000001,0.9526935196082154,0.07405345141887665,0.4420301616191864,0.2767086355515925,2.6110578775405884,2.0,0.8459840765364682,0.7458406981410841,1.0,0.2,0.9,0
vit_tiny_patch16_224,mix25,0,mix25_2+mix25_4,2,dare,0.845,0.9490290801412248,0.07405345141887665,0.4420301616191864,0.2767086355515925,2.6110578775405884,2.0,0.8459840765364682,0.7458406981410841,1.0,0.2,0.9,1
vit_tiny_patch16_224,mix25,0,mix25_2+mix25_4,2,dare,0.8485,0.95289820685117,0.07405345141887665,0.4420301616191864,0.2767086355515925,2.6110578775405884,2.0,0.8459840765364682,0.7458406981410841,1.0,0.2,0.9,2
vit_tiny_patch16_224,mix25,0,mix25_3+mix25_4,2,averaging,0.89725,0.9684240033434248,0.07639546692371368,0.4401387572288513,0.2673223372733239,2.580796480178833,2.0,0.8375834957744249,0.730843380944697,,,,
vit_tiny_patch16_224,mix25,0,mix25_3+mix25_4,2,task_arithmetic,0.842,0.9087882851987925,0.07639546692371368,0.4401387572288513,0.2673223372733239,2.580796480178833,2.0,0.8375834957744249,0.730843380944697,0.1,,,
vit_tiny_patch16_224,mix25,0,mix25_3+mix25_4,2,task_arithmetic,0.8705,0.9395544915620755,0.07639546692371368,0.4401387572288513,0.2673223372733239,2.580796480178833,2.0,0.8375834957744249,0.730843380944697,0.2,,,
vit_tiny_patch16_224,mix25,0,mix25_3+mix25_4,2,task_arithmetic,0.8845,0.9546645580956459,0.07639546692371368,0.4401387572288513,0.2673223372733239,2.580796480178833,2.0,0.8375834957744249,0.730843380944697,0.3,,,
vit_tiny_patch16_224,mix25,0,mix25_3+mix25_4,2,task_arithmetic,0.89725,0.9684240033434248,0.07639546692371368,0.4401387572288513,0.2673223372733239,2.580796480178833,2.0,0.8375834957744249,0.730843380944697,0.5,,,
vit_tiny_patch16_224,mix25,0,mix25_3+mix25_4,2,task_arithmetic,0.8845000000000001,0.954649996141082,0.07639546692371368,0.4401387572288513,0.2673223372733239,2.580796480178833,2.0,0.8375834957744249,0.730843380944697,1.0,,,
vit_tiny_patch16_224,mix25,0,mix25_3+mix25_4,2,ties,0.88375,0.9538594276278138,0.07639546692371368,0.4401387572288513,0.2673223372733239,2.580796480178833,2.0,0.8375834957744249,0.730843380944697,0.5,0.2,,
vit_tiny_patch16_224,mix25,0,mix25_3+mix25_4,2,ties,0.90325,0.974904073124311,0.07639546692371368,0.4401387572288513,0.2673223372733239,2.580796480178833,2.0,0.8375834957744249,0.730843380944697,1.0,0.2,,
vit_tiny_patch16_224,mix25,0,mix25_3+mix25_4,2,dare,0.8714999999999999,0.9406169317670494,0.07639546692371368,0.4401387572288513,0.2673223372733239,2.580796480178833,2.0,0.8375834957744249,0.730843380944697,1.0,0.2,0.9,0
vit_tiny_patch16_224,mix25,0,mix25_3+mix25_4,2,dare,0.87575,0.9452003069660022,0.07639546692371368,0.4401387572288513,0.2673223372733239,2.580796480178833,2.0,0.8375834957744249,0.730843380944697,1.0,0.2,0.9,1
vit_tiny_patch16_224,mix25,0,mix25_3+mix25_4,2,dare,0.8795,0.9492585780833847,0.07639546692371368,0.4401387572288513,0.2673223372733239,2.580796480178833,2.0,0.8375834957744249,0.730843380944697,1.0,0.2,0.9,2
vit_tiny_patch16_224,mix25,0,mix25_0+mix25_1+mix25_2,3,averaging,0.8471666666666667,0.9589990348872751,0.07492979615926743,0.4413336217403412,0.274513434178457,2.6418217023213706,3.0,0.8421601437448759,0.7308790918210835,,,,
vit_tiny_patch16_224,mix25,0,mix25_0+mix25_1+mix25_2,3,task_arithmetic,0.8095,0.916184876845837,0.07492979615926743,0.4413336217403412,0.274513434178457,2.6418217023213706,3.0,0.8421601437448759,0.7308790918210835,0.1,,,
vit_tiny_patch16_224,mix25,0,mix25_0+mix25_1+mix25_2,3,task_arithmetic,0.835,0.9450729823837758,0.07492979615926743,0.4413336217403412,0.274513434178457,2.6418217023213706,3.0,0.8421601437448759,0.7308790918210835,0.2,,,
vit_tiny_patch16_224,mix25,0,mix25_0+mix25_1+mix25_2,3,task_arithmetic,0.8453333333333334,0.9569515897415567,0.07492979615926743,0.4413336217403412,0.274513434178457,2.6418217023213706,3.0,0.8421601437448759,0.7308790918210835,0.3,,,
vit_tiny_patch16_224,mix25,0,mix25_0+mix25_1+mix25_2,3,task_arithmetic,0.8485,0.9607174016970156,0.07492979615926743,0.4413336217403412,0.274513434178457,2.6418217023213706,3.0,0.8421601437448759,0.7308790918210835,0.5,,,
vit_tiny_patch16_224,mix25,0,mix25_0+mix25_1+mix25_2,3,task_arithmetic,0.7631666666666668,0.8629096738366927,0.07492979615926743,0.4413336217403412,0.274513434178457,2.6418217023213706,3.0,0.8421601437448759,0.7308790918210835,1.0,,,
vit_tiny_patch16_224,mix25,0,mix25_0+mix25_1+mix25_2,3,ties,0.842,0.9530741332697831,0.07492979615926743,0.4413336217403412,0.274513434178457,2.6418217023213706,3.0,0.8421601437448759,0.7308790918210835,0.5,0.2,,
vit_tiny_patch16_224,mix25,0,mix25_0+mix25_1+mix25_2,3,ties,0.8558333333333333,0.969112840126113,0.07492979615926743,0.4413336217403412,0.274513434178457,2.6418217023213706,3.0,0.8421601437448759,0.7308790918210835,1.0,0.2,,
vit_tiny_patch16_224,mix25,0,mix25_0+mix25_1+mix25_2,3,dare,0.7498333333333332,0.8475635189772976,0.07492979615926743,0.4413336217403412,0.274513434178457,2.6418217023213706,3.0,0.8421601437448759,0.7308790918210835,1.0,0.2,0.9,0
vit_tiny_patch16_224,mix25,0,mix25_0+mix25_1+mix25_2,3,dare,0.7466666666666667,0.8439986053908896,0.07492979615926743,0.4413336217403412,0.274513434178457,2.6418217023213706,3.0,0.8421601437448759,0.7308790918210835,1.0,0.2,0.9,1
vit_tiny_patch16_224,mix25,0,mix25_0+mix25_1+mix25_2,3,dare,0.757,0.8556833946026255,0.07492979615926743,0.4413336217403412,0.274513434178457,2.6418217023213706,3.0,0.8421601437448759,0.7308790918210835,1.0,0.2,0.9,2
vit_tiny_patch16_224,mix25,0,mix25_0+mix25_1+mix25_3,3,averaging,0.8736666666666667,0.9626713503229719,0.08421460539102554,0.43417733907699585,0.289435472174329,2.6216474374135337,3.0,0.859972463637866,0.7208808803568254,,,,
vit_tiny_patch16_224,mix25,0,mix25_0+mix25_1+mix25_3,3,task_arithmetic,0.8393333333333333,0.9247142955604156,0.08421460539102554,0.43417733907699585,0.289435472174329,2.6216474374135337,3.0,0.859972463637866,0.7208808803568254,0.1,,,
vit_tiny_patch16_224,mix25,0,mix25_0+mix25_1+mix25_3,3,task_arithmetic,0.8658333333333333,0.9539591214823743,0.08421460539102554,0.43417733907699585,0.289435472174329,2.6216474374135337,3.0,0.859972463637866,0.7208808803568254,0.2,,,
vit_tiny_patch16_224,mix25,0,mix25_0+mix25_1+mix25_3,3,task_arithmetic,0.8738333333333334,0.9628118532001949,0.08421460539102554,0.43417733907699585,0.289435472174329,2.6216474374135337,3.0,0.859972463637866,0.7208808803568254,0.3,,,
vit_tiny_patch16_224,mix25,0,mix25_0+mix25_1+mix25_3,3,task_arithmetic,0.8678333333333333,0.9562136049982612,0.08421460539102554,0.43417733907699585,0.289435472174329,2.6216474374135337,3.0,0.859972463637866,0.7208808803568254,0.5,,,
vit_tiny_patch16_224,mix25,0,mix25_0+mix25_1+mix25_3,3,task_arithmetic,0.7484999999999999,0.823824627298929,0.08421460539102554,0.43417733907699585,0.289435472174329,2.6216474374135337,3.0,0.859972463637866,0.7208808803568254,1.0,,,
vit_tiny_patch16_224,mix25,0,mix25_0+mix25_1+mix25_3,3,ties,0.8741666666666666,0.9633741741291949,0.08421460539102554,0.43417733907699585,0.289435472174329,2.6216474374135337,3.0,0.859972463637866,0.7208808803568254,0.5,0.2,,
vit_tiny_patch16_224,mix25,0,mix25_0+mix25_1+mix25_3,3,ties,0.8761666666666666,0.9654788486983042,0.08421460539102554,0.43417733907699585,0.289435472174329,2.6216474374135337,3.0,0.859972463637866,0.7208808803568254,1.0,0.2,,
vit_tiny_patch16_224,mix25,0,mix25_0+mix25_1+mix25_3,3,dare,0.7398333333333333,0.8140507551042222,0.08421460539102554,0.43417733907699585,0.289435472174329,2.6216474374135337,3.0,0.859972463637866,0.7208808803568254,1.0,0.2,0.9,0
vit_tiny_patch16_224,mix25,0,mix25_0+mix25_1+mix25_3,3,dare,0.7471666666666668,0.8220822189763416,0.08421460539102554,0.43417733907699585,0.289435472174329,2.6216474374135337,3.0,0.859972463637866,0.7208808803568254,1.0,0.2,0.9,1
vit_tiny_patch16_224,mix25,0,mix25_0+mix25_1+mix25_3,3,dare,0.7476666666666666,0.8227643300731446,0.08421460539102554,0.43417733907699585,0.289435472174329,2.6216474374135337,3.0,0.859972463637866,0.7208808803568254,1.0,0.2,0.9,2
vit_tiny_patch16_224,mix25,0,mix25_0+mix25_1+mix25_4,3,averaging,0.8763333333333333,0.9650158569839151,0.07412747542063396,0.441938857237498,0.2728429484857902,2.6107521851857505,3.0,0.8372040453439791,0.7267388620091775,,,,
vit_tiny_patch16_224,mix25,0,mix25_0+mix25_1+mix25_4,3,task_arithmetic,0.839,0.9234369283090379,0.07412747542063396,0.441938857237498,0.2728429484857902,2.6107521851857505,3.0,0.8372040453439791,0.7267388620091775,0.1,,,
vit_tiny_patch16_224,mix25,0,mix25_0+mix25_1+mix25_4,3,task_arithmetic,0.863,0.9500887718930618,0.07412747542063396,0.441938857237498,0.2728429484857902,2.6107521851857505,3.0,0.8372040453439791,0.7267388620091775,0.2,,,
vit_tiny_patch16_224,mix25,0,mix25_0+mix25_1+mix25_4,3,task_arithmetic,0.8734999999999999,0.9618770232614692,0.07412747542063396,0.441938857237498,0.2728429484857902,2.6107521851857505,3.0,0.8372040453439791,0.7267388620091775,0.3,,,
vit_tiny_patch16_224,mix25,0,mix25_0+mix25_1+mix25_4,3,task_arithmetic,0.8721666666666666,0.9602579024527095,0.07412747542063396,0.441938857237498,0.2728429484857902,2.6107521851857505,3.0,0.8372040453439791,0.7267388620091775,0.5,,,
vit_tiny_patch16_224,mix25,0,mix25_0+mix25_1+mix25_4,3,task_arithmetic,0.7835000000000001,0.8612652604540044,0.07412747542063396,0.441938857237498,0.2728429484857902,2.6107521851857505,3.0,0.8372040453439791,0.7267388620091775,1.0,,,
vit_tiny_patch16_224,mix25,0,mix25_0+mix25_1+mix25_4,3,ties,0.8704999999999999,0.958477207373753,0.07412747542063396,0.441938857237498,0.2728429484857902,2.6107521851857505,3.0,0.8372040453439791,0.7267388620091775,0.5,0.2,,
vit_tiny_patch16_224,mix25,0,mix25_0+mix25_1+mix25_4,3,ties,0.8769999999999999,0.9658707900144115,0.07412747542063396,0.441938857237498,0.2728429484857902,2.6107521851857505,3.0,0.8372040453439791,0.7267388620091775,1.0,0.2,,
vit_tiny_patch16_224,mix25,0,mix25_0+mix25_1+mix25_4,3,dare,0.7646666666666667,0.840358830339734,0.07412747542063396,0.441938857237498,0.2728429484857902,2.6107521851857505,3.0,0.8372040453439791,0.7267388620091775,1.0,0.2,0.9,0
vit_tiny_patch16_224,mix25,0,mix25_0+mix25_1+mix25_4,3,dare,0.7793333333333333,0.8565554177970163,0.07412747542063396,0.441938857237498,0.2728429484857902,2.6107521851857505,3.0,0.8372040453439791,0.7267388620091775,1.0,0.2,0.9,1
vit_tiny_patch16_224,mix25,0,mix25_0+mix25_1+mix25_4,3,dare,0.7781666666666668,0.8553124551893997,0.07412747542063396,0.441938857237498,0.2728429484857902,2.6107521851857505,3.0,0.8372040453439791,0.7267388620091775,1.0,0.2,0.9,2
vit_tiny_patch16_224,mix25,0,mix25_0+mix25_2+mix25_3,3,averaging,0.8431666666666667,0.9569764656122904,0.07506114741166432,0.4412377079327901,0.2755307368403129,2.652154525121053,3.0,0.841343617724773,0.7327613570252517,,,,
vit_tiny_patch16_224,mix25,0,mix25_0+mix25_2+mix25_3,3,task_arithmetic,0.8001666666666667,0.9079339787487832,0.07506114741166432,0.4412377079327901,0.2755307368403129,2.652154525121053,3.0,0.841343617724773,0.7327613570252517,0.1,,,
vit_tiny_patch16_224,mix25,0,mix25_0+mix25_2+mix25_3,3,task_arithmetic,0.8263333333333334,0.9376734256700646,0.07506114741166432,0.4412377079327901,0.2755307368403129,2.652154525121053,3.0,0.841343617724773,0.7327613570252517,0.2,,,
vit_tiny_patch16_224,mix25,0,mix25_0+mix25_2+mix25_3,3,task_arithmetic,0.8396666666666667,0.9529861061740755,0.07506114741166432,0.4412377079327901,0.2755307368403129,2.652154525121053,3.0,0.841343617724773,0.7327613570252517,0.3,,,
vit_tiny_patch16_224,mix25,0,mix25_0+mix25_2+mix25_3,3,task_arithmetic,0.8438333333333333,0.9576660054676486,0.07506114741166432,0.4412377079327901,0.2755307368403129,2.652154525121053,3.0,0.841343617724773,0.7327613570252517,0.5,,,
vit_tiny_patch16_224,mix25,0,mix25_0+mix25_2+mix25_3,3,task_arithmetic,0.7576666666666667,0.8595052492057104,0.07506114741166432,0.4412377079327901,0.2755307368403129,2.652154525121053,3.0,0.841343617724773,0.7327613570252517,1.0,,,
vit_tiny_patch16_224,mix25,0,mix25_0+mix25_2+mix25_3,3,ties,0.8348333333333334,0.9473927910053407,0.07506114741166432,0.4412377079327901,0.2755307368403129,2.652154525121053,3.0,0.841343617724773,0.7327613570252517,0.5,0.2,,
vit_tiny_patch16_224,mix25,0,mix25_0+mix25_2+mix25_3,3,ties,0.8473333333333333,0.9617154549305388,0.07506114741166432,0.4412377079327901,0.2755307368403129,2.652154525121053,3.0,0.841343617724773,0.7327613570252517,1.0,0.2,,
vit_tiny_patch16_224,mix25,0,mix25_0+mix25_2+mix25_3,3,dare,0.7520000000000001,0.8529718537737553,0.07506114741166432,0.4412377079327901,0.2755307368403129,2.652154525121053,3.0,0.841343617724773,0.7327613570252517,1.0,0.2,0.9,0
vit_tiny_patch16_224,mix25,0,mix25_0+mix25_2+mix25_3,3,dare,0.7393333333333333,0.8385390255449354,0.07506114741166432,0.4412377079327901,0.2755307368403129,2.652154525121053,3.0,0.841343617724773,0.7327613570252517,1.0,0.2,0.9,1
vit_tiny_patch16_224,mix25,0,mix25_0+mix25_2+mix25_3,3,dare,0.7475,0.8480976913329163,0.07506114741166432,0.4412377079327901,0.2755307368403129,2.652154525121053,3.0,0.841343617724773,0.7327613570252517,1.0,0.2,0.9,2
vit_tiny_patch16_224,mix25,0,mix25_0+mix25_2+mix25_4,3,averaging,0.8386666666666667,0.95115930405069,0.06985533485809962,0.4452471633752187,0.26788362409700023,2.64125927289327,3.0,0.8345943027306112,0.7386193386776037,,,,
vit_tiny_patch16_224,mix25,0,mix25_0+mix25_2+mix25_4,3,task_arithmetic,0.7996666666666666,0.9064381905996948,0.06985533485809962,0.4452471633752187,0.26788362409700023,2.64125927289327,3.0,0.8345943027306112,0.7386193386776037,0.1,,,
vit_tiny_patch16_224,mix25,0,mix25_0+mix25_2+mix25_4,3,task_arithmetic,0.8251666666666667,0.9357290109681703,0.06985533485809962,0.4452471633752187,0.26788362409700023,2.64125927289327,3.0,0.8345943027306112,0.7386193386776037,0.2,,,
vit_tiny_patch16_224,mix25,0,mix25_0+mix25_2+mix25_4,3,task_arithmetic,0.8370000000000001,0.9492373535692572,0.06985533485809962,0.4452471633752187,0.26788362409700023,2.64125927289327,3.0,0.8345943027306112,0.7386193386776037,0.3,,,
vit_tiny_patch16_224,mix25,0,mix25_0+mix25_2+mix25_4,3,task_arithmetic,0.8428333333333334,0.9557197477106553,0.06985533485809962,0.4452471633752187,0.26788362409700023,2.64125927289327,3.0,0.8345943027306112,0.7386193386776037,0.5,,,
vit_tiny_patch16_224,mix25,0,mix25_0+mix25_2+mix25_4,3,task_arithmetic,0.7719999999999999,0.8745136554039693,0.06985533485809962,0.4452471633752187,0.26788362409700023,2.64125927289327,3.0,0.8345943027306112,0.7386193386776037,1.0,,,
vit_tiny_patch16_224,mix25,0,mix25_0+mix25_2+mix25_4,3,ties,0.8323333333333333,0.9439233817315164,0.06985533485809962,0.4452471633752187,0.26788362409700023,2.64125927289327,3.0,0.8345943027306112,0.7386193386776037,0.5,0.2,,
vit_tiny_patch16_224,mix25,0,mix25_0+mix25_2+mix25_4,3,ties,0.848,0.961678166071958,0.06985533485809962,0.4452471633752187,0.26788362409700023,2.64125927289327,3.0,0.8345943027306112,0.7386193386776037,1.0,0.2,,
vit_tiny_patch16_224,mix25,0,mix25_0+mix25_2+mix25_4,3,dare,0.7618333333333333,0.8631860461425306,0.06985533485809962,0.4452471633752187,0.26788362409700023,2.64125927289327,3.0,0.8345943027306112,0.7386193386776037,1.0,0.2,0.9,0
vit_tiny_patch16_224,mix25,0,mix25_0+mix25_2+mix25_4,3,dare,0.7536666666666667,0.8536048567436579,0.06985533485809962,0.4452471633752187,0.26788362409700023,2.64125927289327,3.0,0.8345943027306112,0.7386193386776037,1.0,0.2,0.9,1
vit_tiny_patch16_224,mix25,0,mix25_0+mix25_2+mix25_4,3,dare,0.7613333333333333,0.8627248644229408,0.06985533485809962,0.4452471633752187,0.26788362409700023,2.64125927289327,3.0,0.8345943027306112,0.7386193386776037,1.0,0.2,0.9,2
vit_tiny_patch16_224,mix25,0,mix25_0+mix25_3+mix25_4,3,averaging,0.8673333333333333,0.9571487190235963,0.07584840555985768,0.4406045178572337,0.2767203172081416,2.621085007985433,3.0,0.8417651157573532,0.7286211272133457,,,,
vit_tiny_patch16_224,mix25,0,mix25_0+mix25_3+mix25_4,3,task_arithmetic,0.8296666666666667,0.9151972024599212,0.07584840555985768,0.4406045178572337,0.2767203172081416,2.621085007985433,3.0,0.8417651157573532,0.7286211272133457,0.1,,,
vit_tiny_patch16_224,mix25,0,mix25_0+mix25_3+mix25_4,3,task_arithmetic,0.8551666666666667,0.9435867561727004,0.07584840555985768,0.4406045178572337,0.2767203172081416,2.621085007985433,3.0,0.8417651157573532,0.7286211272133457,0.2,,,
vit_tiny_patch16_224,mix25,0,mix25_0+mix25_3+mix25_4,3,task_arithmetic,0.866,0.9555949229710922,0.07584840555985768,0.4406045178572337,0.2767203172081416,2.621085007985433,3.0,0.8417651157573532,0.7286211272133457,0.3,,,
vit_tiny_patch16_224,mix25,0,mix25_0+mix25_3+mix25_4,3,task_arithmetic,0.8671666666666665,0.9568258748545743,0.07584840555985768,0.4406045178572337,0.2767203172081416,2.621085007985433,3.0,0.8417651157573532,0.7286211272133457,0.5,,,
vit_tiny_patch16_224,mix25,0,mix25_0+mix25_3+mix25_4,3,task_arithmetic,0.7818333333333333,0.8616049171273739,0.07584840555985768,0.4406045178572337,0.2767203172081416,2.621085007985433,3.0,0.8417651157573532,0.7286211272133457,1.0,,,
vit_tiny_patch16_224,mix25,0,mix25_0+mix25_3+mix25_4,3,ties,0.8613333333333334,0.9504948429351071,0.07584840555985768,0.4406045178572337,0.2767203172081416,2.621085007985433,3.0,0.8417651157573532,0.7286211272133457,0.5,0.2,,
vit_tiny_patch16_224,mix25,0,mix25_0+mix25_3+mix25_4,3,ties,0.8736666666666667,0.9642002130249909,0.07584840555985768,0.4406045178572337,0.2767203172081416,2.621085007985433,3.0,0.8417651157573532,0.7286211272133457,1.0,0.2,,
vit_tiny_patch16_224,mix25,0,mix25_0+mix25_3+mix25_4,3,dare,0.767,0.8449646018359381,0.07584840555985768,0.4406045178572337,0.2767203172081416,2.621085007985433,3.0,0.8417651157573532,0.7286211272133457,1.0,0.2,0.9,0
vit_tiny_patch16_224,mix25,0,mix25_0+mix25_3+mix25_4,3,dare,0.7799999999999999,0.859706288438581,0.07584840555985768,0.4406045178572337,0.2767203172081416,2.621085007985433,3.0,0.8417651157573532,0.7286211272133457,1.0,0.2,0.9,1
vit_tiny_patch16_224,mix25,0,mix25_0+mix25_3+mix25_4,3,dare,0.7776666666666667,0.8571800805608548,0.07584840555985768,0.4406045178572337,0.2767203172081416,2.621085007985433,3.0,0.8417651157573532,0.7286211272133457,1.0,0.2,0.9,2
vit_tiny_patch16_224,mix25,0,mix25_1+mix25_2+mix25_3,3,averaging,0.8658333333333333,0.9587147197209817,0.07729888955752055,0.43951349457105,0.27503933470266423,2.606980800628662,3.0,0.843767440867091,0.7301723547262587,,,,
vit_tiny_patch16_224,mix25,0,mix25_1+mix25_2+mix25_3,3,task_arithmetic,0.8313333333333333,0.9200732188170381,0.07729888955752055,0.43951349457105,0.27503933470266423,2.606980800628662,3.0,0.843767440867091,0.7301723547262587,0.1,,,
vit_tiny_patch16_224,mix25,0,mix25_1+mix25_2+mix25_3,3,task_arithmetic,0.8541666666666666,0.9456351959313728,0.07729888955752055,0.43951349457105,0.27503933470266423,2.606980800628662,3.0,0.843767440867091,0.7301723547262587,0.2,,,
vit_tiny_patch16_224,mix25,0,mix25_1+mix25_2+mix25_3,3,task_arithmetic,0.8648333333333333,0.9575918721949476,0.07729888955752055,0.43951349457105,0.27503933470266423,2.606980800628662,3.0,0.843767440867091,0.7301723547262587,0.3,,,
vit_tiny_patch16_224,mix25,0,mix25_1+mix25_2+mix25_3,3,task_arithmetic,0.863,0.9555675466162915,0.07729888955752055,0.43951349457105,0.27503933470266423,2.606980800628662,3.0,0.843767440867091,0.7301723547262587,0.5,,,
vit_tiny_patch16_224,mix25,0,mix25_1+mix25_2+mix25_3,3,task_arithmetic,0.766,0.8475303063321019,0.07729888955752055,0.43951349457105,0.27503933470266423,2.606980800628662,3.0,0.843767440867091,0.7301723547262587,1.0,,,
vit_tiny_patch16_224,mix25,0,mix25_1+mix25_2+mix25_3,3,ties,0.8605,0.9526583843899278,0.07729888955752055,0.43951349457105,0.27503933470266423,2.606980800628662,3.0,0.843767440867091,0.7301723547262587,0.5,0.2,,
vit_tiny_patch16_224,mix25,0,mix25_1+mix25_2+mix25_3,3,ties,0.8704999999999999,0.963962189872587,0.07729888955752055,0.43951349457105,0.27503933470266423,2.606980800628662,3.0,0.843767440867091,0.7301723547262587,1.0,0.2,,
vit_tiny_patch16_224,mix25,0,mix25_1+mix25_2+mix25_3,3,dare,0.7466666666666667,0.8261748416404494,0.07729888955752055,0.43951349457105,0.27503933470266423,2.606980800628662,3.0,0.843767440867091,0.7301723547262587,1.0,0.2,0.9,0
vit_tiny_patch16_224,mix25,0,mix25_1+mix25_2+mix25_3,3,dare,0.7516666666666666,0.8312534315171524,0.07729888955752055,0.43951349457105,0.27503933470266423,2.606980800628662,3.0,0.843767440867091,0.7301723547262587,1.0,0.2,0.9,1
vit_tiny_patch16_224,mix25,0,mix25_1+mix25_2+mix25_3,3,dare,0.7494999999999999,0.8294790730057667,0.07729888955752055,0.43951349457105,0.27503933470266423,2.606980800628662,3.0,0.843767440867091,0.7301723547262587,1.0,0.2,0.9,2
vit_tiny_patch16_224,mix25,0,mix25_1+mix25_2+mix25_4,3,averaging,0.8681666666666666,0.9605345571006468,0.07411640882492065,0.4419894218444824,0.27436351903359985,2.596085548400879,3.0,0.835289660539849,0.7360303363786108,,,,
vit_tiny_patch16_224,mix25,0,mix25_1+mix25_2+mix25_4,3,task_arithmetic,0.8333333333333334,0.9216356056294894,0.07411640882492065,0.4419894218444824,0.27436351903359985,2.596085548400879,3.0,0.835289660539849,0.7360303363786108,0.1,,,
vit_tiny_patch16_224,mix25,0,mix25_1+mix25_2+mix25_4,3,task_arithmetic,0.8555,0.9463949496699623,0.07411640882492065,0.4419894218444824,0.27436351903359985,2.596085548400879,3.0,0.835289660539849,0.7360303363786108,0.2,,,
vit_tiny_patch16_224,mix25,0,mix25_1+mix25_2+mix25_4,3,task_arithmetic,0.8661666666666666,0.958394822046194,0.07411640882492065,0.4419894218444824,0.27436351903359985,2.596085548400879,3.0,0.835289660539849,0.7360303363786108,0.3,,,
vit_tiny_patch16_224,mix25,0,mix25_1+mix25_2+mix25_4,3,task_arithmetic,0.8650000000000001,0.9570871628789144,0.07411640882492065,0.4419894218444824,0.27436351903359985,2.596085548400879,3.0,0.835289660539849,0.7360303363786108,0.5,,,
vit_tiny_patch16_224,mix25,0,mix25_1+mix25_2+mix25_4,3,task_arithmetic,0.7876666666666666,0.8708142781754762,0.07411640882492065,0.4419894218444824,0.27436351903359985,2.596085548400879,3.0,0.835289660539849,0.7360303363786108,1.0,,,
vit_tiny_patch16_224,mix25,0,mix25_1+mix25_2+mix25_4,3,ties,0.863,0.9548274697284446,0.07411640882492065,0.4419894218444824,0.27436351903359985,2.596085548400879,3.0,0.835289660539849,0.7360303363786108,0.5,0.2,,
vit_tiny_patch16_224,mix25,0,mix25_1+mix25_2+mix25_4,3,ties,0.8694999999999999,0.9621313495956588,0.07411640882492065,0.4419894218444824,0.27436351903359985,2.596085548400879,3.0,0.835289660539849,0.7360303363786108,1.0,0.2,,
vit_tiny_patch16_224,mix25,0,mix25_1+mix25_2+mix25_4,3,dare,0.7645,0.8450144047716573,0.07411640882492065,0.4419894218444824,0.27436351903359985,2.596085548400879,3.0,0.835289660539849,0.7360303363786108,1.0,0.2,0.9,0
vit_tiny_patch16_224,mix25,0,mix25_1+mix25_2+mix25_4,3,dare,0.7766666666666667,0.8580485299844653,0.07411640882492065,0.4419894218444824,0.27436351903359985,2.596085548400879,3.0,0.835289660539849,0.7360303363786108,1.0,0.2,0.9,1
vit_tiny_patch16_224,mix25,0,mix25_1+mix25_2+mix25_4,3,dare,0.7715,0.8528919176381408,0.07411640882492065,0.4419894218444824,0.27436351903359985,2.596085548400879,3.0,0.835289660539849,0.7360303363786108,1.0,0.2,0.9,2
vit_tiny_patch16_224,mix25,0,mix25_1+mix25_3+mix25_4,3,averaging,0.8903333333333333,0.9593801328494779,0.07896949102481206,0.43821484843889874,0.274191331732818,2.575911283493042,3.0,0.8403307802314014,0.7260321249143528,,,,
vit_tiny_patch16_224,mix25,0,mix25_1+mix25_3+mix25_4,3,task_arithmetic,0.8636666666666667,0.930649924229114,0.07896949102481206,0.43821484843889874,0.274191331732818,2.575911283493042,3.0,0.8403307802314014,0.7260321249143528,0.1,,,
vit_tiny_patch16_224,mix25,0,mix25_1+mix25_3+mix25_4,3,task_arithmetic,0.8833333333333333,0.9518381491377649,0.07896949102481206,0.43821484843889874,0.274191331732818,2.575911283493042,3.0,0.8403307802314014,0.7260321249143528,0.2,,,
vit_tiny_patch16_224,mix25,0,mix25_1+mix25_3+mix25_4,3,task_arithmetic,0.8891666666666667,0.9581228456632923,0.07896949102481206,0.43821484843889874,0.274191331732818,2.575911283493042,3.0,0.8403307802314014,0.7260321249143528,0.3,,,
vit_tiny_patch16_224,mix25,0,mix25_1+mix25_3+mix25_4,3,task_arithmetic,0.888,0.95686652124493,0.07896949102481206,0.43821484843889874,0.274191331732818,2.575911283493042,3.0,0.8403307802314014,0.7260321249143528,0.5,,,
vit_tiny_patch16_224,mix25,0,mix25_1+mix25_3+mix25_4,3,task_arithmetic,0.7728333333333334,0.8326590279762481,0.07896949102481206,0.43821484843889874,0.274191331732818,2.575911283493042,3.0,0.8403307802314014,0.7260321249143528,1.0,,,
vit_tiny_patch16_224,mix25,0,mix25_1+mix25_3+mix25_4,3,ties,0.8871666666666668,0.95597578290752,0.07896949102481206,0.43821484843889874,0.274191331732818,2.575911283493042,3.0,0.8403307802314014,0.7260321249143528,0.5,0.2,,
vit_tiny_patch16_224,mix25,0,mix25_1+mix25_3+mix25_4,3,ties,0.8969999999999999,0.966574142781074,0.07896949102481206,0.43821484843889874,0.274191331732818,2.575911283493042,3.0,0.8403307802314014,0.7260321249143528,1.0,0.2,,
vit_tiny_patch16_224,mix25,0,mix25_1+mix25_3+mix25_4,3,dare,0.7586666666666666,0.8173848974845151,0.07896949102481206,0.43821484843889874,0.274191331732818,2.575911283493042,3.0,0.8403307802314014,0.7260321249143528,1.0,0.2,0.9,0
vit_tiny_patch16_224,mix25,0,mix25_1+mix25_3+mix25_4,3,dare,0.7920000000000001,0.8533480376957837,0.07896949102481206,0.43821484843889874,0.274191331732818,2.575911283493042,3.0,0.8403307802314014,0.7260321249143528,1.0,0.2,0.9,1
vit_tiny_patch16_224,mix25,0,mix25_1+mix25_3+mix25_4,3,dare,0.7651666666666667,0.8243722440839495,0.07896949102481206,0.43821484843889874,0.274191331732818,2.575911283493042,3.0,0.8403307802314014,0.7260321249143528,1.0,0.2,0.9,2
vit_tiny_patch16_224,mix25,0,mix25_2+mix25_3+mix25_4,3,averaging,0.8601666666666666,0.9539301366848636,0.07398470491170883,0.44203776121139526,0.2694450718207554,2.6064183712005615,3.0,0.839413221462879,0.7379126015827792,,,,
vit_tiny_patch16_224,mix25,0,mix25_2+mix25_3+mix25_4,3,task_arithmetic,0.826,0.9157310991999793,0.07398470491170883,0.44203776121139526,0.2694450718207554,2.6064183712005615,3.0,0.839413221462879,0.7379126015827792,0.1,,,
vit_tiny_patch16_224,mix25,0,mix25_2+mix25_3+mix25_4,3,task_arithmetic,0.847,0.9392495708991931,0.07398470491170883,0.44203776121139526,0.2694450718207554,2.6064183712005615,3.0,0.839413221462879,0.7379126015827792,0.2,,,
vit_tiny_patch16_224,mix25,0,mix25_2+mix25_3+mix25_4,3,task_arithmetic,0.8591666666666665,0.9529304227828329,0.07398470491170883,0.44203776121139526,0.2694450718207554,2.6064183712005615,3.0,0.839413221462879,0.7379126015827792,0.3,,,
vit_tiny_patch16_224,mix25,0,mix25_2+mix25_3+mix25_4,3,task_arithmetic,0.862,0.9559693059771771,0.07398470491170883,0.44203776121139526,0.2694450718207554,2.6064183712005615,3.0,0.839413221462879,0.7379126015827792,0.5,,,
vit_tiny_patch16_224,mix25,0,mix25_2+mix25_3+mix25_4,3,task_arithmetic,0.7915,0.8773256984800457,0.07398470491170883,0.44203776121139526,0.2694450718207554,2.6064183712005615,3.0,0.839413221462879,0.7379126015827792,1.0,,,
vit_tiny_patch16_224,mix25,0,mix25_2+mix25_3+mix25_4,3,ties,0.8535,0.9465318538004648,0.07398470491170883,0.44203776121139526,0.2694450718207554,2.6064183712005615,3.0,0.839413221462879,0.7379126015827792,0.5,0.2,,
vit_tiny_patch16_224,mix25,0,mix25_2+mix25_3+mix25_4,3,ties,0.8673333333333333,0.9619506161665465,0.07398470491170883,0.44203776121139526,0.2694450718207554,2.6064183712005615,3.0,0.839413221462879,0.7379126015827792,1.0,0.2,,
vit_tiny_patch16_224,mix25,0,mix25_2+mix25_3+mix25_4,3,dare,0.7856666666666667,0.8709827946199772,0.07398470491170883,0.44203776121139526,0.2694450718207554,2.6064183712005615,3.0,0.839413221462879,0.7379126015827792,1.0,0.2,0.9,0
vit_tiny_patch16_224,mix25,0,mix25_2+mix25_3+mix25_4,3,dare,0.7838333333333333,0.8687770083664855,0.07398470491170883,0.44203776121139526,0.2694450718207554,2.6064183712005615,3.0,0.839413221462879,0.7379126015827792,1.0,0.2,0.9,1
vit_tiny_patch16_224,mix25,0,mix25_2+mix25_3+mix25_4,3,dare,0.7831666666666667,0.8681743581167339,0.07398470491170883,0.44203776121139526,0.2694450718207554,2.6064183712005615,3.0,0.839413221462879,0.7379126015827792,1.0,0.2,0.9,2
vit_tiny_patch16_224,mix25,0,mix25_0+mix25_1+mix25_2+mix25_3+mix25_4,5,averaging,0.8488,0.9424878769239953,0.07584062591195107,0.44062947332859037,0.27499657902738683,2.6174116134643555,5.0,0.841584079204068,0.7308648074705288,,,,
vit_tiny_patch16_224,mix25,0,mix25_0+mix25_1+mix25_2+mix25_3+mix25_4,5,task_arithmetic,0.8356999999999999,0.9278074351895642,0.07584062591195107,0.44062947332859037,0.27499657902738683,2.6174116134643555,5.0,0.841584079204068,0.7308648074705288,0.1,,,
vit_tiny_patch16_224,mix25,0,mix25_0+mix25_1+mix25_2+mix25_3+mix25_4,5,task_arithmetic,0.8488,0.9424878769239953,0.07584062591195107,0.44062947332859037,0.27499657902738683,2.6174116134643555,5.0,0.841584079204068,0.7308648074705288,0.2,,,
vit_tiny_patch16_224,mix25,0,mix25_0+mix25_1+mix25_2+mix25_3+mix25_4,5,task_arithmetic,0.8436,0.9366331206918812,0.07584062591195107,0.44062947332859037,0.27499657902738683,2.6174116134643555,5.0,0.841584079204068,0.7308648074705288,0.3,,,
vit_tiny_patch16_224,mix25,0,mix25_0+mix25_1+mix25_2+mix25_3+mix25_4,5,task_arithmetic,0.7983,0.8858397608129811,0.07584062591195107,0.44062947332859037,0.27499657902738683,2.6174116134643555,5.0,0.841584079204068,0.7308648074705288,0.5,,,
vit_tiny_patch16_224,mix25,0,mix25_0+mix25_1+mix25_2+mix25_3+mix25_4,5,task_arithmetic,0.5128,0.5676100648487858,0.07584062591195107,0.44062947332859037,0.27499657902738683,2.6174116134643555,5.0,0.841584079204068,0.7308648074705288,1.0,,,
vit_tiny_patch16_224,mix25,0,mix25_0+mix25_1+mix25_2+mix25_3+mix25_4,5,ties,0.8519,0.9459775882691546,0.07584062591195107,0.44062947332859037,0.27499657902738683,2.6174116134643555,5.0,0.841584079204068,0.7308648074705288,0.5,0.2,,
vit_tiny_patch16_224,mix25,0,mix25_0+mix25_1+mix25_2+mix25_3+mix25_4,5,ties,0.8448,0.9380664345415809,0.07584062591195107,0.44062947332859037,0.27499657902738683,2.6174116134643555,5.0,0.841584079204068,0.7308648074705288,1.0,0.2,,
vit_tiny_patch16_224,mix25,0,mix25_0+mix25_1+mix25_2+mix25_3+mix25_4,5,dare,0.5505,0.6095043602942914,0.07584062591195107,0.44062947332859037,0.27499657902738683,2.6174116134643555,5.0,0.841584079204068,0.7308648074705288,1.0,0.2,0.9,0
vit_tiny_patch16_224,mix25,0,mix25_0+mix25_1+mix25_2+mix25_3+mix25_4,5,dare,0.5549999999999999,0.6142943909165618,0.07584062591195107,0.44062947332859037,0.27499657902738683,2.6174116134643555,5.0,0.841584079204068,0.7308648074705288,1.0,0.2,0.9,1
vit_tiny_patch16_224,mix25,0,mix25_0+mix25_1+mix25_2+mix25_3+mix25_4,5,dare,0.5722,0.6332201390894513,0.07584062591195107,0.44062947332859037,0.27499657902738683,2.6174116134643555,5.0,0.841584079204068,0.7308648074705288,1.0,0.2,0.9,2
vit_tiny_patch16_224,mix25,1,mix25_0+mix25_1,2,averaging,0.88175,0.9825369182511439,0.07938244938850403,0.43787243962287903,0.28556130493418,2.630364418029785,2.0,0.8586074839771521,0.726155230640872,,,,
vit_tiny_patch16_224,mix25,1,mix25_0+mix25_1,2,task_arithmetic,0.81775,0.9109234905817978,0.07938244938850403,0.43787243962287903,0.28556130493418,2.630364418029785,2.0,0.8586074839771521,0.726155230640872,0.1,,,
vit_tiny_patch16_224,mix25,1,mix25_0+mix25_1,2,task_arithmetic,0.85075,0.9478170097873146,0.07938244938850403,0.43787243962287903,0.28556130493418,2.630364418029785,2.0,0.8586074839771521,0.726155230640872,0.2,,,
vit_tiny_patch16_224,mix25,1,mix25_0+mix25_1,2,task_arithmetic,0.868,0.9670617243854113,0.07938244938850403,0.43787243962287903,0.28556130493418,2.630364418029785,2.0,0.8586074839771521,0.726155230640872,0.3,,,
vit_tiny_patch16_224,mix25,1,mix25_0+mix25_1,2,task_arithmetic,0.88175,0.9825369182511439,0.07938244938850403,0.43787243962287903,0.28556130493418,2.630364418029785,2.0,0.8586074839771521,0.726155230640872,0.5,,,
vit_tiny_patch16_224,mix25,1,mix25_0+mix25_1,2,task_arithmetic,0.8572500000000001,0.9549351416580105,0.07938244938850403,0.43787243962287903,0.28556130493418,2.630364418029785,2.0,0.8586074839771521,0.726155230640872,1.0,,,
vit_tiny_patch16_224,mix25,1,mix25_0+mix25_1,2,ties,0.86,0.9580732979993262,0.07938244938850403,0.43787243962287903,0.28556130493418,2.630364418029785,2.0,0.8586074839771521,0.726155230640872,0.5,0.2,,
vit_tiny_patch16_224,mix25,1,mix25_0+mix25_1,2,ties,0.88075,0.9814795112222338,0.07938244938850403,0.43787243962287903,0.28556130493418,2.630364418029785,2.0,0.8586074839771521,0.726155230640872,1.0,0.2,,
vit_tiny_patch16_224,mix25,1,mix25_0+mix25_1,2,dare,0.8452500000000001,0.9414035048423268,0.07938244938850403,0.43787243962287903,0.28556130493418,2.630364418029785,2.0,0.8586074839771521,0.726155230640872,1.0,0.2,0.9,0
vit_tiny_patch16_224,mix25,1,mix25_0+mix25_1,2,dare,0.84625,0.9425589063443489,0.07938244938850403,0.43787243962287903,0.28556130493418,2.630364418029785,2.0,0.8586074839771521,0.726155230640872,1.0,0.2,0.9,1
vit_tiny_patch16_224,mix25,1,mix25_0+mix25_1,2,dare,0.85025,0.9471805123524366,0.07938244938850403,0.43787243962287903,0.28556130493418,2.630364418029785,2.0,0.8586074839771521,0.726155230640872,1.0,0.2,0.9,2
vit_tiny_patch16_224,mix25,1,mix25_0+mix25_2,2,averaging,0.83175,0.969349765710251,0.06799668818712234,0.4466646909713745,0.26570415044800216,2.664057493209839,2.0,0.8366946133604617,0.740983858696395,,,,
vit_tiny_patch16_224,mix25,1,mix25_0+mix25_2,2,task_arithmetic,0.7565,0.8817180636938002,0.06799668818712234,0.4466646909713745,0.26570415044800216,2.664057493209839,2.0,0.8366946133604617,0.740983858696395,0.1,,,
vit_tiny_patch16_224,mix25,1,mix25_0+mix25_2,2,task_arithmetic,0.7887500000000001,0.9193007069956809,0.06799668818712234,0.4466646909713745,0.26570415044800216,2.664057493209839,2.0,0.8366946133604617,0.740983858696395,0.2,,,
vit_tiny_patch16_224,mix25,1,mix25_0+mix25_2,2,task_arithmetic,0.8102499999999999,0.9443507081673843,0.06799668818712234,0.4466646909713745,0.26570415044800216,2.664057493209839,2.0,0.8366946133604617,0.740983858696395,0.3,,,
vit_tiny_patch16_224,mix25,1,mix25_0+mix25_2,2,task_arithmetic,0.83175,0.969349765710251,0.06799668818712234,0.4466646909713745,0.26570415044800216,2.664057493209839,2.0,0.8366946133604617,0.740983858696395,0.5,,,
vit_tiny_patch16_224,mix25,1,mix25_0+mix25_2,2,task_arithmetic,0.8225,0.9586826792680826,0.06799668818712234,0.4466646909713745,0.26570415044800216,2.664057493209839,2.0,0.8366946133604617,0.740983858696395,1.0,,,
vit_tiny_patch16_224,mix25,1,mix25_0+mix25_2,2,ties,0.802,0.934742230332448,0.06799668818712234,0.4466646909713745,0.26570415044800216,2.664057493209839,2.0,0.8366946133604617,0.740983858696395,0.5,0.2,,
vit_tiny_patch16_224,mix25,1,mix25_0+mix25_2,2,ties,0.83675,0.975172622486314,0.06799668818712234,0.4466646909713745,0.26570415044800216,2.664057493209839,2.0,0.8366946133604617,0.740983858696395,1.0,0.2,,
vit_tiny_patch16_224,mix25,1,mix25_0+mix25_2,2,dare,0.806,0.9393485532518846,0.06799668818712234,0.4466646909713745,0.26570415044800216,2.664057493209839,2.0,0.8366946133604617,0.740983858696395,1.0,0.2,0.9,0
vit_tiny_patch16_224,mix25,1,mix25_0+mix25_2,2,dare,0.80725,0.9408895980242022,0.06799668818712234,0.4466646909713745,0.26570415044800216,2.664057493209839,2.0,0.8366946133604617,0.740983858696395,1.0,0.2,0.9,1
vit_tiny_patch16_224,mix25,1,mix25_0+mix25_2,2,dare,0.8029999999999999,0.9358670656571677,0.06799668818712234,0.4466646909713745,0.26570415044800216,2.664057493209839,2.0,0.8366946133604617,0.740983858696395,1.0,0.2,0.9,2
vit_tiny_patch16_224,mix25,1,mix25_0+mix25_3,2,averaging,0.873,0.9768759836663967,0.08254172652959824,0.435470312833786,0.29578933902657706,2.6388206481933594,2.0,0.8613696773613443,0.7250988933720559,,,,
vit_tiny_patch16_224,mix25,1,mix25_0+mix25_3,2,task_arithmetic,0.8095,0.9056495246585438,0.08254172652959824,0.435470312833786,0.29578933902657706,2.6388206481933594,2.0,0.8613696773613443,0.7250988933720559,0.1,,,
vit_tiny_patch16_224,mix25,1,mix25_0+mix25_3,2,task_arithmetic,0.83525,0.9346814166864927,0.08254172652959824,0.435470312833786,0.29578933902657706,2.6388206481933594,2.0,0.8613696773613443,0.7250988933720559,0.2,,,
vit_tiny_patch16_224,mix25,1,mix25_0+mix25_3,2,task_arithmetic,0.85725,0.9592752316210131,0.08254172652959824,0.435470312833786,0.29578933902657706,2.6388206481933594,2.0,0.8613696773613443,0.7250988933720559,0.3,,,
vit_tiny_patch16_224,mix25,1,mix25_0+mix25_3,2,task_arithmetic,0.873,0.9768759836663967,0.08254172652959824,0.435470312833786,0.29578933902657706,2.6388206481933594,2.0,0.8613696773613443,0.7250988933720559,0.5,,,
vit_tiny_patch16_224,mix25,1,mix25_0+mix25_3,2,task_arithmetic,0.8625,0.9650953394313205,0.08254172652959824,0.435470312833786,0.29578933902657706,2.6388206481933594,2.0,0.8613696773613443,0.7250988933720559,1.0,,,
vit_tiny_patch16_224,mix25,1,mix25_0+mix25_3,2,ties,0.849,0.9500591336118709,0.08254172652959824,0.435470312833786,0.29578933902657706,2.6388206481933594,2.0,0.8613696773613443,0.7250988933720559,0.5,0.2,,
vit_tiny_patch16_224,mix25,1,mix25_0+mix25_3,2,ties,0.876,0.9803597417492703,0.08254172652959824,0.435470312833786,0.29578933902657706,2.6388206481933594,2.0,0.8613696773613443,0.7250988933720559,1.0,0.2,,
vit_tiny_patch16_224,mix25,1,mix25_0+mix25_3,2,dare,0.84825,0.9488941716796234,0.08254172652959824,0.435470312833786,0.29578933902657706,2.6388206481933594,2.0,0.8613696773613443,0.7250988933720559,1.0,0.2,0.9,0
vit_tiny_patch16_224,mix25,1,mix25_0+mix25_3,2,dare,0.8505,0.9515640393664035,0.08254172652959824,0.435470312833786,0.29578933902657706,2.6388206481933594,2.0,0.8613696773613443,0.7250988933720559,1.0,0.2,0.9,1
vit_tiny_patch16_224,mix25,1,mix25_0+mix25_3,2,dare,0.84625,0.9470046545189645,0.08254172652959824,0.435470312833786,0.29578933902657706,2.6388206481933594,2.0,0.8613696773613443,0.7250988933720559,1.0,0.2,0.9,2
vit_tiny_patch16_224,mix25,1,mix25_0+mix25_4,2,averaging,0.8705,0.9713360039132757,0.07009242475032806,0.44496679306030273,0.2693700501108662,2.6303056478500366,2.0,0.8270193572829574,0.734462019370082,,,,
vit_tiny_patch16_224,mix25,1,mix25_0+mix25_4,2,task_arithmetic,0.81175,0.9053579328476656,0.07009242475032806,0.44496679306030273,0.2693700501108662,2.6303056478500366,2.0,0.8270193572829574,0.734462019370082,0.1,,,
vit_tiny_patch16_224,mix25,1,mix25_0+mix25_4,2,task_arithmetic,0.8327500000000001,0.9290508342366728,0.07009242475032806,0.44496679306030273,0.2693700501108662,2.6303056478500366,2.0,0.8270193572829574,0.734462019370082,0.2,,,
vit_tiny_patch16_224,mix25,1,mix25_0+mix25_4,2,task_arithmetic,0.85425,0.953112241987091,0.07009242475032806,0.44496679306030273,0.2693700501108662,2.6303056478500366,2.0,0.8270193572829574,0.734462019370082,0.3,,,
vit_tiny_patch16_224,mix25,1,mix25_0+mix25_4,2,task_arithmetic,0.8705,0.9713360039132757,0.07009242475032806,0.44496679306030273,0.2693700501108662,2.6303056478500366,2.0,0.8270193572829574,0.734462019370082,0.5,,,
vit_tiny_patch16_224,mix25,1,mix25_0+mix25_4,2,task_arithmetic,0.8605,0.9598390419084015,0.07009242475032806,0.44496679306030273,0.2693700501108662,2.6303056478500366,2.0,0.8270193572829574,0.734462019370082,1.0,,,
vit_tiny_patch16_224,mix25,1,mix25_0+mix25_4,2,ties,0.8465,0.9444241277513661,0.07009242475032806,0.44496679306030273,0.2693700501108662,2.6303056478500366,2.0,0.8270193572829574,0.734462019370082,0.5,0.2,,
vit_tiny_patch16_224,mix25,1,mix25_0+mix25_4,2,ties,0.8767499999999999,0.9784051219266585,0.07009242475032806,0.44496679306030273,0.2693700501108662,2.6303056478500366,2.0,0.8270193572829574,0.734462019370082,1.0,0.2,,
vit_tiny_patch16_224,mix25,1,mix25_0+mix25_4,2,dare,0.8460000000000001,0.9437703563132279,0.07009242475032806,0.44496679306030273,0.2693700501108662,2.6303056478500366,2.0,0.8270193572829574,0.734462019370082,1.0,0.2,0.9,0
vit_tiny_patch16_224,mix25,1,mix25_0+mix25_4,2,dare,0.84625,0.9439260829862608,0.07009242475032806,0.44496679306030273,0.2693700501108662,2.6303056478500366,2.0,0.8270193572829574,0.734462019370082,1.0,0.2,0.9,1
vit_tiny_patch16_224,mix25,1,mix25_0+mix25_4,2,dare,0.85025,0.9485857243379122,0.07009242475032806,0.44496679306030273,0.2693700501108662,2.6303056478500366,2.0,0.8270193572829574,0.734462019370082,1.0,0.2,0.9,2
vit_tiny_patch16_224,mix25,1,mix25_1+mix25_2,2,averaging,0.873,0.9810688191589286,0.07625743746757507,0.44041067361831665,0.27772840771495305,2.605311632156372,2.0,0.8371688257057942,0.7375594461567808,,,,
vit_tiny_patch16_224,mix25,1,mix25_1+mix25_2,2,task_arithmetic,0.80825,0.9075299239542642,0.07625743746757507,0.44041067361831665,0.27772840771495305,2.605311632156372,2.0,0.8371688257057942,0.7375594461567808,0.1,,,
vit_tiny_patch16_224,mix25,1,mix25_1+mix25_2,2,task_arithmetic,0.8385,0.9418131879090413,0.07625743746757507,0.44041067361831665,0.27772840771495305,2.605311632156372,2.0,0.8371688257057942,0.7375594461567808,0.2,,,
vit_tiny_patch16_224,mix25,1,mix25_1+mix25_2,2,task_arithmetic,0.85825,0.9642199447440876,0.07625743746757507,0.44041067361831665,0.27772840771495305,2.605311632156372,2.0,0.8371688257057942,0.7375594461567808,0.3,,,
vit_tiny_patch16_224,mix25,1,mix25_1+mix25_2,2,task_arithmetic,0.873,0.9810688191589286,0.07625743746757507,0.44041067361831665,0.27772840771495305,2.605311632156372,2.0,0.8371688257057942,0.7375594461567808,0.5,,,
vit_tiny_patch16_224,mix25,1,mix25_1+mix25_2,2,task_arithmetic,0.85975,0.9657613738568684,0.07625743746757507,0.44041067361831665,0.27772840771495305,2.605311632156372,2.0,0.8371688257057942,0.7375594461567808,1.0,,,
vit_tiny_patch16_224,mix25,1,mix25_1+mix25_2,2,ties,0.847,0.9514862966666953,0.07625743746757507,0.44041067361831665,0.27772840771495305,2.605311632156372,2.0,0.8371688257057942,0.7375594461567808,0.5,0.2,,
vit_tiny_patch16_224,mix25,1,mix25_1+mix25_2,2,ties,0.872,0.9799177334628779,0.07625743746757507,0.44041067361831665,0.27772840771495305,2.605311632156372,2.0,0.8371688257057942,0.7375594461567808,1.0,0.2,,
vit_tiny_patch16_224,mix25,1,mix25_1+mix25_2,2,dare,0.8494999999999999,0.9539565721579721,0.07625743746757507,0.44041067361831665,0.27772840771495305,2.605311632156372,2.0,0.8371688257057942,0.7375594461567808,1.0,0.2,0.9,0
vit_tiny_patch16_224,mix25,1,mix25_1+mix25_2,2,dare,0.841,0.9443575431728366,0.07625743746757507,0.44041067361831665,0.27772840771495305,2.605311632156372,2.0,0.8371688257057942,0.7375594461567808,1.0,0.2,0.9,1
vit_tiny_patch16_224,mix25,1,mix25_1+mix25_2,2,dare,0.84375,0.9477390948401538,0.07625743746757507,0.44041067361831665,0.27772840771495305,2.605311632156372,2.0,0.8371688257057942,0.7375594461567808,1.0,0.2,0.9,2
vit_tiny_patch16_224,mix25,1,mix25_1+mix25_3,2,averaging,0.9075,0.9810419491761898,0.08267037570476532,0.4353730380535126,0.2883499179459984,2.5800747871398926,2.0,0.8681338338490968,0.7216744808324418,,,,
vit_tiny_patch16_224,mix25,1,mix25_1+mix25_3,2,task_arithmetic,0.85425,0.9234745800597292,0.08267037570476532,0.4353730380535126,0.2883499179459984,2.5800747871398926,2.0,0.8681338338490968,0.7216744808324418,0.1,,,
vit_tiny_patch16_224,mix25,1,mix25_1+mix25_3,2,task_arithmetic,0.883,0.9545509928410955,0.08267037570476532,0.4353730380535126,0.2883499179459984,2.5800747871398926,2.0,0.8681338338490968,0.7216744808324418,0.2,,,
vit_tiny_patch16_224,mix25,1,mix25_1+mix25_3,2,task_arithmetic,0.8945000000000001,0.9669856485892714,0.08267037570476532,0.4353730380535126,0.2883499179459984,2.5800747871398926,2.0,0.8681338338490968,0.7216744808324418,0.3,,,
vit_tiny_patch16_224,mix25,1,mix25_1+mix25_3,2,task_arithmetic,0.9075,0.9810419491761898,0.08267037570476532,0.4353730380535126,0.2883499179459984,2.5800747871398926,2.0,0.8681338338490968,0.7216744808324418,0.5,,,
vit_tiny_patch16_224,mix25,1,mix25_1+mix25_3,2,task_arithmetic,0.878,0.949102558371179,0.08267037570476532,0.4353730380535126,0.2883499179459984,2.5800747871398926,2.0,0.8681338338490968,0.7216744808324418,1.0,,,
vit_tiny_patch16_224,mix25,1,mix25_1+mix25_3,2,ties,0.8925,0.9648377726956499,0.08267037570476532,0.4353730380535126,0.2883499179459984,2.5800747871398926,2.0,0.8681338338490968,0.7216744808324418,0.5,0.2,,
vit_tiny_patch16_224,mix25,1,mix25_1+mix25_3,2,ties,0.9119999999999999,0.9859252915527498,0.08267037570476532,0.4353730380535126,0.2883499179459984,2.5800747871398926,2.0,0.8681338338490968,0.7216744808324418,1.0,0.2,,
vit_tiny_patch16_224,mix25,1,mix25_1+mix25_3,2,dare,0.8647499999999999,0.9347524624896018,0.08267037570476532,0.4353730380535126,0.2883499179459984,2.5800747871398926,2.0,0.8681338338490968,0.7216744808324418,1.0,0.2,0.9,0
vit_tiny_patch16_224,mix25,1,mix25_1+mix25_3,2,dare,0.8734999999999999,0.9442417144905799,0.08267037570476532,0.4353730380535126,0.2883499179459984,2.5800747871398926,2.0,0.8681338338490968,0.7216744808324418,1.0,0.2,0.9,1
vit_tiny_patch16_224,mix25,1,mix25_1+mix25_3,2,dare,0.874,0.9448068065839366,0.08267037570476532,0.4353730380535126,0.2883499179459984,2.5800747871398926,2.0,0.8681338338490968,0.7216744808324418,1.0,0.2,0.9,2
vit_tiny_patch16_224,mix25,1,mix25_1+mix25_4,2,averaging,0.909,0.9800445856040984,0.08021213114261627,0.43729645013809204,0.27732182181908605,2.57155978679657,2.0,0.8243747390296817,0.7310376068304678,,,,
vit_tiny_patch16_224,mix25,1,mix25_1+mix25_4,2,task_arithmetic,0.8585,0.9255994078501701,0.08021213114261627,0.43729645013809204,0.27732182181908605,2.57155978679657,2.0,0.8243747390296817,0.7310376068304678,0.1,,,
vit_tiny_patch16_224,mix25,1,mix25_1+mix25_4,2,task_arithmetic,0.88375,0.9528217061157139,0.08021213114261627,0.43729645013809204,0.27732182181908605,2.57155978679657,2.0,0.8243747390296817,0.7310376068304678,0.2,,,
vit_tiny_patch16_224,mix25,1,mix25_1+mix25_4,2,task_arithmetic,0.89425,0.9641407303239358,0.08021213114261627,0.43729645013809204,0.27732182181908605,2.57155978679657,2.0,0.8243747390296817,0.7310376068304678,0.3,,,
vit_tiny_patch16_224,mix25,1,mix25_1+mix25_4,2,task_arithmetic,0.909,0.9800445856040984,0.08021213114261627,0.43729645013809204,0.27732182181908605,2.57155978679657,2.0,0.8243747390296817,0.7310376068304678,0.5,,,
vit_tiny_patch16_224,mix25,1,mix25_1+mix25_4,2,task_arithmetic,0.8895,0.9590179775130695,0.08021213114261627,0.43729645013809204,0.27732182181908605,2.57155978679657,2.0,0.8243747390296817,0.7310376068304678,1.0,,,
vit_tiny_patch16_224,mix25,1,mix25_1+mix25_4,2,ties,0.8915,0.9611743142514968,0.08021213114261627,0.43729645013809204,0.27732182181908605,2.57155978679657,2.0,0.8243747390296817,0.7310376068304678,0.5,0.2,,
vit_tiny_patch16_224,mix25,1,mix25_1+mix25_4,2,ties,0.909,0.9800469104954606,0.08021213114261627,0.43729645013809204,0.27732182181908605,2.57155978679657,2.0,0.8243747390296817,0.7310376068304678,1.0,0.2,,
vit_tiny_patch16_224,mix25,1,mix25_1+mix25_4,2,dare,0.87825,0.946883642965271,0.08021213114261627,0.43729645013809204,0.27732182181908605,2.57155978679657,2.0,0.8243747390296817,0.7310376068304678,1.0,0.2,0.9,0
vit_tiny_patch16_224,mix25,1,mix25_1+mix25_4,2,dare,0.88375,0.9528217061157139,0.08021213114261627,0.43729645013809204,0.27732182181908605,2.57155978679657,2.0,0.8243747390296817,0.7310376068304678,1.0,0.2,0.9,1
vit_tiny_patch16_224,mix25,1,mix25_1+mix25_4,2,dare,0.87675,0.9452687153028128,0.08021213114261627,0.43729645013809204,0.27732182181908605,2.57155978679657,2.0,0.8243747390296817,0.7310376068304678,1.0,0.2,0.9,2
vit_tiny_patch16_224,mix25,1,mix25_2+mix25_3,2,averaging,0.86425,0.975649796503477,0.06871761381626129,0.44610628485679626,0.2658473908436632,2.6137678623199463,2.0,0.8372355045501849,0.7365031088879648,,,,
vit_tiny_patch16_224,mix25,1,mix25_2+mix25_3,2,task_arithmetic,0.79575,0.8977360991890443,0.06871761381626129,0.44610628485679626,0.2658473908436632,2.6137678623199463,2.0,0.8372355045501849,0.7365031088879648,0.1,,,
vit_tiny_patch16_224,mix25,1,mix25_2+mix25_3,2,task_arithmetic,0.8227500000000001,0.9283950298298884,0.06871761381626129,0.44610628485679626,0.2658473908436632,2.6137678623199463,2.0,0.8372355045501849,0.7365031088879648,0.2,,,
vit_tiny_patch16_224,mix25,1,mix25_2+mix25_3,2,task_arithmetic,0.8440000000000001,0.9525876547037697,0.06871761381626129,0.44610628485679626,0.2658473908436632,2.6137678623199463,2.0,0.8372355045501849,0.7365031088879648,0.3,,,
vit_tiny_patch16_224,mix25,1,mix25_2+mix25_3,2,task_arithmetic,0.86425,0.975649796503477,0.06871761381626129,0.44610628485679626,0.2658473908436632,2.6137678623199463,2.0,0.8372355045501849,0.7365031088879648,0.5,,,
vit_tiny_patch16_224,mix25,1,mix25_2+mix25_3,2,task_arithmetic,0.85025,0.9599815690428821,0.06871761381626129,0.44610628485679626,0.2658473908436632,2.6137678623199463,2.0,0.8372355045501849,0.7365031088879648,1.0,,,
vit_tiny_patch16_224,mix25,1,mix25_2+mix25_3,2,ties,0.83575,0.9431366056735322,0.06871761381626129,0.44610628485679626,0.2658473908436632,2.6137678623199463,2.0,0.8372355045501849,0.7365031088879648,0.5,0.2,,
vit_tiny_patch16_224,mix25,1,mix25_2+mix25_3,2,ties,0.86225,0.9732302947772894,0.06871761381626129,0.44610628485679626,0.2658473908436632,2.6137678623199463,2.0,0.8372355045501849,0.7365031088879648,1.0,0.2,,
vit_tiny_patch16_224,mix25,1,mix25_2+mix25_3,2,dare,0.8355,0.9433182676686626,0.06871761381626129,0.44610628485679626,0.2658473908436632,2.6137678623199463,2.0,0.8372355045501849,0.7365031088879648,1.0,0.2,0.9,0
vit_tiny_patch16_224,mix25,1,mix25_2+mix25_3,2,dare,0.8355,0.9431144362114399,0.06871761381626129,0.44610628485679626,0.2658473908436632,2.6137678623199463,2.0,0.8372355045501849,0.7365031088879648,1.0,0.2,0.9,1
vit_tiny_patch16_224,mix25,1,mix25_2+mix25_3,2,dare,0.83075,0.9377786135186509,0.06871761381626129,0.44610628485679626,0.2658473908436632,2.6137678623199463,2.0,0.8372355045501849,0.7365031088879648,1.0,0.2,0.9,2
vit_tiny_patch16_224,mix25,1,mix25_2+mix25_4,2,averaging,0.87025,0.9793859553108819,0.07808757573366165,0.4389931857585907,0.27924661322947875,2.6052528619766235,2.0,0.851939630261375,0.7458662348859909,,,,
vit_tiny_patch16_224,mix25,1,mix25_2+mix25_4,2,task_arithmetic,0.804,0.90426348362428,0.07808757573366165,0.4389931857585907,0.27924661322947875,2.6052528619766235,2.0,0.851939630261375,0.7458662348859909,0.1,,,
vit_tiny_patch16_224,mix25,1,mix25_2+mix25_4,2,task_arithmetic,0.82975,0.9335270862224152,0.07808757573366165,0.4389931857585907,0.27924661322947875,2.6052528619766235,2.0,0.851939630261375,0.7458662348859909,0.2,,,
vit_tiny_patch16_224,mix25,1,mix25_2+mix25_4,2,task_arithmetic,0.8460000000000001,0.9519342452124128,0.07808757573366165,0.4389931857585907,0.27924661322947875,2.6052528619766235,2.0,0.851939630261375,0.7458662348859909,0.3,,,
vit_tiny_patch16_224,mix25,1,mix25_2+mix25_4,2,task_arithmetic,0.87025,0.9793859553108819,0.07808757573366165,0.4389931857585907,0.27924661322947875,2.6052528619766235,2.0,0.851939630261375,0.7458662348859909,0.5,,,
vit_tiny_patch16_224,mix25,1,mix25_2+mix25_4,2,task_arithmetic,0.85875,0.9665396343156132,0.07808757573366165,0.4389931857585907,0.27924661322947875,2.6052528619766235,2.0,0.851939630261375,0.7458662348859909,1.0,,,
vit_tiny_patch16_224,mix25,1,mix25_2+mix25_4,2,ties,0.839,0.9439931369535015,0.07808757573366165,0.4389931857585907,0.27924661322947875,2.6052528619766235,2.0,0.851939630261375,0.7458662348859909,0.5,0.2,,
vit_tiny_patch16_224,mix25,1,mix25_2+mix25_4,2,ties,0.8685,0.9777141346968055,0.07808757573366165,0.4389931857585907,0.27924661322947875,2.6052528619766235,2.0,0.851939630261375,0.7458662348859909,1.0,0.2,,
vit_tiny_patch16_224,mix25,1,mix25_2+mix25_4,2,dare,0.8460000000000001,0.9517895730044198,0.07808757573366165,0.4389931857585907,0.27924661322947875,2.6052528619766235,2.0,0.851939630261375,0.7458662348859909,1.0,0.2,0.9,0
vit_tiny_patch16_224,mix25,1,mix25_2+mix25_4,2,dare,0.837,0.9414969068383952,0.07808757573366165,0.4389931857585907,0.27924661322947875,2.6052528619766235,2.0,0.851939630261375,0.7458662348859909,1.0,0.2,0.9,1
vit_tiny_patch16_224,mix25,1,mix25_2+mix25_4,2,dare,0.84325,0.9484115086741458,0.07808757573366165,0.4389931857585907,0.27924661322947875,2.6052528619766235,2.0,0.851939630261375,0.7458662348859909,1.0,0.2,0.9,2
vit_tiny_patch16_224,mix25,1,mix25_3+mix25_4,2,averaging,0.89575,0.9694166664958557,0.0770653635263443,0.4395914673805237,0.2703785097722081,2.580016016960144,2.0,0.8342426437234384,0.7299812695616519,,,,
vit_tiny_patch16_224,mix25,1,mix25_3+mix25_4,2,task_arithmetic,0.84625,0.9158389893762341,0.0770653635263443,0.4395914673805237,0.2703785097722081,2.580016016960144,2.0,0.8342426437234384,0.7299812695616519,0.1,,,
vit_tiny_patch16_224,mix25,1,mix25_3+mix25_4,2,task_arithmetic,0.87175,0.9434556272343919,0.0770653635263443,0.4395914673805237,0.2703785097722081,2.580016016960144,2.0,0.8342426437234384,0.7299812695616519,0.2,,,
vit_tiny_patch16_224,mix25,1,mix25_3+mix25_4,2,task_arithmetic,0.882,0.9545348731317782,0.0770653635263443,0.4395914673805237,0.2703785097722081,2.580016016960144,2.0,0.8342426437234384,0.7299812695616519,0.3,,,
vit_tiny_patch16_224,mix25,1,mix25_3+mix25_4,2,task_arithmetic,0.89575,0.9694166664958557,0.0770653635263443,0.4395914673805237,0.2703785097722081,2.580016016960144,2.0,0.8342426437234384,0.7299812695616519,0.5,,,
vit_tiny_patch16_224,mix25,1,mix25_3+mix25_4,2,task_arithmetic,0.882,0.9545231603719856,0.0770653635263443,0.4395914673805237,0.2703785097722081,2.580016016960144,2.0,0.8342426437234384,0.7299812695616519,1.0,,,
vit_tiny_patch16_224,mix25,1,mix25_3+mix25_4,2,ties,0.88225,0.9548134904053465,0.0770653635263443,0.4395914673805237,0.2703785097722081,2.580016016960144,2.0,0.8342426437234384,0.7299812695616519,0.5,0.2,,
vit_tiny_patch16_224,mix25,1,mix25_3+mix25_4,2,ties,0.89775,0.9715928972653342,0.0770653635263443,0.4395914673805237,0.2703785097722081,2.580016016960144,2.0,0.8342426437234384,0.7299812695616519,1.0,0.2,,
vit_tiny_patch16_224,mix25,1,mix25_3+mix25_4,2,dare,0.875,0.9469297781983961,0.0770653635263443,0.4395914673805237,0.2703785097722081,2.580016016960144,2.0,0.8342426437234384,0.7299812695616519,1.0,0.2,0.9,0
vit_tiny_patch16_224,mix25,1,mix25_3+mix25_4,2,dare,0.879,0.9512719910725345,0.0770653635263443,0.4395914673805237,0.2703785097722081,2.580016016960144,2.0,0.8342426437234384,0.7299812695616519,1.0,0.2,0.9,1
vit_tiny_patch16_224,mix25,1,mix25_3+mix25_4,2,dare,0.87375,0.945587935154648,0.0770653635263443,0.4395914673805237,0.2703785097722081,2.580016016960144,2.0,0.8342426437234384,0.7299812695616519,1.0,0.2,0.9,2
vit_tiny_patch16_224,mix25,1,mix25_0+mix25_1+mix25_2,3,averaging,0.8491666666666667,0.962706117641083,0.07454552501440048,0.44164926807085675,0.2763312876990451,2.633244514465332,3.0,0.8441569743478027,0.7348995118313493,,,,
vit_tiny_patch16_224,mix25,1,mix25_0+mix25_1+mix25_2,3,task_arithmetic,0.8068333333333334,0.9144161399612564,0.07454552501440048,0.44164926807085675,0.2763312876990451,2.633244514465332,3.0,0.8441569743478027,0.7348995118313493,0.1,,,
vit_tiny_patch16_224,mix25,1,mix25_0+mix25_1+mix25_2,3,task_arithmetic,0.8358333333333334,0.9475691573738726,0.07454552501440048,0.44164926807085675,0.2763312876990451,2.633244514465332,3.0,0.8441569743478027,0.7348995118313493,0.2,,,
vit_tiny_patch16_224,mix25,1,mix25_0+mix25_1+mix25_2,3,task_arithmetic,0.8471666666666667,0.9604238046625747,0.07454552501440048,0.44164926807085675,0.2763312876990451,2.633244514465332,3.0,0.8441569743478027,0.7348995118313493,0.3,,,
vit_tiny_patch16_224,mix25,1,mix25_0+mix25_1+mix25_2,3,task_arithmetic,0.8516666666666666,0.9656155178856142,0.07454552501440048,0.44164926807085675,0.2763312876990451,2.633244514465332,3.0,0.8441569743478027,0.7348995118313493,0.5,,,
vit_tiny_patch16_224,mix25,1,mix25_0+mix25_1+mix25_2,3,task_arithmetic,0.7788333333333334,0.8820866404369362,0.07454552501440048,0.44164926807085675,0.2763312876990451,2.633244514465332,3.0,0.8441569743478027,0.7348995118313493,1.0,,,
vit_tiny_patch16_224,mix25,1,mix25_0+mix25_1+mix25_2,3,ties,0.8388333333333334,0.9509274382000301,0.07454552501440048,0.44164926807085675,0.2763312876990451,2.633244514465332,3.0,0.8441569743478027,0.7348995118313493,0.5,0.2,,
vit_tiny_patch16_224,mix25,1,mix25_0+mix25_1+mix25_2,3,ties,0.8555,0.9701166791092845,0.07454552501440048,0.44164926807085675,0.2763312876990451,2.633244514465332,3.0,0.8441569743478027,0.7348995118313493,1.0,0.2,,
vit_tiny_patch16_224,mix25,1,mix25_0+mix25_1+mix25_2,3,dare,0.7656666666666666,0.8672274351490635,0.07454552501440048,0.44164926807085675,0.2763312876990451,2.633244514465332,3.0,0.8441569743478027,0.7348995118313493,1.0,0.2,0.9,0
vit_tiny_patch16_224,mix25,1,mix25_0+mix25_1+mix25_2,3,dare,0.7581666666666668,0.8582481045462726,0.07454552501440048,0.44164926807085675,0.2763312876990451,2.633244514465332,3.0,0.8441569743478027,0.7348995118313493,1.0,0.2,0.9,1
vit_tiny_patch16_224,mix25,1,mix25_0+mix25_1+mix25_2,3,dare,0.7598333333333334,0.8600656130127319,0.07454552501440048,0.44164926807085675,0.2763312876990451,2.633244514465332,3.0,0.8441569743478027,0.7348995118313493,1.0,0.2,0.9,2
vit_tiny_patch16_224,mix25,1,mix25_0+mix25_1+mix25_3,3,averaging,0.8756666666666666,0.9671700889253665,0.08153151720762253,0.4362385968367259,0.2899001873022518,2.616419951121012,3.0,0.862703665062531,0.7243095349484565,,,,
vit_tiny_patch16_224,mix25,1,mix25_0+mix25_1+mix25_3,3,task_arithmetic,0.8396666666666667,0.9271079737255831,0.08153151720762253,0.4362385968367259,0.2899001873022518,2.616419951121012,3.0,0.862703665062531,0.7243095349484565,0.1,,,
vit_tiny_patch16_224,mix25,1,mix25_0+mix25_1+mix25_3,3,task_arithmetic,0.8635,0.9535985254533652,0.08153151720762253,0.4362385968367259,0.2899001873022518,2.616419951121012,3.0,0.862703665062531,0.7243095349484565,0.2,,,
vit_tiny_patch16_224,mix25,1,mix25_0+mix25_1+mix25_3,3,task_arithmetic,0.8744999999999999,0.9658517734791173,0.08153151720762253,0.4362385968367259,0.2899001873022518,2.616419951121012,3.0,0.862703665062531,0.7243095349484565,0.3,,,
vit_tiny_patch16_224,mix25,1,mix25_0+mix25_1+mix25_3,3,task_arithmetic,0.871,0.961951593449271,0.08153151720762253,0.4362385968367259,0.2899001873022518,2.616419951121012,3.0,0.862703665062531,0.7243095349484565,0.5,,,
vit_tiny_patch16_224,mix25,1,mix25_0+mix25_1+mix25_3,3,task_arithmetic,0.7838333333333334,0.8649046858494627,0.08153151720762253,0.4362385968367259,0.2899001873022518,2.616419951121012,3.0,0.862703665062531,0.7243095349484565,1.0,,,
vit_tiny_patch16_224,mix25,1,mix25_0+mix25_1+mix25_3,3,ties,0.8706666666666667,0.9615569147987953,0.08153151720762253,0.4362385968367259,0.2899001873022518,2.616419951121012,3.0,0.862703665062531,0.7243095349484565,0.5,0.2,,
vit_tiny_patch16_224,mix25,1,mix25_0+mix25_1+mix25_3,3,ties,0.879,0.9708562303366911,0.08153151720762253,0.4362385968367259,0.2899001873022518,2.616419951121012,3.0,0.862703665062531,0.7243095349484565,1.0,0.2,,
vit_tiny_patch16_224,mix25,1,mix25_0+mix25_1+mix25_3,3,dare,0.7693333333333333,0.8489330417656408,0.08153151720762253,0.4362385968367259,0.2899001873022518,2.616419951121012,3.0,0.862703665062531,0.7243095349484565,1.0,0.2,0.9,0
vit_tiny_patch16_224,mix25,1,mix25_0+mix25_1+mix25_3,3,dare,0.7731666666666667,0.8529002336788855,0.08153151720762253,0.4362385968367259,0.2899001873022518,2.616419951121012,3.0,0.862703665062531,0.7243095349484565,1.0,0.2,0.9,1
vit_tiny_patch16_224,mix25,1,mix25_0+mix25_1+mix25_3,3,dare,0.778,0.8584013940350124,0.08153151720762253,0.4362385968367259,0.2899001873022518,2.616419951121012,3.0,0.862703665062531,0.7243095349484565,1.0,0.2,0.9,2
vit_tiny_patch16_224,mix25,1,mix25_0+mix25_1+mix25_4,3,averaging,0.8718333333333333,0.9611727686889694,0.07656233509381612,0.44004522760709125,0.2774177256213774,2.610743284225464,3.0,0.8366671934299305,0.7305516189471405,,,,
vit_tiny_patch16_224,mix25,1,mix25_0+mix25_1+mix25_4,3,task_arithmetic,0.8370000000000001,0.9223860713753256,0.07656233509381612,0.44004522760709125,0.2774177256213774,2.610743284225464,3.0,0.8366671934299305,0.7305516189471405,0.1,,,
vit_tiny_patch16_224,mix25,1,mix25_0+mix25_1+mix25_4,3,task_arithmetic,0.8611666666666666,0.9492603960423794,0.07656233509381612,0.44004522760709125,0.2774177256213774,2.610743284225464,3.0,0.8366671934299305,0.7305516189471405,0.2,,,
vit_tiny_patch16_224,mix25,1,mix25_0+mix25_1+mix25_4,3,task_arithmetic,0.8711666666666668,0.9604147919869156,0.07656233509381612,0.44004522760709125,0.2774177256213774,2.610743284225464,3.0,0.8366671934299305,0.7305516189471405,0.3,,,
vit_tiny_patch16_224,mix25,1,mix25_0+mix25_1+mix25_4,3,task_arithmetic,0.8708333333333332,0.9599317179071152,0.07656233509381612,0.44004522760709125,0.2774177256213774,2.610743284225464,3.0,0.8366671934299305,0.7305516189471405,0.5,,,
vit_tiny_patch16_224,mix25,1,mix25_0+mix25_1+mix25_4,3,task_arithmetic,0.8005,0.8815725563360651,0.07656233509381612,0.44004522760709125,0.2774177256213774,2.610743284225464,3.0,0.8366671934299305,0.7305516189471405,1.0,,,
vit_tiny_patch16_224,mix25,1,mix25_0+mix25_1+mix25_4,3,ties,0.868,0.9568474820720837,0.07656233509381612,0.44004522760709125,0.2774177256213774,2.610743284225464,3.0,0.8366671934299305,0.7305516189471405,0.5,0.2,,
vit_tiny_patch16_224,mix25,1,mix25_0+mix25_1+mix25_4,3,ties,0.878,0.9680330471407345,0.07656233509381612,0.44004522760709125,0.2774177256213774,2.610743284225464,3.0,0.8366671934299305,0.7305516189471405,1.0,0.2,,
vit_tiny_patch16_224,mix25,1,mix25_0+mix25_1+mix25_4,3,dare,0.783,0.8622547497759275,0.07656233509381612,0.44004522760709125,0.2774177256213774,2.610743284225464,3.0,0.8366671934299305,0.7305516189471405,1.0,0.2,0.9,0
vit_tiny_patch16_224,mix25,1,mix25_0+mix25_1+mix25_4,3,dare,0.7886666666666667,0.868344050903714,0.07656233509381612,0.44004522760709125,0.2774177256213774,2.610743284225464,3.0,0.8366671934299305,0.7305516189471405,1.0,0.2,0.9,1
vit_tiny_patch16_224,mix25,1,mix25_0+mix25_1+mix25_4,3,dare,0.7926666666666667,0.8728158404289096,0.07656233509381612,0.44004522760709125,0.2774177256213774,2.610743284225464,3.0,0.8366671934299305,0.7305516189471405,1.0,0.2,0.9,2
vit_tiny_patch16_224,mix25,1,mix25_0+mix25_2+mix25_3,3,averaging,0.8418333333333333,0.9574294593646888,0.07308534284432729,0.4427470962206523,0.2757802934394142,2.6388820012410483,3.0,0.8450999317573302,0.734195286985472,,,,
vit_tiny_patch16_224,mix25,1,mix25_0+mix25_2+mix25_3,3,task_arithmetic,0.7988333333333334,0.90832072550388,0.07308534284432729,0.4427470962206523,0.2757802934394142,2.6388820012410483,3.0,0.8450999317573302,0.734195286985472,0.1,,,
vit_tiny_patch16_224,mix25,1,mix25_0+mix25_2+mix25_3,3,task_arithmetic,0.8248333333333333,0.9381285546019525,0.07308534284432729,0.4427470962206523,0.2757802934394142,2.6388820012410483,3.0,0.8450999317573302,0.734195286985472,0.2,,,
vit_tiny_patch16_224,mix25,1,mix25_0+mix25_2+mix25_3,3,task_arithmetic,0.8401666666666667,0.9555589058754222,0.07308534284432729,0.4427470962206523,0.2757802934394142,2.6388820012410483,3.0,0.8450999317573302,0.734195286985472,0.3,,,
vit_tiny_patch16_224,mix25,1,mix25_0+mix25_2+mix25_3,3,task_arithmetic,0.844,0.9599415043527327,0.07308534284432729,0.4427470962206523,0.2757802934394142,2.6388820012410483,3.0,0.8450999317573302,0.734195286985472,0.5,,,
vit_tiny_patch16_224,mix25,1,mix25_0+mix25_2+mix25_3,3,task_arithmetic,0.7746666666666666,0.8809833108021429,0.07308534284432729,0.4427470962206523,0.2757802934394142,2.6388820012410483,3.0,0.8450999317573302,0.734195286985472,1.0,,,
vit_tiny_patch16_224,mix25,1,mix25_0+mix25_2+mix25_3,3,ties,0.8308333333333332,0.9448891930123099,0.07308534284432729,0.4427470962206523,0.2757802934394142,2.6388820012410483,3.0,0.8450999317573302,0.734195286985472,0.5,0.2,,
vit_tiny_patch16_224,mix25,1,mix25_0+mix25_2+mix25_3,3,ties,0.8471666666666667,0.9635617723802644,0.07308534284432729,0.4427470962206523,0.2757802934394142,2.6388820012410483,3.0,0.8450999317573302,0.734195286985472,1.0,0.2,,
vit_tiny_patch16_224,mix25,1,mix25_0+mix25_2+mix25_3,3,dare,0.7561666666666667,0.8596926271365376,0.07308534284432729,0.4427470962206523,0.2757802934394142,2.6388820012410483,3.0,0.8450999317573302,0.734195286985472,1.0,0.2,0.9,0
vit_tiny_patch16_224,mix25,1,mix25_0+mix25_2+mix25_3,3,dare,0.7561666666666667,0.8595401272131572,0.07308534284432729,0.4427470962206523,0.2757802934394142,2.6388820012410483,3.0,0.8450999317573302,0.734195286985472,1.0,0.2,0.9,1
vit_tiny_patch16_224,mix25,1,mix25_0+mix25_2+mix25_3,3,dare,0.7605,0.86443323945179,0.07308534284432729,0.4427470962206523,0.2757802934394142,2.6388820012410483,3.0,0.8450999317573302,0.734195286985472,1.0,0.2,0.9,2
vit_tiny_patch16_224,mix25,1,mix25_0+mix25_2+mix25_4,3,averaging,0.8381666666666666,0.9514809913431052,0.07205889622370402,0.443541556596756,0.27144027126278236,2.6332053343454995,3.0,0.8385512003015979,0.740437370984156,,,,
vit_tiny_patch16_224,mix25,1,mix25_0+mix25_2+mix25_4,3,task_arithmetic,0.8001666666666667,0.9079429367493749,0.07205889622370402,0.443541556596756,0.27144027126278236,2.6332053343454995,3.0,0.8385512003015979,0.740437370984156,0.1,,,
vit_tiny_patch16_224,mix25,1,mix25_0+mix25_2+mix25_4,3,task_arithmetic,0.8238333333333333,0.9350617294544398,0.07205889622370402,0.443541556596756,0.27144027126278236,2.6332053343454995,3.0,0.8385512003015979,0.740437370984156,0.2,,,
vit_tiny_patch16_224,mix25,1,mix25_0+mix25_2+mix25_4,3,task_arithmetic,0.835,0.947850066537832,0.07205889622370402,0.443541556596756,0.27144027126278236,2.6332053343454995,3.0,0.8385512003015979,0.740437370984156,0.3,,,
vit_tiny_patch16_224,mix25,1,mix25_0+mix25_2+mix25_4,3,task_arithmetic,0.8443333333333333,0.9584345848037056,0.07205889622370402,0.443541556596756,0.27144027126278236,2.6332053343454995,3.0,0.8385512003015979,0.740437370984156,0.5,,,
vit_tiny_patch16_224,mix25,1,mix25_0+mix25_2+mix25_4,3,task_arithmetic,0.7761666666666667,0.880288235030721,0.07205889622370402,0.443541556596756,0.27144027126278236,2.6332053343454995,3.0,0.8385512003015979,0.740437370984156,1.0,,,
vit_tiny_patch16_224,mix25,1,mix25_0+mix25_2+mix25_4,3,ties,0.8306666666666667,0.9428557753061725,0.07205889622370402,0.443541556596756,0.27144027126278236,2.6332053343454995,3.0,0.8385512003015979,0.740437370984156,0.5,0.2,,
vit_tiny_patch16_224,mix25,1,mix25_0+mix25_2+mix25_4,3,ties,0.8486666666666666,0.9635099261666665,0.07205889622370402,0.443541556596756,0.27144027126278236,2.6332053343454995,3.0,0.8385512003015979,0.740437370984156,1.0,0.2,,
vit_tiny_patch16_224,mix25,1,mix25_0+mix25_2+mix25_4,3,dare,0.7598333333333334,0.8616541586018361,0.07205889622370402,0.443541556596756,0.27144027126278236,2.6332053343454995,3.0,0.8385512003015979,0.740437370984156,1.0,0.2,0.9,0
vit_tiny_patch16_224,mix25,1,mix25_0+mix25_2+mix25_4,3,dare,0.7616666666666667,0.86372326409971,0.07205889622370402,0.443541556596756,0.27144027126278236,2.6332053343454995,3.0,0.8385512003015979,0.740437370984156,1.0,0.2,0.9,1
vit_tiny_patch16_224,mix25,1,mix25_0+mix25_2+mix25_4,3,dare,0.759,0.8608468616329947,0.07205889622370402,0.443541556596756,0.27144027126278236,2.6332053343454995,3.0,0.8385512003015979,0.740437370984156,1.0,0.2,0.9,2
vit_tiny_patch16_224,mix25,1,mix25_0+mix25_3+mix25_4,3,averaging,0.8648333333333333,0.9561117422132955,0.07656650493542354,0.4400095244248708,0.27851263296988377,2.61638077100118,3.0,0.8408772261225801,0.7298473941012632,,,,
vit_tiny_patch16_224,mix25,1,mix25_0+mix25_3+mix25_4,3,task_arithmetic,0.8298333333333333,0.9170731130348967,0.07656650493542354,0.4400095244248708,0.27851263296988377,2.61638077100118,3.0,0.8408772261225801,0.7298473941012632,0.1,,,
vit_tiny_patch16_224,mix25,1,mix25_0+mix25_3+mix25_4,3,task_arithmetic,0.8530000000000001,0.9429641566588892,0.07656650493542354,0.4400095244248708,0.27851263296988377,2.61638077100118,3.0,0.8408772261225801,0.7298473941012632,0.2,,,
vit_tiny_patch16_224,mix25,1,mix25_0+mix25_3+mix25_4,3,task_arithmetic,0.8628333333333332,0.9538848080276531,0.07656650493542354,0.4400095244248708,0.27851263296988377,2.61638077100118,3.0,0.8408772261225801,0.7298473941012632,0.3,,,
vit_tiny_patch16_224,mix25,1,mix25_0+mix25_3+mix25_4,3,task_arithmetic,0.8685,0.9600302875029508,0.07656650493542354,0.4400095244248708,0.27851263296988377,2.61638077100118,3.0,0.8408772261225801,0.7298473941012632,0.5,,,
vit_tiny_patch16_224,mix25,1,mix25_0+mix25_3+mix25_4,3,task_arithmetic,0.805,0.8891373931430883,0.07656650493542354,0.4400095244248708,0.27851263296988377,2.61638077100118,3.0,0.8408772261225801,0.7298473941012632,1.0,,,
vit_tiny_patch16_224,mix25,1,mix25_0+mix25_3+mix25_4,3,ties,0.8603333333333333,0.9512098753842388,0.07656650493542354,0.4400095244248708,0.27851263296988377,2.61638077100118,3.0,0.8408772261225801,0.7298473941012632,0.5,0.2,,
vit_tiny_patch16_224,mix25,1,mix25_0+mix25_3+mix25_4,3,ties,0.872,0.9641161323568554,0.07656650493542354,0.4400095244248708,0.27851263296988377,2.61638077100118,3.0,0.8408772261225801,0.7298473941012632,1.0,0.2,,
vit_tiny_patch16_224,mix25,1,mix25_0+mix25_3+mix25_4,3,dare,0.7879999999999999,0.8704064326018467,0.07656650493542354,0.4400095244248708,0.27851263296988377,2.61638077100118,3.0,0.8408772261225801,0.7298473941012632,1.0,0.2,0.9,0
vit_tiny_patch16_224,mix25,1,mix25_0+mix25_3+mix25_4,3,dare,0.8013333333333333,0.885453892358027,0.07656650493542354,0.4400095244248708,0.27851263296988377,2.61638077100118,3.0,0.8408772261225801,0.7298473941012632,1.0,0.2,0.9,1
vit_tiny_patch16_224,mix25,1,mix25_0+mix25_3+mix25_4,3,dare,0.7995000000000001,0.8832878499190082,0.07656650493542354,0.4400095244248708,0.27851263296988377,2.61638077100118,3.0,0.8408772261225801,0.7298473941012632,1.0,0.2,0.9,2
vit_tiny_patch16_224,mix25,1,mix25_1+mix25_2+mix25_3,3,averaging,0.8675,0.9633793776114586,0.07588180899620056,0.4406299988428752,0.27730857216820487,2.5997180938720703,3.0,0.8475127213683585,0.7319123452923958,,,,
vit_tiny_patch16_224,mix25,1,mix25_1+mix25_2+mix25_3,3,task_arithmetic,0.8305000000000001,0.9218886296842351,0.07588180899620056,0.4406299988428752,0.27730857216820487,2.5997180938720703,3.0,0.8475127213683585,0.7319123452923958,0.1,,,
vit_tiny_patch16_224,mix25,1,mix25_1+mix25_2+mix25_3,3,task_arithmetic,0.8571666666666666,0.9518457790942109,0.07588180899620056,0.4406299988428752,0.27730857216820487,2.5997180938720703,3.0,0.8475127213683585,0.7319123452923958,0.2,,,
vit_tiny_patch16_224,mix25,1,mix25_1+mix25_2+mix25_3,3,task_arithmetic,0.8666666666666667,0.9625120699281035,0.07588180899620056,0.4406299988428752,0.27730857216820487,2.5997180938720703,3.0,0.8475127213683585,0.7319123452923958,0.3,,,
vit_tiny_patch16_224,mix25,1,mix25_1+mix25_2+mix25_3,3,task_arithmetic,0.8681666666666666,0.9643252245026042,0.07588180899620056,0.4406299988428752,0.27730857216820487,2.5997180938720703,3.0,0.8475127213683585,0.7319123452923958,0.5,,,
vit_tiny_patch16_224,mix25,1,mix25_1+mix25_2+mix25_3,3,task_arithmetic,0.7813333333333334,0.8672046145909825,0.07588180899620056,0.4406299988428752,0.27730857216820487,2.5997180938720703,3.0,0.8475127213683585,0.7319123452923958,1.0,,,
vit_tiny_patch16_224,mix25,1,mix25_1+mix25_2+mix25_3,3,ties,0.8603333333333333,0.9552602888585396,0.07588180899620056,0.4406299988428752,0.27730857216820487,2.5997180938720703,3.0,0.8475127213683585,0.7319123452923958,0.5,0.2,,
vit_tiny_patch16_224,mix25,1,mix25_1+mix25_2+mix25_3,3,ties,0.8676666666666666,0.9636919395172893,0.07588180899620056,0.4406299988428752,0.27730857216820487,2.5997180938720703,3.0,0.8475127213683585,0.7319123452923958,1.0,0.2,,
vit_tiny_patch16_224,mix25,1,mix25_1+mix25_2+mix25_3,3,dare,0.7663333333333333,0.8507221439955579,0.07588180899620056,0.4406299988428752,0.27730857216820487,2.5997180938720703,3.0,0.8475127213683585,0.7319123452923958,1.0,0.2,0.9,0
vit_tiny_patch16_224,mix25,1,mix25_1+mix25_2+mix25_3,3,dare,0.7638333333333334,0.8473502906251379,0.07588180899620056,0.4406299988428752,0.27730857216820487,2.5997180938720703,3.0,0.8475127213683585,0.7319123452923958,1.0,0.2,0.9,1
vit_tiny_patch16_224,mix25,1,mix25_1+mix25_2+mix25_3,3,dare,0.7753333333333333,0.8603363793097051,0.07588180899620056,0.4406299988428752,0.27730857216820487,2.5997180938720703,3.0,0.8475127213683585,0.7319123452923958,1.0,0.2,0.9,2
vit_tiny_patch16_224,mix25,1,mix25_1+mix25_2+mix25_4,3,averaging,0.8673333333333333,0.9615259228049541,0.07818571478128433,0.43890010317166644,0.27809894758783926,2.594041426976522,3.0,0.837827731665617,0.7381544292910798,,,,
vit_tiny_patch16_224,mix25,1,mix25_1+mix25_2+mix25_4,3,task_arithmetic,0.8338333333333333,0.923896255788447,0.07818571478128433,0.43890010317166644,0.27809894758783926,2.594041426976522,3.0,0.837827731665617,0.7381544292910798,0.1,,,
vit_tiny_patch16_224,mix25,1,mix25_1+mix25_2+mix25_4,3,task_arithmetic,0.8543333333333333,0.9469248454629052,0.07818571478128433,0.43890010317166644,0.27809894758783926,2.594041426976522,3.0,0.837827731665617,0.7381544292910798,0.2,,,
vit_tiny_patch16_224,mix25,1,mix25_1+mix25_2+mix25_4,3,task_arithmetic,0.8668333333333335,0.960937645846282,0.07818571478128433,0.43890010317166644,0.27809894758783926,2.594041426976522,3.0,0.837827731665617,0.7381544292910798,0.3,,,
vit_tiny_patch16_224,mix25,1,mix25_1+mix25_2+mix25_4,3,task_arithmetic,0.8676666666666666,0.9620177845985115,0.07818571478128433,0.43890010317166644,0.27809894758783926,2.594041426976522,3.0,0.837827731665617,0.7381544292910798,0.5,,,
vit_tiny_patch16_224,mix25,1,mix25_1+mix25_2+mix25_4,3,task_arithmetic,0.8028333333333334,0.8895377924127433,0.07818571478128433,0.43890010317166644,0.27809894758783926,2.594041426976522,3.0,0.837827731665617,0.7381544292910798,1.0,,,
vit_tiny_patch16_224,mix25,1,mix25_1+mix25_2+mix25_4,3,ties,0.8596666666666666,0.9529506713829493,0.07818571478128433,0.43890010317166644,0.27809894758783926,2.594041426976522,3.0,0.837827731665617,0.7381544292910798,0.5,0.2,,
vit_tiny_patch16_224,mix25,1,mix25_1+mix25_2+mix25_4,3,ties,0.8694999999999999,0.9640440068646955,0.07818571478128433,0.43890010317166644,0.27809894758783926,2.594041426976522,3.0,0.837827731665617,0.7381544292910798,1.0,0.2,,
vit_tiny_patch16_224,mix25,1,mix25_1+mix25_2+mix25_4,3,dare,0.778,0.8618584396915563,0.07818571478128433,0.43890010317166644,0.27809894758783926,2.594041426976522,3.0,0.837827731665617,0.7381544292910798,1.0,0.2,0.9,0
vit_tiny_patch16_224,mix25,1,mix25_1+mix25_2+mix25_4,3,dare,0.7826666666666666,0.8667076457471614,0.07818571478128433,0.43890010317166644,0.27809894758783926,2.594041426976522,3.0,0.837827731665617,0.7381544292910798,1.0,0.2,0.9,1
vit_tiny_patch16_224,mix25,1,mix25_1+mix25_2+mix25_4,3,dare,0.781,0.8652399418985525,0.07818571478128433,0.43890010317166644,0.27809894758783926,2.594041426976522,3.0,0.837827731665617,0.7381544292910798,1.0,0.2,0.9,2
vit_tiny_patch16_224,mix25,1,mix25_1+mix25_3+mix25_4,3,averaging,0.8930000000000001,0.96485079507276,0.07998262345790863,0.4374203185240428,0.27868341651243084,2.577216863632202,3.0,0.8422504055340724,0.7275644524081871,,,,
vit_tiny_patch16_224,mix25,1,mix25_1+mix25_3+mix25_4,3,task_arithmetic,0.8623333333333333,0.9317265080265997,0.07998262345790863,0.4374203185240428,0.27868341651243084,2.577216863632202,3.0,0.8422504055340724,0.7275644524081871,0.1,,,
vit_tiny_patch16_224,mix25,1,mix25_1+mix25_3+mix25_4,3,task_arithmetic,0.8813333333333334,0.9522518973028192,0.07998262345790863,0.4374203185240428,0.27868341651243084,2.577216863632202,3.0,0.8422504055340724,0.7275644524081871,0.2,,,
vit_tiny_patch16_224,mix25,1,mix25_1+mix25_3+mix25_4,3,task_arithmetic,0.8926666666666666,0.9644956973515134,0.07998262345790863,0.4374203185240428,0.27868341651243084,2.577216863632202,3.0,0.8422504055340724,0.7275644524081871,0.3,,,
vit_tiny_patch16_224,mix25,1,mix25_1+mix25_3+mix25_4,3,task_arithmetic,0.887,0.9583695129505901,0.07998262345790863,0.4374203185240428,0.27868341651243084,2.577216863632202,3.0,0.8422504055340724,0.7275644524081871,0.5,,,
vit_tiny_patch16_224,mix25,1,mix25_1+mix25_3+mix25_4,3,task_arithmetic,0.7931666666666667,0.8568619587126817,0.07998262345790863,0.4374203185240428,0.27868341651243084,2.577216863632202,3.0,0.8422504055340724,0.7275644524081871,1.0,,,
vit_tiny_patch16_224,mix25,1,mix25_1+mix25_3+mix25_4,3,ties,0.886,0.9572915309637415,0.07998262345790863,0.4374203185240428,0.27868341651243084,2.577216863632202,3.0,0.8422504055340724,0.7275644524081871,0.5,0.2,,
vit_tiny_patch16_224,mix25,1,mix25_1+mix25_3+mix25_4,3,ties,0.8923333333333333,0.9641452641301548,0.07998262345790863,0.4374203185240428,0.27868341651243084,2.577216863632202,3.0,0.8422504055340724,0.7275644524081871,1.0,0.2,,
vit_tiny_patch16_224,mix25,1,mix25_1+mix25_3+mix25_4,3,dare,0.7691666666666667,0.8309009611323278,0.07998262345790863,0.4374203185240428,0.27868341651243084,2.577216863632202,3.0,0.8422504055340724,0.7275644524081871,1.0,0.2,0.9,0
vit_tiny_patch16_224,mix25,1,mix25_1+mix25_3+mix25_4,3,dare,0.7978333333333333,0.8619355534901372,0.07998262345790863,0.4374203185240428,0.27868341651243084,2.577216863632202,3.0,0.8422504055340724,0.7275644524081871,1.0,0.2,0.9,1
vit_tiny_patch16_224,mix25,1,mix25_1+mix25_3+mix25_4,3,dare,0.7875,0.8507425773206436,0.07998262345790863,0.4374203185240428,0.27868341651243084,2.577216863632202,3.0,0.8422504055340724,0.7275644524081871,1.0,0.2,0.9,2
vit_tiny_patch16_224,mix25,1,mix25_2+mix25_3+mix25_4,3,averaging,0.8593333333333333,0.9555073459578982,0.07462351769208908,0.4415636459986369,0.2718241712817833,2.599678913752238,3.0,0.8411392595116661,0.7374502044452025,,,,
vit_tiny_patch16_224,mix25,1,mix25_2+mix25_3+mix25_4,3,task_arithmetic,0.8261666666666666,0.9180854178332737,0.07462351769208908,0.4415636459986369,0.2718241712817833,2.599678913752238,3.0,0.8411392595116661,0.7374502044452025,0.1,,,
vit_tiny_patch16_224,mix25,1,mix25_2+mix25_3+mix25_4,3,task_arithmetic,0.8443333333333333,0.9386870242566299,0.07462351769208908,0.4415636459986369,0.2718241712817833,2.599678913752238,3.0,0.8411392595116661,0.7374502044452025,0.2,,,
vit_tiny_patch16_224,mix25,1,mix25_2+mix25_3+mix25_4,3,task_arithmetic,0.8581666666666666,0.954179923661482,0.07462351769208908,0.4415636459986369,0.2718241712817833,2.599678913752238,3.0,0.8411392595116661,0.7374502044452025,0.3,,,
vit_tiny_patch16_224,mix25,1,mix25_2+mix25_3+mix25_4,3,task_arithmetic,0.86,0.9563827664156843,0.07462351769208908,0.4415636459986369,0.2718241712817833,2.599678913752238,3.0,0.8411392595116661,0.7374502044452025,0.5,,,
vit_tiny_patch16_224,mix25,1,mix25_2+mix25_3+mix25_4,3,task_arithmetic,0.7848333333333333,0.8721463831899485,0.07462351769208908,0.4415636459986369,0.2718241712817833,2.599678913752238,3.0,0.8411392595116661,0.7374502044452025,1.0,,,
vit_tiny_patch16_224,mix25,1,mix25_2+mix25_3+mix25_4,3,ties,0.8503333333333334,0.9453978154360368,0.07462351769208908,0.4415636459986369,0.2718241712817833,2.599678913752238,3.0,0.8411392595116661,0.7374502044452025,0.5,0.2,,
vit_tiny_patch16_224,mix25,1,mix25_2+mix25_3+mix25_4,3,ties,0.8628333333333332,0.9594715860307375,0.07462351769208908,0.4415636459986369,0.2718241712817833,2.599678913752238,3.0,0.8411392595116661,0.7374502044452025,1.0,0.2,,
vit_tiny_patch16_224,mix25,1,mix25_2+mix25_3+mix25_4,3,dare,0.7713333333333333,0.8574038728847468,0.07462351769208908,0.4415636459986369,0.2718241712817833,2.599678913752238,3.0,0.8411392595116661,0.7374502044452025,1.0,0.2,0.9,0
vit_tiny_patch16_224,mix25,1,mix25_2+mix25_3+mix25_4,3,dare,0.7726666666666667,0.8581114748344781,0.07462351769208908,0.4415636459986369,0.2718241712817833,2.599678913752238,3.0,0.8411392595116661,0.7374502044452025,1.0,0.2,0.9,1
vit_tiny_patch16_224,mix25,1,mix25_2+mix25_3+mix25_4,3,dare,0.7781666666666668,0.8650584869358422,0.07462351769208908,0.4415636459986369,0.2718241712817833,2.599678913752238,3.0,0.8411392595116661,0.7374502044452025,1.0,0.2,0.9,2
vit_tiny_patch16_224,mix25,1,mix25_0+mix25_1+mix25_2+mix25_3+mix25_4,5,averaging,0.8525,0.9485727630339646,0.07630237862467766,0.44027453362941743,0.2775297505845013,2.611953115463257,5.0,0.8436786309101487,0.7329322149234703,,,,
vit_tiny_patch16_224,mix25,1,mix25_0+mix25_1+mix25_2+mix25_3+mix25_4,5,task_arithmetic,0.8361000000000001,0.9301480471014472,0.07630237862467766,0.44027453362941743,0.2775297505845013,2.611953115463257,5.0,0.8436786309101487,0.7329322149234703,0.1,,,
vit_tiny_patch16_224,mix25,1,mix25_0+mix25_1+mix25_2+mix25_3+mix25_4,5,task_arithmetic,0.8525,0.9485727630339646,0.07630237862467766,0.44027453362941743,0.2775297505845013,2.611953115463257,5.0,0.8436786309101487,0.7329322149234703,0.2,,,
vit_tiny_patch16_224,mix25,1,mix25_0+mix25_1+mix25_2+mix25_3+mix25_4,5,task_arithmetic,0.8472,0.942754534620407,0.07630237862467766,0.44027453362941743,0.2775297505845013,2.611953115463257,5.0,0.8436786309101487,0.7329322149234703,0.3,,,
vit_tiny_patch16_224,mix25,1,mix25_0+mix25_1+mix25_2+mix25_3+mix25_4,5,task_arithmetic,0.8119,0.9032510894721201,0.07630237862467766,0.44027453362941743,0.2775297505845013,2.611953115463257,5.0,0.8436786309101487,0.7329322149234703,0.5,,,
vit_tiny_patch16_224,mix25,1,mix25_0+mix25_1+mix25_2+mix25_3+mix25_4,5,task_arithmetic,0.5564,0.6174655818445601,0.07630237862467766,0.44027453362941743,0.2775297505845013,2.611953115463257,5.0,0.8436786309101487,0.7329322149234703,1.0,,,
vit_tiny_patch16_224,mix25,1,mix25_0+mix25_1+mix25_2+mix25_3+mix25_4,5,ties,0.8522000000000001,0.9482463643819734,0.07630237862467766,0.44027453362941743,0.2775297505845013,2.611953115463257,5.0,0.8436786309101487,0.7329322149234703,0.5,0.2,,
vit_tiny_patch16_224,mix25,1,mix25_0+mix25_1+mix25_2+mix25_3+mix25_4,5,ties,0.8457000000000001,0.9411343602051898,0.07630237862467766,0.44027453362941743,0.2775297505845013,2.611953115463257,5.0,0.8436786309101487,0.7329322149234703,1.0,0.2,,
vit_tiny_patch16_224,mix25,1,mix25_0+mix25_1+mix25_2+mix25_3+mix25_4,5,dare,0.5906,0.6557287939389245,0.07630237862467766,0.44027453362941743,0.2775297505845013,2.611953115463257,5.0,0.8436786309101487,0.7329322149234703,1.0,0.2,0.9,0
vit_tiny_patch16_224,mix25,1,mix25_0+mix25_1+mix25_2+mix25_3+mix25_4,5,dare,0.5859,0.6500696202474753,0.07630237862467766,0.44027453362941743,0.2775297505845013,2.611953115463257,5.0,0.8436786309101487,0.7329322149234703,1.0,0.2,0.9,1
vit_tiny_patch16_224,mix25,1,mix25_0+mix25_1+mix25_2+mix25_3+mix25_4,5,dare,0.6064999999999999,0.673089299681281,0.07630237862467766,0.44027453362941743,0.2775297505845013,2.611953115463257,5.0,0.8436786309101487,0.7329322149234703,1.0,0.2,0.9,2
vit_tiny_patch16_224,mix50,0,mix50_0+mix50_1,2,averaging,0.8835,0.9811276196395583,0.07972770929336548,0.4376726746559143,0.27698410308207866,2.5840208530426025,2.0,0.8438359916043361,0.7390547608481248,,,,
vit_tiny_patch16_224,mix50,0,mix50_0+mix50_1,2,task_arithmetic,0.8320000000000001,0.9239490611596584,0.07972770929336548,0.4376726746559143,0.27698410308207866,2.5840208530426025,2.0,0.8438359916043361,0.7390547608481248,0.1,,,
vit_tiny_patch16_224,mix50,0,mix50_0+mix50_1,2,task_arithmetic,0.8555,0.9500412507676712,0.07972770929336548,0.4376726746559143,0.27698410308207866,2.5840208530426025,2.0,0.8438359916043361,0.7390547608481248,0.2,,,
vit_tiny_patch16_224,mix50,0,mix50_0+mix50_1,2,task_arithmetic,0.87075,0.9669771881404967,0.07972770929336548,0.4376726746559143,0.27698410308207866,2.5840208530426025,2.0,0.8438359916043361,0.7390547608481248,0.3,,,
vit_tiny_patch16_224,mix50,0,mix50_0+mix50_1,2,task_arithmetic,0.8835,0.9811276196395583,0.07972770929336548,0.4376726746559143,0.27698410308207866,2.5840208530426025,2.0,0.8438359916043361,0.7390547608481248,0.5,,,
vit_tiny_patch16_224,mix50,0,mix50_0+mix50_1,2,task_arithmetic,0.8634999999999999,0.9589807669066487,0.07972770929336548,0.4376726746559143,0.27698410308207866,2.5840208530426025,2.0,0.8438359916043361,0.7390547608481248,1.0,,,
vit_tiny_patch16_224,mix50,0,mix50_0+mix50_1,2,ties,0.8652500000000001,0.9608755891645517,0.07972770929336548,0.4376726746559143,0.27698410308207866,2.5840208530426025,2.0,0.8438359916043361,0.7390547608481248,0.5,0.2,,
vit_tiny_patch16_224,mix50,0,mix50_0+mix50_1,2,ties,0.88625,0.9841868974243242,0.07972770929336548,0.4376726746559143,0.27698410308207866,2.5840208530426025,2.0,0.8438359916043361,0.7390547608481248,1.0,0.2,,
vit_tiny_patch16_224,mix50,0,mix50_0+mix50_1,2,dare,0.85675,0.9515041423416624,0.07972770929336548,0.4376726746559143,0.27698410308207866,2.5840208530426025,2.0,0.8438359916043361,0.7390547608481248,1.0,0.2,0.9,0
vit_tiny_patch16_224,mix50,0,mix50_0+mix50_1,2,dare,0.857,0.9517671236931091,0.07972770929336548,0.4376726746559143,0.27698410308207866,2.5840208530426025,2.0,0.8438359916043361,0.7390547608481248,1.0,0.2,0.9,1
vit_tiny_patch16_224,mix50,0,mix50_0+mix50_1,2,dare,0.84575,0.9392824462876775,0.07972770929336548,0.4376726746559143,0.27698410308207866,2.5840208530426025,2.0,0.8438359916043361,0.7390547608481248,1.0,0.2,0.9,2
vit_tiny_patch16_224,mix50,0,mix50_0+mix50_2,2,averaging,0.895,0.9859553391283241,0.09056592732667923,0.42939096689224243,0.29303179747535474,2.605146288871765,2.0,0.8587181382534995,0.7312202171745792,,,,
vit_tiny_patch16_224,mix50,0,mix50_0+mix50_2,2,task_arithmetic,0.831,0.9154321212397033,0.09056592732667923,0.42939096689224243,0.29303179747535474,2.605146288871765,2.0,0.8587181382534995,0.7312202171745792,0.1,,,
vit_tiny_patch16_224,mix50,0,mix50_0+mix50_2,2,task_arithmetic,0.8632500000000001,0.9509504088350855,0.09056592732667923,0.42939096689224243,0.29303179747535474,2.605146288871765,2.0,0.8587181382534995,0.7312202171745792,0.2,,,
vit_tiny_patch16_224,mix50,0,mix50_0+mix50_2,2,task_arithmetic,0.8805000000000001,0.9699409881824663,0.09056592732667923,0.42939096689224243,0.29303179747535474,2.605146288871765,2.0,0.8587181382534995,0.7312202171745792,0.3,,,
vit_tiny_patch16_224,mix50,0,mix50_0+mix50_2,2,task_arithmetic,0.895,0.9859553391283241,0.09056592732667923,0.42939096689224243,0.29303179747535474,2.605146288871765,2.0,0.8587181382534995,0.7312202171745792,0.5,,,
vit_tiny_patch16_224,mix50,0,mix50_0+mix50_2,2,task_arithmetic,0.86825,0.9564932720459958,0.09056592732667923,0.42939096689224243,0.29303179747535474,2.605146288871765,2.0,0.8587181382534995,0.7312202171745792,1.0,,,
vit_tiny_patch16_224,mix50,0,mix50_0+mix50_2,2,ties,0.8725,0.9611306300156253,0.09056592732667923,0.42939096689224243,0.29303179747535474,2.605146288871765,2.0,0.8587181382534995,0.7312202171745792,0.5,0.2,,
vit_tiny_patch16_224,mix50,0,mix50_0+mix50_2,2,ties,0.8919999999999999,0.9826330799921115,0.09056592732667923,0.42939096689224243,0.29303179747535474,2.605146288871765,2.0,0.8587181382534995,0.7312202171745792,1.0,0.2,,
vit_tiny_patch16_224,mix50,0,mix50_0+mix50_2,2,dare,0.86075,0.9482481530363022,0.09056592732667923,0.42939096689224243,0.29303179747535474,2.605146288871765,2.0,0.8587181382534995,0.7312202171745792,1.0,0.2,0.9,0
vit_tiny_patch16_224,mix50,0,mix50_0+mix50_2,2,dare,0.8620000000000001,0.9495891927972209,0.09056592732667923,0.42939096689224243,0.29303179747535474,2.605146288871765,2.0,0.8587181382534995,0.7312202171745792,1.0,0.2,0.9,1
vit_tiny_patch16_224,mix50,0,mix50_0+mix50_2,2,dare,0.84475,0.9306303190278978,0.09056592732667923,0.42939096689224243,0.29303179747535474,2.605146288871765,2.0,0.8587181382534995,0.7312202171745792,1.0,0.2,0.9,2
vit_tiny_patch16_224,mix50,0,mix50_0+mix50_3,2,averaging,0.89375,0.9881154063350275,0.0973619669675827,0.4242253303527832,0.3064089479360024,2.628309726715088,2.0,0.8816031457351203,0.7296821465221242,,,,
vit_tiny_patch16_224,mix50,0,mix50_0+mix50_3,2,task_arithmetic,0.8295,0.9170819490586932,0.0973619669675827,0.4242253303527832,0.3064089479360024,2.628309726715088,2.0,0.8816031457351203,0.7296821465221242,0.1,,,
vit_tiny_patch16_224,mix50,0,mix50_0+mix50_3,2,task_arithmetic,0.8565,0.9469309439469612,0.0973619669675827,0.4242253303527832,0.3064089479360024,2.628309726715088,2.0,0.8816031457351203,0.7296821465221242,0.2,,,
vit_tiny_patch16_224,mix50,0,mix50_0+mix50_3,2,task_arithmetic,0.877,0.9695899613503186,0.0973619669675827,0.4242253303527832,0.3064089479360024,2.628309726715088,2.0,0.8816031457351203,0.7296821465221242,0.3,,,
vit_tiny_patch16_224,mix50,0,mix50_0+mix50_3,2,task_arithmetic,0.89375,0.9881154063350275,0.0973619669675827,0.4242253303527832,0.3064089479360024,2.628309726715088,2.0,0.8816031457351203,0.7296821465221242,0.5,,,
vit_tiny_patch16_224,mix50,0,mix50_0+mix50_3,2,task_arithmetic,0.86025,0.9510911017726049,0.0973619669675827,0.4242253303527832,0.3064089479360024,2.628309726715088,2.0,0.8816031457351203,0.7296821465221242,1.0,,,
vit_tiny_patch16_224,mix50,0,mix50_0+mix50_3,2,ties,0.871,0.9629536937214436,0.0973619669675827,0.4242253303527832,0.3064089479360024,2.628309726715088,2.0,0.8816031457351203,0.7296821465221242,0.5,0.2,,
vit_tiny_patch16_224,mix50,0,mix50_0+mix50_3,2,ties,0.893,0.987287591765491,0.0973619669675827,0.4242253303527832,0.3064089479360024,2.628309726715088,2.0,0.8816031457351203,0.7296821465221242,1.0,0.2,,
vit_tiny_patch16_224,mix50,0,mix50_0+mix50_3,2,dare,0.851,0.9408548033413273,0.0973619669675827,0.4242253303527832,0.3064089479360024,2.628309726715088,2.0,0.8816031457351203,0.7296821465221242,1.0,0.2,0.9,0
vit_tiny_patch16_224,mix50,0,mix50_0+mix50_3,2,dare,0.8532500000000001,0.9433318298827309,0.0973619669675827,0.4242253303527832,0.3064089479360024,2.628309726715088,2.0,0.8816031457351203,0.7296821465221242,1.0,0.2,0.9,1
vit_tiny_patch16_224,mix50,0,mix50_0+mix50_3,2,dare,0.84625,0.9356101442579188,0.0973619669675827,0.4242253303527832,0.3064089479360024,2.628309726715088,2.0,0.8816031457351203,0.7296821465221242,1.0,0.2,0.9,2
vit_tiny_patch16_224,mix50,0,mix50_0+mix50_4,2,averaging,0.91075,0.9806938283250002,0.08665402233600616,0.43242937326431274,0.28201430648006537,2.5854430198669434,2.0,0.847026336672093,0.7357497381123015,,,,
vit_tiny_patch16_224,mix50,0,mix50_0+mix50_4,2,task_arithmetic,0.85675,0.9222524940147706,0.08665402233600616,0.43242937326431274,0.28201430648006537,2.5854430198669434,2.0,0.847026336672093,0.7357497381123015,0.1,,,
vit_tiny_patch16_224,mix50,0,mix50_0+mix50_4,2,task_arithmetic,0.8807499999999999,0.9482181216560595,0.08665402233600616,0.43242937326431274,0.28201430648006537,2.5854430198669434,2.0,0.847026336672093,0.7357497381123015,0.2,,,
vit_tiny_patch16_224,mix50,0,mix50_0+mix50_4,2,task_arithmetic,0.8975,0.9664088971805176,0.08665402233600616,0.43242937326431274,0.28201430648006537,2.5854430198669434,2.0,0.847026336672093,0.7357497381123015,0.3,,,
vit_tiny_patch16_224,mix50,0,mix50_0+mix50_4,2,task_arithmetic,0.91075,0.9806938283250002,0.08665402233600616,0.43242937326431274,0.28201430648006537,2.5854430198669434,2.0,0.847026336672093,0.7357497381123015,0.5,,,
vit_tiny_patch16_224,mix50,0,mix50_0+mix50_4,2,task_arithmetic,0.89775,0.9664766243944433,0.08665402233600616,0.43242937326431274,0.28201430648006537,2.5854430198669434,2.0,0.847026336672093,0.7357497381123015,1.0,,,
vit_tiny_patch16_224,mix50,0,mix50_0+mix50_4,2,ties,0.8905000000000001,0.95873164766534,0.08665402233600616,0.43242937326431274,0.28201430648006537,2.5854430198669434,2.0,0.847026336672093,0.7357497381123015,0.5,0.2,,
vit_tiny_patch16_224,mix50,0,mix50_0+mix50_4,2,ties,0.91075,0.980649015243409,0.08665402233600616,0.43242937326431274,0.28201430648006537,2.5854430198669434,2.0,0.847026336672093,0.7357497381123015,1.0,0.2,,
vit_tiny_patch16_224,mix50,0,mix50_0+mix50_4,2,dare,0.88825,0.9560308255990886,0.08665402233600616,0.43242937326431274,0.28201430648006537,2.5854430198669434,2.0,0.847026336672093,0.7357497381123015,1.0,0.2,0.9,0
vit_tiny_patch16_224,mix50,0,mix50_0+mix50_4,2,dare,0.88575,0.9534265909514121,0.08665402233600616,0.43242937326431274,0.28201430648006537,2.5854430198669434,2.0,0.847026336672093,0.7357497381123015,1.0,0.2,0.9,1
vit_tiny_patch16_224,mix50,0,mix50_0+mix50_4,2,dare,0.88475,0.9523042335454777,0.08665402233600616,0.43242937326431274,0.28201430648006537,2.5854430198669434,2.0,0.847026336672093,0.7357497381123015,1.0,0.2,0.9,2
vit_tiny_patch16_224,mix50,0,mix50_1+mix50_2,2,averaging,0.894,0.987529670195564,0.08353486657142639,0.43490129709243774,0.2799984665953638,2.5595277547836304,2.0,0.8484142741194353,0.7368574928270366,,,,
vit_tiny_patch16_224,mix50,0,mix50_1+mix50_2,2,task_arithmetic,0.83475,0.9221425084663026,0.08353486657142639,0.43490129709243774,0.2799984665953638,2.5595277547836304,2.0,0.8484142741194353,0.7368574928270366,0.1,,,
vit_tiny_patch16_224,mix50,0,mix50_1+mix50_2,2,task_arithmetic,0.86275,0.9530220886597309,0.08353486657142639,0.43490129709243774,0.2799984665953638,2.5595277547836304,2.0,0.8484142741194353,0.7368574928270366,0.2,,,
vit_tiny_patch16_224,mix50,0,mix50_1+mix50_2,2,task_arithmetic,0.8815,0.9737248680477164,0.08353486657142639,0.43490129709243774,0.2799984665953638,2.5595277547836304,2.0,0.8484142741194353,0.7368574928270366,0.3,,,
vit_tiny_patch16_224,mix50,0,mix50_1+mix50_2,2,task_arithmetic,0.894,0.987529670195564,0.08353486657142639,0.43490129709243774,0.2799984665953638,2.5595277547836304,2.0,0.8484142741194353,0.7368574928270366,0.5,,,
vit_tiny_patch16_224,mix50,0,mix50_1+mix50_2,2,task_arithmetic,0.86225,0.9525626201299693,0.08353486657142639,0.43490129709243774,0.2799984665953638,2.5595277547836304,2.0,0.8484142741194353,0.7368574928270366,1.0,,,
vit_tiny_patch16_224,mix50,0,mix50_1+mix50_2,2,ties,0.873,0.9643876803856363,0.08353486657142639,0.43490129709243774,0.2799984665953638,2.5595277547836304,2.0,0.8484142741194353,0.7368574928270366,0.5,0.2,,
vit_tiny_patch16_224,mix50,0,mix50_1+mix50_2,2,ties,0.8935,0.9869773011562986,0.08353486657142639,0.43490129709243774,0.2799984665953638,2.5595277547836304,2.0,0.8484142741194353,0.7368574928270366,1.0,0.2,,
vit_tiny_patch16_224,mix50,0,mix50_1+mix50_2,2,dare,0.8614999999999999,0.9517716691582512,0.08353486657142639,0.43490129709243774,0.2799984665953638,2.5595277547836304,2.0,0.8484142741194353,0.7368574928270366,1.0,0.2,0.9,0
vit_tiny_patch16_224,mix50,0,mix50_1+mix50_2,2,dare,0.85075,0.9399156420660829,0.08353486657142639,0.43490129709243774,0.2799984665953638,2.5595277547836304,2.0,0.8484142741194353,0.7368574928270366,1.0,0.2,0.9,1
vit_tiny_patch16_224,mix50,0,mix50_1+mix50_2,2,dare,0.8552500000000001,0.9449090825884003,0.08353486657142639,0.43490129709243774,0.2799984665953638,2.5595277547836304,2.0,0.8484142741194353,0.7368574928270366,1.0,0.2,0.9,2
vit_tiny_patch16_224,mix50,0,mix50_1+mix50_3,2,averaging,0.882,0.9778413644252373,0.07905463874340057,0.43820181488990784,0.27298591903869746,2.582691192626953,2.0,0.8483304737102791,0.7353194221745817,,,,
vit_tiny_patch16_224,mix50,0,mix50_1+mix50_3,2,task_arithmetic,0.831,0.9213066072754268,0.07905463874340057,0.43820181488990784,0.27298591903869746,2.582691192626953,2.0,0.8483304737102791,0.7353194221745817,0.1,,,
vit_tiny_patch16_224,mix50,0,mix50_1+mix50_3,2,task_arithmetic,0.8552500000000001,0.9481783162976838,0.07905463874340057,0.43820181488990784,0.27298591903869746,2.582691192626953,2.0,0.8483304737102791,0.7353194221745817,0.2,,,
vit_tiny_patch16_224,mix50,0,mix50_1+mix50_3,2,task_arithmetic,0.86875,0.9631601006897841,0.07905463874340057,0.43820181488990784,0.27298591903869746,2.582691192626953,2.0,0.8483304737102791,0.7353194221745817,0.3,,,
vit_tiny_patch16_224,mix50,0,mix50_1+mix50_3,2,task_arithmetic,0.882,0.9778413644252373,0.07905463874340057,0.43820181488990784,0.27298591903869746,2.582691192626953,2.0,0.8483304737102791,0.7353194221745817,0.5,,,
vit_tiny_patch16_224,mix50,0,mix50_1+mix50_3,2,task_arithmetic,0.8495,0.9419079435783222,0.07905463874340057,0.43820181488990784,0.27298591903869746,2.582691192626953,2.0,0.8483304737102791,0.7353194221745817,1.0,,,
vit_tiny_patch16_224,mix50,0,mix50_1+mix50_3,2,ties,0.867,0.9612137838807849,0.07905463874340057,0.43820181488990784,0.27298591903869746,2.582691192626953,2.0,0.8483304737102791,0.7353194221745817,0.5,0.2,,
vit_tiny_patch16_224,mix50,0,mix50_1+mix50_3,2,ties,0.8845000000000001,0.9806007463236921,0.07905463874340057,0.43820181488990784,0.27298591903869746,2.582691192626953,2.0,0.8483304737102791,0.7353194221745817,1.0,0.2,,
vit_tiny_patch16_224,mix50,0,mix50_1+mix50_3,2,dare,0.839,0.9303037901247314,0.07905463874340057,0.43820181488990784,0.27298591903869746,2.582691192626953,2.0,0.8483304737102791,0.7353194221745817,1.0,0.2,0.9,0
vit_tiny_patch16_224,mix50,0,mix50_1+mix50_3,2,dare,0.84325,0.9349799898720237,0.07905463874340057,0.43820181488990784,0.27298591903869746,2.582691192626953,2.0,0.8483304737102791,0.7353194221745817,1.0,0.2,0.9,1
vit_tiny_patch16_224,mix50,0,mix50_1+mix50_3,2,dare,0.83975,0.9311266882009075,0.07905463874340057,0.43820181488990784,0.27298591903869746,2.582691192626953,2.0,0.8483304737102791,0.7353194221745817,1.0,0.2,0.9,2
vit_tiny_patch16_224,mix50,0,mix50_1+mix50_4,2,averaging,0.905,0.97712730460916,0.09747243672609329,0.4242401719093323,0.29863851317009327,2.5398244857788086,2.0,0.8653686788733482,0.7413870137647589,,,,
vit_tiny_patch16_224,mix50,0,mix50_1+mix50_4,2,task_arithmetic,0.8594999999999999,0.9279752397796861,0.09747243672609329,0.4242401719093323,0.29863851317009327,2.5398244857788086,2.0,0.8653686788733482,0.7413870137647589,0.1,,,
vit_tiny_patch16_224,mix50,0,mix50_1+mix50_4,2,task_arithmetic,0.88175,0.951945041714257,0.09747243672609329,0.4242401719093323,0.29863851317009327,2.5398244857788086,2.0,0.8653686788733482,0.7413870137647589,0.2,,,
vit_tiny_patch16_224,mix50,0,mix50_1+mix50_4,2,task_arithmetic,0.8967499999999999,0.9682038894417604,0.09747243672609329,0.4242401719093323,0.29863851317009327,2.5398244857788086,2.0,0.8653686788733482,0.7413870137647589,0.3,,,
vit_tiny_patch16_224,mix50,0,mix50_1+mix50_4,2,task_arithmetic,0.905,0.97712730460916,0.09747243672609329,0.4242401719093323,0.29863851317009327,2.5398244857788086,2.0,0.8653686788733482,0.7413870137647589,0.5,,,
vit_tiny_patch16_224,mix50,0,mix50_1+mix50_4,2,task_arithmetic,0.894,0.96525688305658,0.09747243672609329,0.4242401719093323,0.29863851317009327,2.5398244857788086,2.0,0.8653686788733482,0.7413870137647589,1.0,,,
vit_tiny_patch16_224,mix50,0,mix50_1+mix50_4,2,ties,0.89175,0.9628501903420792,0.09747243672609329,0.4242401719093323,0.29863851317009327,2.5398244857788086,2.0,0.8653686788733482,0.7413870137647589,0.5,0.2,,
vit_tiny_patch16_224,mix50,0,mix50_1+mix50_4,2,ties,0.9105,0.9831531509984938,0.09747243672609329,0.4242401719093323,0.29863851317009327,2.5398244857788086,2.0,0.8653686788733482,0.7413870137647589,1.0,0.2,,
vit_tiny_patch16_224,mix50,0,mix50_1+mix50_4,2,dare,0.88625,0.9569067399646032,0.09747243672609329,0.4242401719093323,0.29863851317009327,2.5398244857788086,2.0,0.8653686788733482,0.7413870137647589,1.0,0.2,0.9,0
vit_tiny_patch16_224,mix50,0,mix50_1+mix50_4,2,dare,0.88425,0.9547619644842564,0.09747243672609329,0.4242401719093323,0.29863851317009327,2.5398244857788086,2.0,0.8653686788733482,0.7413870137647589,1.0,0.2,0.9,1
vit_tiny_patch16_224,mix50,0,mix50_1+mix50_4,2,dare,0.88525,0.9558920294327304,0.09747243672609329,0.4242401719093323,0.29863851317009327,2.5398244857788086,2.0,0.8653686788733482,0.7413870137647589,1.0,0.2,0.9,2
vit_tiny_patch16_224,mix50,0,mix50_2+mix50_3,2,averaging,0.8947499999999999,0.9840368623181832,0.09641112387180328,0.42488178610801697,0.3021846394150137,2.6038166284561157,2.0,0.8747623802390677,0.7274848785010362,,,,
vit_tiny_patch16_224,mix50,0,mix50_2+mix50_3,2,task_arithmetic,0.83725,0.9208010523450966,0.09641112387180328,0.42488178610801697,0.3021846394150137,2.6038166284561157,2.0,0.8747623802390677,0.7274848785010362,0.1,,,
vit_tiny_patch16_224,mix50,0,mix50_2+mix50_3,2,task_arithmetic,0.87175,0.958725241162418,0.09641112387180328,0.42488178610801697,0.3021846394150137,2.6038166284561157,2.0,0.8747623802390677,0.7274848785010362,0.2,,,
vit_tiny_patch16_224,mix50,0,mix50_2+mix50_3,2,task_arithmetic,0.8867499999999999,0.9752323928755027,0.09641112387180328,0.42488178610801697,0.3021846394150137,2.6038166284561157,2.0,0.8747623802390677,0.7274848785010362,0.3,,,
vit_tiny_patch16_224,mix50,0,mix50_2+mix50_3,2,task_arithmetic,0.8947499999999999,0.9840368623181832,0.09641112387180328,0.42488178610801697,0.3021846394150137,2.6038166284561157,2.0,0.8747623802390677,0.7274848785010362,0.5,,,
vit_tiny_patch16_224,mix50,0,mix50_2+mix50_3,2,task_arithmetic,0.87225,0.9592771175421089,0.09641112387180328,0.42488178610801697,0.3021846394150137,2.6038166284561157,2.0,0.8747623802390677,0.7274848785010362,1.0,,,
vit_tiny_patch16_224,mix50,0,mix50_2+mix50_3,2,ties,0.88325,0.971377120566089,0.09641112387180328,0.42488178610801697,0.3021846394150137,2.6038166284561157,2.0,0.8747623802390677,0.7274848785010362,0.5,0.2,,
vit_tiny_patch16_224,mix50,0,mix50_2+mix50_3,2,ties,0.89925,0.9889840938643443,0.09641112387180328,0.42488178610801697,0.3021846394150137,2.6038166284561157,2.0,0.8747623802390677,0.7274848785010362,1.0,0.2,,
vit_tiny_patch16_224,mix50,0,mix50_2+mix50_3,2,dare,0.863,0.9491008194986241,0.09641112387180328,0.42488178610801697,0.3021846394150137,2.6038166284561157,2.0,0.8747623802390677,0.7274848785010362,1.0,0.2,0.9,0
vit_tiny_patch16_224,mix50,0,mix50_2+mix50_3,2,dare,0.8592500000000001,0.9449774713477879,0.09641112387180328,0.42488178610801697,0.3021846394150137,2.6038166284561157,2.0,0.8747623802390677,0.7274848785010362,1.0,0.2,0.9,1
vit_tiny_patch16_224,mix50,0,mix50_2+mix50_3,2,dare,0.864,0.9501849163869485,0.09641112387180328,0.42488178610801697,0.3021846394150137,2.6038166284561157,2.0,0.8747623802390677,0.7274848785010362,1.0,0.2,0.9,2
vit_tiny_patch16_224,mix50,0,mix50_2+mix50_4,2,averaging,0.917,0.9824602998055355,0.09479624032974243,0.426298052072525,0.28384847000118857,2.560949921607971,2.0,0.8603709742476863,0.7335524700912133,,,,
vit_tiny_patch16_224,mix50,0,mix50_2+mix50_4,2,task_arithmetic,0.863,0.9243672007864693,0.09479624032974243,0.426298052072525,0.28384847000118857,2.560949921607971,2.0,0.8603709742476863,0.7335524700912133,0.1,,,
vit_tiny_patch16_224,mix50,0,mix50_2+mix50_4,2,task_arithmetic,0.891,0.9546181390242328,0.09479624032974243,0.426298052072525,0.28384847000118857,2.560949921607971,2.0,0.8603709742476863,0.7335524700912133,0.2,,,
vit_tiny_patch16_224,mix50,0,mix50_2+mix50_4,2,task_arithmetic,0.908,0.9728142827414483,0.09479624032974243,0.426298052072525,0.28384847000118857,2.560949921607971,2.0,0.8603709742476863,0.7335524700912133,0.3,,,
vit_tiny_patch16_224,mix50,0,mix50_2+mix50_4,2,task_arithmetic,0.917,0.9824602998055355,0.09479624032974243,0.426298052072525,0.28384847000118857,2.560949921607971,2.0,0.8603709742476863,0.7335524700912133,0.5,,,
vit_tiny_patch16_224,mix50,0,mix50_2+mix50_4,2,task_arithmetic,0.8935,0.9570323700998156,0.09479624032974243,0.426298052072525,0.28384847000118857,2.560949921607971,2.0,0.8603709742476863,0.7335524700912133,1.0,,,
vit_tiny_patch16_224,mix50,0,mix50_2+mix50_4,2,ties,0.90375,0.9681205823891157,0.09479624032974243,0.426298052072525,0.28384847000118857,2.560949921607971,2.0,0.8603709742476863,0.7335524700912133,0.5,0.2,,
vit_tiny_patch16_224,mix50,0,mix50_2+mix50_4,2,ties,0.9197500000000001,0.9854739984356724,0.09479624032974243,0.426298052072525,0.28384847000118857,2.560949921607971,2.0,0.8603709742476863,0.7335524700912133,1.0,0.2,,
vit_tiny_patch16_224,mix50,0,mix50_2+mix50_4,2,dare,0.88575,0.9486959392064984,0.09479624032974243,0.426298052072525,0.28384847000118857,2.560949921607971,2.0,0.8603709742476863,0.7335524700912133,1.0,0.2,0.9,0
vit_tiny_patch16_224,mix50,0,mix50_2+mix50_4,2,dare,0.88,0.942599510609442,0.09479624032974243,0.426298052072525,0.28384847000118857,2.560949921607971,2.0,0.8603709742476863,0.7335524700912133,1.0,0.2,0.9,1
vit_tiny_patch16_224,mix50,0,mix50_2+mix50_4,2,dare,0.8825000000000001,0.9451463507394677,0.09479624032974243,0.426298052072525,0.28384847000118857,2.560949921607971,2.0,0.8603709742476863,0.7335524700912133,1.0,0.2,0.9,2
vit_tiny_patch16_224,mix50,0,mix50_3+mix50_4,2,averaging,0.9115,0.9798794949449396,0.0839013159275055,0.4344910979270935,0.28391203107847923,2.584113359451294,2.0,0.8530728101940456,0.7320143994387583,,,,
vit_tiny_patch16_224,mix50,0,mix50_3+mix50_4,2,task_arithmetic,0.8565,0.9204770420582415,0.0839013159275055,0.4344910979270935,0.28391203107847923,2.584113359451294,2.0,0.8530728101940456,0.7320143994387583,0.1,,,
vit_tiny_patch16_224,mix50,0,mix50_3+mix50_4,2,task_arithmetic,0.88425,0.9504752381249733,0.0839013159275055,0.4344910979270935,0.28391203107847923,2.584113359451294,2.0,0.8530728101940456,0.7320143994387583,0.2,,,
vit_tiny_patch16_224,mix50,0,mix50_3+mix50_4,2,task_arithmetic,0.8985000000000001,0.9658531910538786,0.0839013159275055,0.4344910979270935,0.28391203107847923,2.584113359451294,2.0,0.8530728101940456,0.7320143994387583,0.3,,,
vit_tiny_patch16_224,mix50,0,mix50_3+mix50_4,2,task_arithmetic,0.9115,0.9798794949449396,0.0839013159275055,0.4344910979270935,0.28391203107847923,2.584113359451294,2.0,0.8530728101940456,0.7320143994387583,0.5,,,
vit_tiny_patch16_224,mix50,0,mix50_3+mix50_4,2,task_arithmetic,0.8847499999999999,0.9506485487009946,0.0839013159275055,0.4344910979270935,0.28391203107847923,2.584113359451294,2.0,0.8530728101940456,0.7320143994387583,1.0,,,
vit_tiny_patch16_224,mix50,0,mix50_3+mix50_4,2,ties,0.894,0.9609844503265004,0.0839013159275055,0.4344910979270935,0.28391203107847923,2.584113359451294,2.0,0.8530728101940456,0.7320143994387583,0.5,0.2,,
vit_tiny_patch16_224,mix50,0,mix50_3+mix50_4,2,ties,0.9117500000000001,0.9801414121790936,0.0839013159275055,0.4344910979270935,0.28391203107847923,2.584113359451294,2.0,0.8530728101940456,0.7320143994387583,1.0,0.2,,
vit_tiny_patch16_224,mix50,0,mix50_3+mix50_4,2,dare,0.8792500000000001,0.9447040971256173,0.0839013159275055,0.4344910979270935,0.28391203107847923,2.584113359451294,2.0,0.8530728101940456,0.7320143994387583,1.0,0.2,0.9,0
vit_tiny_patch16_224,mix50,0,mix50_3+mix50_4,2,dare,0.8785000000000001,0.9439463873345383,0.0839013159275055,0.4344910979270935,0.28391203107847923,2.584113359451294,2.0,0.8530728101940456,0.7320143994387583,1.0,0.2,0.9,1
vit_tiny_patch16_224,mix50,0,mix50_3+mix50_4,2,dare,0.87,0.9347046984367068,0.0839013159275055,0.4344910979270935,0.28391203107847923,2.584113359451294,2.0,0.8530728101940456,0.7320143994387583,1.0,0.2,0.9,2
vit_tiny_patch16_224,mix50,0,mix50_0+mix50_1+mix50_2,3,averaging,0.884,0.9773328909330615,0.0846095010638237,0.4339883128801982,0.28333812238426576,2.5828982988993325,3.0,0.850322801325757,0.7357108236165802,,,,
vit_tiny_patch16_224,mix50,0,mix50_0+mix50_1+mix50_2,3,task_arithmetic,0.8426666666666667,0.9316440114187968,0.0846095010638237,0.4339883128801982,0.28333812238426576,2.5828982988993325,3.0,0.850322801325757,0.7357108236165802,0.1,,,
vit_tiny_patch16_224,mix50,0,mix50_0+mix50_1+mix50_2,3,task_arithmetic,0.8698333333333333,0.9616639765301938,0.0846095010638237,0.4339883128801982,0.28333812238426576,2.5828982988993325,3.0,0.850322801325757,0.7357108236165802,0.2,,,
vit_tiny_patch16_224,mix50,0,mix50_0+mix50_1+mix50_2,3,task_arithmetic,0.8836666666666666,0.9769566911171595,0.0846095010638237,0.4339883128801982,0.28333812238426576,2.5828982988993325,3.0,0.850322801325757,0.7357108236165802,0.3,,,
vit_tiny_patch16_224,mix50,0,mix50_0+mix50_1+mix50_2,3,task_arithmetic,0.8801666666666667,0.9731280007961898,0.0846095010638237,0.4339883128801982,0.28333812238426576,2.5828982988993325,3.0,0.850322801325757,0.7357108236165802,0.5,,,
vit_tiny_patch16_224,mix50,0,mix50_0+mix50_1+mix50_2,3,task_arithmetic,0.7784999999999999,0.8609133471977312,0.0846095010638237,0.4339883128801982,0.28333812238426576,2.5828982988993325,3.0,0.850322801325757,0.7357108236165802,1.0,,,
vit_tiny_patch16_224,mix50,0,mix50_0+mix50_1+mix50_2,3,ties,0.8736666666666667,0.9659233390447138,0.0846095010638237,0.4339883128801982,0.28333812238426576,2.5828982988993325,3.0,0.850322801325757,0.7357108236165802,0.5,0.2,,
vit_tiny_patch16_224,mix50,0,mix50_0+mix50_1+mix50_2,3,ties,0.883,0.9762280190600389,0.0846095010638237,0.4339883128801982,0.28333812238426576,2.5828982988993325,3.0,0.850322801325757,0.7357108236165802,1.0,0.2,,
vit_tiny_patch16_224,mix50,0,mix50_0+mix50_1+mix50_2,3,dare,0.7783333333333333,0.8607173817390993,0.0846095010638237,0.4339883128801982,0.28333812238426576,2.5828982988993325,3.0,0.850322801325757,0.7357108236165802,1.0,0.2,0.9,0
vit_tiny_patch16_224,mix50,0,mix50_0+mix50_1+mix50_2,3,dare,0.7735,0.8554159749024057,0.0846095010638237,0.4339883128801982,0.28333812238426576,2.5828982988993325,3.0,0.850322801325757,0.7357108236165802,1.0,0.2,0.9,1
vit_tiny_patch16_224,mix50,0,mix50_0+mix50_1+mix50_2,3,dare,0.774,0.8559413540000325,0.0846095010638237,0.4339883128801982,0.28333812238426576,2.5828982988993325,3.0,0.850322801325757,0.7357108236165802,1.0,0.2,0.9,2
vit_tiny_patch16_224,mix50,0,mix50_0+mix50_1+mix50_3,3,averaging,0.8748333333333335,0.9695310219596781,0.08538143833478291,0.43336660663286847,0.28545965668559287,2.5983405907948813,3.0,0.8579232036832453,0.7346854431816102,,,,
vit_tiny_patch16_224,mix50,0,mix50_0+mix50_1+mix50_3,3,task_arithmetic,0.8408333333333333,0.9318473730334782,0.08538143833478291,0.43336660663286847,0.28545965668559287,2.5983405907948813,3.0,0.8579232036832453,0.7346854431816102,0.1,,,
vit_tiny_patch16_224,mix50,0,mix50_0+mix50_1+mix50_3,3,task_arithmetic,0.866,0.9597409279685755,0.08538143833478291,0.43336660663286847,0.28545965668559287,2.5983405907948813,3.0,0.8579232036832453,0.7346854431816102,0.2,,,
vit_tiny_patch16_224,mix50,0,mix50_0+mix50_1+mix50_3,3,task_arithmetic,0.8723333333333333,0.9667624454563928,0.08538143833478291,0.43336660663286847,0.28545965668559287,2.5983405907948813,3.0,0.8579232036832453,0.7346854431816102,0.3,,,
vit_tiny_patch16_224,mix50,0,mix50_0+mix50_1+mix50_3,3,task_arithmetic,0.8715,0.9658627067541309,0.08538143833478291,0.43336660663286847,0.28545965668559287,2.5983405907948813,3.0,0.8579232036832453,0.7346854431816102,0.5,,,
vit_tiny_patch16_224,mix50,0,mix50_0+mix50_1+mix50_3,3,task_arithmetic,0.7831666666666667,0.868088400576017,0.08538143833478291,0.43336660663286847,0.28545965668559287,2.5983405907948813,3.0,0.8579232036832453,0.7346854431816102,1.0,,,
vit_tiny_patch16_224,mix50,0,mix50_0+mix50_1+mix50_3,3,ties,0.8705000000000002,0.9647229541563238,0.08538143833478291,0.43336660663286847,0.28545965668559287,2.5983405907948813,3.0,0.8579232036832453,0.7346854431816102,0.5,0.2,,
vit_tiny_patch16_224,mix50,0,mix50_0+mix50_1+mix50_3,3,ties,0.8788333333333332,0.9739605606089539,0.08538143833478291,0.43336660663286847,0.28545965668559287,2.5983405907948813,3.0,0.8579232036832453,0.7346854431816102,1.0,0.2,,
vit_tiny_patch16_224,mix50,0,mix50_0+mix50_1+mix50_3,3,dare,0.7753333333333333,0.8594138074766863,0.08538143833478291,0.43336660663286847,0.28545965668559287,2.5983405907948813,3.0,0.8579232036832453,0.7346854431816102,1.0,0.2,0.9,0
vit_tiny_patch16_224,mix50,0,mix50_0+mix50_1+mix50_3,3,dare,0.7711666666666667,0.8547818119320855,0.08538143833478291,0.43336660663286847,0.28545965668559287,2.5983405907948813,3.0,0.8579232036832453,0.7346854431816102,1.0,0.2,0.9,1
vit_tiny_patch16_224,mix50,0,mix50_0+mix50_1+mix50_3,3,dare,0.7756666666666666,0.8597751152924499,0.08538143833478291,0.43336660663286847,0.28545965668559287,2.5983405907948813,3.0,0.8579232036832453,0.7346854431816102,1.0,0.2,0.9,2
vit_tiny_patch16_224,mix50,0,mix50_0+mix50_1+mix50_4,3,averaging,0.894,0.9734657976987201,0.08795138945182164,0.4314474066098531,0.2858789742440791,2.5697627862294516,3.0,0.852077002383259,0.7387305042417284,,,,
vit_tiny_patch16_224,mix50,0,mix50_0+mix50_1+mix50_4,3,task_arithmetic,0.8566666666666668,0.9326772562658382,0.08795138945182164,0.4314474066098531,0.2858789742440791,2.5697627862294516,3.0,0.852077002383259,0.7387305042417284,0.1,,,
vit_tiny_patch16_224,mix50,0,mix50_0+mix50_1+mix50_4,3,task_arithmetic,0.8811666666666667,0.9594181397858145,0.08795138945182164,0.4314474066098531,0.2858789742440791,2.5697627862294516,3.0,0.852077002383259,0.7387305042417284,0.2,,,
vit_tiny_patch16_224,mix50,0,mix50_0+mix50_1+mix50_4,3,task_arithmetic,0.8925000000000001,0.9718592805443756,0.08795138945182164,0.4314474066098531,0.2858789742440791,2.5697627862294516,3.0,0.852077002383259,0.7387305042417284,0.3,,,
vit_tiny_patch16_224,mix50,0,mix50_0+mix50_1+mix50_4,3,task_arithmetic,0.8895,0.9685239799285714,0.08795138945182164,0.4314474066098531,0.2858789742440791,2.5697627862294516,3.0,0.852077002383259,0.7387305042417284,0.5,,,
vit_tiny_patch16_224,mix50,0,mix50_0+mix50_1+mix50_4,3,task_arithmetic,0.8126666666666665,0.884148612253087,0.08795138945182164,0.4314474066098531,0.2858789742440791,2.5697627862294516,3.0,0.852077002383259,0.7387305042417284,1.0,,,
vit_tiny_patch16_224,mix50,0,mix50_0+mix50_1+mix50_4,3,ties,0.8853333333333334,0.9639629976088894,0.08795138945182164,0.4314474066098531,0.2858789742440791,2.5697627862294516,3.0,0.852077002383259,0.7387305042417284,0.5,0.2,,
vit_tiny_patch16_224,mix50,0,mix50_0+mix50_1+mix50_4,3,ties,0.894,0.9734208254867239,0.08795138945182164,0.4314474066098531,0.2858789742440791,2.5697627862294516,3.0,0.852077002383259,0.7387305042417284,1.0,0.2,,
vit_tiny_patch16_224,mix50,0,mix50_0+mix50_1+mix50_4,3,dare,0.7996666666666666,0.8701384806919451,0.08795138945182164,0.4314474066098531,0.2858789742440791,2.5697627862294516,3.0,0.852077002383259,0.7387305042417284,1.0,0.2,0.9,0
vit_tiny_patch16_224,mix50,0,mix50_0+mix50_1+mix50_4,3,dare,0.8024999999999999,0.8732154643182605,0.08795138945182164,0.4314474066098531,0.2858789742440791,2.5697627862294516,3.0,0.852077002383259,0.7387305042417284,1.0,0.2,0.9,1
vit_tiny_patch16_224,mix50,0,mix50_0+mix50_1+mix50_4,3,dare,0.8008333333333333,0.87124576140716,0.08795138945182164,0.4314474066098531,0.2858789742440791,2.5697627862294516,3.0,0.852077002383259,0.7387305042417284,1.0,0.2,0.9,2
vit_tiny_patch16_224,mix50,0,mix50_0+mix50_2+mix50_3,3,averaging,0.8846666666666666,0.9751807806001258,0.09477967272202174,0.42616602778434753,0.30054179494212363,2.6124242146809897,3.0,0.8716945547425624,0.7294624140659133,,,,
vit_tiny_patch16_224,mix50,0,mix50_0+mix50_2+mix50_3,3,task_arithmetic,0.8464999999999999,0.9331048259207141,0.09477967272202174,0.42616602778434753,0.30054179494212363,2.6124242146809897,3.0,0.8716945547425624,0.7294624140659133,0.1,,,
vit_tiny_patch16_224,mix50,0,mix50_0+mix50_2+mix50_3,3,task_arithmetic,0.8725,0.961759050600163,0.09477967272202174,0.42616602778434753,0.30054179494212363,2.6124242146809897,3.0,0.8716945547425624,0.7294624140659133,0.2,,,
vit_tiny_patch16_224,mix50,0,mix50_0+mix50_2+mix50_3,3,task_arithmetic,0.8856666666666667,0.9762799029526738,0.09477967272202174,0.42616602778434753,0.30054179494212363,2.6124242146809897,3.0,0.8716945547425624,0.7294624140659133,0.3,,,
vit_tiny_patch16_224,mix50,0,mix50_0+mix50_2+mix50_3,3,task_arithmetic,0.8845000000000001,0.975007393011967,0.09477967272202174,0.42616602778434753,0.30054179494212363,2.6124242146809897,3.0,0.8716945547425624,0.7294624140659133,0.5,,,
vit_tiny_patch16_224,mix50,0,mix50_0+mix50_2+mix50_3,3,task_arithmetic,0.7821666666666666,0.8622046670629655,0.09477967272202174,0.42616602778434753,0.30054179494212363,2.6124242146809897,3.0,0.8716945547425624,0.7294624140659133,1.0,,,
vit_tiny_patch16_224,mix50,0,mix50_0+mix50_2+mix50_3,3,ties,0.8775,0.9672806059694574,0.09477967272202174,0.42616602778434753,0.30054179494212363,2.6124242146809897,3.0,0.8716945547425624,0.7294624140659133,0.5,0.2,,
vit_tiny_patch16_224,mix50,0,mix50_0+mix50_2+mix50_3,3,ties,0.8856666666666667,0.9762873302899969,0.09477967272202174,0.42616602778434753,0.30054179494212363,2.6124242146809897,3.0,0.8716945547425624,0.7294624140659133,1.0,0.2,,
vit_tiny_patch16_224,mix50,0,mix50_0+mix50_2+mix50_3,3,dare,0.7786666666666666,0.858368610255405,0.09477967272202174,0.42616602778434753,0.30054179494212363,2.6124242146809897,3.0,0.8716945547425624,0.7294624140659133,1.0,0.2,0.9,0
vit_tiny_patch16_224,mix50,0,mix50_0+mix50_2+mix50_3,3,dare,0.7755000000000001,0.8548913090106872,0.09477967272202174,0.42616602778434753,0.30054179494212363,2.6124242146809897,3.0,0.8716945547425624,0.7294624140659133,1.0,0.2,0.9,1
vit_tiny_patch16_224,mix50,0,mix50_0+mix50_2+mix50_3,3,dare,0.7685,0.8471457414774243,0.09477967272202174,0.42616602778434753,0.30054179494212363,2.6124242146809897,3.0,0.8716945547425624,0.7294624140659133,1.0,0.2,0.9,2
vit_tiny_patch16_224,mix50,0,mix50_0+mix50_2+mix50_4,3,averaging,0.9003333333333333,0.9752522885703234,0.09067206333080928,0.4293727974096934,0.2862981913188696,2.58384641011556,3.0,0.8553718163910929,0.7335074751260313,,,,
vit_tiny_patch16_224,mix50,0,mix50_0+mix50_2+mix50_4,3,task_arithmetic,0.8628333333333332,0.9343557795861308,0.09067206333080928,0.4293727974096934,0.2862981913188696,2.58384641011556,3.0,0.8553718163910929,0.7335074751260313,0.1,,,
vit_tiny_patch16_224,mix50,0,mix50_0+mix50_2+mix50_4,3,task_arithmetic,0.887,0.960723941952952,0.09067206333080928,0.4293727974096934,0.2862981913188696,2.58384641011556,3.0,0.8553718163910929,0.7335074751260313,0.2,,,
vit_tiny_patch16_224,mix50,0,mix50_0+mix50_2+mix50_4,3,task_arithmetic,0.899,0.9738194059049029,0.09067206333080928,0.4293727974096934,0.2862981913188696,2.58384641011556,3.0,0.8553718163910929,0.7335074751260313,0.3,,,
vit_tiny_patch16_224,mix50,0,mix50_0+mix50_2+mix50_4,3,task_arithmetic,0.895,0.9693523334600901,0.09067206333080928,0.4293727974096934,0.2862981913188696,2.58384641011556,3.0,0.8553718163910929,0.7335074751260313,0.5,,,
vit_tiny_patch16_224,mix50,0,mix50_0+mix50_2+mix50_4,3,task_arithmetic,0.8046666666666668,0.870651730821721,0.09067206333080928,0.4293727974096934,0.2862981913188696,2.58384641011556,3.0,0.8553718163910929,0.7335074751260313,1.0,,,
vit_tiny_patch16_224,mix50,0,mix50_0+mix50_2+mix50_4,3,ties,0.8901666666666667,0.964073707901798,0.09067206333080928,0.4293727974096934,0.2862981913188696,2.58384641011556,3.0,0.8553718163910929,0.7335074751260313,0.5,0.2,,
vit_tiny_patch16_224,mix50,0,mix50_0+mix50_2+mix50_4,3,ties,0.9011666666666667,0.9760093368553152,0.09067206333080928,0.4293727974096934,0.2862981913188696,2.58384641011556,3.0,0.8553718163910929,0.7335074751260313,1.0,0.2,,
vit_tiny_patch16_224,mix50,0,mix50_0+mix50_2+mix50_4,3,dare,0.7943333333333333,0.8594652095540645,0.09067206333080928,0.4293727974096934,0.2862981913188696,2.58384641011556,3.0,0.8553718163910929,0.7335074751260313,1.0,0.2,0.9,0
vit_tiny_patch16_224,mix50,0,mix50_0+mix50_2+mix50_4,3,dare,0.8083333333333332,0.8746958452295507,0.09067206333080928,0.4293727974096934,0.2862981913188696,2.58384641011556,3.0,0.8553718163910929,0.7335074751260313,1.0,0.2,0.9,1
vit_tiny_patch16_224,mix50,0,mix50_0+mix50_2+mix50_4,3,dare,0.7949999999999999,0.8602475170244347,0.09067206333080928,0.4293727974096934,0.2862981913188696,2.58384641011556,3.0,0.8553718163910929,0.7335074751260313,1.0,0.2,0.9,2
vit_tiny_patch16_224,mix50,0,mix50_0+mix50_3+mix50_4,3,averaging,0.8929999999999999,0.9696044265086341,0.08930576841036479,0.43038193384806317,0.2907784284981823,2.5992887020111084,3.0,0.8605674308670862,0.7324820946910613,,,,
vit_tiny_patch16_224,mix50,0,mix50_0+mix50_3+mix50_4,3,task_arithmetic,0.858,0.931291356632924,0.08930576841036479,0.43038193384806317,0.2907784284981823,2.5992887020111084,3.0,0.8605674308670862,0.7324820946910613,0.1,,,
vit_tiny_patch16_224,mix50,0,mix50_0+mix50_3+mix50_4,3,task_arithmetic,0.879,0.9542140118953025,0.08930576841036479,0.43038193384806317,0.2907784284981823,2.5992887020111084,3.0,0.8605674308670862,0.7324820946910613,0.2,,,
vit_tiny_patch16_224,mix50,0,mix50_0+mix50_3+mix50_4,3,task_arithmetic,0.8938333333333333,0.9705173178061174,0.08930576841036479,0.43038193384806317,0.2907784284981823,2.5992887020111084,3.0,0.8605674308670862,0.7324820946910613,0.3,,,
vit_tiny_patch16_224,mix50,0,mix50_0+mix50_3+mix50_4,3,task_arithmetic,0.8906666666666667,0.9669686414691734,0.08930576841036479,0.43038193384806317,0.2907784284981823,2.5992887020111084,3.0,0.8605674308670862,0.7324820946910613,0.5,,,
vit_tiny_patch16_224,mix50,0,mix50_0+mix50_3+mix50_4,3,task_arithmetic,0.8135,0.8825259265688645,0.08930576841036479,0.43038193384806317,0.2907784284981823,2.5992887020111084,3.0,0.8605674308670862,0.7324820946910613,1.0,,,
vit_tiny_patch16_224,mix50,0,mix50_0+mix50_3+mix50_4,3,ties,0.8858333333333334,0.9617205867568409,0.08930576841036479,0.43038193384806317,0.2907784284981823,2.5992887020111084,3.0,0.8605674308670862,0.7324820946910613,0.5,0.2,,
vit_tiny_patch16_224,mix50,0,mix50_0+mix50_3+mix50_4,3,ties,0.8971666666666667,0.9741105344602304,0.08930576841036479,0.43038193384806317,0.2907784284981823,2.5992887020111084,3.0,0.8605674308670862,0.7324820946910613,1.0,0.2,,
vit_tiny_patch16_224,mix50,0,mix50_0+mix50_3+mix50_4,3,dare,0.801,0.8687157515054698,0.08930576841036479,0.43038193384806317,0.2907784284981823,2.5992887020111084,3.0,0.8605674308670862,0.7324820946910613,1.0,0.2,0.9,0
vit_tiny_patch16_224,mix50,0,mix50_0+mix50_3+mix50_4,3,dare,0.8130000000000001,0.882084204436289,0.08930576841036479,0.43038193384806317,0.2907784284981823,2.5992887020111084,3.0,0.8605674308670862,0.7324820946910613,1.0,0.2,0.9,1
vit_tiny_patch16_224,mix50,0,mix50_0+mix50_3+mix50_4,3,dare,0.802,0.8700960765039202,0.08930576841036479,0.43038193384806317,0.2907784284981823,2.5992887020111084,3.0,0.8605674308670862,0.7324820946910613,1.0,0.2,0.9,2
vit_tiny_patch16_224,mix50,0,mix50_1+mix50_2+mix50_3,3,averaging,0.8841666666666667,0.9764129437306437,0.08633354306221008,0.43266163269678753,0.285056341683025,2.582011858622233,3.0,0.857169042689594,0.7332205978342182,,,,
vit_tiny_patch16_224,mix50,0,mix50_1+mix50_2+mix50_3,3,task_arithmetic,0.8464999999999999,0.9348444227310546,0.08633354306221008,0.43266163269678753,0.285056341683025,2.582011858622233,3.0,0.857169042689594,0.7332205978342182,0.1,,,
vit_tiny_patch16_224,mix50,0,mix50_1+mix50_2+mix50_3,3,task_arithmetic,0.8688333333333333,0.9594624966182271,0.08633354306221008,0.43266163269678753,0.285056341683025,2.582011858622233,3.0,0.857169042689594,0.7332205978342182,0.2,,,
vit_tiny_patch16_224,mix50,0,mix50_1+mix50_2+mix50_3,3,task_arithmetic,0.8821666666666667,0.974195276785443,0.08633354306221008,0.43266163269678753,0.285056341683025,2.582011858622233,3.0,0.857169042689594,0.7332205978342182,0.3,,,
vit_tiny_patch16_224,mix50,0,mix50_1+mix50_2+mix50_3,3,task_arithmetic,0.875,0.9662847101344396,0.08633354306221008,0.43266163269678753,0.285056341683025,2.582011858622233,3.0,0.857169042689594,0.7332205978342182,0.5,,,
vit_tiny_patch16_224,mix50,0,mix50_1+mix50_2+mix50_3,3,task_arithmetic,0.7776666666666667,0.8590148507957637,0.08633354306221008,0.43266163269678753,0.285056341683025,2.582011858622233,3.0,0.857169042689594,0.7332205978342182,1.0,,,
vit_tiny_patch16_224,mix50,0,mix50_1+mix50_2+mix50_3,3,ties,0.8758333333333334,0.9671986022880822,0.08633354306221008,0.43266163269678753,0.285056341683025,2.582011858622233,3.0,0.857169042689594,0.7332205978342182,0.5,0.2,,
vit_tiny_patch16_224,mix50,0,mix50_1+mix50_2+mix50_3,3,ties,0.8833333333333333,0.9754820030189065,0.08633354306221008,0.43266163269678753,0.285056341683025,2.582011858622233,3.0,0.857169042689594,0.7332205978342182,1.0,0.2,,
vit_tiny_patch16_224,mix50,0,mix50_1+mix50_2+mix50_3,3,dare,0.7803333333333334,0.8619801531714425,0.08633354306221008,0.43266163269678753,0.285056341683025,2.582011858622233,3.0,0.857169042689594,0.7332205978342182,1.0,0.2,0.9,0
vit_tiny_patch16_224,mix50,0,mix50_1+mix50_2+mix50_3,3,dare,0.7633333333333333,0.8432209140084432,0.08633354306221008,0.43266163269678753,0.285056341683025,2.582011858622233,3.0,0.857169042689594,0.7332205978342182,1.0,0.2,0.9,1
vit_tiny_patch16_224,mix50,0,mix50_1+mix50_2+mix50_3,3,dare,0.7773333333333333,0.8586502041366207,0.08633354306221008,0.43266163269678753,0.285056341683025,2.582011858622233,3.0,0.857169042689594,0.7332205978342182,1.0,0.2,0.9,2
vit_tiny_patch16_224,mix50,0,mix50_1+mix50_2+mix50_4,3,averaging,0.8971666666666667,0.9735636692053015,0.0919345145424207,0.42847984035809833,0.2874951499222152,2.5534340540568032,3.0,0.8580513090801566,0.7372656588943363,,,,
vit_tiny_patch16_224,mix50,0,mix50_1+mix50_2+mix50_4,3,task_arithmetic,0.8636666666666667,0.9371448049400758,0.0919345145424207,0.42847984035809833,0.2874951499222152,2.5534340540568032,3.0,0.8580513090801566,0.7372656588943363,0.1,,,
vit_tiny_patch16_224,mix50,0,mix50_1+mix50_2+mix50_4,3,task_arithmetic,0.8856666666666667,0.961026775649338,0.0919345145424207,0.42847984035809833,0.2874951499222152,2.5534340540568032,3.0,0.8580513090801566,0.7372656588943363,0.2,,,
vit_tiny_patch16_224,mix50,0,mix50_1+mix50_2+mix50_4,3,task_arithmetic,0.8958333333333334,0.9721046204580324,0.0919345145424207,0.42847984035809833,0.2874951499222152,2.5534340540568032,3.0,0.8580513090801566,0.7372656588943363,0.3,,,
vit_tiny_patch16_224,mix50,0,mix50_1+mix50_2+mix50_4,3,task_arithmetic,0.8883333333333333,0.9638784393774101,0.0919345145424207,0.42847984035809833,0.2874951499222152,2.5534340540568032,3.0,0.8580513090801566,0.7372656588943363,0.5,,,
vit_tiny_patch16_224,mix50,0,mix50_1+mix50_2+mix50_4,3,task_arithmetic,0.7948333333333334,0.8620247596076793,0.0919345145424207,0.42847984035809833,0.2874951499222152,2.5534340540568032,3.0,0.8580513090801566,0.7372656588943363,1.0,,,
vit_tiny_patch16_224,mix50,0,mix50_1+mix50_2+mix50_4,3,ties,0.8901666666666667,0.9659615255193783,0.0919345145424207,0.42847984035809833,0.2874951499222152,2.5534340540568032,3.0,0.8580513090801566,0.7372656588943363,0.5,0.2,,
vit_tiny_patch16_224,mix50,0,mix50_1+mix50_2+mix50_4,3,ties,0.899,0.975491915544508,0.0919345145424207,0.42847984035809833,0.2874951499222152,2.5534340540568032,3.0,0.8580513090801566,0.7372656588943363,1.0,0.2,,
vit_tiny_patch16_224,mix50,0,mix50_1+mix50_2+mix50_4,3,dare,0.797,0.8644019148951688,0.0919345145424207,0.42847984035809833,0.2874951499222152,2.5534340540568032,3.0,0.8580513090801566,0.7372656588943363,1.0,0.2,0.9,0
vit_tiny_patch16_224,mix50,0,mix50_1+mix50_2+mix50_4,3,dare,0.7988333333333334,0.8663831766003834,0.0919345145424207,0.42847984035809833,0.2874951499222152,2.5534340540568032,3.0,0.8580513090801566,0.7372656588943363,1.0,0.2,0.9,1
vit_tiny_patch16_224,mix50,0,mix50_1+mix50_2+mix50_4,3,dare,0.7983333333333333,0.8657896653448837,0.0919345145424207,0.42847984035809833,0.2874951499222152,2.5534340540568032,3.0,0.8580513090801566,0.7372656588943363,1.0,0.2,0.9,2
vit_tiny_patch16_224,mix50,0,mix50_1+mix50_3+mix50_4,3,averaging,0.8868333333333333,0.9645213627298155,0.08680946379899979,0.4323110282421112,0.28517882109575665,2.568876345952352,3.0,0.8555906542592243,0.7362402784593662,,,,
vit_tiny_patch16_224,mix50,0,mix50_1+mix50_3+mix50_4,3,task_arithmetic,0.8588333333333332,0.9339079321623053,0.08680946379899979,0.4323110282421112,0.28517882109575665,2.568876345952352,3.0,0.8555906542592243,0.7362402784593662,0.1,,,
vit_tiny_patch16_224,mix50,0,mix50_1+mix50_3+mix50_4,3,task_arithmetic,0.8791666666666668,0.9561430800747849,0.08680946379899979,0.4323110282421112,0.28517882109575665,2.568876345952352,3.0,0.8555906542592243,0.7362402784593662,0.2,,,
vit_tiny_patch16_224,mix50,0,mix50_1+mix50_3+mix50_4,3,task_arithmetic,0.8865,0.9641034309621431,0.08680946379899979,0.4323110282421112,0.28517882109575665,2.568876345952352,3.0,0.8555906542592243,0.7362402784593662,0.3,,,
vit_tiny_patch16_224,mix50,0,mix50_1+mix50_3+mix50_4,3,task_arithmetic,0.8756666666666666,0.9522402499053833,0.08680946379899979,0.4323110282421112,0.28517882109575665,2.568876345952352,3.0,0.8555906542592243,0.7362402784593662,0.5,,,
vit_tiny_patch16_224,mix50,0,mix50_1+mix50_3+mix50_4,3,task_arithmetic,0.7966666666666667,0.8659663105563905,0.08680946379899979,0.4323110282421112,0.28517882109575665,2.568876345952352,3.0,0.8555906542592243,0.7362402784593662,1.0,,,
vit_tiny_patch16_224,mix50,0,mix50_1+mix50_3+mix50_4,3,ties,0.8856666666666667,0.9632095543933281,0.08680946379899979,0.4323110282421112,0.28517882109575665,2.568876345952352,3.0,0.8555906542592243,0.7362402784593662,0.5,0.2,,
vit_tiny_patch16_224,mix50,0,mix50_1+mix50_3+mix50_4,3,ties,0.8873333333333333,0.9650050160036322,0.08680946379899979,0.4323110282421112,0.28517882109575665,2.568876345952352,3.0,0.8555906542592243,0.7362402784593662,1.0,0.2,,
vit_tiny_patch16_224,mix50,0,mix50_1+mix50_3+mix50_4,3,dare,0.7873333333333333,0.8555998544742002,0.08680946379899979,0.4323110282421112,0.28517882109575665,2.568876345952352,3.0,0.8555906542592243,0.7362402784593662,1.0,0.2,0.9,0
vit_tiny_patch16_224,mix50,0,mix50_1+mix50_3+mix50_4,3,dare,0.7996666666666666,0.8693269155504804,0.08680946379899979,0.4323110282421112,0.28517882109575665,2.568876345952352,3.0,0.8555906542592243,0.7362402784593662,1.0,0.2,0.9,1
vit_tiny_patch16_224,mix50,0,mix50_1+mix50_3+mix50_4,3,dare,0.7986666666666666,0.8682541784641368,0.08680946379899979,0.4323110282421112,0.28517882109575665,2.568876345952352,3.0,0.8555906542592243,0.7362402784593662,1.0,0.2,0.9,2
vit_tiny_patch16_224,mix50,0,mix50_2+mix50_3+mix50_4,3,averaging,0.8983333333333333,0.9719894993067681,0.0917028933763504,0.42855697870254517,0.28998171349822716,2.5829599698384604,3.0,0.8627353882269332,0.7310172493436693,,,,
vit_tiny_patch16_224,mix50,0,mix50_2+mix50_3+mix50_4,3,task_arithmetic,0.8648333333333333,0.935568594153312,0.0917028933763504,0.42855697870254517,0.28998171349822716,2.5829599698384604,3.0,0.8627353882269332,0.7310172493436693,0.1,,,
vit_tiny_patch16_224,mix50,0,mix50_2+mix50_3+mix50_4,3,task_arithmetic,0.8868333333333333,0.9594638957863041,0.0917028933763504,0.42855697870254517,0.28998171349822716,2.5829599698384604,3.0,0.8627353882269332,0.7310172493436693,0.2,,,
vit_tiny_patch16_224,mix50,0,mix50_2+mix50_3+mix50_4,3,task_arithmetic,0.8983333333333333,0.9719894993067681,0.0917028933763504,0.42855697870254517,0.28998171349822716,2.5829599698384604,3.0,0.8627353882269332,0.7310172493436693,0.3,,,
vit_tiny_patch16_224,mix50,0,mix50_2+mix50_3+mix50_4,3,task_arithmetic,0.8893333333333334,0.9621888583803243,0.0917028933763504,0.42855697870254517,0.28998171349822716,2.5829599698384604,3.0,0.8627353882269332,0.7310172493436693,0.5,,,
vit_tiny_patch16_224,mix50,0,mix50_2+mix50_3+mix50_4,3,task_arithmetic,0.8085,0.8741115771483262,0.0917028933763504,0.42855697870254517,0.28998171349822716,2.5829599698384604,3.0,0.8627353882269332,0.7310172493436693,1.0,,,
vit_tiny_patch16_224,mix50,0,mix50_2+mix50_3+mix50_4,3,ties,0.8905,0.9634121000698451,0.0917028933763504,0.42855697870254517,0.28998171349822716,2.5829599698384604,3.0,0.8627353882269332,0.7310172493436693,0.5,0.2,,
vit_tiny_patch16_224,mix50,0,mix50_2+mix50_3+mix50_4,3,ties,0.9006666666666666,0.9744901439816381,0.0917028933763504,0.42855697870254517,0.28998171349822716,2.5829599698384604,3.0,0.8627353882269332,0.7310172493436693,1.0,0.2,,
vit_tiny_patch16_224,mix50,0,mix50_2+mix50_3+mix50_4,3,dare,0.7966666666666667,0.8610389723139383,0.0917028933763504,0.42855697870254517,0.28998171349822716,2.5829599698384604,3.0,0.8627353882269332,0.7310172493436693,1.0,0.2,0.9,0
vit_tiny_patch16_224,mix50,0,mix50_2+mix50_3+mix50_4,3,dare,0.7996666666666666,0.8646108192708883,0.0917028933763504,0.42855697870254517,0.28998171349822716,2.5829599698384604,3.0,0.8627353882269332,0.7310172493436693,1.0,0.2,0.9,1
vit_tiny_patch16_224,mix50,0,mix50_2+mix50_3+mix50_4,3,dare,0.8029999999999999,0.868204559009942,0.0917028933763504,0.42855697870254517,0.28998171349822716,2.5829599698384604,3.0,0.8627353882269332,0.7310172493436693,1.0,0.2,0.9,2
vit_tiny_patch16_224,mix50,0,mix50_0+mix50_1+mix50_2+mix50_3+mix50_4,5,averaging,0.8783,0.9601988093286492,0.08894802480936051,0.4306732565164566,0.2880007194272337,2.583384323120117,5.0,0.858150320364891,0.7342322539454514,,,,
vit_tiny_patch16_224,mix50,0,mix50_0+mix50_1+mix50_2+mix50_3+mix50_4,5,task_arithmetic,0.8618,0.9420708374321031,0.08894802480936051,0.4306732565164566,0.2880007194272337,2.583384323120117,5.0,0.858150320364891,0.7342322539454514,0.1,,,
vit_tiny_patch16_224,mix50,0,mix50_0+mix50_1+mix50_2+mix50_3+mix50_4,5,task_arithmetic,0.8783,0.9601988093286492,0.08894802480936051,0.4306732565164566,0.2880007194272337,2.583384323120117,5.0,0.858150320364891,0.7342322539454514,0.2,,,
vit_tiny_patch16_224,mix50,0,mix50_0+mix50_1+mix50_2+mix50_3+mix50_4,5,task_arithmetic,0.8742000000000001,0.9556634949082692,0.08894802480936051,0.4306732565164566,0.2880007194272337,2.583384323120117,5.0,0.858150320364891,0.7342322539454514,0.3,,,
vit_tiny_patch16_224,mix50,0,mix50_0+mix50_1+mix50_2+mix50_3+mix50_4,5,task_arithmetic,0.8304,0.9075736024413127,0.08894802480936051,0.4306732565164566,0.2880007194272337,2.583384323120117,5.0,0.858150320364891,0.7342322539454514,0.5,,,
vit_tiny_patch16_224,mix50,0,mix50_0+mix50_1+mix50_2+mix50_3+mix50_4,5,task_arithmetic,0.5519000000000001,0.6022091492995993,0.08894802480936051,0.4306732565164566,0.2880007194272337,2.583384323120117,5.0,0.858150320364891,0.7342322539454514,1.0,,,
vit_tiny_patch16_224,mix50,0,mix50_0+mix50_1+mix50_2+mix50_3+mix50_4,5,ties,0.8798999999999999,0.9619653446690958,0.08894802480936051,0.4306732565164566,0.2880007194272337,2.583384323120117,5.0,0.858150320364891,0.7342322539454514,0.5,0.2,,
vit_tiny_patch16_224,mix50,0,mix50_0+mix50_1+mix50_2+mix50_3+mix50_4,5,ties,0.8724000000000001,0.9536901825336196,0.08894802480936051,0.4306732565164566,0.2880007194272337,2.583384323120117,5.0,0.858150320364891,0.7342322539454514,1.0,0.2,,
vit_tiny_patch16_224,mix50,0,mix50_0+mix50_1+mix50_2+mix50_3+mix50_4,5,dare,0.6016,0.6565863745058731,0.08894802480936051,0.4306732565164566,0.2880007194272337,2.583384323120117,5.0,0.858150320364891,0.7342322539454514,1.0,0.2,0.9,0
vit_tiny_patch16_224,mix50,0,mix50_0+mix50_1+mix50_2+mix50_3+mix50_4,5,dare,0.5865,0.6400573156009928,0.08894802480936051,0.4306732565164566,0.2880007194272337,2.583384323120117,5.0,0.858150320364891,0.7342322539454514,1.0,0.2,0.9,1
vit_tiny_patch16_224,mix50,0,mix50_0+mix50_1+mix50_2+mix50_3+mix50_4,5,dare,0.6006,0.6554960350517949,0.08894802480936051,0.4306732565164566,0.2880007194272337,2.583384323120117,5.0,0.858150320364891,0.7342322539454514,1.0,0.2,0.9,2
vit_tiny_patch16_224,mix50,1,mix50_0+mix50_1,2,averaging,0.8859999999999999,0.983109289375287,0.07745178043842316,0.43939194083213806,0.27524023134381437,2.5770649909973145,2.0,0.8365529227919738,0.7378954681356824,,,,
vit_tiny_patch16_224,mix50,1,mix50_0+mix50_1,2,task_arithmetic,0.826,0.9165595540174014,0.07745178043842316,0.43939194083213806,0.27524023134381437,2.5770649909973145,2.0,0.8365529227919738,0.7378954681356824,0.1,,,
vit_tiny_patch16_224,mix50,1,mix50_0+mix50_1,2,task_arithmetic,0.85375,0.9473495159616315,0.07745178043842316,0.43939194083213806,0.27524023134381437,2.5770649909973145,2.0,0.8365529227919738,0.7378954681356824,0.2,,,
vit_tiny_patch16_224,mix50,1,mix50_0+mix50_1,2,task_arithmetic,0.8714999999999999,0.9670463933201106,0.07745178043842316,0.43939194083213806,0.27524023134381437,2.5770649909973145,2.0,0.8365529227919738,0.7378954681356824,0.3,,,
vit_tiny_patch16_224,mix50,1,mix50_0+mix50_1,2,task_arithmetic,0.8859999999999999,0.983109289375287,0.07745178043842316,0.43939194083213806,0.27524023134381437,2.5770649909973145,2.0,0.8365529227919738,0.7378954681356824,0.5,,,
vit_tiny_patch16_224,mix50,1,mix50_0+mix50_1,2,task_arithmetic,0.8614999999999999,0.9560234859873262,0.07745178043842316,0.43939194083213806,0.27524023134381437,2.5770649909973145,2.0,0.8365529227919738,0.7378954681356824,1.0,,,
vit_tiny_patch16_224,mix50,1,mix50_0+mix50_1,2,ties,0.8685,0.9637175907287232,0.07745178043842316,0.43939194083213806,0.27524023134381437,2.5770649909973145,2.0,0.8365529227919738,0.7378954681356824,0.5,0.2,,
vit_tiny_patch16_224,mix50,1,mix50_0+mix50_1,2,ties,0.889,0.9864380919666744,0.07745178043842316,0.43939194083213806,0.27524023134381437,2.5770649909973145,2.0,0.8365529227919738,0.7378954681356824,1.0,0.2,,
vit_tiny_patch16_224,mix50,1,mix50_0+mix50_1,2,dare,0.85175,0.9452268079568693,0.07745178043842316,0.43939194083213806,0.27524023134381437,2.5770649909973145,2.0,0.8365529227919738,0.7378954681356824,1.0,0.2,0.9,0
vit_tiny_patch16_224,mix50,1,mix50_0+mix50_1,2,dare,0.85375,0.9474606299454956,0.07745178043842316,0.43939194083213806,0.27524023134381437,2.5770649909973145,2.0,0.8365529227919738,0.7378954681356824,1.0,0.2,0.9,1
vit_tiny_patch16_224,mix50,1,mix50_0+mix50_1,2,dare,0.8552500000000001,0.9490987147713268,0.07745178043842316,0.43939194083213806,0.27524023134381437,2.5770649909973145,2.0,0.8365529227919738,0.7378954681356824,1.0,0.2,0.9,2
vit_tiny_patch16_224,mix50,1,mix50_0+mix50_2,2,averaging,0.899,0.9852008253524442,0.08887685835361481,0.43065640330314636,0.2942028789990371,2.6107544898986816,2.0,0.8674947107554702,0.7345489647687877,,,,
vit_tiny_patch16_224,mix50,1,mix50_0+mix50_2,2,task_arithmetic,0.8302499999999999,0.9098447780123803,0.08887685835361481,0.43065640330314636,0.2942028789990371,2.6107544898986816,2.0,0.8674947107554702,0.7345489647687877,0.1,,,
vit_tiny_patch16_224,mix50,1,mix50_0+mix50_2,2,task_arithmetic,0.86175,0.9443475608144951,0.08887685835361481,0.43065640330314636,0.2942028789990371,2.6107544898986816,2.0,0.8674947107554702,0.7345489647687877,0.2,,,
vit_tiny_patch16_224,mix50,1,mix50_0+mix50_2,2,task_arithmetic,0.879,0.9632701948321791,0.08887685835361481,0.43065640330314636,0.2942028789990371,2.6107544898986816,2.0,0.8674947107554702,0.7345489647687877,0.3,,,
vit_tiny_patch16_224,mix50,1,mix50_0+mix50_2,2,task_arithmetic,0.899,0.9852008253524442,0.08887685835361481,0.43065640330314636,0.2942028789990371,2.6107544898986816,2.0,0.8674947107554702,0.7345489647687877,0.5,,,
vit_tiny_patch16_224,mix50,1,mix50_0+mix50_2,2,task_arithmetic,0.87025,0.9537177491610758,0.08887685835361481,0.43065640330314636,0.2942028789990371,2.6107544898986816,2.0,0.8674947107554702,0.7345489647687877,1.0,,,
vit_tiny_patch16_224,mix50,1,mix50_0+mix50_2,2,ties,0.8732500000000001,0.9569431333126754,0.08887685835361481,0.43065640330314636,0.2942028789990371,2.6107544898986816,2.0,0.8674947107554702,0.7345489647687877,0.5,0.2,,
vit_tiny_patch16_224,mix50,1,mix50_0+mix50_2,2,ties,0.8967499999999999,0.9827368984907772,0.08887685835361481,0.43065640330314636,0.2942028789990371,2.6107544898986816,2.0,0.8674947107554702,0.7345489647687877,1.0,0.2,,
vit_tiny_patch16_224,mix50,1,mix50_0+mix50_2,2,dare,0.863,0.9458053191514916,0.08887685835361481,0.43065640330314636,0.2942028789990371,2.6107544898986816,2.0,0.8674947107554702,0.7345489647687877,1.0,0.2,0.9,0
vit_tiny_patch16_224,mix50,1,mix50_0+mix50_2,2,dare,0.86625,0.9492949313847714,0.08887685835361481,0.43065640330314636,0.2942028789990371,2.6107544898986816,2.0,0.8674947107554702,0.7345489647687877,1.0,0.2,0.9,1
vit_tiny_patch16_224,mix50,1,mix50_0+mix50_2,2,dare,0.8552500000000001,0.9372746554826126,0.08887685835361481,0.43065640330314636,0.2942028789990371,2.6107544898986816,2.0,0.8674947107554702,0.7345489647687877,1.0,0.2,0.9,2
vit_tiny_patch16_224,mix50,1,mix50_0+mix50_3,2,averaging,0.889,0.9812362030905077,0.09369656443595886,0.42700210213661194,0.30443732241768573,2.6319634914398193,2.0,0.8863856419541379,0.7276416185729648,,,,
vit_tiny_patch16_224,mix50,1,mix50_0+mix50_3,2,task_arithmetic,0.8285,0.9144591611479027,0.09369656443595886,0.42700210213661194,0.30443732241768573,2.6319634914398193,2.0,0.8863856419541379,0.7276416185729648,0.1,,,
vit_tiny_patch16_224,mix50,1,mix50_0+mix50_3,2,task_arithmetic,0.8612500000000001,0.95060706401766,0.09369656443595886,0.42700210213661194,0.30443732241768573,2.6319634914398193,2.0,0.8863856419541379,0.7276416185729648,0.2,,,
vit_tiny_patch16_224,mix50,1,mix50_0+mix50_3,2,task_arithmetic,0.8775,0.9685430463576159,0.09369656443595886,0.42700210213661194,0.30443732241768573,2.6319634914398193,2.0,0.8863856419541379,0.7276416185729648,0.3,,,
vit_tiny_patch16_224,mix50,1,mix50_0+mix50_3,2,task_arithmetic,0.889,0.9812362030905077,0.09369656443595886,0.42700210213661194,0.30443732241768573,2.6319634914398193,2.0,0.8863856419541379,0.7276416185729648,0.5,,,
vit_tiny_patch16_224,mix50,1,mix50_0+mix50_3,2,task_arithmetic,0.86175,0.951158940397351,0.09369656443595886,0.42700210213661194,0.30443732241768573,2.6319634914398193,2.0,0.8863856419541379,0.7276416185729648,1.0,,,
vit_tiny_patch16_224,mix50,1,mix50_0+mix50_3,2,ties,0.87075,0.9610927152317881,0.09369656443595886,0.42700210213661194,0.30443732241768573,2.6319634914398193,2.0,0.8863856419541379,0.7276416185729648,0.5,0.2,,
vit_tiny_patch16_224,mix50,1,mix50_0+mix50_3,2,ties,0.89225,0.9848233995584988,0.09369656443595886,0.42700210213661194,0.30443732241768573,2.6319634914398193,2.0,0.8863856419541379,0.7276416185729648,1.0,0.2,,
vit_tiny_patch16_224,mix50,1,mix50_0+mix50_3,2,dare,0.849,0.9370860927152317,0.09369656443595886,0.42700210213661194,0.30443732241768573,2.6319634914398193,2.0,0.8863856419541379,0.7276416185729648,1.0,0.2,0.9,0
vit_tiny_patch16_224,mix50,1,mix50_0+mix50_3,2,dare,0.85675,0.9456401766004414,0.09369656443595886,0.42700210213661194,0.30443732241768573,2.6319634914398193,2.0,0.8863856419541379,0.7276416185729648,1.0,0.2,0.9,1
vit_tiny_patch16_224,mix50,1,mix50_0+mix50_3,2,dare,0.8545,0.9431567328918322,0.09369656443595886,0.42700210213661194,0.30443732241768573,2.6319634914398193,2.0,0.8863856419541379,0.7276416185729648,1.0,0.2,0.9,2
vit_tiny_patch16_224,mix50,1,mix50_0+mix50_4,2,averaging,0.9097500000000001,0.9805749104617627,0.08648592233657837,0.4325029253959656,0.2795018772087475,2.5895094871520996,2.0,0.8526432525613163,0.7341906046136693,,,,
vit_tiny_patch16_224,mix50,1,mix50_0+mix50_4,2,task_arithmetic,0.85575,0.9220594492047052,0.08648592233657837,0.4325029253959656,0.2795018772087475,2.5895094871520996,2.0,0.8526432525613163,0.7341906046136693,0.1,,,
vit_tiny_patch16_224,mix50,1,mix50_0+mix50_4,2,task_arithmetic,0.8832500000000001,0.9518816979309431,0.08648592233657837,0.4325029253959656,0.2795018772087475,2.5895094871520996,2.0,0.8526432525613163,0.7341906046136693,0.2,,,
vit_tiny_patch16_224,mix50,1,mix50_0+mix50_4,2,task_arithmetic,0.8975,0.9672562066476256,0.08648592233657837,0.4325029253959656,0.2795018772087475,2.5895094871520996,2.0,0.8526432525613163,0.7341906046136693,0.3,,,
vit_tiny_patch16_224,mix50,1,mix50_0+mix50_4,2,task_arithmetic,0.9097500000000001,0.9805749104617627,0.08648592233657837,0.4325029253959656,0.2795018772087475,2.5895094871520996,2.0,0.8526432525613163,0.7341906046136693,0.5,,,
vit_tiny_patch16_224,mix50,1,mix50_0+mix50_4,2,task_arithmetic,0.8945000000000001,0.9639702318055163,0.08648592233657837,0.4325029253959656,0.2795018772087475,2.5895094871520996,2.0,0.8526432525613163,0.7341906046136693,1.0,,,
vit_tiny_patch16_224,mix50,1,mix50_0+mix50_4,2,ties,0.89175,0.9610107620253253,0.08648592233657837,0.4325029253959656,0.2795018772087475,2.5895094871520996,2.0,0.8526432525613163,0.7341906046136693,0.5,0.2,,
vit_tiny_patch16_224,mix50,1,mix50_0+mix50_4,2,ties,0.911,0.9819040345389174,0.08648592233657837,0.4325029253959656,0.2795018772087475,2.5895094871520996,2.0,0.8526432525613163,0.7341906046136693,1.0,0.2,,
vit_tiny_patch16_224,mix50,1,mix50_0+mix50_4,2,dare,0.88225,0.9506894531454337,0.08648592233657837,0.4325029253959656,0.2795018772087475,2.5895094871520996,2.0,0.8526432525613163,0.7341906046136693,1.0,0.2,0.9,0
vit_tiny_patch16_224,mix50,1,mix50_0+mix50_4,2,dare,0.88375,0.9523450822845065,0.08648592233657837,0.4325029253959656,0.2795018772087475,2.5895094871520996,2.0,0.8526432525613163,0.7341906046136693,1.0,0.2,0.9,1
vit_tiny_patch16_224,mix50,1,mix50_0+mix50_4,2,dare,0.884,0.9526463039103885,0.08648592233657837,0.4325029253959656,0.2795018772087475,2.5895094871520996,2.0,0.8526432525613163,0.7341906046136693,1.0,0.2,0.9,2
vit_tiny_patch16_224,mix50,1,mix50_1+mix50_2,2,averaging,0.8907499999999999,0.9812421901882973,0.0788075178861618,0.4384758472442627,0.28361108415072056,2.553701877593994,2.0,0.8453872055309912,0.7406976673547653,,,,
vit_tiny_patch16_224,mix50,1,mix50_1+mix50_2,2,task_arithmetic,0.8360000000000001,0.9210657514078144,0.0788075178861618,0.4384758472442627,0.28361108415072056,2.553701877593994,2.0,0.8453872055309912,0.7406976673547653,0.1,,,
vit_tiny_patch16_224,mix50,1,mix50_1+mix50_2,2,task_arithmetic,0.86175,0.9493038154059403,0.0788075178861618,0.4384758472442627,0.28361108415072056,2.553701877593994,2.0,0.8453872055309912,0.7406976673547653,0.2,,,
vit_tiny_patch16_224,mix50,1,mix50_1+mix50_2,2,task_arithmetic,0.877,0.9661368992096577,0.0788075178861618,0.4384758472442627,0.28361108415072056,2.553701877593994,2.0,0.8453872055309912,0.7406976673547653,0.3,,,
vit_tiny_patch16_224,mix50,1,mix50_1+mix50_2,2,task_arithmetic,0.8907499999999999,0.9812421901882973,0.0788075178861618,0.4384758472442627,0.28361108415072056,2.553701877593994,2.0,0.8453872055309912,0.7406976673547653,0.5,,,
vit_tiny_patch16_224,mix50,1,mix50_1+mix50_2,2,task_arithmetic,0.865,0.9530792278277208,0.0788075178861618,0.4384758472442627,0.28361108415072056,2.553701877593994,2.0,0.8453872055309912,0.7406976673547653,1.0,,,
vit_tiny_patch16_224,mix50,1,mix50_1+mix50_2,2,ties,0.8752500000000001,0.9641985183584816,0.0788075178861618,0.4384758472442627,0.28361108415072056,2.553701877593994,2.0,0.8453872055309912,0.7406976673547653,0.5,0.2,,
vit_tiny_patch16_224,mix50,1,mix50_1+mix50_2,2,ties,0.8955,0.9865542276304842,0.0788075178861618,0.4384758472442627,0.28361108415072056,2.553701877593994,2.0,0.8453872055309912,0.7406976673547653,1.0,0.2,,
vit_tiny_patch16_224,mix50,1,mix50_1+mix50_2,2,dare,0.85575,0.9429115281468801,0.0788075178861618,0.4384758472442627,0.28361108415072056,2.553701877593994,2.0,0.8453872055309912,0.7406976673547653,1.0,0.2,0.9,0
vit_tiny_patch16_224,mix50,1,mix50_1+mix50_2,2,dare,0.8592500000000001,0.9467336704764691,0.0788075178861618,0.4384758472442627,0.28361108415072056,2.553701877593994,2.0,0.8453872055309912,0.7406976673547653,1.0,0.2,0.9,1
vit_tiny_patch16_224,mix50,1,mix50_1+mix50_2,2,dare,0.85175,0.9385043516468043,0.0788075178861618,0.4384758472442627,0.28361108415072056,2.553701877593994,2.0,0.8453872055309912,0.7406976673547653,1.0,0.2,0.9,2
vit_tiny_patch16_224,mix50,1,mix50_1+mix50_3,2,averaging,0.87725,0.9733958957387633,0.07351807504892349,0.4424706995487213,0.2769684679060703,2.574910879135132,2.0,0.8377409391255289,0.7337903211589424,,,,
vit_tiny_patch16_224,mix50,1,mix50_1+mix50_3,2,task_arithmetic,0.827,0.9176662308289905,0.07351807504892349,0.4424706995487213,0.2769684679060703,2.574910879135132,2.0,0.8377409391255289,0.7337903211589424,0.1,,,
vit_tiny_patch16_224,mix50,1,mix50_1+mix50_3,2,task_arithmetic,0.856,0.949818339409206,0.07351807504892349,0.4424706995487213,0.2769684679060703,2.574910879135132,2.0,0.8377409391255289,0.7337903211589424,0.2,,,
vit_tiny_patch16_224,mix50,1,mix50_1+mix50_3,2,task_arithmetic,0.87025,0.9656491580576414,0.07351807504892349,0.4424706995487213,0.2769684679060703,2.574910879135132,2.0,0.8377409391255289,0.7337903211589424,0.3,,,
vit_tiny_patch16_224,mix50,1,mix50_1+mix50_3,2,task_arithmetic,0.87725,0.9733958957387633,0.07351807504892349,0.4424706995487213,0.2769684679060703,2.574910879135132,2.0,0.8377409391255289,0.7337903211589424,0.5,,,
vit_tiny_patch16_224,mix50,1,mix50_1+mix50_3,2,task_arithmetic,0.8480000000000001,0.9410731148481524,0.07351807504892349,0.4424706995487213,0.2769684679060703,2.574910879135132,2.0,0.8377409391255289,0.7337903211589424,1.0,,,
vit_tiny_patch16_224,mix50,1,mix50_1+mix50_3,2,ties,0.86825,0.9634328803822567,0.07351807504892349,0.4424706995487213,0.2769684679060703,2.574910879135132,2.0,0.8377409391255289,0.7337903211589424,0.5,0.2,,
vit_tiny_patch16_224,mix50,1,mix50_1+mix50_3,2,ties,0.8825,0.9792227622997947,0.07351807504892349,0.4424706995487213,0.2769684679060703,2.574910879135132,2.0,0.8377409391255289,0.7337903211589424,1.0,0.2,,
vit_tiny_patch16_224,mix50,1,mix50_1+mix50_3,2,dare,0.8375,0.9295071032922981,0.07351807504892349,0.4424706995487213,0.2769684679060703,2.574910879135132,2.0,0.8377409391255289,0.7337903211589424,1.0,0.2,0.9,0
vit_tiny_patch16_224,mix50,1,mix50_1+mix50_3,2,dare,0.84975,0.9430193024381055,0.07351807504892349,0.4424706995487213,0.2769684679060703,2.574910879135132,2.0,0.8377409391255289,0.7337903211589424,1.0,0.2,0.9,1
vit_tiny_patch16_224,mix50,1,mix50_1+mix50_3,2,dare,0.846,0.938903622008079,0.07351807504892349,0.4424706995487213,0.2769684679060703,2.574910879135132,2.0,0.8377409391255289,0.7337903211589424,1.0,0.2,0.9,2
vit_tiny_patch16_224,mix50,1,mix50_1+mix50_4,2,averaging,0.907,0.9827443157772003,0.0977867841720581,0.42403653264045715,0.3008085998806774,2.532456874847412,2.0,0.8679081143536302,0.7403393071996468,,,,
vit_tiny_patch16_224,mix50,1,mix50_1+mix50_4,2,task_arithmetic,0.86125,0.9330823132614194,0.0977867841720581,0.42403653264045715,0.3008085998806774,2.532456874847412,2.0,0.8679081143536302,0.7403393071996468,0.1,,,
vit_tiny_patch16_224,mix50,1,mix50_1+mix50_4,2,task_arithmetic,0.88025,0.9536999101590734,0.0977867841720581,0.42403653264045715,0.3008085998806774,2.532456874847412,2.0,0.8679081143536302,0.7403393071996468,0.2,,,
vit_tiny_patch16_224,mix50,1,mix50_1+mix50_4,2,task_arithmetic,0.8975,0.9723654713623603,0.0977867841720581,0.42403653264045715,0.3008085998806774,2.532456874847412,2.0,0.8679081143536302,0.7403393071996468,0.3,,,
vit_tiny_patch16_224,mix50,1,mix50_1+mix50_4,2,task_arithmetic,0.907,0.9827443157772003,0.0977867841720581,0.42403653264045715,0.3008085998806774,2.532456874847412,2.0,0.8679081143536302,0.7403393071996468,0.5,,,
vit_tiny_patch16_224,mix50,1,mix50_1+mix50_4,2,task_arithmetic,0.8945000000000001,0.9690969533088569,0.0977867841720581,0.42403653264045715,0.3008085998806774,2.532456874847412,2.0,0.8679081143536302,0.7403393071996468,1.0,,,
vit_tiny_patch16_224,mix50,1,mix50_1+mix50_4,2,ties,0.8955,0.9702279680472918,0.0977867841720581,0.42403653264045715,0.3008085998806774,2.532456874847412,2.0,0.8679081143536302,0.7403393071996468,0.5,0.2,,
vit_tiny_patch16_224,mix50,1,mix50_1+mix50_4,2,ties,0.9079999999999999,0.9838286332049597,0.0977867841720581,0.42403653264045715,0.3008085998806774,2.532456874847412,2.0,0.8679081143536302,0.7403393071996468,1.0,0.2,,
vit_tiny_patch16_224,mix50,1,mix50_1+mix50_4,2,dare,0.888,0.9623135081222483,0.0977867841720581,0.42403653264045715,0.3008085998806774,2.532456874847412,2.0,0.8679081143536302,0.7403393071996468,1.0,0.2,0.9,0
vit_tiny_patch16_224,mix50,1,mix50_1+mix50_4,2,dare,0.8855,0.9593380964590222,0.0977867841720581,0.42403653264045715,0.3008085998806774,2.532456874847412,2.0,0.8679081143536302,0.7403393071996468,1.0,0.2,0.9,1
vit_tiny_patch16_224,mix50,1,mix50_1+mix50_4,2,dare,0.8935,0.9681527278131239,0.0977867841720581,0.42403653264045715,0.3008085998806774,2.532456874847412,2.0,0.8679081143536302,0.7403393071996468,1.0,0.2,0.9,2
vit_tiny_patch16_224,mix50,1,mix50_2+mix50_3,2,averaging,0.89425,0.9799775165923225,0.0949200764298439,0.42603984475135803,0.3038481807166309,2.608600378036499,2.0,0.8776031742517615,0.7304438177920478,,,,
vit_tiny_patch16_224,mix50,1,mix50_2+mix50_3,2,task_arithmetic,0.83375,0.9137157194089938,0.0949200764298439,0.42603984475135803,0.3038481807166309,2.608600378036499,2.0,0.8776031742517615,0.7304438177920478,0.1,,,
vit_tiny_patch16_224,mix50,1,mix50_2+mix50_3,2,task_arithmetic,0.8660000000000001,0.9490307033030912,0.0949200764298439,0.42603984475135803,0.3038481807166309,2.608600378036499,2.0,0.8776031742517615,0.7304438177920478,0.2,,,
vit_tiny_patch16_224,mix50,1,mix50_2+mix50_3,2,task_arithmetic,0.88525,0.9701061956681006,0.0949200764298439,0.42603984475135803,0.3038481807166309,2.608600378036499,2.0,0.8776031742517615,0.7304438177920478,0.3,,,
vit_tiny_patch16_224,mix50,1,mix50_2+mix50_3,2,task_arithmetic,0.89425,0.9799775165923225,0.0949200764298439,0.42603984475135803,0.3038481807166309,2.608600378036499,2.0,0.8776031742517615,0.7304438177920478,0.5,,,
vit_tiny_patch16_224,mix50,1,mix50_2+mix50_3,2,task_arithmetic,0.869,0.9523224447342946,0.0949200764298439,0.42603984475135803,0.3038481807166309,2.608600378036499,2.0,0.8776031742517615,0.7304438177920478,1.0,,,
vit_tiny_patch16_224,mix50,1,mix50_2+mix50_3,2,ties,0.879,0.9632662914627907,0.0949200764298439,0.42603984475135803,0.3038481807166309,2.608600378036499,2.0,0.8776031742517615,0.7304438177920478,0.5,0.2,,
vit_tiny_patch16_224,mix50,1,mix50_2+mix50_3,2,ties,0.8979999999999999,0.9840853624848969,0.0949200764298439,0.42603984475135803,0.3038481807166309,2.608600378036499,2.0,0.8776031742517615,0.7304438177920478,1.0,0.2,,
vit_tiny_patch16_224,mix50,1,mix50_2+mix50_3,2,dare,0.86,0.9424511238100728,0.0949200764298439,0.42603984475135803,0.3038481807166309,2.608600378036499,2.0,0.8776031742517615,0.7304438177920478,1.0,0.2,0.9,0
vit_tiny_patch16_224,mix50,1,mix50_2+mix50_3,2,dare,0.861,0.9435626833082316,0.0949200764298439,0.42603984475135803,0.3038481807166309,2.608600378036499,2.0,0.8776031742517615,0.7304438177920478,1.0,0.2,0.9,1
vit_tiny_patch16_224,mix50,1,mix50_2+mix50_3,2,dare,0.8534999999999999,0.9353547982618595,0.0949200764298439,0.42603984475135803,0.3038481807166309,2.608600378036499,2.0,0.8776031742517615,0.7304438177920478,1.0,0.2,0.9,2
vit_tiny_patch16_224,mix50,1,mix50_2+mix50_4,2,averaging,0.915,0.9794640212104073,0.0970732569694519,0.4245505928993225,0.2978293160928132,2.5661463737487793,2.0,0.8670411450905207,0.7369928038327522,,,,
vit_tiny_patch16_224,mix50,1,mix50_2+mix50_4,2,task_arithmetic,0.8634999999999999,0.9241064393893813,0.0970732569694519,0.4245505928993225,0.2978293160928132,2.5661463737487793,2.0,0.8670411450905207,0.7369928038327522,0.1,,,
vit_tiny_patch16_224,mix50,1,mix50_2+mix50_4,2,task_arithmetic,0.8907499999999999,0.9534349159198959,0.0970732569694519,0.4245505928993225,0.2978293160928132,2.5661463737487793,2.0,0.8670411450905207,0.7369928038327522,0.2,,,
vit_tiny_patch16_224,mix50,1,mix50_2+mix50_4,2,task_arithmetic,0.90725,0.9711095869139075,0.0970732569694519,0.4245505928993225,0.2978293160928132,2.5661463737487793,2.0,0.8670411450905207,0.7369928038327522,0.3,,,
vit_tiny_patch16_224,mix50,1,mix50_2+mix50_4,2,task_arithmetic,0.915,0.9794640212104073,0.0970732569694519,0.4245505928993225,0.2978293160928132,2.5661463737487793,2.0,0.8670411450905207,0.7369928038327522,0.5,,,
vit_tiny_patch16_224,mix50,1,mix50_2+mix50_4,2,task_arithmetic,0.89225,0.9548224510810053,0.0970732569694519,0.4245505928993225,0.2978293160928132,2.5661463737487793,2.0,0.8670411450905207,0.7369928038327522,1.0,,,
vit_tiny_patch16_224,mix50,1,mix50_2+mix50_4,2,ties,0.90125,0.9646681347092364,0.0970732569694519,0.4245505928993225,0.2978293160928132,2.5661463737487793,2.0,0.8670411450905207,0.7369928038327522,0.5,0.2,,
vit_tiny_patch16_224,mix50,1,mix50_2+mix50_4,2,ties,0.91725,0.9818249511082231,0.0970732569694519,0.4245505928993225,0.2978293160928132,2.5661463737487793,2.0,0.8670411450905207,0.7369928038327522,1.0,0.2,,
vit_tiny_patch16_224,mix50,1,mix50_2+mix50_4,2,dare,0.8885000000000001,0.950811835563188,0.0970732569694519,0.4245505928993225,0.2978293160928132,2.5661463737487793,2.0,0.8670411450905207,0.7369928038327522,1.0,0.2,0.9,0
vit_tiny_patch16_224,mix50,1,mix50_2+mix50_4,2,dare,0.88275,0.9446336798303443,0.0970732569694519,0.4245505928993225,0.2978293160928132,2.5661463737487793,2.0,0.8670411450905207,0.7369928038327522,1.0,0.2,0.9,1
vit_tiny_patch16_224,mix50,1,mix50_2+mix50_4,2,dare,0.88225,0.9440633951435409,0.0970732569694519,0.4245505928993225,0.2978293160928132,2.5661463737487793,2.0,0.8670411450905207,0.7369928038327522,1.0,0.2,0.9,2
vit_tiny_patch16_224,mix50,1,mix50_3+mix50_4,2,averaging,0.9077500000000001,0.978304196352908,0.08861269801855087,0.43083274364471436,0.2882077449342942,2.587355375289917,2.0,0.8607071457886669,0.7300854576369293,,,,
vit_tiny_patch16_224,mix50,1,mix50_3+mix50_4,2,task_arithmetic,0.8565,0.9229378306463143,0.08861269801855087,0.43083274364471436,0.2882077449342942,2.587355375289917,2.0,0.8607071457886669,0.7300854576369293,0.1,,,
vit_tiny_patch16_224,mix50,1,mix50_3+mix50_4,2,task_arithmetic,0.8825000000000001,0.9511423753875341,0.08861269801855087,0.43083274364471436,0.2882077449342942,2.587355375289917,2.0,0.8607071457886669,0.7300854576369293,0.2,,,
vit_tiny_patch16_224,mix50,1,mix50_3+mix50_4,2,task_arithmetic,0.896,0.9656005775085528,0.08861269801855087,0.43083274364471436,0.2882077449342942,2.587355375289917,2.0,0.8607071457886669,0.7300854576369293,0.3,,,
vit_tiny_patch16_224,mix50,1,mix50_3+mix50_4,2,task_arithmetic,0.9077500000000001,0.978304196352908,0.08861269801855087,0.43083274364471436,0.2882077449342942,2.587355375289917,2.0,0.8607071457886669,0.7300854576369293,0.5,,,
vit_tiny_patch16_224,mix50,1,mix50_3+mix50_4,2,task_arithmetic,0.8805000000000001,0.9486314686363335,0.08861269801855087,0.43083274364471436,0.2882077449342942,2.587355375289917,2.0,0.8607071457886669,0.7300854576369293,1.0,,,
vit_tiny_patch16_224,mix50,1,mix50_3+mix50_4,2,ties,0.893,0.9624157364105891,0.08861269801855087,0.43083274364471436,0.2882077449342942,2.587355375289917,2.0,0.8607071457886669,0.7300854576369293,0.5,0.2,,
vit_tiny_patch16_224,mix50,1,mix50_3+mix50_4,2,ties,0.91025,0.9810509365333444,0.08861269801855087,0.43083274364471436,0.2882077449342942,2.587355375289917,2.0,0.8607071457886669,0.7300854576369293,1.0,0.2,,
vit_tiny_patch16_224,mix50,1,mix50_3+mix50_4,2,dare,0.87375,0.9414339718708695,0.08861269801855087,0.43083274364471436,0.2882077449342942,2.587355375289917,2.0,0.8607071457886669,0.7300854576369293,1.0,0.2,0.9,0
vit_tiny_patch16_224,mix50,1,mix50_3+mix50_4,2,dare,0.8745,0.9421606526962605,0.08861269801855087,0.43083274364471436,0.2882077449342942,2.587355375289917,2.0,0.8607071457886669,0.7300854576369293,1.0,0.2,0.9,1
vit_tiny_patch16_224,mix50,1,mix50_3+mix50_4,2,dare,0.8775,0.9454087023843152,0.08861269801855087,0.43083274364471436,0.2882077449342942,2.587355375289917,2.0,0.8607071457886669,0.7300854576369293,1.0,0.2,0.9,2
vit_tiny_patch16_224,mix50,1,mix50_0+mix50_1+mix50_2,3,averaging,0.8815,0.9717276971887041,0.08171205222606659,0.43617473045984906,0.284351398164524,2.5805071194966636,3.0,0.8498116130261452,0.7377140334197452,,,,
vit_tiny_patch16_224,mix50,1,mix50_0+mix50_1+mix50_2,3,task_arithmetic,0.8414999999999999,0.9276720688164728,0.08171205222606659,0.43617473045984906,0.284351398164524,2.5805071194966636,3.0,0.8498116130261452,0.7377140334197452,0.1,,,
vit_tiny_patch16_224,mix50,1,mix50_0+mix50_1+mix50_2,3,task_arithmetic,0.8683333333333333,0.9571865577701865,0.08171205222606659,0.43617473045984906,0.284351398164524,2.5805071194966636,3.0,0.8498116130261452,0.7377140334197452,0.2,,,
vit_tiny_patch16_224,mix50,1,mix50_0+mix50_1+mix50_2,3,task_arithmetic,0.8799999999999999,0.9700714244377352,0.08171205222606659,0.43617473045984906,0.284351398164524,2.5805071194966636,3.0,0.8498116130261452,0.7377140334197452,0.3,,,
vit_tiny_patch16_224,mix50,1,mix50_0+mix50_1+mix50_2,3,task_arithmetic,0.876,0.9657338186436307,0.08171205222606659,0.43617473045984906,0.284351398164524,2.5805071194966636,3.0,0.8498116130261452,0.7377140334197452,0.5,,,
vit_tiny_patch16_224,mix50,1,mix50_0+mix50_1+mix50_2,3,task_arithmetic,0.7811666666666667,0.8614192919124776,0.08171205222606659,0.43617473045984906,0.284351398164524,2.5805071194966636,3.0,0.8498116130261452,0.7377140334197452,1.0,,,
vit_tiny_patch16_224,mix50,1,mix50_0+mix50_1+mix50_2,3,ties,0.875,0.9645578836657939,0.08171205222606659,0.43617473045984906,0.284351398164524,2.5805071194966636,3.0,0.8498116130261452,0.7377140334197452,0.5,0.2,,
vit_tiny_patch16_224,mix50,1,mix50_0+mix50_1+mix50_2,3,ties,0.8823333333333333,0.9726669941024603,0.08171205222606659,0.43617473045984906,0.284351398164524,2.5805071194966636,3.0,0.8498116130261452,0.7377140334197452,1.0,0.2,,
vit_tiny_patch16_224,mix50,1,mix50_0+mix50_1+mix50_2,3,dare,0.775,0.8546492480105816,0.08171205222606659,0.43617473045984906,0.284351398164524,2.5805071194966636,3.0,0.8498116130261452,0.7377140334197452,1.0,0.2,0.9,0
vit_tiny_patch16_224,mix50,1,mix50_0+mix50_1+mix50_2,3,dare,0.7646666666666667,0.8432926111635514,0.08171205222606659,0.43617473045984906,0.284351398164524,2.5805071194966636,3.0,0.8498116130261452,0.7377140334197452,1.0,0.2,0.9,1
vit_tiny_patch16_224,mix50,1,mix50_0+mix50_1+mix50_2,3,dare,0.7803333333333334,0.8604520324342187,0.08171205222606659,0.43617473045984906,0.284351398164524,2.5805071194966636,3.0,0.8498116130261452,0.7377140334197452,1.0,0.2,0.9,2
vit_tiny_patch16_224,mix50,1,mix50_0+mix50_1+mix50_3,3,averaging,0.874,0.9680991034137745,0.08155547330776851,0.4362882475058238,0.28554867388919014,2.594646453857422,3.0,0.8535598346238803,0.7331091359558632,,,,
vit_tiny_patch16_224,mix50,1,mix50_0+mix50_1+mix50_3,3,task_arithmetic,0.838,0.9282353457789202,0.08155547330776851,0.4362882475058238,0.28554867388919014,2.594646453857422,3.0,0.8535598346238803,0.7331091359558632,0.1,,,
vit_tiny_patch16_224,mix50,1,mix50_0+mix50_1+mix50_3,3,task_arithmetic,0.8658333333333333,0.9590519832871437,0.08155547330776851,0.4362882475058238,0.28554867388919014,2.594646453857422,3.0,0.8535598346238803,0.7331091359558632,0.2,,,
vit_tiny_patch16_224,mix50,1,mix50_0+mix50_1+mix50_3,3,task_arithmetic,0.8744999999999999,0.9686392835846377,0.08155547330776851,0.4362882475058238,0.28554867388919014,2.594646453857422,3.0,0.8535598346238803,0.7331091359558632,0.3,,,
vit_tiny_patch16_224,mix50,1,mix50_0+mix50_1+mix50_3,3,task_arithmetic,0.871,0.9647858957674909,0.08155547330776851,0.4362882475058238,0.28554867388919014,2.594646453857422,3.0,0.8535598346238803,0.7331091359558632,0.5,,,
vit_tiny_patch16_224,mix50,1,mix50_0+mix50_1+mix50_3,3,task_arithmetic,0.777,0.8608713388301411,0.08155547330776851,0.4362882475058238,0.28554867388919014,2.594646453857422,3.0,0.8535598346238803,0.7331091359558632,1.0,,,
vit_tiny_patch16_224,mix50,1,mix50_0+mix50_1+mix50_3,3,ties,0.871,0.9647625033498354,0.08155547330776851,0.4362882475058238,0.28554867388919014,2.594646453857422,3.0,0.8535598346238803,0.7331091359558632,0.5,0.2,,
vit_tiny_patch16_224,mix50,1,mix50_0+mix50_1+mix50_3,3,ties,0.8771666666666667,0.9715943204851505,0.08155547330776851,0.4362882475058238,0.28554867388919014,2.594646453857422,3.0,0.8535598346238803,0.7331091359558632,1.0,0.2,,
vit_tiny_patch16_224,mix50,1,mix50_0+mix50_1+mix50_3,3,dare,0.7768333333333333,0.8606834813006348,0.08155547330776851,0.4362882475058238,0.28554867388919014,2.594646453857422,3.0,0.8535598346238803,0.7331091359558632,1.0,0.2,0.9,0
vit_tiny_patch16_224,mix50,1,mix50_0+mix50_1+mix50_3,3,dare,0.773,0.8564485303200616,0.08155547330776851,0.4362882475058238,0.28554867388919014,2.594646453857422,3.0,0.8535598346238803,0.7331091359558632,1.0,0.2,0.9,1
vit_tiny_patch16_224,mix50,1,mix50_0+mix50_1+mix50_3,3,dare,0.7798333333333334,0.8639479547434693,0.08155547330776851,0.4362882475058238,0.28554867388919014,2.594646453857422,3.0,0.8535598346238803,0.7331091359558632,1.0,0.2,0.9,2
vit_tiny_patch16_224,mix50,1,mix50_0+mix50_1+mix50_4,3,averaging,0.8925000000000001,0.9729225481641604,0.08724149564901988,0.43197713295618695,0.2851835694777464,2.5663437843322754,3.0,0.8523680965689735,0.7374751266496662,,,,
vit_tiny_patch16_224,mix50,1,mix50_0+mix50_1+mix50_4,3,task_arithmetic,0.8581666666666666,0.9354727887071119,0.08724149564901988,0.43197713295618695,0.2851835694777464,2.5663437843322754,3.0,0.8523680965689735,0.7374751266496662,0.1,,,
vit_tiny_patch16_224,mix50,1,mix50_0+mix50_1+mix50_4,3,task_arithmetic,0.882,0.96147761932402,0.08724149564901988,0.43197713295618695,0.2851835694777464,2.5663437843322754,3.0,0.8523680965689735,0.7374751266496662,0.2,,,
vit_tiny_patch16_224,mix50,1,mix50_0+mix50_1+mix50_4,3,task_arithmetic,0.8918333333333334,0.9722262723437015,0.08724149564901988,0.43197713295618695,0.2851835694777464,2.5663437843322754,3.0,0.8523680965689735,0.7374751266496662,0.3,,,
vit_tiny_patch16_224,mix50,1,mix50_0+mix50_1+mix50_4,3,task_arithmetic,0.8888333333333334,0.9689266519246265,0.08724149564901988,0.43197713295618695,0.2851835694777464,2.5663437843322754,3.0,0.8523680965689735,0.7374751266496662,0.5,,,
vit_tiny_patch16_224,mix50,1,mix50_0+mix50_1+mix50_4,3,task_arithmetic,0.8051666666666666,0.8771565495672684,0.08724149564901988,0.43197713295618695,0.2851835694777464,2.5663437843322754,3.0,0.8523680965689735,0.7374751266496662,1.0,,,
vit_tiny_patch16_224,mix50,1,mix50_0+mix50_1+mix50_4,3,ties,0.8876666666666667,0.9676856085078112,0.08724149564901988,0.43197713295618695,0.2851835694777464,2.5663437843322754,3.0,0.8523680965689735,0.7374751266496662,0.5,0.2,,
vit_tiny_patch16_224,mix50,1,mix50_0+mix50_1+mix50_4,3,ties,0.8923333333333333,0.972791735950601,0.08724149564901988,0.43197713295618695,0.2851835694777464,2.5663437843322754,3.0,0.8523680965689735,0.7374751266496662,1.0,0.2,,
vit_tiny_patch16_224,mix50,1,mix50_0+mix50_1+mix50_4,3,dare,0.798,0.8694933077143148,0.08724149564901988,0.43197713295618695,0.2851835694777464,2.5663437843322754,3.0,0.8523680965689735,0.7374751266496662,1.0,0.2,0.9,0
vit_tiny_patch16_224,mix50,1,mix50_0+mix50_1+mix50_4,3,dare,0.799,0.8706035389175709,0.08724149564901988,0.43197713295618695,0.2851835694777464,2.5663437843322754,3.0,0.8523680965689735,0.7374751266496662,1.0,0.2,0.9,1
vit_tiny_patch16_224,mix50,1,mix50_0+mix50_1+mix50_4,3,dare,0.7996666666666666,0.8710754738607607,0.08724149564901988,0.43197713295618695,0.2851835694777464,2.5663437843322754,3.0,0.8523680965689735,0.7374751266496662,1.0,0.2,0.9,2
vit_tiny_patch16_224,mix50,1,mix50_0+mix50_2+mix50_3,3,averaging,0.8853333333333332,0.9725180776045882,0.09249783307313919,0.42789945006370544,0.3008294607111179,2.6171061197916665,3.0,0.8771611756537899,0.7308781337112668,,,,
vit_tiny_patch16_224,mix50,1,mix50_0+mix50_2+mix50_3,3,task_arithmetic,0.844,0.927133101293036,0.09249783307313919,0.42789945006370544,0.3008294607111179,2.6171061197916665,3.0,0.8771611756537899,0.7308781337112668,0.1,,,
vit_tiny_patch16_224,mix50,1,mix50_0+mix50_2+mix50_3,3,task_arithmetic,0.8708333333333332,0.9566047412126147,0.09249783307313919,0.42789945006370544,0.3008294607111179,2.6171061197916665,3.0,0.8771611756537899,0.7308781337112668,0.2,,,
vit_tiny_patch16_224,mix50,1,mix50_0+mix50_2+mix50_3,3,task_arithmetic,0.886,0.9732565150237685,0.09249783307313919,0.42789945006370544,0.3008294607111179,2.6171061197916665,3.0,0.8771611756537899,0.7308781337112668,0.3,,,
vit_tiny_patch16_224,mix50,1,mix50_0+mix50_2+mix50_3,3,task_arithmetic,0.8795000000000001,0.9661419737517424,0.09249783307313919,0.42789945006370544,0.3008294607111179,2.6171061197916665,3.0,0.8771611756537899,0.7308781337112668,0.5,,,
vit_tiny_patch16_224,mix50,1,mix50_0+mix50_2+mix50_3,3,task_arithmetic,0.782,0.8590439267175426,0.09249783307313919,0.42789945006370544,0.3008294607111179,2.6171061197916665,3.0,0.8771611756537899,0.7308781337112668,1.0,,,
vit_tiny_patch16_224,mix50,1,mix50_0+mix50_2+mix50_3,3,ties,0.8778333333333332,0.9642971813269213,0.09249783307313919,0.42789945006370544,0.3008294607111179,2.6171061197916665,3.0,0.8771611756537899,0.7308781337112668,0.5,0.2,,
vit_tiny_patch16_224,mix50,1,mix50_0+mix50_2+mix50_3,3,ties,0.8863333333333333,0.973627034856488,0.09249783307313919,0.42789945006370544,0.3008294607111179,2.6171061197916665,3.0,0.8771611756537899,0.7308781337112668,1.0,0.2,,
vit_tiny_patch16_224,mix50,1,mix50_0+mix50_2+mix50_3,3,dare,0.7788333333333334,0.8555409029073896,0.09249783307313919,0.42789945006370544,0.3008294607111179,2.6171061197916665,3.0,0.8771611756537899,0.7308781337112668,1.0,0.2,0.9,0
vit_tiny_patch16_224,mix50,1,mix50_0+mix50_2+mix50_3,3,dare,0.7818333333333333,0.8588521611855353,0.09249783307313919,0.42789945006370544,0.3008294607111179,2.6171061197916665,3.0,0.8771611756537899,0.7308781337112668,1.0,0.2,0.9,1
vit_tiny_patch16_224,mix50,1,mix50_0+mix50_2+mix50_3,3,dare,0.7735,0.8497426978968244,0.09249783307313919,0.42789945006370544,0.3008294607111179,2.6171061197916665,3.0,0.8771611756537899,0.7308781337112668,1.0,0.2,0.9,2
vit_tiny_patch16_224,mix50,1,mix50_0+mix50_2+mix50_4,3,averaging,0.8983333333333333,0.9713694772860318,0.09081201255321503,0.42923664053281146,0.29051135743353257,2.58880345026652,3.0,0.862393036135769,0.7352441244050697,,,,
vit_tiny_patch16_224,mix50,1,mix50_0+mix50_2+mix50_4,3,task_arithmetic,0.8624999999999999,0.9324686070595917,0.09081201255321503,0.42923664053281146,0.29051135743353257,2.58880345026652,3.0,0.862393036135769,0.7352441244050697,0.1,,,
vit_tiny_patch16_224,mix50,1,mix50_0+mix50_2+mix50_4,3,task_arithmetic,0.8868333333333333,0.9588152458446997,0.09081201255321503,0.42923664053281146,0.29051135743353257,2.58880345026652,3.0,0.862393036135769,0.7352441244050697,0.2,,,
vit_tiny_patch16_224,mix50,1,mix50_0+mix50_2+mix50_4,3,task_arithmetic,0.8955000000000001,0.9682636168444234,0.09081201255321503,0.42923664053281146,0.29051135743353257,2.58880345026652,3.0,0.862393036135769,0.7352441244050697,0.3,,,
vit_tiny_patch16_224,mix50,1,mix50_0+mix50_2+mix50_4,3,task_arithmetic,0.8966666666666666,0.9695668239212715,0.09081201255321503,0.42923664053281146,0.29051135743353257,2.58880345026652,3.0,0.862393036135769,0.7352441244050697,0.5,,,
vit_tiny_patch16_224,mix50,1,mix50_0+mix50_2+mix50_4,3,task_arithmetic,0.8151666666666667,0.8806751507648637,0.09081201255321503,0.42923664053281146,0.29051135743353257,2.58880345026652,3.0,0.862393036135769,0.7352441244050697,1.0,,,
vit_tiny_patch16_224,mix50,1,mix50_0+mix50_2+mix50_4,3,ties,0.8901666666666667,0.9624328247789622,0.09081201255321503,0.42923664053281146,0.29051135743353257,2.58880345026652,3.0,0.862393036135769,0.7352441244050697,0.5,0.2,,
vit_tiny_patch16_224,mix50,1,mix50_0+mix50_2+mix50_4,3,ties,0.899,0.9721305958949896,0.09081201255321503,0.42923664053281146,0.29051135743353257,2.58880345026652,3.0,0.862393036135769,0.7352441244050697,1.0,0.2,,
vit_tiny_patch16_224,mix50,1,mix50_0+mix50_2+mix50_4,3,dare,0.8028333333333334,0.8672285079197583,0.09081201255321503,0.42923664053281146,0.29051135743353257,2.58880345026652,3.0,0.862393036135769,0.7352441244050697,1.0,0.2,0.9,0
vit_tiny_patch16_224,mix50,1,mix50_0+mix50_2+mix50_4,3,dare,0.818,0.8838064125958267,0.09081201255321503,0.42923664053281146,0.29051135743353257,2.58880345026652,3.0,0.862393036135769,0.7352441244050697,1.0,0.2,0.9,1
vit_tiny_patch16_224,mix50,1,mix50_0+mix50_2+mix50_4,3,dare,0.8065000000000001,0.8713015058800968,0.09081201255321503,0.42923664053281146,0.29051135743353257,2.58880345026652,3.0,0.862393036135769,0.7352441244050697,1.0,0.2,0.9,2
vit_tiny_patch16_224,mix50,1,mix50_0+mix50_3+mix50_4,3,averaging,0.8923333333333333,0.9693829214167557,0.0895983949303627,0.4301125903924306,0.29071564818690915,2.602942784627279,3.0,0.8665786801013736,0.7306392269411878,,,,
vit_tiny_patch16_224,mix50,1,mix50_0+mix50_3+mix50_4,3,task_arithmetic,0.8573333333333334,0.9311561098149718,0.0895983949303627,0.4301125903924306,0.29071564818690915,2.602942784627279,3.0,0.8665786801013736,0.7306392269411878,0.1,,,
vit_tiny_patch16_224,mix50,1,mix50_0+mix50_3+mix50_4,3,task_arithmetic,0.8791666666666668,0.9549934495557671,0.0895983949303627,0.4301125903924306,0.29071564818690915,2.602942784627279,3.0,0.8665786801013736,0.7306392269411878,0.2,,,
vit_tiny_patch16_224,mix50,1,mix50_0+mix50_3+mix50_4,3,task_arithmetic,0.8913333333333333,0.9682623130333496,0.0895983949303627,0.4301125903924306,0.29071564818690915,2.602942784627279,3.0,0.8665786801013736,0.7306392269411878,0.3,,,
vit_tiny_patch16_224,mix50,1,mix50_0+mix50_3+mix50_4,3,task_arithmetic,0.8866666666666667,0.9632126005670464,0.0895983949303627,0.4301125903924306,0.29071564818690915,2.602942784627279,3.0,0.8665786801013736,0.7306392269411878,0.5,,,
vit_tiny_patch16_224,mix50,1,mix50_0+mix50_3+mix50_4,3,task_arithmetic,0.8146666666666667,0.8844250546645324,0.0895983949303627,0.4301125903924306,0.29071564818690915,2.602942784627279,3.0,0.8665786801013736,0.7306392269411878,1.0,,,
vit_tiny_patch16_224,mix50,1,mix50_0+mix50_3+mix50_4,3,ties,0.8876666666666667,0.9643500645744769,0.0895983949303627,0.4301125903924306,0.29071564818690915,2.602942784627279,3.0,0.8665786801013736,0.7306392269411878,0.5,0.2,,
vit_tiny_patch16_224,mix50,1,mix50_0+mix50_3+mix50_4,3,ties,0.8941666666666667,0.9713980403302772,0.0895983949303627,0.4301125903924306,0.29071564818690915,2.602942784627279,3.0,0.8665786801013736,0.7306392269411878,1.0,0.2,,
vit_tiny_patch16_224,mix50,1,mix50_0+mix50_3+mix50_4,3,dare,0.8011666666666667,0.8696339539690344,0.0895983949303627,0.4301125903924306,0.29071564818690915,2.602942784627279,3.0,0.8665786801013736,0.7306392269411878,1.0,0.2,0.9,0
vit_tiny_patch16_224,mix50,1,mix50_0+mix50_3+mix50_4,3,dare,0.8166666666666668,0.8866915548673812,0.0895983949303627,0.4301125903924306,0.29071564818690915,2.602942784627279,3.0,0.8665786801013736,0.7306392269411878,1.0,0.2,0.9,1
vit_tiny_patch16_224,mix50,1,mix50_0+mix50_3+mix50_4,3,dare,0.8058333333333333,0.874826939239544,0.0895983949303627,0.4301125903924306,0.29071564818690915,2.602942784627279,3.0,0.8665786801013736,0.7306392269411878,1.0,0.2,0.9,2
vit_tiny_patch16_224,mix50,1,mix50_1+mix50_2+mix50_3,3,averaging,0.8778333333333334,0.9676051756610272,0.08241522312164307,0.4356621305147807,0.2881425775911406,2.579071044921875,3.0,0.8535771063027605,0.7349772687685853,,,,
vit_tiny_patch16_224,mix50,1,mix50_1+mix50_2+mix50_3,3,task_arithmetic,0.842,0.9281810312984534,0.08241522312164307,0.4356621305147807,0.2881425775911406,2.579071044921875,3.0,0.8535771063027605,0.7349772687685853,0.1,,,
vit_tiny_patch16_224,mix50,1,mix50_1+mix50_2+mix50_3,3,task_arithmetic,0.8678333333333333,0.9566164749329077,0.08241522312164307,0.4356621305147807,0.2881425775911406,2.579071044921875,3.0,0.8535771063027605,0.7349772687685853,0.2,,,
vit_tiny_patch16_224,mix50,1,mix50_1+mix50_2+mix50_3,3,task_arithmetic,0.8763333333333333,0.9659521580344382,0.08241522312164307,0.4356621305147807,0.2881425775911406,2.579071044921875,3.0,0.8535771063027605,0.7349772687685853,0.3,,,
vit_tiny_patch16_224,mix50,1,mix50_1+mix50_2+mix50_3,3,task_arithmetic,0.8715,0.9606804505528704,0.08241522312164307,0.4356621305147807,0.2881425775911406,2.579071044921875,3.0,0.8535771063027605,0.7349772687685853,0.5,,,
vit_tiny_patch16_224,mix50,1,mix50_1+mix50_2+mix50_3,3,task_arithmetic,0.7775,0.8572408915869207,0.08241522312164307,0.4356621305147807,0.2881425775911406,2.579071044921875,3.0,0.8535771063027605,0.7349772687685853,1.0,,,
vit_tiny_patch16_224,mix50,1,mix50_1+mix50_2+mix50_3,3,ties,0.8758333333333334,0.9654399496943028,0.08241522312164307,0.4356621305147807,0.2881425775911406,2.579071044921875,3.0,0.8535771063027605,0.7349772687685853,0.5,0.2,,
vit_tiny_patch16_224,mix50,1,mix50_1+mix50_2+mix50_3,3,ties,0.8763333333333333,0.9660119818997196,0.08241522312164307,0.4356621305147807,0.2881425775911406,2.579071044921875,3.0,0.8535771063027605,0.7349772687685853,1.0,0.2,,
vit_tiny_patch16_224,mix50,1,mix50_1+mix50_2+mix50_3,3,dare,0.7715,0.8506541072690087,0.08241522312164307,0.4356621305147807,0.2881425775911406,2.579071044921875,3.0,0.8535771063027605,0.7349772687685853,1.0,0.2,0.9,0
vit_tiny_patch16_224,mix50,1,mix50_1+mix50_2+mix50_3,3,dare,0.7736666666666666,0.8530573604520809,0.08241522312164307,0.4356621305147807,0.2881425775911406,2.579071044921875,3.0,0.8535771063027605,0.7349772687685853,1.0,0.2,0.9,1
vit_tiny_patch16_224,mix50,1,mix50_1+mix50_2+mix50_3,3,dare,0.7626666666666667,0.8409668285340426,0.08241522312164307,0.4356621305147807,0.2881425775911406,2.579071044921875,3.0,0.8535771063027605,0.7349772687685853,1.0,0.2,0.9,2
vit_tiny_patch16_224,mix50,1,mix50_1+mix50_2+mix50_4,3,averaging,0.8905,0.9662814633937797,0.09122251967589061,0.4290209909280141,0.2940830000414037,2.5507683753967285,3.0,0.860112154991714,0.739343259462388,,,,
vit_tiny_patch16_224,mix50,1,mix50_1+mix50_2+mix50_4,3,task_arithmetic,0.863,0.9362558400199452,0.09122251967589061,0.4290209909280141,0.2940830000414037,2.5507683753967285,3.0,0.860112154991714,0.739343259462388,0.1,,,
vit_tiny_patch16_224,mix50,1,mix50_1+mix50_2+mix50_4,3,task_arithmetic,0.8851666666666667,0.9603156552930635,0.09122251967589061,0.4290209909280141,0.2940830000414037,2.5507683753967285,3.0,0.860112154991714,0.739343259462388,0.2,,,
vit_tiny_patch16_224,mix50,1,mix50_1+mix50_2+mix50_4,3,task_arithmetic,0.8913333333333333,0.9671525629737893,0.09122251967589061,0.4290209909280141,0.2940830000414037,2.5507683753967285,3.0,0.860112154991714,0.739343259462388,0.3,,,
vit_tiny_patch16_224,mix50,1,mix50_1+mix50_2+mix50_4,3,task_arithmetic,0.8923333333333333,0.9682803928338335,0.09122251967589061,0.4290209909280141,0.2940830000414037,2.5507683753967285,3.0,0.860112154991714,0.739343259462388,0.5,,,
vit_tiny_patch16_224,mix50,1,mix50_1+mix50_2+mix50_4,3,task_arithmetic,0.8151666666666667,0.8842501840070082,0.09122251967589061,0.4290209909280141,0.2940830000414037,2.5507683753967285,3.0,0.860112154991714,0.739343259462388,1.0,,,
vit_tiny_patch16_224,mix50,1,mix50_1+mix50_2+mix50_4,3,ties,0.8901666666666667,0.9658506616531833,0.09122251967589061,0.4290209909280141,0.2940830000414037,2.5507683753967285,3.0,0.860112154991714,0.739343259462388,0.5,0.2,,
vit_tiny_patch16_224,mix50,1,mix50_1+mix50_2+mix50_4,3,ties,0.8966666666666666,0.9729497882893915,0.09122251967589061,0.4290209909280141,0.2940830000414037,2.5507683753967285,3.0,0.860112154991714,0.739343259462388,1.0,0.2,,
vit_tiny_patch16_224,mix50,1,mix50_1+mix50_2+mix50_4,3,dare,0.8041666666666667,0.8724825429965755,0.09122251967589061,0.4290209909280141,0.2940830000414037,2.5507683753967285,3.0,0.860112154991714,0.739343259462388,1.0,0.2,0.9,0
vit_tiny_patch16_224,mix50,1,mix50_1+mix50_2+mix50_4,3,dare,0.8109999999999999,0.8797237284715616,0.09122251967589061,0.4290209909280141,0.2940830000414037,2.5507683753967285,3.0,0.860112154991714,0.739343259462388,1.0,0.2,0.9,1
vit_tiny_patch16_224,mix50,1,mix50_1+mix50_2+mix50_4,3,dare,0.7993333333333333,0.8670429692177861,0.09122251967589061,0.4290209909280141,0.2940830000414037,2.5507683753967285,3.0,0.860112154991714,0.739343259462388,1.0,0.2,0.9,2
vit_tiny_patch16_224,mix50,1,mix50_1+mix50_3+mix50_4,3,averaging,0.8843333333333333,0.9639383214578903,0.08663918574651082,0.4324466586112976,0.2886616042403473,2.564907709757487,3.0,0.8554520664226087,0.7347383619985063,,,,
vit_tiny_patch16_224,mix50,1,mix50_1+mix50_3+mix50_4,3,task_arithmetic,0.8563333333333333,0.9334025154960245,0.08663918574651082,0.4324466586112976,0.2886616042403473,2.564907709757487,3.0,0.8554520664226087,0.7347383619985063,0.1,,,
vit_tiny_patch16_224,mix50,1,mix50_1+mix50_3+mix50_4,3,task_arithmetic,0.8766666666666666,0.9556168517161465,0.08663918574651082,0.4324466586112976,0.2886616042403473,2.564907709757487,3.0,0.8554520664226087,0.7347383619985063,0.2,,,
vit_tiny_patch16_224,mix50,1,mix50_1+mix50_3+mix50_4,3,task_arithmetic,0.884,0.9635574469836813,0.08663918574651082,0.4324466586112976,0.2886616042403473,2.564907709757487,3.0,0.8554520664226087,0.7347383619985063,0.3,,,
vit_tiny_patch16_224,mix50,1,mix50_1+mix50_3+mix50_4,3,task_arithmetic,0.874,0.9526949540739791,0.08663918574651082,0.4324466586112976,0.2886616042403473,2.564907709757487,3.0,0.8554520664226087,0.7347383619985063,0.5,,,
vit_tiny_patch16_224,mix50,1,mix50_1+mix50_3+mix50_4,3,task_arithmetic,0.7918333333333333,0.862525956897588,0.08663918574651082,0.4324466586112976,0.2886616042403473,2.564907709757487,3.0,0.8554520664226087,0.7347383619985063,1.0,,,
vit_tiny_patch16_224,mix50,1,mix50_1+mix50_3+mix50_4,3,ties,0.8846666666666666,0.9643289427727891,0.08663918574651082,0.4324466586112976,0.2886616042403473,2.564907709757487,3.0,0.8554520664226087,0.7347383619985063,0.5,0.2,,
vit_tiny_patch16_224,mix50,1,mix50_1+mix50_3+mix50_4,3,ties,0.8833333333333333,0.9629072089595591,0.08663918574651082,0.4324466586112976,0.2886616042403473,2.564907709757487,3.0,0.8554520664226087,0.7347383619985063,1.0,0.2,,
vit_tiny_patch16_224,mix50,1,mix50_1+mix50_3+mix50_4,3,dare,0.7795,0.849200929185392,0.08663918574651082,0.4324466586112976,0.2886616042403473,2.564907709757487,3.0,0.8554520664226087,0.7347383619985063,1.0,0.2,0.9,0
vit_tiny_patch16_224,mix50,1,mix50_1+mix50_3+mix50_4,3,dare,0.7976666666666666,0.8690883521332329,0.08663918574651082,0.4324466586112976,0.2886616042403473,2.564907709757487,3.0,0.8554520664226087,0.7347383619985063,1.0,0.2,0.9,1
vit_tiny_patch16_224,mix50,1,mix50_1+mix50_3+mix50_4,3,dare,0.7838333333333334,0.8540038651307058,0.08663918574651082,0.4324466586112976,0.2886616042403473,2.564907709757487,3.0,0.8554520664226087,0.7347383619985063,1.0,0.2,0.9,2
vit_tiny_patch16_224,mix50,1,mix50_2+mix50_3+mix50_4,3,averaging,0.896,0.9687848873422419,0.0935353438059489,0.4271410604317983,0.29662841391457945,2.587367375691732,3.0,0.868450488376983,0.7325073597539098,,,,
vit_tiny_patch16_224,mix50,1,mix50_2+mix50_3+mix50_4,3,task_arithmetic,0.8649999999999999,0.9351909364371856,0.0935353438059489,0.4271410604317983,0.29662841391457945,2.587367375691732,3.0,0.868450488376983,0.7325073597539098,0.1,,,
vit_tiny_patch16_224,mix50,1,mix50_2+mix50_3+mix50_4,3,task_arithmetic,0.8873333333333333,0.9593826177486263,0.0935353438059489,0.4271410604317983,0.29662841391457945,2.587367375691732,3.0,0.868450488376983,0.7325073597539098,0.2,,,
vit_tiny_patch16_224,mix50,1,mix50_2+mix50_3+mix50_4,3,task_arithmetic,0.8978333333333334,0.9707591093421731,0.0935353438059489,0.4271410604317983,0.29662841391457945,2.587367375691732,3.0,0.868450488376983,0.7325073597539098,0.3,,,
vit_tiny_patch16_224,mix50,1,mix50_2+mix50_3+mix50_4,3,task_arithmetic,0.8905,0.9628906101446612,0.0935353438059489,0.4271410604317983,0.29662841391457945,2.587367375691732,3.0,0.868450488376983,0.7325073597539098,0.5,,,
vit_tiny_patch16_224,mix50,1,mix50_2+mix50_3+mix50_4,3,task_arithmetic,0.8135,0.8790766281081002,0.0935353438059489,0.4271410604317983,0.29662841391457945,2.587367375691732,3.0,0.868450488376983,0.7325073597539098,1.0,,,
vit_tiny_patch16_224,mix50,1,mix50_2+mix50_3+mix50_4,3,ties,0.8923333333333333,0.9648221899646144,0.0935353438059489,0.4271410604317983,0.29662841391457945,2.587367375691732,3.0,0.868450488376983,0.7325073597539098,0.5,0.2,,
vit_tiny_patch16_224,mix50,1,mix50_2+mix50_3+mix50_4,3,ties,0.8975,0.9704340698423265,0.0935353438059489,0.4271410604317983,0.29662841391457945,2.587367375691732,3.0,0.868450488376983,0.7325073597539098,1.0,0.2,,
vit_tiny_patch16_224,mix50,1,mix50_2+mix50_3+mix50_4,3,dare,0.7948333333333334,0.8586763677344672,0.0935353438059489,0.4271410604317983,0.29662841391457945,2.587367375691732,3.0,0.868450488376983,0.7325073597539098,1.0,0.2,0.9,0
vit_tiny_patch16_224,mix50,1,mix50_2+mix50_3+mix50_4,3,dare,0.8073333333333332,0.8723384322345469,0.0935353438059489,0.4271410604317983,0.29662841391457945,2.587367375691732,3.0,0.868450488376983,0.7325073597539098,1.0,0.2,0.9,1
vit_tiny_patch16_224,mix50,1,mix50_2+mix50_3+mix50_4,3,dare,0.7936666666666667,0.8574757724548715,0.0935353438059489,0.4271410604317983,0.29662841391457945,2.587367375691732,3.0,0.868450488376983,0.7325073597539098,1.0,0.2,0.9,2
vit_tiny_patch16_224,mix50,1,mix50_0+mix50_1+mix50_2+mix50_3+mix50_4,5,averaging,0.875,0.9558571330368073,0.08772295340895653,0.4315959632396698,0.2904655703650491,2.583246421813965,5.0,0.8599464252203998,0.7346626031066188,,,,
vit_tiny_patch16_224,mix50,1,mix50_0+mix50_1+mix50_2+mix50_3+mix50_4,5,task_arithmetic,0.8622,0.9418193409447222,0.08772295340895653,0.4315959632396698,0.2904655703650491,2.583246421813965,5.0,0.8599464252203998,0.7346626031066188,0.1,,,
vit_tiny_patch16_224,mix50,1,mix50_0+mix50_1+mix50_2+mix50_3+mix50_4,5,task_arithmetic,0.875,0.9558571330368073,0.08772295340895653,0.4315959632396698,0.2904655703650491,2.583246421813965,5.0,0.8599464252203998,0.7346626031066188,0.2,,,
vit_tiny_patch16_224,mix50,1,mix50_0+mix50_1+mix50_2+mix50_3+mix50_4,5,task_arithmetic,0.8709,0.9513881863424947,0.08772295340895653,0.4315959632396698,0.2904655703650491,2.583246421813965,5.0,0.8599464252203998,0.7346626031066188,0.3,,,
vit_tiny_patch16_224,mix50,1,mix50_0+mix50_1+mix50_2+mix50_3+mix50_4,5,task_arithmetic,0.8312000000000002,0.9078400662576694,0.08772295340895653,0.4315959632396698,0.2904655703650491,2.583246421813965,5.0,0.8599464252203998,0.7346626031066188,0.5,,,
vit_tiny_patch16_224,mix50,1,mix50_0+mix50_1+mix50_2+mix50_3+mix50_4,5,task_arithmetic,0.5386,0.5875778854949145,0.08772295340895653,0.4315959632396698,0.2904655703650491,2.583246421813965,5.0,0.8599464252203998,0.7346626031066188,1.0,,,
vit_tiny_patch16_224,mix50,1,mix50_0+mix50_1+mix50_2+mix50_3+mix50_4,5,ties,0.8804000000000001,0.9618014166234274,0.08772295340895653,0.4315959632396698,0.2904655703650491,2.583246421813965,5.0,0.8599464252203998,0.7346626031066188,0.5,0.2,,
vit_tiny_patch16_224,mix50,1,mix50_0+mix50_1+mix50_2+mix50_3+mix50_4,5,ties,0.8703,0.9507392168861154,0.08772295340895653,0.4315959632396698,0.2904655703650491,2.583246421813965,5.0,0.8599464252203998,0.7346626031066188,1.0,0.2,,
vit_tiny_patch16_224,mix50,1,mix50_0+mix50_1+mix50_2+mix50_3+mix50_4,5,dare,0.592,0.6460751678064959,0.08772295340895653,0.4315959632396698,0.2904655703650491,2.583246421813965,5.0,0.8599464252203998,0.7346626031066188,1.0,0.2,0.9,0
vit_tiny_patch16_224,mix50,1,mix50_0+mix50_1+mix50_2+mix50_3+mix50_4,5,dare,0.5856,0.6389661867556369,0.08772295340895653,0.4315959632396698,0.2904655703650491,2.583246421813965,5.0,0.8599464252203998,0.7346626031066188,1.0,0.2,0.9,1
vit_tiny_patch16_224,mix50,1,mix50_0+mix50_1+mix50_2+mix50_3+mix50_4,5,dare,0.6121000000000001,0.6680818318383456,0.08772295340895653,0.4315959632396698,0.2904655703650491,2.583246421813965,5.0,0.8599464252203998,0.7346626031066188,1.0,0.2,0.9,2
vit_tiny_patch16_224,mix75,0,mix75_0+mix75_1,2,averaging,0.9099999999999999,0.9766002351083629,0.09204638004302979,0.4283633530139923,0.30147862489634825,2.585629940032959,2.0,0.8825658996446906,0.7356537859093129,,,,
vit_tiny_patch16_224,mix75,0,mix75_0+mix75_1,2,task_arithmetic,0.8694999999999999,0.932972075119427,0.09204638004302979,0.4283633530139923,0.30147862489634825,2.585629940032959,2.0,0.8825658996446906,0.7356537859093129,0.1,,,
vit_tiny_patch16_224,mix75,0,mix75_0+mix75_1,2,task_arithmetic,0.892,0.9572210825357128,0.09204638004302979,0.4283633530139923,0.30147862489634825,2.585629940032959,2.0,0.8825658996446906,0.7356537859093129,0.2,,,
vit_tiny_patch16_224,mix75,0,mix75_0+mix75_1,2,task_arithmetic,0.90625,0.9725670894391397,0.09204638004302979,0.4283633530139923,0.30147862489634825,2.585629940032959,2.0,0.8825658996446906,0.7356537859093129,0.3,,,
vit_tiny_patch16_224,mix75,0,mix75_0+mix75_1,2,task_arithmetic,0.9099999999999999,0.9766002351083629,0.09204638004302979,0.4283633530139923,0.30147862489634825,2.585629940032959,2.0,0.8825658996446906,0.7356537859093129,0.5,,,
vit_tiny_patch16_224,mix75,0,mix75_0+mix75_1,2,task_arithmetic,0.8825000000000001,0.946794055446389,0.09204638004302979,0.4283633530139923,0.30147862489634825,2.585629940032959,2.0,0.8825658996446906,0.7356537859093129,1.0,,,
vit_tiny_patch16_224,mix75,0,mix75_0+mix75_1,2,ties,0.9015,0.9673723759198327,0.09204638004302979,0.4283633530139923,0.30147862489634825,2.585629940032959,2.0,0.8825658996446906,0.7356537859093129,0.5,0.2,,
vit_tiny_patch16_224,mix75,0,mix75_0+mix75_1,2,ties,0.917,0.984117075897359,0.09204638004302979,0.4283633530139923,0.30147862489634825,2.585629940032959,2.0,0.8825658996446906,0.7356537859093129,1.0,0.2,,
vit_tiny_patch16_224,mix75,0,mix75_0+mix75_1,2,dare,0.879,0.9430231017016544,0.09204638004302979,0.4283633530139923,0.30147862489634825,2.585629940032959,2.0,0.8825658996446906,0.7356537859093129,1.0,0.2,0.9,0
vit_tiny_patch16_224,mix75,0,mix75_0+mix75_1,2,dare,0.87425,0.9379411883344762,0.09204638004302979,0.4283633530139923,0.30147862489634825,2.585629940032959,2.0,0.8825658996446906,0.7356537859093129,1.0,0.2,0.9,1
vit_tiny_patch16_224,mix75,0,mix75_0+mix75_1,2,dare,0.8692500000000001,0.9324341494897341,0.09204638004302979,0.4283633530139923,0.30147862489634825,2.585629940032959,2.0,0.8825658996446906,0.7356537859093129,1.0,0.2,0.9,2
vit_tiny_patch16_224,mix75,0,mix75_0+mix75_2,2,averaging,0.909,0.9853558206499382,0.09109070897102356,0.4290483891963959,0.2945708415873407,2.594984769821167,2.0,0.8732778667830853,0.7402819933251024,,,,
vit_tiny_patch16_224,mix75,0,mix75_0+mix75_2,2,task_arithmetic,0.85575,0.9276106246694482,0.09109070897102356,0.4290483891963959,0.2945708415873407,2.594984769821167,2.0,0.8732778667830853,0.7402819933251024,0.1,,,
vit_tiny_patch16_224,mix75,0,mix75_0+mix75_2,2,task_arithmetic,0.8825000000000001,0.9566169124992654,0.09109070897102356,0.4290483891963959,0.2945708415873407,2.594984769821167,2.0,0.8732778667830853,0.7402819933251024,0.2,,,
vit_tiny_patch16_224,mix75,0,mix75_0+mix75_2,2,task_arithmetic,0.89975,0.9753672797790445,0.09109070897102356,0.4290483891963959,0.2945708415873407,2.594984769821167,2.0,0.8732778667830853,0.7402819933251024,0.3,,,
vit_tiny_patch16_224,mix75,0,mix75_0+mix75_2,2,task_arithmetic,0.909,0.9853558206499382,0.09109070897102356,0.4290483891963959,0.2945708415873407,2.594984769821167,2.0,0.8732778667830853,0.7402819933251024,0.5,,,
vit_tiny_patch16_224,mix75,0,mix75_0+mix75_2,2,task_arithmetic,0.8827499999999999,0.9568549097960861,0.09109070897102356,0.4290483891963959,0.2945708415873407,2.594984769821167,2.0,0.8732778667830853,0.7402819933251024,1.0,,,
vit_tiny_patch16_224,mix75,0,mix75_0+mix75_2,2,ties,0.89125,0.9661294587765175,0.09109070897102356,0.4290483891963959,0.2945708415873407,2.594984769821167,2.0,0.8732778667830853,0.7402819933251024,0.5,0.2,,
vit_tiny_patch16_224,mix75,0,mix75_0+mix75_2,2,ties,0.91075,0.987227478403949,0.09109070897102356,0.4290483891963959,0.2945708415873407,2.594984769821167,2.0,0.8732778667830853,0.7402819933251024,1.0,0.2,,
vit_tiny_patch16_224,mix75,0,mix75_0+mix75_2,2,dare,0.87425,0.9476170887935593,0.09109070897102356,0.4290483891963959,0.2945708415873407,2.594984769821167,2.0,0.8732778667830853,0.7402819933251024,1.0,0.2,0.9,0
vit_tiny_patch16_224,mix75,0,mix75_0+mix75_2,2,dare,0.8725,0.9457233942528059,0.09109070897102356,0.4290483891963959,0.2945708415873407,2.594984769821167,2.0,0.8732778667830853,0.7402819933251024,1.0,0.2,0.9,1
vit_tiny_patch16_224,mix75,0,mix75_0+mix75_2,2,dare,0.86775,0.9405770699888346,0.09109070897102356,0.4290483891963959,0.2945708415873407,2.594984769821167,2.0,0.8732778667830853,0.7402819933251024,1.0,0.2,0.9,2
vit_tiny_patch16_224,mix75,0,mix75_0+mix75_3,2,averaging,0.89825,0.9814126937701082,0.08869294822216034,0.43087854981422424,0.298738435717515,2.6081565618515015,2.0,0.8697934017874853,0.7337479999394871,,,,
vit_tiny_patch16_224,mix75,0,mix75_0+mix75_3,2,task_arithmetic,0.837,0.9145405924873605,0.08869294822216034,0.43087854981422424,0.298738435717515,2.6081565618515015,2.0,0.8697934017874853,0.7337479999394871,0.1,,,
vit_tiny_patch16_224,mix75,0,mix75_0+mix75_3,2,task_arithmetic,0.87425,0.9551926210671458,0.08869294822216034,0.43087854981422424,0.298738435717515,2.6081565618515015,2.0,0.8697934017874853,0.7337479999394871,0.2,,,
vit_tiny_patch16_224,mix75,0,mix75_0+mix75_3,2,task_arithmetic,0.88725,0.9693937241465759,0.08869294822216034,0.43087854981422424,0.298738435717515,2.6081565618515015,2.0,0.8697934017874853,0.7337479999394871,0.3,,,
vit_tiny_patch16_224,mix75,0,mix75_0+mix75_3,2,task_arithmetic,0.89825,0.9814126937701082,0.08869294822216034,0.43087854981422424,0.298738435717515,2.6081565618515015,2.0,0.8697934017874853,0.7337479999394871,0.5,,,
vit_tiny_patch16_224,mix75,0,mix75_0+mix75_3,2,task_arithmetic,0.869,0.9494421927882004,0.08869294822216034,0.43087854981422424,0.298738435717515,2.6081565618515015,2.0,0.8697934017874853,0.7337479999394871,1.0,,,
vit_tiny_patch16_224,mix75,0,mix75_0+mix75_3,2,ties,0.8827499999999999,0.9644988091756153,0.08869294822216034,0.43087854981422424,0.298738435717515,2.6081565618515015,2.0,0.8697934017874853,0.7337479999394871,0.5,0.2,,
vit_tiny_patch16_224,mix75,0,mix75_0+mix75_3,2,ties,0.8975,0.980601052939456,0.08869294822216034,0.43087854981422424,0.298738435717515,2.6081565618515015,2.0,0.8697934017874853,0.7337479999394871,1.0,0.2,,
vit_tiny_patch16_224,mix75,0,mix75_0+mix75_3,2,dare,0.8595,0.9391060460452096,0.08869294822216034,0.43087854981422424,0.298738435717515,2.6081565618515015,2.0,0.8697934017874853,0.7337479999394871,1.0,0.2,0.9,0
vit_tiny_patch16_224,mix75,0,mix75_0+mix75_3,2,dare,0.86075,0.9404922074123595,0.08869294822216034,0.43087854981422424,0.298738435717515,2.6081565618515015,2.0,0.8697934017874853,0.7337479999394871,1.0,0.2,0.9,1
vit_tiny_patch16_224,mix75,0,mix75_0+mix75_3,2,dare,0.858,0.9374420256549534,0.08869294822216034,0.43087854981422424,0.298738435717515,2.6081565618515015,2.0,0.8697934017874853,0.7337479999394871,1.0,0.2,0.9,2
vit_tiny_patch16_224,mix75,0,mix75_0+mix75_4,2,averaging,0.8995,0.9838420561474454,0.09226290881633759,0.4281470477581024,0.3011146753944797,2.5879735946655273,2.0,0.8736816513962259,0.7344010549304749,,,,
vit_tiny_patch16_224,mix75,0,mix75_0+mix75_4,2,task_arithmetic,0.849,0.9286119569053701,0.09226290881633759,0.4281470477581024,0.3011146753944797,2.5879735946655273,2.0,0.8736816513962259,0.7344010549304749,0.1,,,
vit_tiny_patch16_224,mix75,0,mix75_0+mix75_4,2,task_arithmetic,0.871,0.9526759168974738,0.09226290881633759,0.4281470477581024,0.3011146753944797,2.5879735946655273,2.0,0.8736816513962259,0.7344010549304749,0.2,,,
vit_tiny_patch16_224,mix75,0,mix75_0+mix75_4,2,task_arithmetic,0.887,0.970174436342101,0.09226290881633759,0.4281470477581024,0.3011146753944797,2.5879735946655273,2.0,0.8736816513962259,0.7344010549304749,0.3,,,
vit_tiny_patch16_224,mix75,0,mix75_0+mix75_4,2,task_arithmetic,0.8995,0.9838420561474454,0.09226290881633759,0.4281470477581024,0.3011146753944797,2.5879735946655273,2.0,0.8736816513962259,0.7344010549304749,0.5,,,
vit_tiny_patch16_224,mix75,0,mix75_0+mix75_4,2,task_arithmetic,0.8734999999999999,0.955341813874748,0.09226290881633759,0.4281470477581024,0.3011146753944797,2.5879735946655273,2.0,0.8736816513962259,0.7344010549304749,1.0,,,
vit_tiny_patch16_224,mix75,0,mix75_0+mix75_4,2,ties,0.8792500000000001,0.9617138849174778,0.09226290881633759,0.4281470477581024,0.3011146753944797,2.5879735946655273,2.0,0.8736816513962259,0.7344010549304749,0.5,0.2,,
vit_tiny_patch16_224,mix75,0,mix75_0+mix75_4,2,ties,0.901,0.9854853230601733,0.09226290881633759,0.4281470477581024,0.3011146753944797,2.5879735946655273,2.0,0.8736816513962259,0.7344010549304749,1.0,0.2,,
vit_tiny_patch16_224,mix75,0,mix75_0+mix75_4,2,dare,0.8605,0.9411374553590122,0.09226290881633759,0.4281470477581024,0.3011146753944797,2.5879735946655273,2.0,0.8736816513962259,0.7344010549304749,1.0,0.2,0.9,0
vit_tiny_patch16_224,mix75,0,mix75_0+mix75_4,2,dare,0.87125,0.9528947100803389,0.09226290881633759,0.4281470477581024,0.3011146753944797,2.5879735946655273,2.0,0.8736816513962259,0.7344010549304749,1.0,0.2,0.9,1
vit_tiny_patch16_224,mix75,0,mix75_0+mix75_4,2,dare,0.86375,0.944706341562629,0.09226290881633759,0.4281470477581024,0.3011146753944797,2.5879735946655273,2.0,0.8736816513962259,0.7344010549304749,1.0,0.2,0.9,2
vit_tiny_patch16_224,mix75,0,mix75_1+mix75_2,2,averaging,0.9285000000000001,0.9833470271361632,0.09315481781959534,0.42756566405296326,0.29911252486472234,2.570624351501465,2.0,0.8756455451671905,0.7362028948313348,,,,
vit_tiny_patch16_224,mix75,0,mix75_1+mix75_2,2,task_arithmetic,0.8812500000000001,0.9332169126410158,0.09315481781959534,0.42756566405296326,0.29911252486472234,2.570624351501465,2.0,0.8756455451671905,0.7362028948313348,0.1,,,
vit_tiny_patch16_224,mix75,0,mix75_1+mix75_2,2,task_arithmetic,0.907,0.9605183828787272,0.09315481781959534,0.42756566405296326,0.29911252486472234,2.570624351501465,2.0,0.8756455451671905,0.7362028948313348,0.2,,,
vit_tiny_patch16_224,mix75,0,mix75_1+mix75_2,2,task_arithmetic,0.92,0.9743391221197446,0.09315481781959534,0.42756566405296326,0.29911252486472234,2.570624351501465,2.0,0.8756455451671905,0.7362028948313348,0.3,,,
vit_tiny_patch16_224,mix75,0,mix75_1+mix75_2,2,task_arithmetic,0.9285000000000001,0.9833470271361632,0.09315481781959534,0.42756566405296326,0.29911252486472234,2.570624351501465,2.0,0.8756455451671905,0.7362028948313348,0.5,,,
vit_tiny_patch16_224,mix75,0,mix75_1+mix75_2,2,task_arithmetic,0.8927499999999999,0.9455008146176904,0.09315481781959534,0.42756566405296326,0.29911252486472234,2.570624351501465,2.0,0.8756455451671905,0.7362028948313348,1.0,,,
vit_tiny_patch16_224,mix75,0,mix75_1+mix75_2,2,ties,0.917,0.9711357537246675,0.09315481781959534,0.42756566405296326,0.29911252486472234,2.570624351501465,2.0,0.8756455451671905,0.7362028948313348,0.5,0.2,,
vit_tiny_patch16_224,mix75,0,mix75_1+mix75_2,2,ties,0.9297500000000001,0.9846735500225737,0.09315481781959534,0.42756566405296326,0.29911252486472234,2.570624351501465,2.0,0.8756455451671905,0.7362028948313348,1.0,0.2,,
vit_tiny_patch16_224,mix75,0,mix75_1+mix75_2,2,dare,0.8887499999999999,0.9413005560712152,0.09315481781959534,0.42756566405296326,0.29911252486472234,2.570624351501465,2.0,0.8756455451671905,0.7362028948313348,1.0,0.2,0.9,0
vit_tiny_patch16_224,mix75,0,mix75_1+mix75_2,2,dare,0.886,0.938297126544759,0.09315481781959534,0.42756566405296326,0.29911252486472234,2.570624351501465,2.0,0.8756455451671905,0.7362028948313348,1.0,0.2,0.9,1
vit_tiny_patch16_224,mix75,0,mix75_1+mix75_2,2,dare,0.88725,0.9397066535056602,0.09315481781959534,0.42756566405296326,0.29911252486472234,2.570624351501465,2.0,0.8756455451671905,0.7362028948313348,1.0,0.2,0.9,2
vit_tiny_patch16_224,mix75,0,mix75_1+mix75_3,2,averaging,0.92425,0.9863462237954054,0.090119868516922,0.4298264682292938,0.29659458901321156,2.5837961435317993,2.0,0.8592787581071624,0.7296689014457196,,,,
vit_tiny_patch16_224,mix75,0,mix75_1+mix75_3,2,task_arithmetic,0.87,0.9281910295326945,0.090119868516922,0.4298264682292938,0.29659458901321156,2.5837961435317993,2.0,0.8592787581071624,0.7296689014457196,0.1,,,
vit_tiny_patch16_224,mix75,0,mix75_1+mix75_3,2,task_arithmetic,0.90225,0.9627657559401923,0.090119868516922,0.4298264682292938,0.29659458901321156,2.5837961435317993,2.0,0.8592787581071624,0.7296689014457196,0.2,,,
vit_tiny_patch16_224,mix75,0,mix75_1+mix75_3,2,task_arithmetic,0.9139999999999999,0.975314366835698,0.090119868516922,0.4298264682292938,0.29659458901321156,2.5837961435317993,2.0,0.8592787581071624,0.7296689014457196,0.3,,,
vit_tiny_patch16_224,mix75,0,mix75_1+mix75_3,2,task_arithmetic,0.92425,0.9863462237954054,0.090119868516922,0.4298264682292938,0.29659458901321156,2.5837961435317993,2.0,0.8592787581071624,0.7296689014457196,0.5,,,
vit_tiny_patch16_224,mix75,0,mix75_1+mix75_3,2,task_arithmetic,0.90125,0.9617169882422374,0.090119868516922,0.4298264682292938,0.29659458901321156,2.5837961435317993,2.0,0.8592787581071624,0.7296689014457196,1.0,,,
vit_tiny_patch16_224,mix75,0,mix75_1+mix75_3,2,ties,0.9115,0.9726924475908107,0.090119868516922,0.4298264682292938,0.29659458901321156,2.5837961435317993,2.0,0.8592787581071624,0.7296689014457196,0.5,0.2,,
vit_tiny_patch16_224,mix75,0,mix75_1+mix75_3,2,ties,0.925,0.9871609983744385,0.090119868516922,0.4298264682292938,0.29659458901321156,2.5837961435317993,2.0,0.8592787581071624,0.7296689014457196,1.0,0.2,,
vit_tiny_patch16_224,mix75,0,mix75_1+mix75_3,2,dare,0.893,0.9528202650858625,0.090119868516922,0.4298264682292938,0.29659458901321156,2.5837961435317993,2.0,0.8592787581071624,0.7296689014457196,1.0,0.2,0.9,0
vit_tiny_patch16_224,mix75,0,mix75_1+mix75_3,2,dare,0.8945000000000001,0.9544498142439288,0.090119868516922,0.4298264682292938,0.29659458901321156,2.5837961435317993,2.0,0.8592787581071624,0.7296689014457196,1.0,0.2,0.9,1
vit_tiny_patch16_224,mix75,0,mix75_1+mix75_3,2,dare,0.892,0.9517808969897632,0.090119868516922,0.4298264682292938,0.29659458901321156,2.5837961435317993,2.0,0.8592787581071624,0.7296689014457196,1.0,0.2,0.9,2
vit_tiny_patch16_224,mix75,0,mix75_1+mix75_4,2,averaging,0.91825,0.9810346889764353,0.09278598427772522,0.4279055595397949,0.2986489494449092,2.563613176345825,2.0,0.868039979318277,0.7303219564367073,,,,
vit_tiny_patch16_224,mix75,0,mix75_1+mix75_4,2,task_arithmetic,0.876,0.9358250653196158,0.09278598427772522,0.4279055595397949,0.2986489494449092,2.563613176345825,2.0,0.868039979318277,0.7303219564367073,0.1,,,
vit_tiny_patch16_224,mix75,0,mix75_1+mix75_4,2,task_arithmetic,0.89925,0.9606485175237549,0.09278598427772522,0.4279055595397949,0.2986489494449092,2.563613176345825,2.0,0.868039979318277,0.7303219564367073,0.2,,,
vit_tiny_patch16_224,mix75,0,mix75_1+mix75_4,2,task_arithmetic,0.913,0.9754387397203496,0.09278598427772522,0.4279055595397949,0.2986489494449092,2.563613176345825,2.0,0.868039979318277,0.7303219564367073,0.3,,,
vit_tiny_patch16_224,mix75,0,mix75_1+mix75_4,2,task_arithmetic,0.91825,0.9810346889764353,0.09278598427772522,0.4279055595397949,0.2986489494449092,2.563613176345825,2.0,0.868039979318277,0.7303219564367073,0.5,,,
vit_tiny_patch16_224,mix75,0,mix75_1+mix75_4,2,task_arithmetic,0.8965000000000001,0.9577843883192285,0.09278598427772522,0.4279055595397949,0.2986489494449092,2.563613176345825,2.0,0.868039979318277,0.7303219564367073,1.0,,,
vit_tiny_patch16_224,mix75,0,mix75_1+mix75_4,2,ties,0.9095,0.9716581519708355,0.09278598427772522,0.4279055595397949,0.2986489494449092,2.563613176345825,2.0,0.868039979318277,0.7303219564367073,0.5,0.2,,
vit_tiny_patch16_224,mix75,0,mix75_1+mix75_4,2,ties,0.9232499999999999,0.986308500413484,0.09278598427772522,0.4279055595397949,0.2986489494449092,2.563613176345825,2.0,0.868039979318277,0.7303219564367073,1.0,0.2,,
vit_tiny_patch16_224,mix75,0,mix75_1+mix75_4,2,dare,0.888,0.9486900252029669,0.09278598427772522,0.4279055595397949,0.2986489494449092,2.563613176345825,2.0,0.868039979318277,0.7303219564367073,1.0,0.2,0.9,0
vit_tiny_patch16_224,mix75,0,mix75_1+mix75_4,2,dare,0.8907499999999999,0.9516540642317406,0.09278598427772522,0.4279055595397949,0.2986489494449092,2.563613176345825,2.0,0.868039979318277,0.7303219564367073,1.0,0.2,0.9,1
vit_tiny_patch16_224,mix75,0,mix75_1+mix75_4,2,dare,0.88175,0.9419953533368026,0.09278598427772522,0.4279055595397949,0.2986489494449092,2.563613176345825,2.0,0.868039979318277,0.7303219564367073,1.0,0.2,0.9,2
vit_tiny_patch16_224,mix75,0,mix75_2+mix75_3,2,averaging,0.91,0.980801238573549,0.09581334888935089,0.4255262017250061,0.2976123409219006,2.5931509733200073,2.0,0.8685183092473163,0.7342971088615091,,,,
vit_tiny_patch16_224,mix75,0,mix75_2+mix75_3,2,task_arithmetic,0.85225,0.9185732294991968,0.09581334888935089,0.4255262017250061,0.2976123409219006,2.5931509733200073,2.0,0.8685183092473163,0.7342971088615091,0.1,,,
vit_tiny_patch16_224,mix75,0,mix75_2+mix75_3,2,task_arithmetic,0.8845000000000001,0.953351613718422,0.09581334888935089,0.4255262017250061,0.2976123409219006,2.5931509733200073,2.0,0.8685183092473163,0.7342971088615091,0.2,,,
vit_tiny_patch16_224,mix75,0,mix75_2+mix75_3,2,task_arithmetic,0.8995,0.969495478799885,0.09581334888935089,0.4255262017250061,0.2976123409219006,2.5931509733200073,2.0,0.8685183092473163,0.7342971088615091,0.3,,,
vit_tiny_patch16_224,mix75,0,mix75_2+mix75_3,2,task_arithmetic,0.91,0.980801238573549,0.09581334888935089,0.4255262017250061,0.2976123409219006,2.5931509733200073,2.0,0.8685183092473163,0.7342971088615091,0.5,,,
vit_tiny_patch16_224,mix75,0,mix75_2+mix75_3,2,task_arithmetic,0.878,0.9462775984918682,0.09581334888935089,0.4255262017250061,0.2976123409219006,2.5931509733200073,2.0,0.8685183092473163,0.7342971088615091,1.0,,,
vit_tiny_patch16_224,mix75,0,mix75_2+mix75_3,2,ties,0.89575,0.9654721480711191,0.09581334888935089,0.4255262017250061,0.2976123409219006,2.5931509733200073,2.0,0.8685183092473163,0.7342971088615091,0.5,0.2,,
vit_tiny_patch16_224,mix75,0,mix75_2+mix75_3,2,ties,0.909,0.9796896013849716,0.09581334888935089,0.4255262017250061,0.2976123409219006,2.5931509733200073,2.0,0.8685183092473163,0.7342971088615091,1.0,0.2,,
vit_tiny_patch16_224,mix75,0,mix75_2+mix75_3,2,dare,0.86575,0.9330327914089936,0.09581334888935089,0.4255262017250061,0.2976123409219006,2.5931509733200073,2.0,0.8685183092473163,0.7342971088615091,1.0,0.2,0.9,0
vit_tiny_patch16_224,mix75,0,mix75_2+mix75_3,2,dare,0.86975,0.9373782558305037,0.09581334888935089,0.4255262017250061,0.2976123409219006,2.5931509733200073,2.0,0.8685183092473163,0.7342971088615091,1.0,0.2,0.9,1
vit_tiny_patch16_224,mix75,0,mix75_2+mix75_3,2,dare,0.87275,0.9406036593690363,0.09581334888935089,0.4255262017250061,0.2976123409219006,2.5931509733200073,2.0,0.8685183092473163,0.7342971088615091,1.0,0.2,0.9,2
vit_tiny_patch16_224,mix75,0,mix75_2+mix75_4,2,averaging,0.9137500000000001,0.9859521598514202,0.09297725558280945,0.4278014004230499,0.294586804532392,2.572968006134033,2.0,0.8740635369176847,0.7349501638524968,,,,
vit_tiny_patch16_224,mix75,0,mix75_2+mix75_4,2,task_arithmetic,0.85875,0.9266531108905185,0.09297725558280945,0.4278014004230499,0.294586804532392,2.572968006134033,2.0,0.8740635369176847,0.7349501638524968,0.1,,,
vit_tiny_patch16_224,mix75,0,mix75_2+mix75_4,2,task_arithmetic,0.88725,0.9573889653847385,0.09297725558280945,0.4278014004230499,0.294586804532392,2.572968006134033,2.0,0.8740635369176847,0.7349501638524968,0.2,,,
vit_tiny_patch16_224,mix75,0,mix75_2+mix75_4,2,task_arithmetic,0.903,0.9743875884594447,0.09297725558280945,0.4278014004230499,0.294586804532392,2.572968006134033,2.0,0.8740635369176847,0.7349501638524968,0.3,,,
vit_tiny_patch16_224,mix75,0,mix75_2+mix75_4,2,task_arithmetic,0.9137500000000001,0.9859521598514202,0.09297725558280945,0.4278014004230499,0.294586804532392,2.572968006134033,2.0,0.8740635369176847,0.7349501638524968,0.5,,,
vit_tiny_patch16_224,mix75,0,mix75_2+mix75_4,2,task_arithmetic,0.8935,0.9641839316020366,0.09297725558280945,0.4278014004230499,0.294586804532392,2.572968006134033,2.0,0.8740635369176847,0.7349501638524968,1.0,,,
vit_tiny_patch16_224,mix75,0,mix75_2+mix75_4,2,ties,0.8955,0.9662989528963464,0.09297725558280945,0.4278014004230499,0.294586804532392,2.572968006134033,2.0,0.8740635369176847,0.7349501638524968,0.5,0.2,,
vit_tiny_patch16_224,mix75,0,mix75_2+mix75_4,2,ties,0.915,0.9873274840692945,0.09297725558280945,0.4278014004230499,0.294586804532392,2.572968006134033,2.0,0.8740635369176847,0.7349501638524968,1.0,0.2,,
vit_tiny_patch16_224,mix75,0,mix75_2+mix75_4,2,dare,0.8835,0.9533398443754202,0.09297725558280945,0.4278014004230499,0.294586804532392,2.572968006134033,2.0,0.8740635369176847,0.7349501638524968,1.0,0.2,0.9,0
vit_tiny_patch16_224,mix75,0,mix75_2+mix75_4,2,dare,0.8847499999999999,0.9547151685932946,0.09297725558280945,0.4278014004230499,0.294586804532392,2.572968006134033,2.0,0.8740635369176847,0.7349501638524968,1.0,0.2,0.9,1
vit_tiny_patch16_224,mix75,0,mix75_2+mix75_4,2,dare,0.88375,0.953636043421179,0.09297725558280945,0.4278014004230499,0.294586804532392,2.572968006134033,2.0,0.8740635369176847,0.7349501638524968,1.0,0.2,0.9,2
vit_tiny_patch16_224,mix75,0,mix75_3+mix75_4,2,averaging,0.8987499999999999,0.9774377963740684,0.0950063169002533,0.4261764585971832,0.30432240195040305,2.5861397981643677,2.0,0.8772281752814183,0.7284161704668815,,,,
vit_tiny_patch16_224,mix75,0,mix75_3+mix75_4,2,task_arithmetic,0.8485,0.9227976322304776,0.0950063169002533,0.4261764585971832,0.30432240195040305,2.5861397981643677,2.0,0.8772281752814183,0.7284161704668815,0.1,,,
vit_tiny_patch16_224,mix75,0,mix75_3+mix75_4,2,task_arithmetic,0.8765000000000001,0.9532383556426725,0.0950063169002533,0.4261764585971832,0.30432240195040305,2.5861397981643677,2.0,0.8772281752814183,0.7284161704668815,0.2,,,
vit_tiny_patch16_224,mix75,0,mix75_3+mix75_4,2,task_arithmetic,0.891,0.9690030831625969,0.0950063169002533,0.4261764585971832,0.30432240195040305,2.5861397981643677,2.0,0.8772281752814183,0.7284161704668815,0.3,,,
vit_tiny_patch16_224,mix75,0,mix75_3+mix75_4,2,task_arithmetic,0.8987499999999999,0.9774377963740684,0.0950063169002533,0.4261764585971832,0.30432240195040305,2.5861397981643677,2.0,0.8772281752814183,0.7284161704668815,0.5,,,
vit_tiny_patch16_224,mix75,0,mix75_3+mix75_4,2,task_arithmetic,0.86975,0.9459018361479599,0.0950063169002533,0.4261764585971832,0.30432240195040305,2.5861397981643677,2.0,0.8772281752814183,0.7284161704668815,1.0,,,
vit_tiny_patch16_224,mix75,0,mix75_3+mix75_4,2,ties,0.88575,0.9632949300648124,0.0950063169002533,0.4261764585971832,0.30432240195040305,2.5861397981643677,2.0,0.8772281752814183,0.7284161704668815,0.5,0.2,,
vit_tiny_patch16_224,mix75,0,mix75_3+mix75_4,2,ties,0.901,0.9798827114917368,0.0950063169002533,0.4261764585971832,0.30432240195040305,2.5861397981643677,2.0,0.8772281752814183,0.7284161704668815,1.0,0.2,,
vit_tiny_patch16_224,mix75,0,mix75_3+mix75_4,2,dare,0.853,0.927692193510367,0.0950063169002533,0.4261764585971832,0.30432240195040305,2.5861397981643677,2.0,0.8772281752814183,0.7284161704668815,1.0,0.2,0.9,0
vit_tiny_patch16_224,mix75,0,mix75_3+mix75_4,2,dare,0.86225,0.9377393058434018,0.0950063169002533,0.4261764585971832,0.30432240195040305,2.5861397981643677,2.0,0.8772281752814183,0.7284161704668815,1.0,0.2,0.9,1
vit_tiny_patch16_224,mix75,0,mix75_3+mix75_4,2,dare,0.85025,0.9246893108257832,0.0950063169002533,0.4261764585971832,0.30432240195040305,2.5861397981643677,2.0,0.8772281752814183,0.7284161704668815,1.0,0.2,0.9,2
vit_tiny_patch16_224,mix75,0,mix75_0+mix75_1+mix75_2,3,averaging,0.9063333333333334,0.9715748988767897,0.09209730227788289,0.4283258020877838,0.2983873304494704,2.583746353785197,3.0,0.8771631038649889,0.7373795580219168,,,,
vit_tiny_patch16_224,mix75,0,mix75_0+mix75_1+mix75_2,3,task_arithmetic,0.8791666666666668,0.9424062103416803,0.09209730227788289,0.4283258020877838,0.2983873304494704,2.583746353785197,3.0,0.8771631038649889,0.7373795580219168,0.1,,,
vit_tiny_patch16_224,mix75,0,mix75_0+mix75_1+mix75_2,3,task_arithmetic,0.9015,0.9664047012345849,0.09209730227788289,0.4283258020877838,0.2983873304494704,2.583746353785197,3.0,0.8771631038649889,0.7373795580219168,0.2,,,
vit_tiny_patch16_224,mix75,0,mix75_0+mix75_1+mix75_2,3,task_arithmetic,0.907,0.9723060610487736,0.09209730227788289,0.4283258020877838,0.2983873304494704,2.583746353785197,3.0,0.8771631038649889,0.7373795580219168,0.3,,,
vit_tiny_patch16_224,mix75,0,mix75_0+mix75_1+mix75_2,3,task_arithmetic,0.8995000000000001,0.9641608055208105,0.09209730227788289,0.4283258020877838,0.2983873304494704,2.583746353785197,3.0,0.8771631038649889,0.7373795580219168,0.5,,,
vit_tiny_patch16_224,mix75,0,mix75_0+mix75_1+mix75_2,3,task_arithmetic,0.7791666666666667,0.8352314809407871,0.09209730227788289,0.4283258020877838,0.2983873304494704,2.583746353785197,3.0,0.8771631038649889,0.7373795580219168,1.0,,,
vit_tiny_patch16_224,mix75,0,mix75_0+mix75_1+mix75_2,3,ties,0.9048333333333334,0.9699951061205264,0.09209730227788289,0.4283258020877838,0.2983873304494704,2.583746353785197,3.0,0.8771631038649889,0.7373795580219168,0.5,0.2,,
vit_tiny_patch16_224,mix75,0,mix75_0+mix75_1+mix75_2,3,ties,0.9088333333333333,0.9742449315801363,0.09209730227788289,0.4283258020877838,0.2983873304494704,2.583746353785197,3.0,0.8771631038649889,0.7373795580219168,1.0,0.2,,
vit_tiny_patch16_224,mix75,0,mix75_0+mix75_1+mix75_2,3,dare,0.7803333333333334,0.8364729171524569,0.09209730227788289,0.4283258020877838,0.2983873304494704,2.583746353785197,3.0,0.8771631038649889,0.7373795580219168,1.0,0.2,0.9,0
vit_tiny_patch16_224,mix75,0,mix75_0+mix75_1+mix75_2,3,dare,0.7733333333333334,0.8288062575424924,0.09209730227788289,0.4283258020877838,0.2983873304494704,2.583746353785197,3.0,0.8771631038649889,0.7373795580219168,1.0,0.2,0.9,1
vit_tiny_patch16_224,mix75,0,mix75_0+mix75_1+mix75_2,3,dare,0.7703333333333333,0.8255959572471494,0.09209730227788289,0.4283258020877838,0.2983873304494704,2.583746353785197,3.0,0.8771631038649889,0.7373795580219168,1.0,0.2,0.9,2
vit_tiny_patch16_224,mix75,0,mix75_0+mix75_1+mix75_3,3,averaging,0.9013333333333332,0.9712265628833766,0.09028639892737071,0.4296894570191701,0.2989372165423583,2.5925275484720864,3.0,0.870546019846446,0.7330235624315066,,,,
vit_tiny_patch16_224,mix75,0,mix75_0+mix75_1+mix75_3,3,task_arithmetic,0.8694999999999999,0.9367775702099316,0.09028639892737071,0.4296894570191701,0.2989372165423583,2.5925275484720864,3.0,0.870546019846446,0.7330235624315066,0.1,,,
vit_tiny_patch16_224,mix75,0,mix75_0+mix75_1+mix75_3,3,task_arithmetic,0.8935,0.9627020665167098,0.09028639892737071,0.4296894570191701,0.2989372165423583,2.5925275484720864,3.0,0.870546019846446,0.7330235624315066,0.2,,,
vit_tiny_patch16_224,mix75,0,mix75_0+mix75_1+mix75_3,3,task_arithmetic,0.8991666666666666,0.9688706793939467,0.09028639892737071,0.4296894570191701,0.2989372165423583,2.5925275484720864,3.0,0.870546019846446,0.7330235624315066,0.3,,,
vit_tiny_patch16_224,mix75,0,mix75_0+mix75_1+mix75_3,3,task_arithmetic,0.8969999999999999,0.9664667494781085,0.09028639892737071,0.4296894570191701,0.2989372165423583,2.5925275484720864,3.0,0.870546019846446,0.7330235624315066,0.5,,,
vit_tiny_patch16_224,mix75,0,mix75_0+mix75_1+mix75_3,3,task_arithmetic,0.7965,0.8577965337204363,0.09028639892737071,0.4296894570191701,0.2989372165423583,2.5925275484720864,3.0,0.870546019846446,0.7330235624315066,1.0,,,
vit_tiny_patch16_224,mix75,0,mix75_0+mix75_1+mix75_3,3,ties,0.8995000000000001,0.9691972921872373,0.09028639892737071,0.4296894570191701,0.2989372165423583,2.5925275484720864,3.0,0.870546019846446,0.7330235624315066,0.5,0.2,,
vit_tiny_patch16_224,mix75,0,mix75_0+mix75_1+mix75_3,3,ties,0.9036666666666666,0.9736695102762881,0.09028639892737071,0.4296894570191701,0.2989372165423583,2.5925275484720864,3.0,0.870546019846446,0.7330235624315066,1.0,0.2,,
vit_tiny_patch16_224,mix75,0,mix75_0+mix75_1+mix75_3,3,dare,0.8035,0.8654178185469745,0.09028639892737071,0.4296894570191701,0.2989372165423583,2.5925275484720864,3.0,0.870546019846446,0.7330235624315066,1.0,0.2,0.9,0
vit_tiny_patch16_224,mix75,0,mix75_0+mix75_1+mix75_3,3,dare,0.7871666666666667,0.8476988923799852,0.09028639892737071,0.4296894570191701,0.2989372165423583,2.5925275484720864,3.0,0.870546019846446,0.7330235624315066,1.0,0.2,0.9,1
vit_tiny_patch16_224,mix75,0,mix75_0+mix75_1+mix75_3,3,dare,0.7773333333333333,0.8369389965036182,0.09028639892737071,0.4296894570191701,0.2989372165423583,2.5925275484720864,3.0,0.870546019846446,0.7330235624315066,1.0,0.2,0.9,2
vit_tiny_patch16_224,mix75,0,mix75_0+mix75_1+mix75_4,3,averaging,0.9015,0.9720739246393234,0.09236509104569753,0.42813865343729657,0.3004140832452457,2.5790722370147705,3.0,0.8747625101197313,0.7334589324254983,,,,
vit_tiny_patch16_224,mix75,0,mix75_0+mix75_1+mix75_4,3,task_arithmetic,0.875,0.9434541125266125,0.09236509104569753,0.42813865343729657,0.3004140832452457,2.5790722370147705,3.0,0.8747625101197313,0.7334589324254983,0.1,,,
vit_tiny_patch16_224,mix75,0,mix75_0+mix75_1+mix75_4,3,task_arithmetic,0.894,0.9639864323943464,0.09236509104569753,0.42813865343729657,0.3004140832452457,2.5790722370147705,3.0,0.8747625101197313,0.7334589324254983,0.2,,,
vit_tiny_patch16_224,mix75,0,mix75_0+mix75_1+mix75_4,3,task_arithmetic,0.8991666666666666,0.9695753286755865,0.09236509104569753,0.42813865343729657,0.3004140832452457,2.5790722370147705,3.0,0.8747625101197313,0.7334589324254983,0.3,,,
vit_tiny_patch16_224,mix75,0,mix75_0+mix75_1+mix75_4,3,task_arithmetic,0.8948333333333333,0.9648901999344272,0.09236509104569753,0.42813865343729657,0.3004140832452457,2.5790722370147705,3.0,0.8747625101197313,0.7334589324254983,0.5,,,
vit_tiny_patch16_224,mix75,0,mix75_0+mix75_1+mix75_4,3,task_arithmetic,0.7856666666666667,0.847105493974106,0.09236509104569753,0.42813865343729657,0.3004140832452457,2.5790722370147705,3.0,0.8747625101197313,0.7334589324254983,1.0,,,
vit_tiny_patch16_224,mix75,0,mix75_0+mix75_1+mix75_4,3,ties,0.8981666666666667,0.968503189189033,0.09236509104569753,0.42813865343729657,0.3004140832452457,2.5790722370147705,3.0,0.8747625101197313,0.7334589324254983,0.5,0.2,,
vit_tiny_patch16_224,mix75,0,mix75_0+mix75_1+mix75_4,3,ties,0.9048333333333334,0.9756665749514347,0.09236509104569753,0.42813865343729657,0.3004140832452457,2.5790722370147705,3.0,0.8747625101197313,0.7334589324254983,1.0,0.2,,
vit_tiny_patch16_224,mix75,0,mix75_0+mix75_1+mix75_4,3,dare,0.7789999999999999,0.8399560244843459,0.09236509104569753,0.42813865343729657,0.3004140832452457,2.5790722370147705,3.0,0.8747625101197313,0.7334589324254983,1.0,0.2,0.9,0
vit_tiny_patch16_224,mix75,0,mix75_0+mix75_1+mix75_4,3,dare,0.7835000000000001,0.8447466944400711,0.09236509104569753,0.42813865343729657,0.3004140832452457,2.5790722370147705,3.0,0.8747625101197313,0.7334589324254983,1.0,0.2,0.9,1
vit_tiny_patch16_224,mix75,0,mix75_0+mix75_1+mix75_4,3,dare,0.7843333333333332,0.8455406206697541,0.09236509104569753,0.42813865343729657,0.3004140832452457,2.5790722370147705,3.0,0.8747625101197313,0.7334589324254983,1.0,0.2,0.9,2
vit_tiny_patch16_224,mix75,0,mix75_0+mix75_2+mix75_3,3,averaging,0.8951666666666668,0.9710394652689441,0.09186566869417827,0.42848438024520874,0.2969738727422521,2.598764101664225,3.0,0.8705298592726289,0.7361090340420328,,,,
vit_tiny_patch16_224,mix75,0,mix75_0+mix75_2+mix75_3,3,task_arithmetic,0.8595,0.9323567582793707,0.09186566869417827,0.42848438024520874,0.2969738727422521,2.598764101664225,3.0,0.8705298592726289,0.7361090340420328,0.1,,,
vit_tiny_patch16_224,mix75,0,mix75_0+mix75_2+mix75_3,3,task_arithmetic,0.8856666666666667,0.9607404151801378,0.09186566869417827,0.42848438024520874,0.2969738727422521,2.598764101664225,3.0,0.8705298592726289,0.7361090340420328,0.2,,,
vit_tiny_patch16_224,mix75,0,mix75_0+mix75_2+mix75_3,3,task_arithmetic,0.8946666666666667,0.9705075138087885,0.09186566869417827,0.42848438024520874,0.2969738727422521,2.598764101664225,3.0,0.8705298592726289,0.7361090340420328,0.3,,,
vit_tiny_patch16_224,mix75,0,mix75_0+mix75_2+mix75_3,3,task_arithmetic,0.8865,0.961616922554073,0.09186566869417827,0.42848438024520874,0.2969738727422521,2.598764101664225,3.0,0.8705298592726289,0.7361090340420328,0.5,,,
vit_tiny_patch16_224,mix75,0,mix75_0+mix75_2+mix75_3,3,task_arithmetic,0.7836666666666666,0.8499515395511817,0.09186566869417827,0.42848438024520874,0.2969738727422521,2.598764101664225,3.0,0.8705298592726289,0.7361090340420328,1.0,,,
vit_tiny_patch16_224,mix75,0,mix75_0+mix75_2+mix75_3,3,ties,0.8913333333333333,0.9669047123755243,0.09186566869417827,0.42848438024520874,0.2969738727422521,2.598764101664225,3.0,0.8705298592726289,0.7361090340420328,0.5,0.2,,
vit_tiny_patch16_224,mix75,0,mix75_0+mix75_2+mix75_3,3,ties,0.8966666666666666,0.9726633315986928,0.09186566869417827,0.42848438024520874,0.2969738727422521,2.598764101664225,3.0,0.8705298592726289,0.7361090340420328,1.0,0.2,,
vit_tiny_patch16_224,mix75,0,mix75_0+mix75_2+mix75_3,3,dare,0.7918333333333333,0.8587537155307229,0.09186566869417827,0.42848438024520874,0.2969738727422521,2.598764101664225,3.0,0.8705298592726289,0.7361090340420328,1.0,0.2,0.9,0
vit_tiny_patch16_224,mix75,0,mix75_0+mix75_2+mix75_3,3,dare,0.7836666666666666,0.8498744229005916,0.09186566869417827,0.42848438024520874,0.2969738727422521,2.598764101664225,3.0,0.8705298592726289,0.7361090340420328,1.0,0.2,0.9,1
vit_tiny_patch16_224,mix75,0,mix75_0+mix75_2+mix75_3,3,dare,0.7628333333333334,0.8273094533886303,0.09186566869417827,0.42848438024520874,0.2969738727422521,2.598764101664225,3.0,0.8705298592726289,0.7361090340420328,1.0,0.2,0.9,2
vit_tiny_patch16_224,mix75,0,mix75_0+mix75_2+mix75_4,3,averaging,0.8973333333333334,0.9740986265114479,0.0921102911233902,0.4283322791258494,0.29675744050473746,2.585308790206909,3.0,0.8736743516989987,0.7365444040360246,,,,
vit_tiny_patch16_224,mix75,0,mix75_0+mix75_2+mix75_4,3,task_arithmetic,0.866,0.9401116378044874,0.0921102911233902,0.4283322791258494,0.29675744050473746,2.585308790206909,3.0,0.8736743516989987,0.7365444040360246,0.1,,,
vit_tiny_patch16_224,mix75,0,mix75_0+mix75_2+mix75_4,3,task_arithmetic,0.8888333333333334,0.9648764350595981,0.0921102911233902,0.4283322791258494,0.29675744050473746,2.585308790206909,3.0,0.8736743516989987,0.7365444040360246,0.2,,,
vit_tiny_patch16_224,mix75,0,mix75_0+mix75_2+mix75_4,3,task_arithmetic,0.8956666666666666,0.9723078084296822,0.0921102911233902,0.4283322791258494,0.29675744050473746,2.585308790206909,3.0,0.8736743516989987,0.7365444040360246,0.3,,,
vit_tiny_patch16_224,mix75,0,mix75_0+mix75_2+mix75_4,3,task_arithmetic,0.8913333333333333,0.9675769809619755,0.0921102911233902,0.4283322791258494,0.29675744050473746,2.585308790206909,3.0,0.8736743516989987,0.7365444040360246,0.5,,,
vit_tiny_patch16_224,mix75,0,mix75_0+mix75_2+mix75_4,3,task_arithmetic,0.7838333333333334,0.8508224603856869,0.0921102911233902,0.4283322791258494,0.29675744050473746,2.585308790206909,3.0,0.8736743516989987,0.7365444040360246,1.0,,,
vit_tiny_patch16_224,mix75,0,mix75_0+mix75_2+mix75_4,3,ties,0.8908333333333333,0.9670557808986833,0.0921102911233902,0.4283322791258494,0.29675744050473746,2.585308790206909,3.0,0.8736743516989987,0.7365444040360246,0.5,0.2,,
vit_tiny_patch16_224,mix75,0,mix75_0+mix75_2+mix75_4,3,ties,0.9026666666666667,0.9799115936312132,0.0921102911233902,0.4283322791258494,0.29675744050473746,2.585308790206909,3.0,0.8736743516989987,0.7365444040360246,1.0,0.2,,
vit_tiny_patch16_224,mix75,0,mix75_0+mix75_2+mix75_4,3,dare,0.7816666666666666,0.8484778577064592,0.0921102911233902,0.4283322791258494,0.29675744050473746,2.585308790206909,3.0,0.8736743516989987,0.7365444040360246,1.0,0.2,0.9,0
vit_tiny_patch16_224,mix75,0,mix75_0+mix75_2+mix75_4,3,dare,0.7885,0.8558999999648115,0.0921102911233902,0.4283322791258494,0.29675744050473746,2.585308790206909,3.0,0.8736743516989987,0.7365444040360246,1.0,0.2,0.9,1
vit_tiny_patch16_224,mix75,0,mix75_0+mix75_2+mix75_4,3,dare,0.7875,0.8548647548295311,0.0921102911233902,0.4283322791258494,0.29675744050473746,2.585308790206909,3.0,0.8736743516989987,0.7365444040360246,1.0,0.2,0.9,2
vit_tiny_patch16_224,mix75,0,mix75_0+mix75_3+mix75_4,3,averaging,0.8885,0.9696261041084702,0.09198739131291707,0.4284006853898366,0.30139183768746597,2.594089984893799,3.0,0.8735677428217098,0.7321884084456145,,,,
vit_tiny_patch16_224,mix75,0,mix75_0+mix75_3+mix75_4,3,task_arithmetic,0.8583333333333334,0.9367023355582359,0.09198739131291707,0.4284006853898366,0.30139183768746597,2.594089984893799,3.0,0.8735677428217098,0.7321884084456145,0.1,,,
vit_tiny_patch16_224,mix75,0,mix75_0+mix75_3+mix75_4,3,task_arithmetic,0.8776666666666667,0.9577857894175829,0.09198739131291707,0.4284006853898366,0.30139183768746597,2.594089984893799,3.0,0.8735677428217098,0.7321884084456145,0.2,,,
vit_tiny_patch16_224,mix75,0,mix75_0+mix75_3+mix75_4,3,task_arithmetic,0.8881666666666667,0.9692581088302953,0.09198739131291707,0.4284006853898366,0.30139183768746597,2.594089984893799,3.0,0.8735677428217098,0.7321884084456145,0.3,,,
vit_tiny_patch16_224,mix75,0,mix75_0+mix75_3+mix75_4,3,task_arithmetic,0.8786666666666667,0.9588668349932893,0.09198739131291707,0.4284006853898366,0.30139183768746597,2.594089984893799,3.0,0.8735677428217098,0.7321884084456145,0.5,,,
vit_tiny_patch16_224,mix75,0,mix75_0+mix75_3+mix75_4,3,task_arithmetic,0.7673333333333333,0.8373430679730628,0.09198739131291707,0.4284006853898366,0.30139183768746597,2.594089984893799,3.0,0.8735677428217098,0.7321884084456145,1.0,,,
vit_tiny_patch16_224,mix75,0,mix75_0+mix75_3+mix75_4,3,ties,0.8841666666666667,0.9648949841169964,0.09198739131291707,0.4284006853898366,0.30139183768746597,2.594089984893799,3.0,0.8735677428217098,0.7321884084456145,0.5,0.2,,
vit_tiny_patch16_224,mix75,0,mix75_0+mix75_3+mix75_4,3,ties,0.8863333333333333,0.9672659254863668,0.09198739131291707,0.4284006853898366,0.30139183768746597,2.594089984893799,3.0,0.8735677428217098,0.7321884084456145,1.0,0.2,,
vit_tiny_patch16_224,mix75,0,mix75_0+mix75_3+mix75_4,3,dare,0.7553333333333333,0.8243110077084713,0.09198739131291707,0.4284006853898366,0.30139183768746597,2.594089984893799,3.0,0.8735677428217098,0.7321884084456145,1.0,0.2,0.9,0
vit_tiny_patch16_224,mix75,0,mix75_0+mix75_3+mix75_4,3,dare,0.7706666666666667,0.8409917643962862,0.09198739131291707,0.4284006853898366,0.30139183768746597,2.594089984893799,3.0,0.8735677428217098,0.7321884084456145,1.0,0.2,0.9,1
vit_tiny_patch16_224,mix75,0,mix75_0+mix75_3+mix75_4,3,dare,0.7703333333333333,0.8407053239103967,0.09198739131291707,0.4284006853898366,0.30139183768746597,2.594089984893799,3.0,0.8735677428217098,0.7321884084456145,1.0,0.2,0.9,2
vit_tiny_patch16_224,mix75,0,mix75_1+mix75_2+mix75_3,3,averaging,0.9113333333333333,0.9732643260595876,0.09302934507528941,0.4276394446690877,0.29777315159994483,2.582523822784424,3.0,0.8678142041738898,0.7333896350461878,,,,
vit_tiny_patch16_224,mix75,0,mix75_1+mix75_2+mix75_3,3,task_arithmetic,0.8793333333333333,0.9389687761031983,0.09302934507528941,0.4276394446690877,0.29777315159994483,2.582523822784424,3.0,0.8678142041738898,0.7333896350461878,0.1,,,
vit_tiny_patch16_224,mix75,0,mix75_1+mix75_2+mix75_3,3,task_arithmetic,0.9028333333333333,0.9641477349289754,0.09302934507528941,0.4276394446690877,0.29777315159994483,2.582523822784424,3.0,0.8678142041738898,0.7333896350461878,0.2,,,
vit_tiny_patch16_224,mix75,0,mix75_1+mix75_2+mix75_3,3,task_arithmetic,0.9126666666666666,0.9746918577032168,0.09302934507528941,0.4276394446690877,0.29777315159994483,2.582523822784424,3.0,0.8678142041738898,0.7333896350461878,0.3,,,
vit_tiny_patch16_224,mix75,0,mix75_1+mix75_2+mix75_3,3,task_arithmetic,0.907,0.968582216164403,0.09302934507528941,0.4276394446690877,0.29777315159994483,2.582523822784424,3.0,0.8678142041738898,0.7333896350461878,0.5,,,
vit_tiny_patch16_224,mix75,0,mix75_1+mix75_2+mix75_3,3,task_arithmetic,0.7863333333333333,0.8396723164244722,0.09302934507528941,0.4276394446690877,0.29777315159994483,2.582523822784424,3.0,0.8678142041738898,0.7333896350461878,1.0,,,
vit_tiny_patch16_224,mix75,0,mix75_1+mix75_2+mix75_3,3,ties,0.9101666666666667,0.9719789558161578,0.09302934507528941,0.4276394446690877,0.29777315159994483,2.582523822784424,3.0,0.8678142041738898,0.7333896350461878,0.5,0.2,,
vit_tiny_patch16_224,mix75,0,mix75_1+mix75_2+mix75_3,3,ties,0.9133333333333334,0.9753471713598603,0.09302934507528941,0.4276394446690877,0.29777315159994483,2.582523822784424,3.0,0.8678142041738898,0.7333896350461878,1.0,0.2,,
vit_tiny_patch16_224,mix75,0,mix75_1+mix75_2+mix75_3,3,dare,0.8003333333333332,0.854606405020511,0.09302934507528941,0.4276394446690877,0.29777315159994483,2.582523822784424,3.0,0.8678142041738898,0.7333896350461878,1.0,0.2,0.9,0
vit_tiny_patch16_224,mix75,0,mix75_1+mix75_2+mix75_3,3,dare,0.7863333333333333,0.8394116958221799,0.09302934507528941,0.4276394446690877,0.29777315159994483,2.582523822784424,3.0,0.8678142041738898,0.7333896350461878,1.0,0.2,0.9,1
vit_tiny_patch16_224,mix75,0,mix75_1+mix75_2+mix75_3,3,dare,0.7885,0.8417780901934035,0.09302934507528941,0.4276394446690877,0.29777315159994483,2.582523822784424,3.0,0.8678142041738898,0.7333896350461878,1.0,0.2,0.9,2
vit_tiny_patch16_224,mix75,0,mix75_1+mix75_2+mix75_4,3,averaging,0.9105,0.9731149144495683,0.09297268589337666,0.4277575413386027,0.29744942628067456,2.569068511327108,3.0,0.8725830204677174,0.7338250050401797,,,,
vit_tiny_patch16_224,mix75,0,mix75_1+mix75_2+mix75_4,3,task_arithmetic,0.8815,0.9420674977451303,0.09297268589337666,0.4277575413386027,0.29744942628067456,2.569068511327108,3.0,0.8725830204677174,0.7338250050401797,0.1,,,
vit_tiny_patch16_224,mix75,0,mix75_1+mix75_2+mix75_4,3,task_arithmetic,0.9016666666666667,0.9636318931614826,0.09297268589337666,0.4277575413386027,0.29744942628067456,2.569068511327108,3.0,0.8725830204677174,0.7338250050401797,0.2,,,
vit_tiny_patch16_224,mix75,0,mix75_1+mix75_2+mix75_4,3,task_arithmetic,0.9095,0.972092533020155,0.09297268589337666,0.4277575413386027,0.29744942628067456,2.569068511327108,3.0,0.8725830204677174,0.7338250050401797,0.3,,,
vit_tiny_patch16_224,mix75,0,mix75_1+mix75_2+mix75_4,3,task_arithmetic,0.9049999999999999,0.9672943018617444,0.09297268589337666,0.4277575413386027,0.29744942628067456,2.569068511327108,3.0,0.8725830204677174,0.7338250050401797,0.5,,,
vit_tiny_patch16_224,mix75,0,mix75_1+mix75_2+mix75_4,3,task_arithmetic,0.7793333333333333,0.8330559601530291,0.09297268589337666,0.4277575413386027,0.29744942628067456,2.569068511327108,3.0,0.8725830204677174,0.7338250050401797,1.0,,,
vit_tiny_patch16_224,mix75,0,mix75_1+mix75_2+mix75_4,3,ties,0.9071666666666666,0.9695173178400006,0.09297268589337666,0.4277575413386027,0.29744942628067456,2.569068511327108,3.0,0.8725830204677174,0.7338250050401797,0.5,0.2,,
vit_tiny_patch16_224,mix75,0,mix75_1+mix75_2+mix75_4,3,ties,0.9126666666666666,0.975453081957529,0.09297268589337666,0.4277575413386027,0.29744942628067456,2.569068511327108,3.0,0.8725830204677174,0.7338250050401797,1.0,0.2,,
vit_tiny_patch16_224,mix75,0,mix75_1+mix75_2+mix75_4,3,dare,0.7825000000000001,0.8364329066153955,0.09297268589337666,0.4277575413386027,0.29744942628067456,2.569068511327108,3.0,0.8725830204677174,0.7338250050401797,1.0,0.2,0.9,0
vit_tiny_patch16_224,mix75,0,mix75_1+mix75_2+mix75_4,3,dare,0.7868333333333334,0.8410182951455876,0.09297268589337666,0.4277575413386027,0.29744942628067456,2.569068511327108,3.0,0.8725830204677174,0.7338250050401797,1.0,0.2,0.9,1
vit_tiny_patch16_224,mix75,0,mix75_1+mix75_2+mix75_4,3,dare,0.7811666666666667,0.8348358813780786,0.09297268589337666,0.4277575413386027,0.29744942628067456,2.569068511327108,3.0,0.8725830204677174,0.7338250050401797,1.0,0.2,0.9,2
vit_tiny_patch16_224,mix75,0,mix75_1+mix75_3+mix75_4,3,averaging,0.9043333333333333,0.9714504375829787,0.09263738989830017,0.427969495455424,0.29985531346950794,2.5778497060139975,3.0,0.8681823042356193,0.7294690094497694,,,,
vit_tiny_patch16_224,mix75,0,mix75_1+mix75_3+mix75_4,3,task_arithmetic,0.8763333333333333,0.9413305250531806,0.09263738989830017,0.427969495455424,0.29985531346950794,2.5778497060139975,3.0,0.8681823042356193,0.7294690094497694,0.1,,,
vit_tiny_patch16_224,mix75,0,mix75_1+mix75_3+mix75_4,3,task_arithmetic,0.8976666666666667,0.9642663241019932,0.09263738989830017,0.427969495455424,0.29985531346950794,2.5778497060139975,3.0,0.8681823042356193,0.7294690094497694,0.2,,,
vit_tiny_patch16_224,mix75,0,mix75_1+mix75_3+mix75_4,3,task_arithmetic,0.9049999999999999,0.9721825250693185,0.09263738989830017,0.427969495455424,0.29985531346950794,2.5778497060139975,3.0,0.8681823042356193,0.7294690094497694,0.3,,,
vit_tiny_patch16_224,mix75,0,mix75_1+mix75_3+mix75_4,3,task_arithmetic,0.9006666666666666,0.9675050878577299,0.09263738989830017,0.427969495455424,0.29985531346950794,2.5778497060139975,3.0,0.8681823042356193,0.7294690094497694,0.5,,,
vit_tiny_patch16_224,mix75,0,mix75_1+mix75_3+mix75_4,3,task_arithmetic,0.7991666666666667,0.8582582329925473,0.09263738989830017,0.427969495455424,0.29985531346950794,2.5778497060139975,3.0,0.8681823042356193,0.7294690094497694,1.0,,,
vit_tiny_patch16_224,mix75,0,mix75_1+mix75_3+mix75_4,3,ties,0.9015,0.9683908052344078,0.09263738989830017,0.427969495455424,0.29985531346950794,2.5778497060139975,3.0,0.8681823042356193,0.7294690094497694,0.5,0.2,,
vit_tiny_patch16_224,mix75,0,mix75_1+mix75_3+mix75_4,3,ties,0.9065,0.973750198722439,0.09263738989830017,0.427969495455424,0.29985531346950794,2.5778497060139975,3.0,0.8681823042356193,0.7294690094497694,1.0,0.2,,
vit_tiny_patch16_224,mix75,0,mix75_1+mix75_3+mix75_4,3,dare,0.7838333333333333,0.8417454517963051,0.09263738989830017,0.427969495455424,0.29985531346950794,2.5778497060139975,3.0,0.8681823042356193,0.7294690094497694,1.0,0.2,0.9,0
vit_tiny_patch16_224,mix75,0,mix75_1+mix75_3+mix75_4,3,dare,0.8003333333333332,0.8595033542865284,0.09263738989830017,0.427969495455424,0.29985531346950794,2.5778497060139975,3.0,0.8681823042356193,0.7294690094497694,1.0,0.2,0.9,1
vit_tiny_patch16_224,mix75,0,mix75_1+mix75_3+mix75_4,3,dare,0.8019999999999999,0.8612462168096875,0.09263738989830017,0.427969495455424,0.29985531346950794,2.5778497060139975,3.0,0.8681823042356193,0.7294690094497694,1.0,0.2,0.9,2
vit_tiny_patch16_224,mix75,0,mix75_2+mix75_3+mix75_4,3,averaging,0.8975,0.9705656178862752,0.09459897379080455,0.4265013535817464,0.29884051580156523,2.584086259206136,3.0,0.8732700071488063,0.7325544810602959,,,,
vit_tiny_patch16_224,mix75,0,mix75_2+mix75_3+mix75_4,3,task_arithmetic,0.8666666666666667,0.9372602574336435,0.09459897379080455,0.4265013535817464,0.29884051580156523,2.584086259206136,3.0,0.8732700071488063,0.7325544810602959,0.1,,,
vit_tiny_patch16_224,mix75,0,mix75_2+mix75_3+mix75_4,3,task_arithmetic,0.8888333333333334,0.9611911307965855,0.09459897379080455,0.4265013535817464,0.29884051580156523,2.584086259206136,3.0,0.8732700071488063,0.7325544810602959,0.2,,,
vit_tiny_patch16_224,mix75,0,mix75_2+mix75_3+mix75_4,3,task_arithmetic,0.8973333333333334,0.9703841626149995,0.09459897379080455,0.4265013535817464,0.29884051580156523,2.584086259206136,3.0,0.8732700071488063,0.7325544810602959,0.3,,,
vit_tiny_patch16_224,mix75,0,mix75_2+mix75_3+mix75_4,3,task_arithmetic,0.89,0.9624812709918723,0.09459897379080455,0.4265013535817464,0.29884051580156523,2.584086259206136,3.0,0.8732700071488063,0.7325544810602959,0.5,,,
vit_tiny_patch16_224,mix75,0,mix75_2+mix75_3+mix75_4,3,task_arithmetic,0.7721666666666667,0.8349988349512897,0.09459897379080455,0.4265013535817464,0.29884051580156523,2.584086259206136,3.0,0.8732700071488063,0.7325544810602959,1.0,,,
vit_tiny_patch16_224,mix75,0,mix75_2+mix75_3+mix75_4,3,ties,0.8931666666666667,0.9659006403996405,0.09459897379080455,0.4265013535817464,0.29884051580156523,2.584086259206136,3.0,0.8732700071488063,0.7325544810602959,0.5,0.2,,
vit_tiny_patch16_224,mix75,0,mix75_2+mix75_3+mix75_4,3,ties,0.8983333333333333,0.9714736827500787,0.09459897379080455,0.4265013535817464,0.29884051580156523,2.584086259206136,3.0,0.8732700071488063,0.7325544810602959,1.0,0.2,,
vit_tiny_patch16_224,mix75,0,mix75_2+mix75_3+mix75_4,3,dare,0.7528333333333332,0.8140879658999759,0.09459897379080455,0.4265013535817464,0.29884051580156523,2.584086259206136,3.0,0.8732700071488063,0.7325544810602959,1.0,0.2,0.9,0
vit_tiny_patch16_224,mix75,0,mix75_2+mix75_3+mix75_4,3,dare,0.778,0.8413082377162269,0.09459897379080455,0.4265013535817464,0.29884051580156523,2.584086259206136,3.0,0.8732700071488063,0.7325544810602959,1.0,0.2,0.9,1
vit_tiny_patch16_224,mix75,0,mix75_2+mix75_3+mix75_4,3,dare,0.7843333333333334,0.8481924026764562,0.09459897379080455,0.4265013535817464,0.29884051580156523,2.584086259206136,3.0,0.8732700071488063,0.7325544810602959,1.0,0.2,0.9,2
vit_tiny_patch16_224,mix75,0,mix75_0+mix75_1+mix75_2+mix75_3+mix75_4,5,averaging,0.8907,0.9602629245938974,0.09239505380392074,0.4281239092350006,0.29867801883232226,2.584703731536865,5.0,0.8722093123650536,0.7337942029999026,,,,
vit_tiny_patch16_224,mix75,0,mix75_0+mix75_1+mix75_2+mix75_3+mix75_4,5,task_arithmetic,0.8808,0.9495790407740557,0.09239505380392074,0.4281239092350006,0.29867801883232226,2.584703731536865,5.0,0.8722093123650536,0.7337942029999026,0.1,,,
vit_tiny_patch16_224,mix75,0,mix75_0+mix75_1+mix75_2+mix75_3+mix75_4,5,task_arithmetic,0.8907,0.9602629245938974,0.09239505380392074,0.4281239092350006,0.29867801883232226,2.584703731536865,5.0,0.8722093123650536,0.7337942029999026,0.2,,,
vit_tiny_patch16_224,mix75,0,mix75_0+mix75_1+mix75_2+mix75_3+mix75_4,5,task_arithmetic,0.8824,0.9512557438744746,0.09239505380392074,0.4281239092350006,0.29867801883232226,2.584703731536865,5.0,0.8722093123650536,0.7337942029999026,0.3,,,
vit_tiny_patch16_224,mix75,0,mix75_0+mix75_1+mix75_2+mix75_3+mix75_4,5,task_arithmetic,0.8257999999999999,0.890213405287116,0.09239505380392074,0.4281239092350006,0.29867801883232226,2.584703731536865,5.0,0.8722093123650536,0.7337942029999026,0.5,,,
vit_tiny_patch16_224,mix75,0,mix75_0+mix75_1+mix75_2+mix75_3+mix75_4,5,task_arithmetic,0.4723,0.5084992364362747,0.09239505380392074,0.4281239092350006,0.29867801883232226,2.584703731536865,5.0,0.8722093123650536,0.7337942029999026,1.0,,,
vit_tiny_patch16_224,mix75,0,mix75_0+mix75_1+mix75_2+mix75_3+mix75_4,5,ties,0.8956,0.9655460293919752,0.09239505380392074,0.4281239092350006,0.29867801883232226,2.584703731536865,5.0,0.8722093123650536,0.7337942029999026,0.5,0.2,,
vit_tiny_patch16_224,mix75,0,mix75_0+mix75_1+mix75_2+mix75_3+mix75_4,5,ties,0.8871,0.9563001147713512,0.09239505380392074,0.4281239092350006,0.29867801883232226,2.584703731536865,5.0,0.8722093123650536,0.7337942029999026,1.0,0.2,,
vit_tiny_patch16_224,mix75,0,mix75_0+mix75_1+mix75_2+mix75_3+mix75_4,5,dare,0.5396,0.5811803590046862,0.09239505380392074,0.4281239092350006,0.29867801883232226,2.584703731536865,5.0,0.8722093123650536,0.7337942029999026,1.0,0.2,0.9,0
vit_tiny_patch16_224,mix75,0,mix75_0+mix75_1+mix75_2+mix75_3+mix75_4,5,dare,0.5751,0.6194641389439277,0.09239505380392074,0.4281239092350006,0.29867801883232226,2.584703731536865,5.0,0.8722093123650536,0.7337942029999026,1.0,0.2,0.9,1
vit_tiny_patch16_224,mix75,0,mix75_0+mix75_1+mix75_2+mix75_3+mix75_4,5,dare,0.5323,0.5733768574958382,0.09239505380392074,0.4281239092350006,0.29867801883232226,2.584703731536865,5.0,0.8722093123650536,0.7337942029999026,1.0,0.2,0.9,2
vit_tiny_patch16_224,mix75,1,mix75_0+mix75_1,2,averaging,0.9175,0.9847167958337631,0.09725131094455719,0.42437395453453064,0.3033537173587597,2.574475646018982,2.0,0.8810921880017949,0.7319735025318495,,,,
vit_tiny_patch16_224,mix75,1,mix75_0+mix75_1,2,task_arithmetic,0.86775,0.9310781106005391,0.09725131094455719,0.42437395453453064,0.3033537173587597,2.574475646018982,2.0,0.8810921880017949,0.7319735025318495,0.1,,,
vit_tiny_patch16_224,mix75,1,mix75_0+mix75_1,2,task_arithmetic,0.89375,0.9591734669824235,0.09725131094455719,0.42437395453453064,0.3033537173587597,2.574475646018982,2.0,0.8810921880017949,0.7319735025318495,0.2,,,
vit_tiny_patch16_224,mix75,1,mix75_0+mix75_1,2,task_arithmetic,0.907,0.9734397216053798,0.09725131094455719,0.42437395453453064,0.3033537173587597,2.574475646018982,2.0,0.8810921880017949,0.7319735025318495,0.3,,,
vit_tiny_patch16_224,mix75,1,mix75_0+mix75_1,2,task_arithmetic,0.9175,0.9847167958337631,0.09725131094455719,0.42437395453453064,0.3033537173587597,2.574475646018982,2.0,0.8810921880017949,0.7319735025318495,0.5,,,
vit_tiny_patch16_224,mix75,1,mix75_0+mix75_1,2,task_arithmetic,0.89275,0.95795681609783,0.09725131094455719,0.42437395453453064,0.3033537173587597,2.574475646018982,2.0,0.8810921880017949,0.7319735025318495,1.0,,,
vit_tiny_patch16_224,mix75,1,mix75_0+mix75_1,2,ties,0.9079999999999999,0.9744994642932272,0.09725131094455719,0.42437395453453064,0.3033537173587597,2.574475646018982,2.0,0.8810921880017949,0.7319735025318495,0.5,0.2,,
vit_tiny_patch16_224,mix75,1,mix75_0+mix75_1,2,ties,0.91675,0.9838756295779298,0.09725131094455719,0.42437395453453064,0.3033537173587597,2.574475646018982,2.0,0.8810921880017949,0.7319735025318495,1.0,0.2,,
vit_tiny_patch16_224,mix75,1,mix75_0+mix75_1,2,dare,0.886,0.9508285156225236,0.09725131094455719,0.42437395453453064,0.3033537173587597,2.574475646018982,2.0,0.8810921880017949,0.7319735025318495,1.0,0.2,0.9,0
vit_tiny_patch16_224,mix75,1,mix75_0+mix75_1,2,dare,0.88275,0.947273802930221,0.09725131094455719,0.42437395453453064,0.3033537173587597,2.574475646018982,2.0,0.8810921880017949,0.7319735025318495,1.0,0.2,0.9,1
vit_tiny_patch16_224,mix75,1,mix75_0+mix75_1,2,dare,0.8785000000000001,0.9426878763131156,0.09725131094455719,0.42437395453453064,0.3033537173587597,2.574475646018982,2.0,0.8810921880017949,0.7319735025318495,1.0,0.2,0.9,2
vit_tiny_patch16_224,mix75,1,mix75_0+mix75_2,2,averaging,0.90925,0.9902172926725552,0.09131035208702087,0.42886289954185486,0.29114835689714236,2.584589719772339,2.0,0.8721692178926734,0.7437307847881094,,,,
vit_tiny_patch16_224,mix75,1,mix75_0+mix75_2,2,task_arithmetic,0.85375,0.9297204576442979,0.09131035208702087,0.42886289954185486,0.29114835689714236,2.584589719772339,2.0,0.8721692178926734,0.7437307847881094,0.1,,,
vit_tiny_patch16_224,mix75,1,mix75_0+mix75_2,2,task_arithmetic,0.88,0.9583017271084441,0.09131035208702087,0.42886289954185486,0.29114835689714236,2.584589719772339,2.0,0.8721692178926734,0.7437307847881094,0.2,,,
vit_tiny_patch16_224,mix75,1,mix75_0+mix75_2,2,task_arithmetic,0.8965000000000001,0.9763200924255966,0.09131035208702087,0.42886289954185486,0.29114835689714236,2.584589719772339,2.0,0.8721692178926734,0.7437307847881094,0.3,,,
vit_tiny_patch16_224,mix75,1,mix75_0+mix75_2,2,task_arithmetic,0.90925,0.9902172926725552,0.09131035208702087,0.42886289954185486,0.29114835689714236,2.584589719772339,2.0,0.8721692178926734,0.7437307847881094,0.5,,,
vit_tiny_patch16_224,mix75,1,mix75_0+mix75_2,2,task_arithmetic,0.88775,0.9668063469055751,0.09131035208702087,0.42886289954185486,0.29114835689714236,2.584589719772339,2.0,0.8721692178926734,0.7437307847881094,1.0,,,
vit_tiny_patch16_224,mix75,1,mix75_0+mix75_2,2,ties,0.8905000000000001,0.9697582546365516,0.09131035208702087,0.42886289954185486,0.29114835689714236,2.584589719772339,2.0,0.8721692178926734,0.7437307847881094,0.5,0.2,,
vit_tiny_patch16_224,mix75,1,mix75_0+mix75_2,2,ties,0.91025,0.9913064842036091,0.09131035208702087,0.42886289954185486,0.29114835689714236,2.584589719772339,2.0,0.8721692178926734,0.7437307847881094,1.0,0.2,,
vit_tiny_patch16_224,mix75,1,mix75_0+mix75_2,2,dare,0.8827499999999999,0.9614070943050673,0.09131035208702087,0.42886289954185486,0.29114835689714236,2.584589719772339,2.0,0.8721692178926734,0.7437307847881094,1.0,0.2,0.9,0
vit_tiny_patch16_224,mix75,1,mix75_0+mix75_2,2,dare,0.87475,0.9526735456045947,0.09131035208702087,0.42886289954185486,0.29114835689714236,2.584589719772339,2.0,0.8721692178926734,0.7437307847881094,1.0,0.2,0.9,1
vit_tiny_patch16_224,mix75,1,mix75_0+mix75_2,2,dare,0.88175,0.960217820513809,0.09131035208702087,0.42886289954185486,0.29114835689714236,2.584589719772339,2.0,0.8721692178926734,0.7437307847881094,1.0,0.2,0.9,2
vit_tiny_patch16_224,mix75,1,mix75_0+mix75_3,2,averaging,0.899,0.9814446199231204,0.09317079931497574,0.42746344208717346,0.3054836977148448,2.593640446662903,2.0,0.8711626037539711,0.7330766026519595,,,,
vit_tiny_patch16_224,mix75,1,mix75_0+mix75_3,2,task_arithmetic,0.83975,0.9168756518370631,0.09317079931497574,0.42746344208717346,0.3054836977148448,2.593640446662903,2.0,0.8711626037539711,0.7330766026519595,0.1,,,
vit_tiny_patch16_224,mix75,1,mix75_0+mix75_3,2,task_arithmetic,0.8734999999999999,0.9536785959057184,0.09317079931497574,0.42746344208717346,0.3054836977148448,2.593640446662903,2.0,0.8711626037539711,0.7330766026519595,0.2,,,
vit_tiny_patch16_224,mix75,1,mix75_0+mix75_3,2,task_arithmetic,0.8885000000000001,0.9700020858786018,0.09317079931497574,0.42746344208717346,0.3054836977148448,2.593640446662903,2.0,0.8711626037539711,0.7330766026519595,0.3,,,
vit_tiny_patch16_224,mix75,1,mix75_0+mix75_3,2,task_arithmetic,0.899,0.9814446199231204,0.09317079931497574,0.42746344208717346,0.3054836977148448,2.593640446662903,2.0,0.8711626037539711,0.7330766026519595,0.5,,,
vit_tiny_patch16_224,mix75,1,mix75_0+mix75_3,2,task_arithmetic,0.875,0.9552143985220061,0.09317079931497574,0.42746344208717346,0.3054836977148448,2.593640446662903,2.0,0.8711626037539711,0.7330766026519595,1.0,,,
vit_tiny_patch16_224,mix75,1,mix75_0+mix75_3,2,ties,0.8835,0.9645698620340295,0.09317079931497574,0.42746344208717346,0.3054836977148448,2.593640446662903,2.0,0.8711626037539711,0.7330766026519595,0.5,0.2,,
vit_tiny_patch16_224,mix75,1,mix75_0+mix75_3,2,ties,0.90025,0.9828120623379719,0.09317079931497574,0.42746344208717346,0.3054836977148448,2.593640446662903,2.0,0.8711626037539711,0.7330766026519595,1.0,0.2,,
vit_tiny_patch16_224,mix75,1,mix75_0+mix75_3,2,dare,0.86775,0.9473121964301676,0.09317079931497574,0.42746344208717346,0.3054836977148448,2.593640446662903,2.0,0.8711626037539711,0.7330766026519595,1.0,0.2,0.9,0
vit_tiny_patch16_224,mix75,1,mix75_0+mix75_3,2,dare,0.865,0.9442963139545277,0.09317079931497574,0.42746344208717346,0.3054836977148448,2.593640446662903,2.0,0.8711626037539711,0.7330766026519595,1.0,0.2,0.9,1
vit_tiny_patch16_224,mix75,1,mix75_0+mix75_3,2,dare,0.862,0.9410530707112845,0.09317079931497574,0.42746344208717346,0.3054836977148448,2.593640446662903,2.0,0.8711626037539711,0.7330766026519595,1.0,0.2,0.9,2
vit_tiny_patch16_224,mix75,1,mix75_0+mix75_4,2,averaging,0.89525,0.9835011879265386,0.09499457478523254,0.42608046531677246,0.30276567177042246,2.5849603414535522,2.0,0.8761829522217952,0.7306214634560773,,,,
vit_tiny_patch16_224,mix75,1,mix75_0+mix75_4,2,task_arithmetic,0.84475,0.9280349456184912,0.09499457478523254,0.42608046531677246,0.30276567177042246,2.5849603414535522,2.0,0.8761829522217952,0.7306214634560773,0.1,,,
vit_tiny_patch16_224,mix75,1,mix75_0+mix75_4,2,task_arithmetic,0.8714999999999999,0.9574120641679476,0.09499457478523254,0.42608046531677246,0.30276567177042246,2.5849603414535522,2.0,0.8761829522217952,0.7306214634560773,0.2,,,
vit_tiny_patch16_224,mix75,1,mix75_0+mix75_4,2,task_arithmetic,0.88825,0.9758148174298423,0.09499457478523254,0.42608046531677246,0.30276567177042246,2.5849603414535522,2.0,0.8761829522217952,0.7306214634560773,0.3,,,
vit_tiny_patch16_224,mix75,1,mix75_0+mix75_4,2,task_arithmetic,0.89525,0.9835011879265386,0.09499457478523254,0.42608046531677246,0.30276567177042246,2.5849603414535522,2.0,0.8761829522217952,0.7306214634560773,0.5,,,
vit_tiny_patch16_224,mix75,1,mix75_0+mix75_4,2,task_arithmetic,0.8747499999999999,0.9609698091050027,0.09499457478523254,0.42608046531677246,0.30276567177042246,2.5849603414535522,2.0,0.8761829522217952,0.7306214634560773,1.0,,,
vit_tiny_patch16_224,mix75,1,mix75_0+mix75_4,2,ties,0.88225,0.9692290214949226,0.09499457478523254,0.42608046531677246,0.30276567177042246,2.5849603414535522,2.0,0.8761829522217952,0.7306214634560773,0.5,0.2,,
vit_tiny_patch16_224,mix75,1,mix75_0+mix75_4,2,ties,0.8967499999999999,0.9851530304045226,0.09499457478523254,0.42608046531677246,0.30276567177042246,2.5849603414535522,2.0,0.8761829522217952,0.7306214634560773,1.0,0.2,,
vit_tiny_patch16_224,mix75,1,mix75_0+mix75_4,2,dare,0.871,0.956862757522378,0.09499457478523254,0.42608046531677246,0.30276567177042246,2.5849603414535522,2.0,0.8761829522217952,0.7306214634560773,1.0,0.2,0.9,0
vit_tiny_patch16_224,mix75,1,mix75_0+mix75_4,2,dare,0.87175,0.9576700466903105,0.09499457478523254,0.42608046531677246,0.30276567177042246,2.5849603414535522,2.0,0.8761829522217952,0.7306214634560773,1.0,0.2,0.9,1
vit_tiny_patch16_224,mix75,1,mix75_0+mix75_4,2,dare,0.8705,0.9563173734180843,0.09499457478523254,0.42608046531677246,0.30276567177042246,2.5849603414535522,2.0,0.8761829522217952,0.7306214634560773,1.0,0.2,0.9,2
vit_tiny_patch16_224,mix75,1,mix75_1+mix75_2,2,averaging,0.9257500000000001,0.9818212468298921,0.09350824356079102,0.4272800385951996,0.2900303757665332,2.5677117109298706,2.0,0.8745304696091178,0.7385881376053218,,,,
vit_tiny_patch16_224,mix75,1,mix75_1+mix75_2,2,task_arithmetic,0.8835,0.9368298274567124,0.09350824356079102,0.4272800385951996,0.2900303757665332,2.5677117109298706,2.0,0.8745304696091178,0.7385881376053218,0.1,,,
vit_tiny_patch16_224,mix75,1,mix75_1+mix75_2,2,task_arithmetic,0.90875,0.9637520186195243,0.09350824356079102,0.4272800385951996,0.2900303757665332,2.5677117109298706,2.0,0.8745304696091178,0.7385881376053218,0.2,,,
vit_tiny_patch16_224,mix75,1,mix75_1+mix75_2,2,task_arithmetic,0.91875,0.974358646299617,0.09350824356079102,0.4272800385951996,0.2900303757665332,2.5677117109298706,2.0,0.8745304696091178,0.7385881376053218,0.3,,,
vit_tiny_patch16_224,mix75,1,mix75_1+mix75_2,2,task_arithmetic,0.9257500000000001,0.9818212468298921,0.09350824356079102,0.4272800385951996,0.2900303757665332,2.5677117109298706,2.0,0.8745304696091178,0.7385881376053218,0.5,,,
vit_tiny_patch16_224,mix75,1,mix75_1+mix75_2,2,task_arithmetic,0.9025000000000001,0.9571646335890978,0.09350824356079102,0.4272800385951996,0.2900303757665332,2.5677117109298706,2.0,0.8745304696091178,0.7385881376053218,1.0,,,
vit_tiny_patch16_224,mix75,1,mix75_1+mix75_2,2,ties,0.9165,0.9719455822636489,0.09350824356079102,0.4272800385951996,0.2900303757665332,2.5677117109298706,2.0,0.8745304696091178,0.7385881376053218,0.5,0.2,,
vit_tiny_patch16_224,mix75,1,mix75_1+mix75_2,2,ties,0.9279999999999999,0.9841356118649134,0.09350824356079102,0.4272800385951996,0.2900303757665332,2.5677117109298706,2.0,0.8745304696091178,0.7385881376053218,1.0,0.2,,
vit_tiny_patch16_224,mix75,1,mix75_1+mix75_2,2,dare,0.89825,0.9526833896330056,0.09350824356079102,0.4272800385951996,0.2900303757665332,2.5677117109298706,2.0,0.8745304696091178,0.7385881376053218,1.0,0.2,0.9,0
vit_tiny_patch16_224,mix75,1,mix75_1+mix75_2,2,dare,0.8907499999999999,0.9446600887953576,0.09350824356079102,0.4272800385951996,0.2900303757665332,2.5677117109298706,2.0,0.8745304696091178,0.7385881376053218,1.0,0.2,0.9,1
vit_tiny_patch16_224,mix75,1,mix75_1+mix75_2,2,dare,0.89625,0.9506076174820395,0.09350824356079102,0.4272800385951996,0.2900303757665332,2.5677117109298706,2.0,0.8745304696091178,0.7385881376053218,1.0,0.2,0.9,2
vit_tiny_patch16_224,mix75,1,mix75_1+mix75_3,2,averaging,0.92075,0.9786186971079809,0.09305612742900848,0.427593469619751,0.29612954149553594,2.5767624378204346,2.0,0.8576006513914045,0.727933955469172,,,,
vit_tiny_patch16_224,mix75,1,mix75_1+mix75_3,2,task_arithmetic,0.8674999999999999,0.921816589197666,0.09305612742900848,0.427593469619751,0.29612954149553594,2.5767624378204346,2.0,0.8576006513914045,0.727933955469172,0.1,,,
vit_tiny_patch16_224,mix75,1,mix75_1+mix75_3,2,task_arithmetic,0.899,0.9554434099546489,0.09305612742900848,0.427593469619751,0.29612954149553594,2.5767624378204346,2.0,0.8576006513914045,0.727933955469172,0.2,,,
vit_tiny_patch16_224,mix75,1,mix75_1+mix75_3,2,task_arithmetic,0.9085,0.9655445670448284,0.09305612742900848,0.427593469619751,0.29612954149553594,2.5767624378204346,2.0,0.8576006513914045,0.727933955469172,0.3,,,
vit_tiny_patch16_224,mix75,1,mix75_1+mix75_3,2,task_arithmetic,0.92075,0.9786186971079809,0.09305612742900848,0.427593469619751,0.29612954149553594,2.5767624378204346,2.0,0.8576006513914045,0.727933955469172,0.5,,,
vit_tiny_patch16_224,mix75,1,mix75_1+mix75_3,2,task_arithmetic,0.907,0.9639763495853406,0.09305612742900848,0.427593469619751,0.29612954149553594,2.5767624378204346,2.0,0.8576006513914045,0.727933955469172,1.0,,,
vit_tiny_patch16_224,mix75,1,mix75_1+mix75_3,2,ties,0.908,0.9649773244232209,0.09305612742900848,0.427593469619751,0.29612954149553594,2.5767624378204346,2.0,0.8576006513914045,0.727933955469172,0.5,0.2,,
vit_tiny_patch16_224,mix75,1,mix75_1+mix75_3,2,ties,0.9219999999999999,0.9798988429098203,0.09305612742900848,0.427593469619751,0.29612954149553594,2.5767624378204346,2.0,0.8576006513914045,0.727933955469172,1.0,0.2,,
vit_tiny_patch16_224,mix75,1,mix75_1+mix75_3,2,dare,0.8995,0.9560462553510122,0.09305612742900848,0.427593469619751,0.29612954149553594,2.5767624378204346,2.0,0.8576006513914045,0.727933955469172,1.0,0.2,0.9,0
vit_tiny_patch16_224,mix75,1,mix75_1+mix75_3,2,dare,0.89625,0.9525327418374987,0.09305612742900848,0.427593469619751,0.29612954149553594,2.5767624378204346,2.0,0.8576006513914045,0.727933955469172,1.0,0.2,0.9,1
vit_tiny_patch16_224,mix75,1,mix75_1+mix75_3,2,dare,0.9015,0.9581016091889065,0.09305612742900848,0.427593469619751,0.29612954149553594,2.5767624378204346,2.0,0.8576006513914045,0.727933955469172,1.0,0.2,0.9,2
vit_tiny_patch16_224,mix75,1,mix75_1+mix75_4,2,averaging,0.9185,0.9824789395061759,0.09977522492408752,0.42247888445854187,0.2943131638899185,2.568082332611084,2.0,0.8689412230322767,0.7254788162732897,,,,
vit_tiny_patch16_224,mix75,1,mix75_1+mix75_4,2,task_arithmetic,0.87575,0.9365175214896722,0.09977522492408752,0.42247888445854187,0.2943131638899185,2.568082332611084,2.0,0.8689412230322767,0.7254788162732897,0.1,,,
vit_tiny_patch16_224,mix75,1,mix75_1+mix75_4,2,task_arithmetic,0.89925,0.9617260234543072,0.09977522492408752,0.42247888445854187,0.2943131638899185,2.568082332611084,2.0,0.8689412230322767,0.7254788162732897,0.2,,,
vit_tiny_patch16_224,mix75,1,mix75_1+mix75_4,2,task_arithmetic,0.9105,0.9737706259508088,0.09977522492408752,0.42247888445854187,0.2943131638899185,2.568082332611084,2.0,0.8689412230322767,0.7254788162732897,0.3,,,
vit_tiny_patch16_224,mix75,1,mix75_1+mix75_4,2,task_arithmetic,0.9185,0.9824789395061759,0.09977522492408752,0.42247888445854187,0.2943131638899185,2.568082332611084,2.0,0.8689412230322767,0.7254788162732897,0.5,,,
vit_tiny_patch16_224,mix75,1,mix75_1+mix75_4,2,task_arithmetic,0.89,0.9519323180119545,0.09977522492408752,0.42247888445854187,0.2943131638899185,2.568082332611084,2.0,0.8689412230322767,0.7254788162732897,1.0,,,
vit_tiny_patch16_224,mix75,1,mix75_1+mix75_4,2,ties,0.90925,0.9724514749570178,0.09977522492408752,0.42247888445854187,0.2943131638899185,2.568082332611084,2.0,0.8689412230322767,0.7254788162732897,0.5,0.2,,
vit_tiny_patch16_224,mix75,1,mix75_1+mix75_4,2,ties,0.91725,0.9810490605144245,0.09977522492408752,0.42247888445854187,0.2943131638899185,2.568082332611084,2.0,0.8689412230322767,0.7254788162732897,1.0,0.2,,
vit_tiny_patch16_224,mix75,1,mix75_1+mix75_4,2,dare,0.87575,0.9366774619311706,0.09977522492408752,0.42247888445854187,0.2943131638899185,2.568082332611084,2.0,0.8689412230322767,0.7254788162732897,1.0,0.2,0.9,0
vit_tiny_patch16_224,mix75,1,mix75_1+mix75_4,2,dare,0.88075,0.9420770970151795,0.09977522492408752,0.42247888445854187,0.2943131638899185,2.568082332611084,2.0,0.8689412230322767,0.7254788162732897,1.0,0.2,0.9,1
vit_tiny_patch16_224,mix75,1,mix75_1+mix75_4,2,dare,0.87325,0.9340760692762422,0.09977522492408752,0.42247888445854187,0.2943131638899185,2.568082332611084,2.0,0.8689412230322767,0.7254788162732897,1.0,0.2,0.9,2
vit_tiny_patch16_224,mix75,1,mix75_2+mix75_3,2,averaging,0.90725,0.978401930709623,0.09323951601982117,0.42742934823036194,0.29770387858874375,2.5868765115737915,2.0,0.8744407978828462,0.7396912377254319,,,,
vit_tiny_patch16_224,mix75,1,mix75_2+mix75_3,2,task_arithmetic,0.849,0.9155755055755056,0.09323951601982117,0.42742934823036194,0.29770387858874375,2.5868765115737915,2.0,0.8744407978828462,0.7396912377254319,0.1,,,
vit_tiny_patch16_224,mix75,1,mix75_2+mix75_3,2,task_arithmetic,0.88425,0.9536064143756451,0.09323951601982117,0.42742934823036194,0.29770387858874375,2.5868765115737915,2.0,0.8744407978828462,0.7396912377254319,0.2,,,
vit_tiny_patch16_224,mix75,1,mix75_2+mix75_3,2,task_arithmetic,0.8999999999999999,0.9705928790544175,0.09323951601982117,0.42742934823036194,0.29770387858874375,2.5868765115737915,2.0,0.8744407978828462,0.7396912377254319,0.3,,,
vit_tiny_patch16_224,mix75,1,mix75_2+mix75_3,2,task_arithmetic,0.90725,0.978401930709623,0.09323951601982117,0.42742934823036194,0.29770387858874375,2.5868765115737915,2.0,0.8744407978828462,0.7396912377254319,0.5,,,
vit_tiny_patch16_224,mix75,1,mix75_2+mix75_3,2,task_arithmetic,0.877,0.9457620342235726,0.09323951601982117,0.42742934823036194,0.29770387858874375,2.5868765115737915,2.0,0.8744407978828462,0.7396912377254319,1.0,,,
vit_tiny_patch16_224,mix75,1,mix75_2+mix75_3,2,ties,0.89425,0.9643858220781297,0.09323951601982117,0.42742934823036194,0.29770387858874375,2.5868765115737915,2.0,0.8744407978828462,0.7396912377254319,0.5,0.2,,
vit_tiny_patch16_224,mix75,1,mix75_2+mix75_3,2,ties,0.9085000000000001,0.9797519735981275,0.09323951601982117,0.42742934823036194,0.29770387858874375,2.5868765115737915,2.0,0.8744407978828462,0.7396912377254319,1.0,0.2,,
vit_tiny_patch16_224,mix75,1,mix75_2+mix75_3,2,dare,0.87,0.9382219443757904,0.09323951601982117,0.42742934823036194,0.29770387858874375,2.5868765115737915,2.0,0.8744407978828462,0.7396912377254319,1.0,0.2,0.9,0
vit_tiny_patch16_224,mix75,1,mix75_2+mix75_3,2,dare,0.8625,0.9301151447305294,0.09323951601982117,0.42742934823036194,0.29770387858874375,2.5868765115737915,2.0,0.8744407978828462,0.7396912377254319,1.0,0.2,0.9,1
vit_tiny_patch16_224,mix75,1,mix75_2+mix75_3,2,dare,0.8654999999999999,0.933351845659538,0.09323951601982117,0.42742934823036194,0.29770387858874375,2.5868765115737915,2.0,0.8744407978828462,0.7396912377254319,1.0,0.2,0.9,2
vit_tiny_patch16_224,mix75,1,mix75_2+mix75_4,2,averaging,0.9075,0.9847355709424674,0.09647554904222488,0.4250958561897278,0.3065064676138936,2.578196406364441,2.0,0.8779540138123085,0.7372360985295496,,,,
vit_tiny_patch16_224,mix75,1,mix75_2+mix75_4,2,task_arithmetic,0.8585,0.9316233427639263,0.09647554904222488,0.4250958561897278,0.3065064676138936,2.578196406364441,2.0,0.8779540138123085,0.7372360985295496,0.1,,,
vit_tiny_patch16_224,mix75,1,mix75_2+mix75_4,2,task_arithmetic,0.88725,0.9627989163798183,0.09647554904222488,0.4250958561897278,0.3065064676138936,2.578196406364441,2.0,0.8779540138123085,0.7372360985295496,0.2,,,
vit_tiny_patch16_224,mix75,1,mix75_2+mix75_4,2,task_arithmetic,0.8955,0.9717264757052555,0.09647554904222488,0.4250958561897278,0.3065064676138936,2.578196406364441,2.0,0.8779540138123085,0.7372360985295496,0.3,,,
vit_tiny_patch16_224,mix75,1,mix75_2+mix75_4,2,task_arithmetic,0.9075,0.9847355709424674,0.09647554904222488,0.4250958561897278,0.3065064676138936,2.578196406364441,2.0,0.8779540138123085,0.7372360985295496,0.5,,,
vit_tiny_patch16_224,mix75,1,mix75_2+mix75_4,2,task_arithmetic,0.888,0.9635728256417913,0.09647554904222488,0.4250958561897278,0.3065064676138936,2.578196406364441,2.0,0.8779540138123085,0.7372360985295496,1.0,,,
vit_tiny_patch16_224,mix75,1,mix75_2+mix75_4,2,ties,0.8925,0.9684706687359207,0.09647554904222488,0.4250958561897278,0.3065064676138936,2.578196406364441,2.0,0.8779540138123085,0.7372360985295496,0.5,0.2,,
vit_tiny_patch16_224,mix75,1,mix75_2+mix75_4,2,ties,0.9117500000000001,0.9893597413491313,0.09647554904222488,0.4250958561897278,0.3065064676138936,2.578196406364441,2.0,0.8779540138123085,0.7372360985295496,1.0,0.2,,
vit_tiny_patch16_224,mix75,1,mix75_2+mix75_4,2,dare,0.8785000000000001,0.95326748111894,0.09647554904222488,0.4250958561897278,0.3065064676138936,2.578196406364441,2.0,0.8779540138123085,0.7372360985295496,1.0,0.2,0.9,0
vit_tiny_patch16_224,mix75,1,mix75_2+mix75_4,2,dare,0.8765000000000001,0.9510404125788742,0.09647554904222488,0.4250958561897278,0.3065064676138936,2.578196406364441,2.0,0.8779540138123085,0.7372360985295496,1.0,0.2,0.9,1
vit_tiny_patch16_224,mix75,1,mix75_2+mix75_4,2,dare,0.881,0.9560089188736404,0.09647554904222488,0.4250958561897278,0.3065064676138936,2.578196406364441,2.0,0.8779540138123085,0.7372360985295496,1.0,0.2,0.9,2
vit_tiny_patch16_224,mix75,1,mix75_3+mix75_4,2,averaging,0.89975,0.9788100415686622,0.1035858541727066,0.4195232093334198,0.3127757243816793,2.587247133255005,2.0,0.8770322605455965,0.7265819163933999,,,,
vit_tiny_patch16_224,mix75,1,mix75_3+mix75_4,2,task_arithmetic,0.8485,0.923112028284442,0.1035858541727066,0.4195232093334198,0.3127757243816793,2.587247133255005,2.0,0.8770322605455965,0.7265819163933999,0.1,,,
vit_tiny_patch16_224,mix75,1,mix75_3+mix75_4,2,task_arithmetic,0.87775,0.9548765514282755,0.1035858541727066,0.4195232093334198,0.3127757243816793,2.587247133255005,2.0,0.8770322605455965,0.7265819163933999,0.2,,,
vit_tiny_patch16_224,mix75,1,mix75_3+mix75_4,2,task_arithmetic,0.89025,0.9684717229544816,0.1035858541727066,0.4195232093334198,0.3127757243816793,2.587247133255005,2.0,0.8770322605455965,0.7265819163933999,0.3,,,
vit_tiny_patch16_224,mix75,1,mix75_3+mix75_4,2,task_arithmetic,0.89975,0.9788100415686622,0.1035858541727066,0.4195232093334198,0.3127757243816793,2.587247133255005,2.0,0.8770322605455965,0.7265819163933999,0.5,,,
vit_tiny_patch16_224,mix75,1,mix75_3+mix75_4,2,task_arithmetic,0.8712500000000001,0.9478665364872261,0.1035858541727066,0.4195232093334198,0.3127757243816793,2.587247133255005,2.0,0.8770322605455965,0.7265819163933999,1.0,,,
vit_tiny_patch16_224,mix75,1,mix75_3+mix75_4,2,ties,0.8855,0.9633161733161733,0.1035858541727066,0.4195232093334198,0.3127757243816793,2.587247133255005,2.0,0.8770322605455965,0.7265819163933999,0.5,0.2,,
vit_tiny_patch16_224,mix75,1,mix75_3+mix75_4,2,ties,0.89975,0.9788236512374443,0.1035858541727066,0.4195232093334198,0.3127757243816793,2.587247133255005,2.0,0.8770322605455965,0.7265819163933999,1.0,0.2,,
vit_tiny_patch16_224,mix75,1,mix75_3+mix75_4,2,dare,0.8554999999999999,0.9307714611162887,0.1035858541727066,0.4195232093334198,0.3127757243816793,2.587247133255005,2.0,0.8770322605455965,0.7265819163933999,1.0,0.2,0.9,0
vit_tiny_patch16_224,mix75,1,mix75_3+mix75_4,2,dare,0.86675,0.9429574401988194,0.1035858541727066,0.4195232093334198,0.3127757243816793,2.587247133255005,2.0,0.8770322605455965,0.7265819163933999,1.0,0.2,0.9,1
vit_tiny_patch16_224,mix75,1,mix75_3+mix75_4,2,dare,0.8594999999999999,0.9350821757718308,0.1035858541727066,0.4195232093334198,0.3127757243816793,2.587247133255005,2.0,0.8770322605455965,0.7265819163933999,1.0,0.2,0.9,2
vit_tiny_patch16_224,mix75,1,mix75_0+mix75_1+mix75_2,3,averaging,0.908,0.9753483020690953,0.09402330219745636,0.4268389642238617,0.2948441500074784,2.575592358907064,3.0,0.8759306251678621,0.7380974749750936,,,,
vit_tiny_patch16_224,mix75,1,mix75_0+mix75_1+mix75_2,3,task_arithmetic,0.8765000000000001,0.941377354387592,0.09402330219745636,0.4268389642238617,0.2948441500074784,2.575592358907064,3.0,0.8759306251678621,0.7380974749750936,0.1,,,
vit_tiny_patch16_224,mix75,1,mix75_0+mix75_1+mix75_2,3,task_arithmetic,0.8983333333333334,0.9649607132508827,0.09402330219745636,0.4268389642238617,0.2948441500074784,2.575592358907064,3.0,0.8759306251678621,0.7380974749750936,0.2,,,
vit_tiny_patch16_224,mix75,1,mix75_0+mix75_1+mix75_2,3,task_arithmetic,0.9073333333333333,0.9746278492557284,0.09402330219745636,0.4268389642238617,0.2948441500074784,2.575592358907064,3.0,0.8759306251678621,0.7380974749750936,0.3,,,
vit_tiny_patch16_224,mix75,1,mix75_0+mix75_1+mix75_2,3,task_arithmetic,0.902,0.9689564100847695,0.09402330219745636,0.4268389642238617,0.2948441500074784,2.575592358907064,3.0,0.8759306251678621,0.7380974749750936,0.5,,,
vit_tiny_patch16_224,mix75,1,mix75_0+mix75_1+mix75_2,3,task_arithmetic,0.8031666666666667,0.862775440394557,0.09402330219745636,0.4268389642238617,0.2948441500074784,2.575592358907064,3.0,0.8759306251678621,0.7380974749750936,1.0,,,
vit_tiny_patch16_224,mix75,1,mix75_0+mix75_1+mix75_2,3,ties,0.9043333333333333,0.971419940128786,0.09402330219745636,0.4268389642238617,0.2948441500074784,2.575592358907064,3.0,0.8759306251678621,0.7380974749750936,0.5,0.2,,
vit_tiny_patch16_224,mix75,1,mix75_0+mix75_1+mix75_2,3,ties,0.908,0.9753585794365832,0.09402330219745636,0.4268389642238617,0.2948441500074784,2.575592358907064,3.0,0.8759306251678621,0.7380974749750936,1.0,0.2,,
vit_tiny_patch16_224,mix75,1,mix75_0+mix75_1+mix75_2,3,dare,0.8036666666666666,0.8634198096342245,0.09402330219745636,0.4268389642238617,0.2948441500074784,2.575592358907064,3.0,0.8759306251678621,0.7380974749750936,1.0,0.2,0.9,0
vit_tiny_patch16_224,mix75,1,mix75_0+mix75_1+mix75_2,3,dare,0.8008333333333333,0.8600444151219077,0.09402330219745636,0.4268389642238617,0.2948441500074784,2.575592358907064,3.0,0.8759306251678621,0.7380974749750936,1.0,0.2,0.9,1
vit_tiny_patch16_224,mix75,1,mix75_0+mix75_1+mix75_2,3,dare,0.7978333333333333,0.8570894301486884,0.09402330219745636,0.4268389642238617,0.2948441500074784,2.575592358907064,3.0,0.8759306251678621,0.7380974749750936,1.0,0.2,0.9,2
vit_tiny_patch16_224,mix75,1,mix75_0+mix75_1+mix75_3,3,averaging,0.9005,0.9687462343084209,0.09449274589618047,0.42647695541381836,0.3016556521897135,2.5816261768341064,3.0,0.8699518143823902,0.730994686884327,,,,
vit_tiny_patch16_224,mix75,1,mix75_0+mix75_1+mix75_3,3,task_arithmetic,0.8698333333333332,0.9357026895507586,0.09449274589618047,0.42647695541381836,0.3016556521897135,2.5816261768341064,3.0,0.8699518143823902,0.730994686884327,0.1,,,
vit_tiny_patch16_224,mix75,1,mix75_0+mix75_1+mix75_3,3,task_arithmetic,0.8923333333333333,0.9599623626978965,0.09449274589618047,0.42647695541381836,0.3016556521897135,2.5816261768341064,3.0,0.8699518143823902,0.730994686884327,0.2,,,
vit_tiny_patch16_224,mix75,1,mix75_0+mix75_1+mix75_3,3,task_arithmetic,0.9,0.9682318645270214,0.09449274589618047,0.42647695541381836,0.3016556521897135,2.5816261768341064,3.0,0.8699518143823902,0.730994686884327,0.3,,,
vit_tiny_patch16_224,mix75,1,mix75_0+mix75_1+mix75_3,3,task_arithmetic,0.8981666666666667,0.9661439817204904,0.09449274589618047,0.42647695541381836,0.3016556521897135,2.5816261768341064,3.0,0.8699518143823902,0.730994686884327,0.5,,,
vit_tiny_patch16_224,mix75,1,mix75_0+mix75_1+mix75_3,3,task_arithmetic,0.81,0.871109323076707,0.09449274589618047,0.42647695541381836,0.3016556521897135,2.5816261768341064,3.0,0.8699518143823902,0.730994686884327,1.0,,,
vit_tiny_patch16_224,mix75,1,mix75_0+mix75_1+mix75_3,3,ties,0.8986666666666667,0.9667999326732616,0.09449274589618047,0.42647695541381836,0.3016556521897135,2.5816261768341064,3.0,0.8699518143823902,0.730994686884327,0.5,0.2,,
vit_tiny_patch16_224,mix75,1,mix75_0+mix75_1+mix75_3,3,ties,0.903,0.9713861008333747,0.09449274589618047,0.42647695541381836,0.3016556521897135,2.5816261768341064,3.0,0.8699518143823902,0.730994686884327,1.0,0.2,,
vit_tiny_patch16_224,mix75,1,mix75_0+mix75_1+mix75_3,3,dare,0.8121666666666667,0.8734804268982937,0.09449274589618047,0.42647695541381836,0.3016556521897135,2.5816261768341064,3.0,0.8699518143823902,0.730994686884327,1.0,0.2,0.9,0
vit_tiny_patch16_224,mix75,1,mix75_0+mix75_1+mix75_3,3,dare,0.8086666666666668,0.8696274852806355,0.09449274589618047,0.42647695541381836,0.3016556521897135,2.5816261768341064,3.0,0.8699518143823902,0.730994686884327,1.0,0.2,0.9,1
vit_tiny_patch16_224,mix75,1,mix75_0+mix75_1+mix75_3,3,dare,0.7978333333333333,0.8579710703025617,0.09449274589618047,0.42647695541381836,0.3016556521897135,2.5816261768341064,3.0,0.8699518143823902,0.730994686884327,1.0,0.2,0.9,2
vit_tiny_patch16_224,mix75,1,mix75_0+mix75_1+mix75_4,3,averaging,0.9009999999999999,0.9733335605733254,0.09734037021795909,0.424311101436615,0.3001441843397002,2.5758394400278726,3.0,0.8754054544186222,0.7293579274204055,,,,
vit_tiny_patch16_224,mix75,1,mix75_0+mix75_1+mix75_4,3,task_arithmetic,0.8726666666666666,0.9426607431549993,0.09734037021795909,0.424311101436615,0.3001441843397002,2.5758394400278726,3.0,0.8754054544186222,0.7293579274204055,0.1,,,
vit_tiny_patch16_224,mix75,1,mix75_0+mix75_1+mix75_4,3,task_arithmetic,0.89,0.9614580252997925,0.09734037021795909,0.424311101436615,0.3001441843397002,2.5758394400278726,3.0,0.8754054544186222,0.7293579274204055,0.2,,,
vit_tiny_patch16_224,mix75,1,mix75_0+mix75_1+mix75_4,3,task_arithmetic,0.8995000000000001,0.9717226682390926,0.09734037021795909,0.424311101436615,0.3001441843397002,2.5758394400278726,3.0,0.8754054544186222,0.7293579274204055,0.3,,,
vit_tiny_patch16_224,mix75,1,mix75_0+mix75_1+mix75_4,3,task_arithmetic,0.896,0.968017610733677,0.09734037021795909,0.424311101436615,0.3001441843397002,2.5758394400278726,3.0,0.8754054544186222,0.7293579274204055,0.5,,,
vit_tiny_patch16_224,mix75,1,mix75_0+mix75_1+mix75_4,3,task_arithmetic,0.8016666666666667,0.8660188383467728,0.09734037021795909,0.424311101436615,0.3001441843397002,2.5758394400278726,3.0,0.8754054544186222,0.7293579274204055,1.0,,,
vit_tiny_patch16_224,mix75,1,mix75_0+mix75_1+mix75_4,3,ties,0.9003333333333333,0.9726457276320853,0.09734037021795909,0.424311101436615,0.3001441843397002,2.5758394400278726,3.0,0.8754054544186222,0.7293579274204055,0.5,0.2,,
vit_tiny_patch16_224,mix75,1,mix75_0+mix75_1+mix75_4,3,ties,0.9015,0.9739090777199303,0.09734037021795909,0.424311101436615,0.3001441843397002,2.5758394400278726,3.0,0.8754054544186222,0.7293579274204055,1.0,0.2,,
vit_tiny_patch16_224,mix75,1,mix75_0+mix75_1+mix75_4,3,dare,0.8055,0.8702940811565284,0.09734037021795909,0.424311101436615,0.3001441843397002,2.5758394400278726,3.0,0.8754054544186222,0.7293579274204055,1.0,0.2,0.9,0
vit_tiny_patch16_224,mix75,1,mix75_0+mix75_1+mix75_4,3,dare,0.7998333333333333,0.8638855451862516,0.09734037021795909,0.424311101436615,0.3001441843397002,2.5758394400278726,3.0,0.8754054544186222,0.7293579274204055,1.0,0.2,0.9,1
vit_tiny_patch16_224,mix75,1,mix75_0+mix75_1+mix75_4,3,dare,0.786,0.8491312700828474,0.09734037021795909,0.424311101436615,0.3001441843397002,2.5758394400278726,3.0,0.8754054544186222,0.7293579274204055,1.0,0.2,0.9,2
vit_tiny_patch16_224,mix75,1,mix75_0+mix75_2+mix75_3,3,averaging,0.8935,0.9706909852359771,0.0925735558072726,0.42791856328646344,0.29811197773357695,2.5883688926696777,3.0,0.872590873176497,0.7388328750551669,,,,
vit_tiny_patch16_224,mix75,1,mix75_0+mix75_2+mix75_3,3,task_arithmetic,0.8576666666666667,0.931732824827558,0.0925735558072726,0.42791856328646344,0.29811197773357695,2.5883688926696777,3.0,0.872590873176497,0.7388328750551669,0.1,,,
vit_tiny_patch16_224,mix75,1,mix75_0+mix75_2+mix75_3,3,task_arithmetic,0.8853333333333332,0.9617983182311907,0.0925735558072726,0.42791856328646344,0.29811197773357695,2.5883688926696777,3.0,0.872590873176497,0.7388328750551669,0.2,,,
vit_tiny_patch16_224,mix75,1,mix75_0+mix75_2+mix75_3,3,task_arithmetic,0.8931666666666667,0.9703180663251905,0.0925735558072726,0.42791856328646344,0.29811197773357695,2.5883688926696777,3.0,0.872590873176497,0.7388328750551669,0.3,,,
vit_tiny_patch16_224,mix75,1,mix75_0+mix75_2+mix75_3,3,task_arithmetic,0.8871666666666668,0.9638491125676266,0.0925735558072726,0.42791856328646344,0.29811197773357695,2.5883688926696777,3.0,0.872590873176497,0.7388328750551669,0.5,,,
vit_tiny_patch16_224,mix75,1,mix75_0+mix75_2+mix75_3,3,task_arithmetic,0.7928333333333333,0.8612996520281738,0.0925735558072726,0.42791856328646344,0.29811197773357695,2.5883688926696777,3.0,0.872590873176497,0.7388328750551669,1.0,,,
vit_tiny_patch16_224,mix75,1,mix75_0+mix75_2+mix75_3,3,ties,0.8918333333333334,0.9688640663333224,0.0925735558072726,0.42791856328646344,0.29811197773357695,2.5883688926696777,3.0,0.872590873176497,0.7388328750551669,0.5,0.2,,
vit_tiny_patch16_224,mix75,1,mix75_0+mix75_2+mix75_3,3,ties,0.8948333333333333,0.97214594409404,0.0925735558072726,0.42791856328646344,0.29811197773357695,2.5883688926696777,3.0,0.872590873176497,0.7388328750551669,1.0,0.2,,
vit_tiny_patch16_224,mix75,1,mix75_0+mix75_2+mix75_3,3,dare,0.7919999999999999,0.8604256994028855,0.0925735558072726,0.42791856328646344,0.29811197773357695,2.5883688926696777,3.0,0.872590873176497,0.7388328750551669,1.0,0.2,0.9,0
vit_tiny_patch16_224,mix75,1,mix75_0+mix75_2+mix75_3,3,dare,0.7875,0.8554633292908248,0.0925735558072726,0.42791856328646344,0.29811197773357695,2.5883688926696777,3.0,0.872590873176497,0.7388328750551669,1.0,0.2,0.9,1
vit_tiny_patch16_224,mix75,1,mix75_0+mix75_2+mix75_3,3,dare,0.7831666666666667,0.8508756305075531,0.0925735558072726,0.42791856328646344,0.29811197773357695,2.5883688926696777,3.0,0.872590873176497,0.7388328750551669,1.0,0.2,0.9,2
vit_tiny_patch16_224,mix75,1,mix75_0+mix75_2+mix75_4,3,averaging,0.8976666666666667,0.9792611107640982,0.09426015863815944,0.4266797403494517,0.30014016542715277,2.582582155863444,3.0,0.8754353946422592,0.7371961155912454,,,,
vit_tiny_patch16_224,mix75,1,mix75_0+mix75_2+mix75_4,3,task_arithmetic,0.8620000000000001,0.9403520061283581,0.09426015863815944,0.4266797403494517,0.30014016542715277,2.582582155863444,3.0,0.8754353946422592,0.7371961155912454,0.1,,,
vit_tiny_patch16_224,mix75,1,mix75_0+mix75_2+mix75_4,3,task_arithmetic,0.8866666666666667,0.967254084505992,0.09426015863815944,0.4266797403494517,0.30014016542715277,2.582582155863444,3.0,0.8754353946422592,0.7371961155912454,0.2,,,
vit_tiny_patch16_224,mix75,1,mix75_0+mix75_2+mix75_4,3,task_arithmetic,0.8959999999999999,0.9774371517401708,0.09426015863815944,0.4266797403494517,0.30014016542715277,2.582582155863444,3.0,0.8754353946422592,0.7371961155912454,0.3,,,
vit_tiny_patch16_224,mix75,1,mix75_0+mix75_2+mix75_4,3,task_arithmetic,0.8948333333333333,0.9761529494040264,0.09426015863815944,0.4266797403494517,0.30014016542715277,2.582582155863444,3.0,0.8754353946422592,0.7371961155912454,0.5,,,
vit_tiny_patch16_224,mix75,1,mix75_0+mix75_2+mix75_4,3,task_arithmetic,0.8099999999999999,0.8836281484809438,0.09426015863815944,0.4266797403494517,0.30014016542715277,2.582582155863444,3.0,0.8754353946422592,0.7371961155912454,1.0,,,
vit_tiny_patch16_224,mix75,1,mix75_0+mix75_2+mix75_4,3,ties,0.8916666666666666,0.9727068488938295,0.09426015863815944,0.4266797403494517,0.30014016542715277,2.582582155863444,3.0,0.8754353946422592,0.7371961155912454,0.5,0.2,,
vit_tiny_patch16_224,mix75,1,mix75_0+mix75_2+mix75_4,3,ties,0.9021666666666667,0.9841612997219699,0.09426015863815944,0.4266797403494517,0.30014016542715277,2.582582155863444,3.0,0.8754353946422592,0.7371961155912454,1.0,0.2,,
vit_tiny_patch16_224,mix75,1,mix75_0+mix75_2+mix75_4,3,dare,0.8078333333333334,0.8812931980719219,0.09426015863815944,0.4266797403494517,0.30014016542715277,2.582582155863444,3.0,0.8754353946422592,0.7371961155912454,1.0,0.2,0.9,0
vit_tiny_patch16_224,mix75,1,mix75_0+mix75_2+mix75_4,3,dare,0.8085,0.882034528670332,0.09426015863815944,0.4266797403494517,0.30014016542715277,2.582582155863444,3.0,0.8754353946422592,0.7371961155912454,1.0,0.2,0.9,1
vit_tiny_patch16_224,mix75,1,mix75_0+mix75_2+mix75_4,3,dare,0.8079999999999999,0.8815201530715117,0.09426015863815944,0.4266797403494517,0.30014016542715277,2.582582155863444,3.0,0.8754353946422592,0.7371961155912454,1.0,0.2,0.9,2
vit_tiny_patch16_224,mix75,1,mix75_0+mix75_3+mix75_4,3,averaging,0.8868333333333333,0.9690550176182994,0.09725040942430496,0.4243557055791219,0.3070083646223155,2.588615973790487,3.0,0.874792605507121,0.730093327500479,,,,
vit_tiny_patch16_224,mix75,1,mix75_0+mix75_3+mix75_4,3,task_arithmetic,0.8568333333333333,0.9363105811967158,0.09725040942430496,0.4243557055791219,0.3070083646223155,2.588615973790487,3.0,0.874792605507121,0.730093327500479,0.1,,,
vit_tiny_patch16_224,mix75,1,mix75_0+mix75_3+mix75_4,3,task_arithmetic,0.8791666666666668,0.9606989482516989,0.09725040942430496,0.4243557055791219,0.3070083646223155,2.588615973790487,3.0,0.874792605507121,0.730093327500479,0.2,,,
vit_tiny_patch16_224,mix75,1,mix75_0+mix75_3+mix75_4,3,task_arithmetic,0.8873333333333333,0.9695981731863569,0.09725040942430496,0.4243557055791219,0.3070083646223155,2.588615973790487,3.0,0.874792605507121,0.730093327500479,0.3,,,
vit_tiny_patch16_224,mix75,1,mix75_0+mix75_3+mix75_4,3,task_arithmetic,0.882,0.9638206397967641,0.09725040942430496,0.4243557055791219,0.3070083646223155,2.588615973790487,3.0,0.874792605507121,0.730093327500479,0.5,,,
vit_tiny_patch16_224,mix75,1,mix75_0+mix75_3+mix75_4,3,task_arithmetic,0.7908333333333334,0.8642078296870527,0.09725040942430496,0.4243557055791219,0.3070083646223155,2.588615973790487,3.0,0.874792605507121,0.730093327500479,1.0,,,
vit_tiny_patch16_224,mix75,1,mix75_0+mix75_3+mix75_4,3,ties,0.8848333333333334,0.9668769775092247,0.09725040942430496,0.4243557055791219,0.3070083646223155,2.588615973790487,3.0,0.874792605507121,0.730093327500479,0.5,0.2,,
vit_tiny_patch16_224,mix75,1,mix75_0+mix75_3+mix75_4,3,ties,0.8858333333333333,0.9679901612335176,0.09725040942430496,0.4243557055791219,0.3070083646223155,2.588615973790487,3.0,0.874792605507121,0.730093327500479,1.0,0.2,,
vit_tiny_patch16_224,mix75,1,mix75_0+mix75_3+mix75_4,3,dare,0.7949999999999999,0.8688192611988376,0.09725040942430496,0.4243557055791219,0.3070083646223155,2.588615973790487,3.0,0.874792605507121,0.730093327500479,1.0,0.2,0.9,0
vit_tiny_patch16_224,mix75,1,mix75_0+mix75_3+mix75_4,3,dare,0.7893333333333333,0.8625661403116446,0.09725040942430496,0.4243557055791219,0.3070083646223155,2.588615973790487,3.0,0.874792605507121,0.730093327500479,1.0,0.2,0.9,1
vit_tiny_patch16_224,mix75,1,mix75_0+mix75_3+mix75_4,3,dare,0.785,0.8578566923493357,0.09725040942430496,0.4243557055791219,0.3070083646223155,2.588615973790487,3.0,0.874792605507121,0.730093327500479,1.0,0.2,0.9,2
vit_tiny_patch16_224,mix75,1,mix75_1+mix75_2+mix75_3,3,averaging,0.9088333333333334,0.9698683917816172,0.09326796233654022,0.4274342854817708,0.2946212652836043,2.5771168867746987,3.0,0.8688573062944562,0.7354044435999753,,,,
vit_tiny_patch16_224,mix75,1,mix75_1+mix75_2+mix75_3,3,task_arithmetic,0.8766666666666666,0.9354656805491177,0.09326796233654022,0.4274342854817708,0.2946212652836043,2.5771168867746987,3.0,0.8688573062944562,0.7354044435999753,0.1,,,
vit_tiny_patch16_224,mix75,1,mix75_1+mix75_2+mix75_3,3,task_arithmetic,0.9026666666666667,0.9633451808866984,0.09326796233654022,0.4274342854817708,0.2946212652836043,2.5771168867746987,3.0,0.8688573062944562,0.7354044435999753,0.2,,,
vit_tiny_patch16_224,mix75,1,mix75_1+mix75_2+mix75_3,3,task_arithmetic,0.9076666666666666,0.9686275488334276,0.09326796233654022,0.4274342854817708,0.2946212652836043,2.5771168867746987,3.0,0.8688573062944562,0.7354044435999753,0.3,,,
vit_tiny_patch16_224,mix75,1,mix75_1+mix75_2+mix75_3,3,task_arithmetic,0.9041666666666667,0.9648500435737558,0.09326796233654022,0.4274342854817708,0.2946212652836043,2.5771168867746987,3.0,0.8688573062944562,0.7354044435999753,0.5,,,
vit_tiny_patch16_224,mix75,1,mix75_1+mix75_2+mix75_3,3,task_arithmetic,0.8126666666666665,0.8673878243269856,0.09326796233654022,0.4274342854817708,0.2946212652836043,2.5771168867746987,3.0,0.8688573062944562,0.7354044435999753,1.0,,,
vit_tiny_patch16_224,mix75,1,mix75_1+mix75_2+mix75_3,3,ties,0.906,0.9668536713934599,0.09326796233654022,0.4274342854817708,0.2946212652836043,2.5771168867746987,3.0,0.8688573062944562,0.7354044435999753,0.5,0.2,,
vit_tiny_patch16_224,mix75,1,mix75_1+mix75_2+mix75_3,3,ties,0.9123333333333333,0.9735818423244536,0.09326796233654022,0.4274342854817708,0.2946212652836043,2.5771168867746987,3.0,0.8688573062944562,0.7354044435999753,1.0,0.2,,
vit_tiny_patch16_224,mix75,1,mix75_1+mix75_2+mix75_3,3,dare,0.8068333333333334,0.8610672058675597,0.09326796233654022,0.4274342854817708,0.2946212652836043,2.5771168867746987,3.0,0.8688573062944562,0.7354044435999753,1.0,0.2,0.9,0
vit_tiny_patch16_224,mix75,1,mix75_1+mix75_2+mix75_3,3,dare,0.8063333333333333,0.86040920644805,0.09326796233654022,0.4274342854817708,0.2946212652836043,2.5771168867746987,3.0,0.8688573062944562,0.7354044435999753,1.0,0.2,0.9,1
vit_tiny_patch16_224,mix75,1,mix75_1+mix75_2+mix75_3,3,dare,0.8019999999999999,0.8558925955146148,0.09326796233654022,0.4274342854817708,0.2946212652836043,2.5771168867746987,3.0,0.8688573062944562,0.7354044435999753,1.0,0.2,0.9,2
vit_tiny_patch16_224,mix75,1,mix75_1+mix75_2+mix75_4,3,averaging,0.907,0.9719161081735453,0.09658633917570114,0.42495159308115643,0.29695000242344843,2.5713301499684653,3.0,0.873808568817901,0.7337676841360538,,,,
vit_tiny_patch16_224,mix75,1,mix75_1+mix75_2+mix75_4,3,task_arithmetic,0.8838333333333334,0.9471005559072547,0.09658633917570114,0.42495159308115643,0.29695000242344843,2.5713301499684653,3.0,0.873808568817901,0.7337676841360538,0.1,,,
vit_tiny_patch16_224,mix75,1,mix75_1+mix75_2+mix75_4,3,task_arithmetic,0.8983333333333334,0.9626467382654632,0.09658633917570114,0.42495159308115643,0.29695000242344843,2.5713301499684653,3.0,0.873808568817901,0.7337676841360538,0.2,,,
vit_tiny_patch16_224,mix75,1,mix75_1+mix75_2+mix75_4,3,task_arithmetic,0.908,0.9730177813111697,0.09658633917570114,0.42495159308115643,0.29695000242344843,2.5713301499684653,3.0,0.873808568817901,0.7337676841360538,0.3,,,
vit_tiny_patch16_224,mix75,1,mix75_1+mix75_2+mix75_4,3,task_arithmetic,0.9035000000000001,0.9682593734737311,0.09658633917570114,0.42495159308115643,0.29695000242344843,2.5713301499684653,3.0,0.873808568817901,0.7337676841360538,0.5,,,
vit_tiny_patch16_224,mix75,1,mix75_1+mix75_2+mix75_4,3,task_arithmetic,0.8015,0.8591251158316373,0.09658633917570114,0.42495159308115643,0.29695000242344843,2.5713301499684653,3.0,0.873808568817901,0.7337676841360538,1.0,,,
vit_tiny_patch16_224,mix75,1,mix75_1+mix75_2+mix75_4,3,ties,0.9049999999999999,0.9698268897188477,0.09658633917570114,0.42495159308115643,0.29695000242344843,2.5713301499684653,3.0,0.873808568817901,0.7337676841360538,0.5,0.2,,
vit_tiny_patch16_224,mix75,1,mix75_1+mix75_2+mix75_4,3,ties,0.9101666666666667,0.9753775673942174,0.09658633917570114,0.42495159308115643,0.29695000242344843,2.5713301499684653,3.0,0.873808568817901,0.7337676841360538,1.0,0.2,,
vit_tiny_patch16_224,mix75,1,mix75_1+mix75_2+mix75_4,3,dare,0.7903333333333333,0.8471354231967432,0.09658633917570114,0.42495159308115643,0.29695000242344843,2.5713301499684653,3.0,0.873808568817901,0.7337676841360538,1.0,0.2,0.9,0
vit_tiny_patch16_224,mix75,1,mix75_1+mix75_2+mix75_4,3,dare,0.8039999999999999,0.8617915003568934,0.09658633917570114,0.42495159308115643,0.29695000242344843,2.5713301499684653,3.0,0.873808568817901,0.7337676841360538,1.0,0.2,0.9,1
vit_tiny_patch16_224,mix75,1,mix75_1+mix75_2+mix75_4,3,dare,0.7928333333333333,0.8499189231426153,0.09658633917570114,0.42495159308115643,0.29695000242344843,2.5713301499684653,3.0,0.873808568817901,0.7337676841360538,1.0,0.2,0.9,2
vit_tiny_patch16_224,mix75,1,mix75_1+mix75_3+mix75_4,3,averaging,0.9049999999999999,0.97136491740634,0.09880573550860088,0.42319852113723755,0.3010728099223779,2.577363967895508,3.0,0.8678580449897592,0.7266648960452873,,,,
vit_tiny_patch16_224,mix75,1,mix75_1+mix75_3+mix75_4,3,task_arithmetic,0.8755000000000001,0.9396289006967306,0.09880573550860088,0.42319852113723755,0.3010728099223779,2.577363967895508,3.0,0.8678580449897592,0.7266648960452873,0.1,,,
vit_tiny_patch16_224,mix75,1,mix75_1+mix75_3+mix75_4,3,task_arithmetic,0.8913333333333333,0.9566028991506217,0.09880573550860088,0.42319852113723755,0.3010728099223779,2.577363967895508,3.0,0.8678580449897592,0.7266648960452873,0.2,,,
vit_tiny_patch16_224,mix75,1,mix75_1+mix75_3+mix75_4,3,task_arithmetic,0.9028333333333333,0.9690021605608244,0.09880573550860088,0.42319852113723755,0.3010728099223779,2.577363967895508,3.0,0.8678580449897592,0.7266648960452873,0.3,,,
vit_tiny_patch16_224,mix75,1,mix75_1+mix75_3+mix75_4,3,task_arithmetic,0.8986666666666666,0.964534656070608,0.09880573550860088,0.42319852113723755,0.3010728099223779,2.577363967895508,3.0,0.8678580449897592,0.7266648960452873,0.5,,,
vit_tiny_patch16_224,mix75,1,mix75_1+mix75_3+mix75_4,3,task_arithmetic,0.8058333333333333,0.8650836352615467,0.09880573550860088,0.42319852113723755,0.3010728099223779,2.577363967895508,3.0,0.8678580449897592,0.7266648960452873,1.0,,,
vit_tiny_patch16_224,mix75,1,mix75_1+mix75_3+mix75_4,3,ties,0.8959999999999999,0.9616090207409131,0.09880573550860088,0.42319852113723755,0.3010728099223779,2.577363967895508,3.0,0.8678580449897592,0.7266648960452873,0.5,0.2,,
vit_tiny_patch16_224,mix75,1,mix75_1+mix75_3+mix75_4,3,ties,0.9048333333333334,0.9711655385992498,0.09880573550860088,0.42319852113723755,0.3010728099223779,2.577363967895508,3.0,0.8678580449897592,0.7266648960452873,1.0,0.2,,
vit_tiny_patch16_224,mix75,1,mix75_1+mix75_3+mix75_4,3,dare,0.7975,0.8561730690284866,0.09880573550860088,0.42319852113723755,0.3010728099223779,2.577363967895508,3.0,0.8678580449897592,0.7266648960452873,1.0,0.2,0.9,0
vit_tiny_patch16_224,mix75,1,mix75_1+mix75_3+mix75_4,3,dare,0.8033333333333333,0.8622943752633535,0.09880573550860088,0.42319852113723755,0.3010728099223779,2.577363967895508,3.0,0.8678580449897592,0.7266648960452873,1.0,0.2,0.9,1
vit_tiny_patch16_224,mix75,1,mix75_1+mix75_3+mix75_4,3,dare,0.789,0.8470398971172265,0.09880573550860088,0.42319852113723755,0.3010728099223779,2.577363967895508,3.0,0.8678580449897592,0.7266648960452873,1.0,0.2,0.9,2
vit_tiny_patch16_224,mix75,1,mix75_2+mix75_3+mix75_4,3,averaging,0.89,0.964583828987012,0.09776697307825089,0.4240161379178365,0.30566202352810556,2.584106683731079,3.0,0.8764756907469171,0.7345030842161272,,,,
vit_tiny_patch16_224,mix75,1,mix75_2+mix75_3+mix75_4,3,task_arithmetic,0.8649999999999999,0.9375177120535211,0.09776697307825089,0.4240161379178365,0.30566202352810556,2.584106683731079,3.0,0.8764756907469171,0.7345030842161272,0.1,,,
vit_tiny_patch16_224,mix75,1,mix75_2+mix75_3+mix75_4,3,task_arithmetic,0.8875000000000001,0.9618554765504368,0.09776697307825089,0.4240161379178365,0.30566202352810556,2.584106683731079,3.0,0.8764756907469171,0.7345030842161272,0.2,,,
vit_tiny_patch16_224,mix75,1,mix75_2+mix75_3+mix75_4,3,task_arithmetic,0.8916666666666666,0.9663748130591632,0.09776697307825089,0.4240161379178365,0.30566202352810556,2.584106683731079,3.0,0.8764756907469171,0.7345030842161272,0.3,,,
vit_tiny_patch16_224,mix75,1,mix75_2+mix75_3+mix75_4,3,task_arithmetic,0.8848333333333334,0.9590005116795567,0.09776697307825089,0.4240161379178365,0.30566202352810556,2.584106683731079,3.0,0.8764756907469171,0.7345030842161272,0.5,,,
vit_tiny_patch16_224,mix75,1,mix75_2+mix75_3+mix75_4,3,task_arithmetic,0.7984999999999999,0.8654984355249606,0.09776697307825089,0.4240161379178365,0.30566202352810556,2.584106683731079,3.0,0.8764756907469171,0.7345030842161272,1.0,,,
vit_tiny_patch16_224,mix75,1,mix75_2+mix75_3+mix75_4,3,ties,0.8895,0.9640085669793893,0.09776697307825089,0.4240161379178365,0.30566202352810556,2.584106683731079,3.0,0.8764756907469171,0.7345030842161272,0.5,0.2,,
vit_tiny_patch16_224,mix75,1,mix75_2+mix75_3+mix75_4,3,ties,0.8913333333333333,0.9660212589125056,0.09776697307825089,0.4240161379178365,0.30566202352810556,2.584106683731079,3.0,0.8764756907469171,0.7345030842161272,1.0,0.2,,
vit_tiny_patch16_224,mix75,1,mix75_2+mix75_3+mix75_4,3,dare,0.7895,0.8557402613636036,0.09776697307825089,0.4240161379178365,0.30566202352810556,2.584106683731079,3.0,0.8764756907469171,0.7345030842161272,1.0,0.2,0.9,0
vit_tiny_patch16_224,mix75,1,mix75_2+mix75_3+mix75_4,3,dare,0.7851666666666667,0.851021728899713,0.09776697307825089,0.4240161379178365,0.30566202352810556,2.584106683731079,3.0,0.8764756907469171,0.7345030842161272,1.0,0.2,0.9,1
vit_tiny_patch16_224,mix75,1,mix75_2+mix75_3+mix75_4,3,dare,0.7863333333333333,0.852382267979085,0.09776697307825089,0.4240161379178365,0.30566202352810556,2.584106683731079,3.0,0.8764756907469171,0.7345030842161272,1.0,0.2,0.9,2
vit_tiny_patch16_224,mix75,1,mix75_0+mix75_1+mix75_2+mix75_3+mix75_4,5,averaging,0.8893000000000001,0.96002182189811,0.0956367552280426,0.42561815679073334,0.3000210595477474,2.5802542686462404,5.0,0.8731106378143785,0.7334912515424161,,,,
vit_tiny_patch16_224,mix75,1,mix75_0+mix75_1+mix75_2+mix75_3+mix75_4,5,task_arithmetic,0.8783,0.9481580802206722,0.0956367552280426,0.42561815679073334,0.3000210595477474,2.5802542686462404,5.0,0.8731106378143785,0.7334912515424161,0.1,,,
vit_tiny_patch16_224,mix75,1,mix75_0+mix75_1+mix75_2+mix75_3+mix75_4,5,task_arithmetic,0.8893000000000001,0.96002182189811,0.0956367552280426,0.42561815679073334,0.3000210595477474,2.5802542686462404,5.0,0.8731106378143785,0.7334912515424161,0.2,,,
vit_tiny_patch16_224,mix75,1,mix75_0+mix75_1+mix75_2+mix75_3+mix75_4,5,task_arithmetic,0.8815,0.9516142301775021,0.0956367552280426,0.42561815679073334,0.3000210595477474,2.5802542686462404,5.0,0.8731106378143785,0.7334912515424161,0.3,,,
vit_tiny_patch16_224,mix75,1,mix75_0+mix75_1+mix75_2+mix75_3+mix75_4,5,task_arithmetic,0.8371000000000001,0.9037290440660835,0.0956367552280426,0.42561815679073334,0.3000210595477474,2.5802542686462404,5.0,0.8731106378143785,0.7334912515424161,0.5,,,
vit_tiny_patch16_224,mix75,1,mix75_0+mix75_1+mix75_2+mix75_3+mix75_4,5,task_arithmetic,0.5165,0.5572886890443712,0.0956367552280426,0.42561815679073334,0.3000210595477474,2.5802542686462404,5.0,0.8731106378143785,0.7334912515424161,1.0,,,
vit_tiny_patch16_224,mix75,1,mix75_0+mix75_1+mix75_2+mix75_3+mix75_4,5,ties,0.8956,0.966831209917982,0.0956367552280426,0.42561815679073334,0.3000210595477474,2.5802542686462404,5.0,0.8731106378143785,0.7334912515424161,0.5,0.2,,
vit_tiny_patch16_224,mix75,1,mix75_0+mix75_1+mix75_2+mix75_3+mix75_4,5,ties,0.8831,0.9533413353042605,0.0956367552280426,0.42561815679073334,0.3000210595477474,2.5802542686462404,5.0,0.8731106378143785,0.7334912515424161,1.0,0.2,,
vit_tiny_patch16_224,mix75,1,mix75_0+mix75_1+mix75_2+mix75_3+mix75_4,5,dare,0.5976,0.6450152707304431,0.0956367552280426,0.42561815679073334,0.3000210595477474,2.5802542686462404,5.0,0.8731106378143785,0.7334912515424161,1.0,0.2,0.9,0
vit_tiny_patch16_224,mix75,1,mix75_0+mix75_1+mix75_2+mix75_3+mix75_4,5,dare,0.5942999999999999,0.6414498161999902,0.0956367552280426,0.42561815679073334,0.3000210595477474,2.5802542686462404,5.0,0.8731106378143785,0.7334912515424161,1.0,0.2,0.9,1
vit_tiny_patch16_224,mix75,1,mix75_0+mix75_1+mix75_2+mix75_3+mix75_4,5,dare,0.5748,0.6204025629533333,0.0956367552280426,0.42561815679073334,0.3000210595477474,2.5802542686462404,5.0,0.8731106378143785,0.7334912515424161,1.0,0.2,0.9,2
vit_tiny_patch16_224,random,0,random_0+random_1,2,averaging,0.91625,0.9818054304384047,0.09586134552955627,0.425340861082077,0.2957887854454566,2.5788687467575073,2.0,0.8701112262907359,0.7283314049034526,,,,
vit_tiny_patch16_224,random,0,random_0+random_1,2,task_arithmetic,0.86625,0.9281227087772241,0.09586134552955627,0.425340861082077,0.2957887854454566,2.5788687467575073,2.0,0.8701112262907359,0.7283314049034526,0.1,,,
vit_tiny_patch16_224,random,0,random_0+random_1,2,task_arithmetic,0.8945000000000001,0.958446943533936,0.09586134552955627,0.425340861082077,0.2957887854454566,2.5788687467575073,2.0,0.8701112262907359,0.7283314049034526,0.2,,,
vit_tiny_patch16_224,random,0,random_0+random_1,2,task_arithmetic,0.907,0.9719073480465361,0.09586134552955627,0.425340861082077,0.2957887854454566,2.5788687467575073,2.0,0.8701112262907359,0.7283314049034526,0.3,,,
vit_tiny_patch16_224,random,0,random_0+random_1,2,task_arithmetic,0.91625,0.9818054304384047,0.09586134552955627,0.425340861082077,0.2957887854454566,2.5788687467575073,2.0,0.8701112262907359,0.7283314049034526,0.5,,,
vit_tiny_patch16_224,random,0,random_0+random_1,2,task_arithmetic,0.88975,0.9532477158823471,0.09586134552955627,0.425340861082077,0.2957887854454566,2.5788687467575073,2.0,0.8701112262907359,0.7283314049034526,1.0,,,
vit_tiny_patch16_224,random,0,random_0+random_1,2,ties,0.9025,0.9670849072257521,0.09586134552955627,0.425340861082077,0.2957887854454566,2.5788687467575073,2.0,0.8701112262907359,0.7283314049034526,0.5,0.2,,
vit_tiny_patch16_224,random,0,random_0+random_1,2,ties,0.916,0.981575769893914,0.09586134552955627,0.425340861082077,0.2957887854454566,2.5788687467575073,2.0,0.8701112262907359,0.7283314049034526,1.0,0.2,,
vit_tiny_patch16_224,random,0,random_0+random_1,2,dare,0.87825,0.9408766200398346,0.09586134552955627,0.425340861082077,0.2957887854454566,2.5788687467575073,2.0,0.8701112262907359,0.7283314049034526,1.0,0.2,0.9,0
vit_tiny_patch16_224,random,0,random_0+random_1,2,dare,0.88375,0.9468531050966842,0.09586134552955627,0.425340861082077,0.2957887854454566,2.5788687467575073,2.0,0.8701112262907359,0.7283314049034526,1.0,0.2,0.9,1
vit_tiny_patch16_224,random,0,random_0+random_1,2,dare,0.8835,0.9465351687804049,0.09586134552955627,0.425340861082077,0.2957887854454566,2.5788687467575073,2.0,0.8701112262907359,0.7283314049034526,1.0,0.2,0.9,2
vit_tiny_patch16_224,random,0,random_0+random_2,2,averaging,0.9245,0.9827349455312581,0.10054785013198853,0.4219683110713959,0.2997445104899144,2.56581974029541,2.0,0.8829975667443655,0.725745243140331,,,,
vit_tiny_patch16_224,random,0,random_0+random_2,2,task_arithmetic,0.8879999999999999,0.9439497662719787,0.10054785013198853,0.4219683110713959,0.2997445104899144,2.56581974029541,2.0,0.8829975667443655,0.725745243140331,0.1,,,
vit_tiny_patch16_224,random,0,random_0+random_2,2,task_arithmetic,0.9105000000000001,0.9678546287413716,0.10054785013198853,0.4219683110713959,0.2997445104899144,2.56581974029541,2.0,0.8829975667443655,0.725745243140331,0.2,,,
vit_tiny_patch16_224,random,0,random_0+random_2,2,task_arithmetic,0.9175,0.9752955639698397,0.10054785013198853,0.4219683110713959,0.2997445104899144,2.56581974029541,2.0,0.8829975667443655,0.725745243140331,0.3,,,
vit_tiny_patch16_224,random,0,random_0+random_2,2,task_arithmetic,0.9245,0.9827349455312581,0.10054785013198853,0.4219683110713959,0.2997445104899144,2.56581974029541,2.0,0.8829975667443655,0.725745243140331,0.5,,,
vit_tiny_patch16_224,random,0,random_0+random_2,2,task_arithmetic,0.90875,0.9660200304405748,0.10054785013198853,0.4219683110713959,0.2997445104899144,2.56581974029541,2.0,0.8829975667443655,0.725745243140331,1.0,,,
vit_tiny_patch16_224,random,0,random_0+random_2,2,ties,0.91675,0.9745022050772709,0.10054785013198853,0.4219683110713959,0.2997445104899144,2.56581974029541,2.0,0.8829975667443655,0.725745243140331,0.5,0.2,,
vit_tiny_patch16_224,random,0,random_0+random_2,2,ties,0.927,0.9854017444008665,0.10054785013198853,0.4219683110713959,0.2997445104899144,2.56581974029541,2.0,0.8829975667443655,0.725745243140331,1.0,0.2,,
vit_tiny_patch16_224,random,0,random_0+random_2,2,dare,0.90325,0.9601766886665921,0.10054785013198853,0.4219683110713959,0.2997445104899144,2.56581974029541,2.0,0.8829975667443655,0.725745243140331,1.0,0.2,0.9,0
vit_tiny_patch16_224,random,0,random_0+random_2,2,dare,0.89775,0.9543271322244106,0.10054785013198853,0.4219683110713959,0.2997445104899144,2.56581974029541,2.0,0.8829975667443655,0.725745243140331,1.0,0.2,0.9,1
vit_tiny_patch16_224,random,0,random_0+random_2,2,dare,0.9035,0.9604416595197982,0.10054785013198853,0.4219683110713959,0.2997445104899144,2.56581974029541,2.0,0.8829975667443655,0.725745243140331,1.0,0.2,0.9,2
vit_tiny_patch16_224,random,0,random_0+random_3,2,averaging,0.9157500000000001,0.9752428757716266,0.10129507631063461,0.42135700583457947,0.3069391400281168,2.584661602973938,2.0,0.8753008782612399,0.7293999918438445,,,,
vit_tiny_patch16_224,random,0,random_0+random_3,2,task_arithmetic,0.87,0.9264725021499641,0.10129507631063461,0.42135700583457947,0.3069391400281168,2.584661602973938,2.0,0.8753008782612399,0.7293999918438445,0.1,,,
vit_tiny_patch16_224,random,0,random_0+random_3,2,task_arithmetic,0.893,0.9509876225011717,0.10129507631063461,0.42135700583457947,0.3069391400281168,2.584661602973938,2.0,0.8753008782612399,0.7293999918438445,0.2,,,
vit_tiny_patch16_224,random,0,random_0+random_3,2,task_arithmetic,0.9077500000000001,0.9667000113133624,0.10129507631063461,0.42135700583457947,0.3069391400281168,2.584661602973938,2.0,0.8753008782612399,0.7293999918438445,0.3,,,
vit_tiny_patch16_224,random,0,random_0+random_3,2,task_arithmetic,0.9157500000000001,0.9752428757716266,0.10129507631063461,0.42135700583457947,0.3069391400281168,2.584661602973938,2.0,0.8753008782612399,0.7293999918438445,0.5,,,
vit_tiny_patch16_224,random,0,random_0+random_3,2,task_arithmetic,0.89925,0.9576680353283129,0.10129507631063461,0.42135700583457947,0.3069391400281168,2.584661602973938,2.0,0.8753008782612399,0.7293999918438445,1.0,,,
vit_tiny_patch16_224,random,0,random_0+random_3,2,ties,0.89975,0.9581903213760451,0.10129507631063461,0.42135700583457947,0.3069391400281168,2.584661602973938,2.0,0.8753008782612399,0.7293999918438445,0.5,0.2,,
vit_tiny_patch16_224,random,0,random_0+random_3,2,ties,0.917,0.9765855932412442,0.10129507631063461,0.42135700583457947,0.3069391400281168,2.584661602973938,2.0,0.8753008782612399,0.7293999918438445,1.0,0.2,,
vit_tiny_patch16_224,random,0,random_0+random_3,2,dare,0.8925000000000001,0.9504627845672129,0.10129507631063461,0.42135700583457947,0.3069391400281168,2.584661602973938,2.0,0.8753008782612399,0.7293999918438445,1.0,0.2,0.9,0
vit_tiny_patch16_224,random,0,random_0+random_3,2,dare,0.88575,0.9432498781474328,0.10129507631063461,0.42135700583457947,0.3069391400281168,2.584661602973938,2.0,0.8753008782612399,0.7293999918438445,1.0,0.2,0.9,1
vit_tiny_patch16_224,random,0,random_0+random_3,2,dare,0.88975,0.9475251382059049,0.10129507631063461,0.42135700583457947,0.3069391400281168,2.584661602973938,2.0,0.8753008782612399,0.7293999918438445,1.0,0.2,0.9,2
vit_tiny_patch16_224,random,0,random_0+random_4,2,averaging,0.9225,0.9819185362619198,0.10347020626068115,0.4197978079319,0.3037036938342843,2.546041965484619,2.0,0.8880449431115439,0.7355835490686059,,,,
vit_tiny_patch16_224,random,0,random_0+random_4,2,task_arithmetic,0.876,0.9324096316267851,0.10347020626068115,0.4197978079319,0.3037036938342843,2.546041965484619,2.0,0.8880449431115439,0.7355835490686059,0.1,,,
vit_tiny_patch16_224,random,0,random_0+random_4,2,task_arithmetic,0.89975,0.9576883608543306,0.10347020626068115,0.4197978079319,0.3037036938342843,2.546041965484619,2.0,0.8880449431115439,0.7355835490686059,0.2,,,
vit_tiny_patch16_224,random,0,random_0+random_4,2,task_arithmetic,0.91225,0.9710026151532738,0.10347020626068115,0.4197978079319,0.3037036938342843,2.546041965484619,2.0,0.8880449431115439,0.7355835490686059,0.3,,,
vit_tiny_patch16_224,random,0,random_0+random_4,2,task_arithmetic,0.9225,0.9819185362619198,0.10347020626068115,0.4197978079319,0.3037036938342843,2.546041965484619,2.0,0.8880449431115439,0.7355835490686059,0.5,,,
vit_tiny_patch16_224,random,0,random_0+random_4,2,task_arithmetic,0.89525,0.9528690352879996,0.10347020626068115,0.4197978079319,0.3037036938342843,2.546041965484619,2.0,0.8880449431115439,0.7355835490686059,1.0,,,
vit_tiny_patch16_224,random,0,random_0+random_4,2,ties,0.90825,0.9667290927233707,0.10347020626068115,0.4197978079319,0.3037036938342843,2.546041965484619,2.0,0.8880449431115439,0.7355835490686059,0.5,0.2,,
vit_tiny_patch16_224,random,0,random_0+random_4,2,ties,0.91675,0.975787951941,0.10347020626068115,0.4197978079319,0.3037036938342843,2.546041965484619,2.0,0.8880449431115439,0.7355835490686059,1.0,0.2,,
vit_tiny_patch16_224,random,0,random_0+random_4,2,dare,0.89175,0.9491390500759507,0.10347020626068115,0.4197978079319,0.3037036938342843,2.546041965484619,2.0,0.8880449431115439,0.7355835490686059,1.0,0.2,0.9,0
vit_tiny_patch16_224,random,0,random_0+random_4,2,dare,0.88625,0.9433210208982837,0.10347020626068115,0.4197978079319,0.3037036938342843,2.546041965484619,2.0,0.8880449431115439,0.7355835490686059,1.0,0.2,0.9,1
vit_tiny_patch16_224,random,0,random_0+random_4,2,dare,0.892,0.949404020929157,0.10347020626068115,0.4197978079319,0.3037036938342843,2.546041965484619,2.0,0.8880449431115439,0.7355835490686059,1.0,0.2,0.9,2
vit_tiny_patch16_224,random,0,random_1+random_2,2,averaging,0.919,0.9875752794609217,0.10574080049991608,0.41791799664497375,0.3096034498196641,2.5923107862472534,2.0,0.8761468527980959,0.7256895558452733,,,,
vit_tiny_patch16_224,random,0,random_1+random_2,2,task_arithmetic,0.8734999999999999,0.9386390097184716,0.10574080049991608,0.41791799664497375,0.3096034498196641,2.5923107862472534,2.0,0.8761468527980959,0.7256895558452733,0.1,,,
vit_tiny_patch16_224,random,0,random_1+random_2,2,task_arithmetic,0.8965,0.9633671720333481,0.10574080049991608,0.41791799664497375,0.3096034498196641,2.5923107862472534,2.0,0.8761468527980959,0.7256895558452733,0.2,,,
vit_tiny_patch16_224,random,0,random_1+random_2,2,task_arithmetic,0.91125,0.9792437171825442,0.10574080049991608,0.41791799664497375,0.3096034498196641,2.5923107862472534,2.0,0.8761468527980959,0.7256895558452733,0.3,,,
vit_tiny_patch16_224,random,0,random_1+random_2,2,task_arithmetic,0.919,0.9875752794609217,0.10574080049991608,0.41791799664497375,0.3096034498196641,2.5923107862472534,2.0,0.8761468527980959,0.7256895558452733,0.5,,,
vit_tiny_patch16_224,random,0,random_1+random_2,2,task_arithmetic,0.896,0.9627994719176136,0.10574080049991608,0.41791799664497375,0.3096034498196641,2.5923107862472534,2.0,0.8761468527980959,0.7256895558452733,1.0,,,
vit_tiny_patch16_224,random,0,random_1+random_2,2,ties,0.90675,0.9744159561271186,0.10574080049991608,0.41791799664497375,0.3096034498196641,2.5923107862472534,2.0,0.8761468527980959,0.7256895558452733,0.5,0.2,,
vit_tiny_patch16_224,random,0,random_1+random_2,2,ties,0.9185000000000001,0.9870335676516042,0.10574080049991608,0.41791799664497375,0.3096034498196641,2.5923107862472534,2.0,0.8761468527980959,0.7256895558452733,1.0,0.2,,
vit_tiny_patch16_224,random,0,random_1+random_2,2,dare,0.8895,0.9557788753185011,0.10574080049991608,0.41791799664497375,0.3096034498196641,2.5923107862472534,2.0,0.8761468527980959,0.7256895558452733,1.0,0.2,0.9,0
vit_tiny_patch16_224,random,0,random_1+random_2,2,dare,0.8832500000000001,0.9490681170836732,0.10574080049991608,0.41791799664497375,0.3096034498196641,2.5923107862472534,2.0,0.8761468527980959,0.7256895558452733,1.0,0.2,0.9,1
vit_tiny_patch16_224,random,0,random_1+random_2,2,dare,0.88075,0.9463682208058917,0.10574080049991608,0.41791799664497375,0.3096034498196641,2.5923107862472534,2.0,0.8761468527980959,0.7256895558452733,1.0,0.2,0.9,2
vit_tiny_patch16_224,random,0,random_1+random_3,2,averaging,0.909,0.9787190443148664,0.0894121527671814,0.4303669035434723,0.2937051857650368,2.6111526489257812,2.0,0.8548802296617231,0.7293443045487868,,,,
vit_tiny_patch16_224,random,0,random_1+random_3,2,task_arithmetic,0.85275,0.9182064440807913,0.0894121527671814,0.4303669035434723,0.2937051857650368,2.6111526489257812,2.0,0.8548802296617231,0.7293443045487868,0.1,,,
vit_tiny_patch16_224,random,0,random_1+random_3,2,task_arithmetic,0.882,0.9496532638643732,0.0894121527671814,0.4303669035434723,0.2937051857650368,2.6111526489257812,2.0,0.8548802296617231,0.7293443045487868,0.2,,,
vit_tiny_patch16_224,random,0,random_1+random_3,2,task_arithmetic,0.89825,0.9671489032147365,0.0894121527671814,0.4303669035434723,0.2937051857650368,2.6111526489257812,2.0,0.8548802296617231,0.7293443045487868,0.3,,,
vit_tiny_patch16_224,random,0,random_1+random_3,2,task_arithmetic,0.909,0.9787190443148664,0.0894121527671814,0.4303669035434723,0.2937051857650368,2.6111526489257812,2.0,0.8548802296617231,0.7293443045487868,0.5,,,
vit_tiny_patch16_224,random,0,random_1+random_3,2,task_arithmetic,0.8792500000000001,0.9465871866172547,0.0894121527671814,0.4303669035434723,0.2937051857650368,2.6111526489257812,2.0,0.8548802296617231,0.7293443045487868,1.0,,,
vit_tiny_patch16_224,random,0,random_1+random_3,2,ties,0.89225,0.9606983589813152,0.0894121527671814,0.4303669035434723,0.2937051857650368,2.6111526489257812,2.0,0.8548802296617231,0.7293443045487868,0.5,0.2,,
vit_tiny_patch16_224,random,0,random_1+random_3,2,ties,0.91225,0.9822235052493005,0.0894121527671814,0.4303669035434723,0.2937051857650368,2.6111526489257812,2.0,0.8548802296617231,0.7293443045487868,1.0,0.2,,
vit_tiny_patch16_224,random,0,random_1+random_3,2,dare,0.8645,0.9306666852164558,0.0894121527671814,0.4303669035434723,0.2937051857650368,2.6111526489257812,2.0,0.8548802296617231,0.7293443045487868,1.0,0.2,0.9,0
vit_tiny_patch16_224,random,0,random_1+random_3,2,dare,0.86425,0.9304691589467662,0.0894121527671814,0.4303669035434723,0.2937051857650368,2.6111526489257812,2.0,0.8548802296617231,0.7293443045487868,1.0,0.2,0.9,1
vit_tiny_patch16_224,random,0,random_1+random_3,2,dare,0.8634999999999999,0.9295965942587243,0.0894121527671814,0.4303669035434723,0.2937051857650368,2.6111526489257812,2.0,0.8548802296617231,0.7293443045487868,1.0,0.2,0.9,2
vit_tiny_patch16_224,random,0,random_1+random_4,2,averaging,0.913,0.9824558914561248,0.098595529794693,0.423307865858078,0.30195957800200396,2.5725330114364624,2.0,0.8703025273137137,0.7355278617735482,,,,
vit_tiny_patch16_224,random,0,random_1+random_4,2,task_arithmetic,0.8605,0.9259959708917485,0.098595529794693,0.423307865858078,0.30195957800200396,2.5725330114364624,2.0,0.8703025273137137,0.7355278617735482,0.1,,,
vit_tiny_patch16_224,random,0,random_1+random_4,2,task_arithmetic,0.889,0.9566600151829862,0.098595529794693,0.423307865858078,0.30195957800200396,2.5725330114364624,2.0,0.8703025273137137,0.7355278617735482,0.2,,,
vit_tiny_patch16_224,random,0,random_1+random_4,2,task_arithmetic,0.9,0.968479958400239,0.098595529794693,0.423307865858078,0.30195957800200396,2.5725330114364624,2.0,0.8703025273137137,0.7355278617735482,0.3,,,
vit_tiny_patch16_224,random,0,random_1+random_4,2,task_arithmetic,0.913,0.9824558914561248,0.098595529794693,0.423307865858078,0.30195957800200396,2.5725330114364624,2.0,0.8703025273137137,0.7355278617735482,0.5,,,
vit_tiny_patch16_224,random,0,random_1+random_4,2,task_arithmetic,0.8815,0.9485126232459511,0.098595529794693,0.423307865858078,0.30195957800200396,2.5725330114364624,2.0,0.8703025273137137,0.7355278617735482,1.0,,,
vit_tiny_patch16_224,random,0,random_1+random_4,2,ties,0.8985,0.9668801569024391,0.098595529794693,0.423307865858078,0.30195957800200396,2.5725330114364624,2.0,0.8703025273137137,0.7355278617735482,0.5,0.2,,
vit_tiny_patch16_224,random,0,random_1+random_4,2,ties,0.91425,0.9838391240424498,0.098595529794693,0.423307865858078,0.30195957800200396,2.5725330114364624,2.0,0.8703025273137137,0.7355278617735482,1.0,0.2,,
vit_tiny_patch16_224,random,0,random_1+random_4,2,dare,0.878,0.9447785467067917,0.098595529794693,0.423307865858078,0.30195957800200396,2.5725330114364624,2.0,0.8703025273137137,0.7355278617735482,1.0,0.2,0.9,0
vit_tiny_patch16_224,random,0,random_1+random_4,2,dare,0.872,0.9382562901977088,0.098595529794693,0.423307865858078,0.30195957800200396,2.5725330114364624,2.0,0.8703025273137137,0.7355278617735482,1.0,0.2,0.9,1
vit_tiny_patch16_224,random,0,random_1+random_4,2,dare,0.8734999999999999,0.9399320934859662,0.098595529794693,0.423307865858078,0.30195957800200396,2.5725330114364624,2.0,0.8703025273137137,0.7355278617735482,1.0,0.2,0.9,2
vit_tiny_patch16_224,random,0,random_2+random_3,2,averaging,0.9265000000000001,0.9895805882305967,0.10031026601791382,0.42210090160369873,0.29666834458165703,2.598103642463684,2.0,0.8636195787534525,0.7267581427856651,,,,
vit_tiny_patch16_224,random,0,random_2+random_3,2,task_arithmetic,0.87275,0.9321470496634006,0.10031026601791382,0.42210090160369873,0.29666834458165703,2.598103642463684,2.0,0.8636195787534525,0.7267581427856651,0.1,,,
vit_tiny_patch16_224,random,0,random_2+random_3,2,task_arithmetic,0.899,0.9601880245641774,0.10031026601791382,0.42210090160369873,0.29666834458165703,2.598103642463684,2.0,0.8636195787534525,0.7267581427856651,0.2,,,
vit_tiny_patch16_224,random,0,random_2+random_3,2,task_arithmetic,0.9125000000000001,0.9746152863291888,0.10031026601791382,0.42210090160369873,0.29666834458165703,2.598103642463684,2.0,0.8636195787534525,0.7267581427856651,0.3,,,
vit_tiny_patch16_224,random,0,random_2+random_3,2,task_arithmetic,0.9265000000000001,0.9895805882305967,0.10031026601791382,0.42210090160369873,0.29666834458165703,2.598103642463684,2.0,0.8636195787534525,0.7267581427856651,0.5,,,
vit_tiny_patch16_224,random,0,random_2+random_3,2,task_arithmetic,0.9035,0.9650134160657386,0.10031026601791382,0.42210090160369873,0.29666834458165703,2.598103642463684,2.0,0.8636195787534525,0.7267581427856651,1.0,,,
vit_tiny_patch16_224,random,0,random_2+random_3,2,ties,0.9099999999999999,0.9719430535923912,0.10031026601791382,0.42210090160369873,0.29666834458165703,2.598103642463684,2.0,0.8636195787534525,0.7267581427856651,0.5,0.2,,
vit_tiny_patch16_224,random,0,random_2+random_3,2,ties,0.92475,0.9877089272737437,0.10031026601791382,0.42210090160369873,0.29666834458165703,2.598103642463684,2.0,0.8636195787534525,0.7267581427856651,1.0,0.2,,
vit_tiny_patch16_224,random,0,random_2+random_3,2,dare,0.89425,0.955133042651909,0.10031026601791382,0.42210090160369873,0.29666834458165703,2.598103642463684,2.0,0.8636195787534525,0.7267581427856651,1.0,0.2,0.9,0
vit_tiny_patch16_224,random,0,random_2+random_3,2,dare,0.8907499999999999,0.951383731423141,0.10031026601791382,0.42210090160369873,0.29666834458165703,2.598103642463684,2.0,0.8636195787534525,0.7267581427856651,1.0,0.2,0.9,1
vit_tiny_patch16_224,random,0,random_2+random_3,2,dare,0.8927499999999999,0.9535249115577809,0.10031026601791382,0.42210090160369873,0.29666834458165703,2.598103642463684,2.0,0.8636195787534525,0.7267581427856651,1.0,0.2,0.9,2
vit_tiny_patch16_224,random,0,random_2+random_4,2,averaging,0.92625,0.9887910128672512,0.10845936834812164,0.4159175753593445,0.30722722139312314,2.5594840049743652,2.0,0.8827718932873979,0.7329417000104266,,,,
vit_tiny_patch16_224,random,0,random_2+random_4,2,task_arithmetic,0.88225,0.9418043496345865,0.10845936834812164,0.4159175753593445,0.30722722139312314,2.5594840049743652,2.0,0.8827718932873979,0.7329417000104266,0.1,,,
vit_tiny_patch16_224,random,0,random_2+random_4,2,task_arithmetic,0.9059999999999999,0.9671633528927099,0.10845936834812164,0.4159175753593445,0.30722722139312314,2.5594840049743652,2.0,0.8827718932873979,0.7329417000104266,0.2,,,
vit_tiny_patch16_224,random,0,random_2+random_4,2,task_arithmetic,0.91825,0.9802415729248695,0.10845936834812164,0.4159175753593445,0.30722722139312314,2.5594840049743652,2.0,0.8827718932873979,0.7329417000104266,0.3,,,
vit_tiny_patch16_224,random,0,random_2+random_4,2,task_arithmetic,0.92625,0.9887910128672512,0.10845936834812164,0.4159175753593445,0.30722722139312314,2.5594840049743652,2.0,0.8827718932873979,0.7329417000104266,0.5,,,
vit_tiny_patch16_224,random,0,random_2+random_4,2,task_arithmetic,0.901,0.9618271644754011,0.10845936834812164,0.4159175753593445,0.30722722139312314,2.5594840049743652,2.0,0.8827718932873979,0.7329417000104266,1.0,,,
vit_tiny_patch16_224,random,0,random_2+random_4,2,ties,0.915,0.9767724806523996,0.10845936834812164,0.4159175753593445,0.30722722139312314,2.5594840049743652,2.0,0.8827718932873979,0.7329417000104266,0.5,0.2,,
vit_tiny_patch16_224,random,0,random_2+random_4,2,ties,0.92675,0.9893183638955715,0.10845936834812164,0.4159175753593445,0.30722722139312314,2.5594840049743652,2.0,0.8827718932873979,0.7329417000104266,1.0,0.2,,
vit_tiny_patch16_224,random,0,random_2+random_4,2,dare,0.8955,0.9559565025145328,0.10845936834812164,0.4159175753593445,0.30722722139312314,2.5594840049743652,2.0,0.8827718932873979,0.7329417000104266,1.0,0.2,0.9,0
vit_tiny_patch16_224,random,0,random_2+random_4,2,dare,0.899,0.9596928315587825,0.10845936834812164,0.4159175753593445,0.30722722139312314,2.5594840049743652,2.0,0.8827718932873979,0.7329417000104266,1.0,0.2,0.9,1
vit_tiny_patch16_224,random,0,random_2+random_4,2,dare,0.89925,0.9599529458153229,0.10845936834812164,0.4159175753593445,0.30722722139312314,2.5594840049743652,2.0,0.8827718932873979,0.7329417000104266,1.0,0.2,0.9,2
vit_tiny_patch16_224,random,0,random_3+random_4,2,averaging,0.9205,0.9844876846600373,0.10443712770938873,0.41903963685035706,0.3071871996177029,2.578325867652893,2.0,0.8893238873099106,0.73659644871394,,,,
vit_tiny_patch16_224,random,0,random_3+random_4,2,task_arithmetic,0.86625,0.9264664206772916,0.10443712770938873,0.41903963685035706,0.3071871996177029,2.578325867652893,2.0,0.8893238873099106,0.73659644871394,0.1,,,
vit_tiny_patch16_224,random,0,random_3+random_4,2,task_arithmetic,0.8935,0.9556118149251666,0.10443712770938873,0.41903963685035706,0.3071871996177029,2.578325867652893,2.0,0.8893238873099106,0.73659644871394,0.2,,,
vit_tiny_patch16_224,random,0,random_3+random_4,2,task_arithmetic,0.91025,0.9735252576640046,0.10443712770938873,0.41903963685035706,0.3071871996177029,2.578325867652893,2.0,0.8893238873099106,0.73659644871394,0.3,,,
vit_tiny_patch16_224,random,0,random_3+random_4,2,task_arithmetic,0.9205,0.9844876846600373,0.10443712770938873,0.41903963685035706,0.3071871996177029,2.578325867652893,2.0,0.8893238873099106,0.73659644871394,0.5,,,
vit_tiny_patch16_224,random,0,random_3+random_4,2,task_arithmetic,0.8935,0.9556161044399625,0.10443712770938873,0.41903963685035706,0.3071871996177029,2.578325867652893,2.0,0.8893238873099106,0.73659644871394,1.0,,,
vit_tiny_patch16_224,random,0,random_3+random_4,2,ties,0.9039999999999999,0.9668414786929791,0.10443712770938873,0.41903963685035706,0.3071871996177029,2.578325867652893,2.0,0.8893238873099106,0.73659644871394,0.5,0.2,,
vit_tiny_patch16_224,random,0,random_3+random_4,2,ties,0.9239999999999999,0.9882312872061789,0.10443712770938873,0.41903963685035706,0.3071871996177029,2.578325867652893,2.0,0.8893238873099106,0.73659644871394,1.0,0.2,,
vit_tiny_patch16_224,random,0,random_3+random_4,2,dare,0.88975,0.9516064089926533,0.10443712770938873,0.41903963685035706,0.3071871996177029,2.578325867652893,2.0,0.8893238873099106,0.73659644871394,1.0,0.2,0.9,0
vit_tiny_patch16_224,random,0,random_3+random_4,2,dare,0.8885,0.9502682233601828,0.10443712770938873,0.41903963685035706,0.3071871996177029,2.578325867652893,2.0,0.8893238873099106,0.73659644871394,1.0,0.2,0.9,1
vit_tiny_patch16_224,random,0,random_3+random_4,2,dare,0.8835,0.9449177685715258,0.10443712770938873,0.41903963685035706,0.3071871996177029,2.578325867652893,2.0,0.8893238873099106,0.73659644871394,1.0,0.2,0.9,2
vit_tiny_patch16_224,random,0,random_0+random_1+random_2,3,averaging,0.9113333333333333,0.9748607586747046,0.10071666538715363,0.42174238959948224,0.3017122485850117,2.5789997577667236,3.0,0.8764185486110657,0.7265887346296855,,,,
vit_tiny_patch16_224,random,0,random_0+random_1+random_2,3,task_arithmetic,0.8881666666666667,0.9500024961913942,0.10071666538715363,0.42174238959948224,0.3017122485850117,2.5789997577667236,3.0,0.8764185486110657,0.7265887346296855,0.1,,,
vit_tiny_patch16_224,random,0,random_0+random_1+random_2,3,task_arithmetic,0.9076666666666666,0.9709327747729359,0.10071666538715363,0.42174238959948224,0.3017122485850117,2.5789997577667236,3.0,0.8764185486110657,0.7265887346296855,0.2,,,
vit_tiny_patch16_224,random,0,random_0+random_1+random_2,3,task_arithmetic,0.9118333333333334,0.9753810018342781,0.10071666538715363,0.42174238959948224,0.3017122485850117,2.5789997577667236,3.0,0.8764185486110657,0.7265887346296855,0.3,,,
vit_tiny_patch16_224,random,0,random_0+random_1+random_2,3,task_arithmetic,0.9061666666666667,0.9692756561148652,0.10071666538715363,0.42174238959948224,0.3017122485850117,2.5789997577667236,3.0,0.8764185486110657,0.7265887346296855,0.5,,,
vit_tiny_patch16_224,random,0,random_0+random_1+random_2,3,task_arithmetic,0.8288333333333333,0.8861853941674392,0.10071666538715363,0.42174238959948224,0.3017122485850117,2.5789997577667236,3.0,0.8764185486110657,0.7265887346296855,1.0,,,
vit_tiny_patch16_224,random,0,random_0+random_1+random_2,3,ties,0.9093333333333334,0.9727201194883497,0.10071666538715363,0.42174238959948224,0.3017122485850117,2.5789997577667236,3.0,0.8764185486110657,0.7265887346296855,0.5,0.2,,
vit_tiny_patch16_224,random,0,random_0+random_1+random_2,3,ties,0.9113333333333333,0.9748287754445862,0.10071666538715363,0.42174238959948224,0.3017122485850117,2.5789997577667236,3.0,0.8764185486110657,0.7265887346296855,1.0,0.2,,
vit_tiny_patch16_224,random,0,random_0+random_1+random_2,3,dare,0.8104999999999999,0.8664591296594907,0.10071666538715363,0.42174238959948224,0.3017122485850117,2.5789997577667236,3.0,0.8764185486110657,0.7265887346296855,1.0,0.2,0.9,0
vit_tiny_patch16_224,random,0,random_0+random_1+random_2,3,dare,0.8193333333333334,0.8761260744035355,0.10071666538715363,0.42174238959948224,0.3017122485850117,2.5789997577667236,3.0,0.8764185486110657,0.7265887346296855,1.0,0.2,0.9,1
vit_tiny_patch16_224,random,0,random_0+random_1+random_2,3,dare,0.8321666666666667,0.8897734857682428,0.10071666538715363,0.42174238959948224,0.3017122485850117,2.5789997577667236,3.0,0.8764185486110657,0.7265887346296855,1.0,0.2,0.9,2
vit_tiny_patch16_224,random,0,random_0+random_1+random_3,3,averaging,0.9011666666666667,0.9652109304046039,0.09552285820245743,0.4256882568200429,0.2988110370795367,2.5915609995524087,3.0,0.8667641114045663,0.7290252337653613,,,,
vit_tiny_patch16_224,random,0,random_0+random_1+random_3,3,task_arithmetic,0.875,0.9371319901932527,0.09552285820245743,0.4256882568200429,0.2988110370795367,2.5915609995524087,3.0,0.8667641114045663,0.7290252337653613,0.1,,,
vit_tiny_patch16_224,random,0,random_0+random_1+random_3,3,task_arithmetic,0.896,0.9596663288982438,0.09552285820245743,0.4256882568200429,0.2988110370795367,2.5915609995524087,3.0,0.8667641114045663,0.7290252337653613,0.2,,,
vit_tiny_patch16_224,random,0,random_0+random_1+random_3,3,task_arithmetic,0.9,0.9639687751311891,0.09552285820245743,0.4256882568200429,0.2988110370795367,2.5915609995524087,3.0,0.8667641114045663,0.7290252337653613,0.3,,,
vit_tiny_patch16_224,random,0,random_0+random_1+random_3,3,task_arithmetic,0.894,0.9574731984923469,0.09552285820245743,0.4256882568200429,0.2988110370795367,2.5915609995524087,3.0,0.8667641114045663,0.7290252337653613,0.5,,,
vit_tiny_patch16_224,random,0,random_0+random_1+random_3,3,task_arithmetic,0.8026666666666666,0.8592321690633969,0.09552285820245743,0.4256882568200429,0.2988110370795367,2.5915609995524087,3.0,0.8667641114045663,0.7290252337653613,1.0,,,
vit_tiny_patch16_224,random,0,random_0+random_1+random_3,3,ties,0.9018333333333333,0.965943420361934,0.09552285820245743,0.4256882568200429,0.2988110370795367,2.5915609995524087,3.0,0.8667641114045663,0.7290252337653613,0.5,0.2,,
vit_tiny_patch16_224,random,0,random_0+random_1+random_3,3,ties,0.9001666666666667,0.9640969180965272,0.09552285820245743,0.4256882568200429,0.2988110370795367,2.5915609995524087,3.0,0.8667641114045663,0.7290252337653613,1.0,0.2,,
vit_tiny_patch16_224,random,0,random_0+random_1+random_3,3,dare,0.7916666666666666,0.8475077620325845,0.09552285820245743,0.4256882568200429,0.2988110370795367,2.5915609995524087,3.0,0.8667641114045663,0.7290252337653613,1.0,0.2,0.9,0
vit_tiny_patch16_224,random,0,random_0+random_1+random_3,3,dare,0.797,0.8532406421778344,0.09552285820245743,0.4256882568200429,0.2988110370795367,2.5915609995524087,3.0,0.8667641114045663,0.7290252337653613,1.0,0.2,0.9,1
vit_tiny_patch16_224,random,0,random_0+random_1+random_3,3,dare,0.7936666666666667,0.8495650323750451,0.09552285820245743,0.4256882568200429,0.2988110370795367,2.5915609995524087,3.0,0.8667641114045663,0.7290252337653613,1.0,0.2,0.9,2
vit_tiny_patch16_224,random,0,random_0+random_1+random_4,3,averaging,0.9083333333333333,0.9725451668404698,0.0993090271949768,0.42281551162401837,0.3004840190939149,2.5658145745595298,3.0,0.8761528989053312,0.7331476052485355,,,,
vit_tiny_patch16_224,random,0,random_0+random_1+random_4,3,task_arithmetic,0.8803333333333333,0.9425091801307152,0.0993090271949768,0.42281551162401837,0.3004840190939149,2.5658145745595298,3.0,0.8761528989053312,0.7331476052485355,0.1,,,
vit_tiny_patch16_224,random,0,random_0+random_1+random_4,3,task_arithmetic,0.9,0.9635760534236244,0.0993090271949768,0.42281551162401837,0.3004840190939149,2.5658145745595298,3.0,0.8761528989053312,0.7331476052485355,0.2,,,
vit_tiny_patch16_224,random,0,random_0+random_1+random_4,3,task_arithmetic,0.9071666666666666,0.9712880960883327,0.0993090271949768,0.42281551162401837,0.3004840190939149,2.5658145745595298,3.0,0.8761528989053312,0.7331476052485355,0.3,,,
vit_tiny_patch16_224,random,0,random_0+random_1+random_4,3,task_arithmetic,0.8975,0.9608940558076123,0.0993090271949768,0.42281551162401837,0.3004840190939149,2.5658145745595298,3.0,0.8761528989053312,0.7331476052485355,0.5,,,
vit_tiny_patch16_224,random,0,random_0+random_1+random_4,3,task_arithmetic,0.7805,0.8351253671869161,0.0993090271949768,0.42281551162401837,0.3004840190939149,2.5658145745595298,3.0,0.8761528989053312,0.7331476052485355,1.0,,,
vit_tiny_patch16_224,random,0,random_0+random_1+random_4,3,ties,0.904,0.9679007053466657,0.0993090271949768,0.42281551162401837,0.3004840190939149,2.5658145745595298,3.0,0.8761528989053312,0.7331476052485355,0.5,0.2,,
vit_tiny_patch16_224,random,0,random_0+random_1+random_4,3,ties,0.9031666666666666,0.9669963417187541,0.0993090271949768,0.42281551162401837,0.3004840190939149,2.5658145745595298,3.0,0.8761528989053312,0.7331476052485355,1.0,0.2,,
vit_tiny_patch16_224,random,0,random_0+random_1+random_4,3,dare,0.7623333333333333,0.8156311571759142,0.0993090271949768,0.42281551162401837,0.3004840190939149,2.5658145745595298,3.0,0.8761528989053312,0.7331476052485355,1.0,0.2,0.9,0
vit_tiny_patch16_224,random,0,random_0+random_1+random_4,3,dare,0.7883333333333334,0.8436747079872852,0.0993090271949768,0.42281551162401837,0.3004840190939149,2.5658145745595298,3.0,0.8761528989053312,0.7331476052485355,1.0,0.2,0.9,1
vit_tiny_patch16_224,random,0,random_0+random_1+random_4,3,dare,0.7918333333333334,0.8472723899248843,0.0993090271949768,0.42281551162401837,0.3004840190939149,2.5658145745595298,3.0,0.8761528989053312,0.7331476052485355,1.0,0.2,0.9,2
vit_tiny_patch16_224,random,0,random_0+random_2+random_3,3,averaging,0.9111666666666668,0.9706900250842798,0.10071773082017899,0.4218087395032247,0.3011173316998961,2.5828616619110107,3.0,0.8739726745863526,0.7273011259232801,,,,
vit_tiny_patch16_224,random,0,random_0+random_2+random_3,3,task_arithmetic,0.8878333333333334,0.9458186425834963,0.10071773082017899,0.4218087395032247,0.3011173316998961,2.5828616619110107,3.0,0.8739726745863526,0.7273011259232801,0.1,,,
vit_tiny_patch16_224,random,0,random_0+random_2+random_3,3,task_arithmetic,0.9039999999999999,0.9630511419879187,0.10071773082017899,0.4218087395032247,0.3011173316998961,2.5828616619110107,3.0,0.8739726745863526,0.7273011259232801,0.2,,,
vit_tiny_patch16_224,random,0,random_0+random_2+random_3,3,task_arithmetic,0.911,0.9705119717721941,0.10071773082017899,0.4218087395032247,0.3011173316998961,2.5828616619110107,3.0,0.8739726745863526,0.7273011259232801,0.3,,,
vit_tiny_patch16_224,random,0,random_0+random_2+random_3,3,task_arithmetic,0.9089999999999999,0.9683847344371558,0.10071773082017899,0.4218087395032247,0.3011173316998961,2.5828616619110107,3.0,0.8739726745863526,0.7273011259232801,0.5,,,
vit_tiny_patch16_224,random,0,random_0+random_2+random_3,3,task_arithmetic,0.8395,0.8942751547243956,0.10071773082017899,0.4218087395032247,0.3011173316998961,2.5828616619110107,3.0,0.8739726745863526,0.7273011259232801,1.0,,,
vit_tiny_patch16_224,random,0,random_0+random_2+random_3,3,ties,0.9071666666666666,0.9664371014362629,0.10071773082017899,0.4218087395032247,0.3011173316998961,2.5828616619110107,3.0,0.8739726745863526,0.7273011259232801,0.5,0.2,,
vit_tiny_patch16_224,random,0,random_0+random_2+random_3,3,ties,0.9156666666666666,0.9754981141201067,0.10071773082017899,0.4218087395032247,0.3011173316998961,2.5828616619110107,3.0,0.8739726745863526,0.7273011259232801,1.0,0.2,,
vit_tiny_patch16_224,random,0,random_0+random_2+random_3,3,dare,0.8291666666666666,0.8832611100863362,0.10071773082017899,0.4218087395032247,0.3011173316998961,2.5828616619110107,3.0,0.8739726745863526,0.7273011259232801,1.0,0.2,0.9,0
vit_tiny_patch16_224,random,0,random_0+random_2+random_3,3,dare,0.8285,0.8825569629991014,0.10071773082017899,0.4218087395032247,0.3011173316998961,2.5828616619110107,3.0,0.8739726745863526,0.7273011259232801,1.0,0.2,0.9,1
vit_tiny_patch16_224,random,0,random_0+random_2+random_3,3,dare,0.8378333333333333,0.8925250294650814,0.10071773082017899,0.4218087395032247,0.3011173316998961,2.5828616619110107,3.0,0.8739726745863526,0.7273011259232801,1.0,0.2,0.9,2
vit_tiny_patch16_224,random,0,random_0+random_2+random_4,3,averaging,0.9158333333333334,0.9753452144309738,0.10415914158026378,0.4192278981208801,0.3035584752391073,2.5571152369181314,3.0,0.8846048010477691,0.7314234974064545,,,,
vit_tiny_patch16_224,random,0,random_0+random_2+random_4,3,task_arithmetic,0.8891666666666667,0.9469290012617094,0.10415914158026378,0.4192278981208801,0.3035584752391073,2.5571152369181314,3.0,0.8846048010477691,0.7314234974064545,0.1,,,
vit_tiny_patch16_224,random,0,random_0+random_2+random_4,3,task_arithmetic,0.9105,0.9696544792583448,0.10415914158026378,0.4192278981208801,0.3035584752391073,2.5571152369181314,3.0,0.8846048010477691,0.7314234974064545,0.2,,,
vit_tiny_patch16_224,random,0,random_0+random_2+random_4,3,task_arithmetic,0.9158333333333334,0.9753466389340216,0.10415914158026378,0.4192278981208801,0.3035584752391073,2.5571152369181314,3.0,0.8846048010477691,0.7314234974064545,0.3,,,
vit_tiny_patch16_224,random,0,random_0+random_2+random_4,3,task_arithmetic,0.9125,0.9717866754203918,0.10415914158026378,0.4192278981208801,0.3035584752391073,2.5571152369181314,3.0,0.8846048010477691,0.7314234974064545,0.5,,,
vit_tiny_patch16_224,random,0,random_0+random_2+random_4,3,task_arithmetic,0.8155,0.8683485461773729,0.10415914158026378,0.4192278981208801,0.3035584752391073,2.5571152369181314,3.0,0.8846048010477691,0.7314234974064545,1.0,,,
vit_tiny_patch16_224,random,0,random_0+random_2+random_4,3,ties,0.9128333333333334,0.9721424301724143,0.10415914158026378,0.4192278981208801,0.3035584752391073,2.5571152369181314,3.0,0.8846048010477691,0.7314234974064545,0.5,0.2,,
vit_tiny_patch16_224,random,0,random_0+random_2+random_4,3,ties,0.9148333333333333,0.9742669871632144,0.10415914158026378,0.4192278981208801,0.3035584752391073,2.5571152369181314,3.0,0.8846048010477691,0.7314234974064545,1.0,0.2,,
vit_tiny_patch16_224,random,0,random_0+random_2+random_4,3,dare,0.8063333333333333,0.8585812429681399,0.10415914158026378,0.4192278981208801,0.3035584752391073,2.5571152369181314,3.0,0.8846048010477691,0.7314234974064545,1.0,0.2,0.9,0
vit_tiny_patch16_224,random,0,random_0+random_2+random_4,3,dare,0.8183333333333334,0.8714124042223461,0.10415914158026378,0.4192278981208801,0.3035584752391073,2.5571152369181314,3.0,0.8846048010477691,0.7314234974064545,1.0,0.2,0.9,1
vit_tiny_patch16_224,random,0,random_0+random_2+random_4,3,dare,0.8248333333333333,0.8783373844468768,0.10415914158026378,0.4192278981208801,0.3035584752391073,2.5571152369181314,3.0,0.8846048010477691,0.7314234974064545,1.0,0.2,0.9,2
vit_tiny_patch16_224,random,0,random_0+random_3+random_4,3,averaging,0.9096666666666667,0.9699831640355651,0.10306747009356816,0.42006481687227887,0.30594334449336796,2.569676478703817,3.0,0.8842232362275647,0.7338599965421301,,,,
vit_tiny_patch16_224,random,0,random_0+random_3+random_4,3,task_arithmetic,0.8791666666666668,0.9374162109946015,0.10306747009356816,0.42006481687227887,0.30594334449336796,2.569676478703817,3.0,0.8842232362275647,0.7338599965421301,0.1,,,
vit_tiny_patch16_224,random,0,random_0+random_3+random_4,3,task_arithmetic,0.9005000000000001,0.9601919918202498,0.10306747009356816,0.42006481687227887,0.30594334449336796,2.569676478703817,3.0,0.8842232362275647,0.7338599965421301,0.2,,,
vit_tiny_patch16_224,random,0,random_0+random_3+random_4,3,task_arithmetic,0.9093333333333332,0.9696289163391133,0.10306747009356816,0.42006481687227887,0.30594334449336796,2.569676478703817,3.0,0.8842232362275647,0.7338599965421301,0.3,,,
vit_tiny_patch16_224,random,0,random_0+random_3+random_4,3,task_arithmetic,0.9018333333333333,0.9616318178884612,0.10306747009356816,0.42006481687227887,0.30594334449336796,2.569676478703817,3.0,0.8842232362275647,0.7338599965421301,0.5,,,
vit_tiny_patch16_224,random,0,random_0+random_3+random_4,3,task_arithmetic,0.7958333333333334,0.8484316654862818,0.10306747009356816,0.42006481687227887,0.30594334449336796,2.569676478703817,3.0,0.8842232362275647,0.7338599965421301,1.0,,,
vit_tiny_patch16_224,random,0,random_0+random_3+random_4,3,ties,0.9058333333333334,0.9658806058591564,0.10306747009356816,0.42006481687227887,0.30594334449336796,2.569676478703817,3.0,0.8842232362275647,0.7338599965421301,0.5,0.2,,
vit_tiny_patch16_224,random,0,random_0+random_3+random_4,3,ties,0.9081666666666667,0.9683920334974815,0.10306747009356816,0.42006481687227887,0.30594334449336796,2.569676478703817,3.0,0.8842232362275647,0.7338599965421301,1.0,0.2,,
vit_tiny_patch16_224,random,0,random_0+random_3+random_4,3,dare,0.7928333333333333,0.8452344307376571,0.10306747009356816,0.42006481687227887,0.30594334449336796,2.569676478703817,3.0,0.8842232362275647,0.7338599965421301,1.0,0.2,0.9,0
vit_tiny_patch16_224,random,0,random_0+random_3+random_4,3,dare,0.8021666666666668,0.8552254522126183,0.10306747009356816,0.42006481687227887,0.30594334449336796,2.569676478703817,3.0,0.8842232362275647,0.7338599965421301,1.0,0.2,0.9,1
vit_tiny_patch16_224,random,0,random_0+random_3+random_4,3,dare,0.7933333333333333,0.8457732163763944,0.10306747009356816,0.42006481687227887,0.30594334449336796,2.569676478703817,3.0,0.8842232362275647,0.7338599965421301,1.0,0.2,0.9,2
vit_tiny_patch16_224,random,0,random_1+random_2+random_3,3,averaging,0.9088333333333334,0.9752830059155687,0.09848773976167043,0.4234619339307149,0.29999232672211934,2.6005223592122397,3.0,0.8648822204044239,0.7272640010599084,,,,
vit_tiny_patch16_224,random,0,random_1+random_2+random_3,3,task_arithmetic,0.8770000000000001,0.9411077088456138,0.09848773976167043,0.4234619339307149,0.29999232672211934,2.6005223592122397,3.0,0.8648822204044239,0.7272640010599084,0.1,,,
vit_tiny_patch16_224,random,0,random_1+random_2+random_3,3,task_arithmetic,0.8995000000000001,0.965266579806241,0.09848773976167043,0.4234619339307149,0.29999232672211934,2.6005223592122397,3.0,0.8648822204044239,0.7272640010599084,0.2,,,
vit_tiny_patch16_224,random,0,random_1+random_2+random_3,3,task_arithmetic,0.9065,0.9727767872299999,0.09848773976167043,0.4234619339307149,0.29999232672211934,2.6005223592122397,3.0,0.8648822204044239,0.7272640010599084,0.3,,,
vit_tiny_patch16_224,random,0,random_1+random_2+random_3,3,task_arithmetic,0.9005000000000001,0.9662840171357484,0.09848773976167043,0.4234619339307149,0.29999232672211934,2.6005223592122397,3.0,0.8648822204044239,0.7272640010599084,0.5,,,
vit_tiny_patch16_224,random,0,random_1+random_2+random_3,3,task_arithmetic,0.8118333333333334,0.8709369541437245,0.09848773976167043,0.4234619339307149,0.29999232672211934,2.6005223592122397,3.0,0.8648822204044239,0.7272640010599084,1.0,,,
vit_tiny_patch16_224,random,0,random_1+random_2+random_3,3,ties,0.9038333333333334,0.9699196467377244,0.09848773976167043,0.4234619339307149,0.29999232672211934,2.6005223592122397,3.0,0.8648822204044239,0.7272640010599084,0.5,0.2,,
vit_tiny_patch16_224,random,0,random_1+random_2+random_3,3,ties,0.9076666666666666,0.9739916808925697,0.09848773976167043,0.4234619339307149,0.29999232672211934,2.6005223592122397,3.0,0.8648822204044239,0.7272640010599084,1.0,0.2,,
vit_tiny_patch16_224,random,0,random_1+random_2+random_3,3,dare,0.8128333333333333,0.8720516899043872,0.09848773976167043,0.4234619339307149,0.29999232672211934,2.6005223592122397,3.0,0.8648822204044239,0.7272640010599084,1.0,0.2,0.9,0
vit_tiny_patch16_224,random,0,random_1+random_2+random_3,3,dare,0.8036666666666666,0.8622007309707045,0.09848773976167043,0.4234619339307149,0.29999232672211934,2.6005223592122397,3.0,0.8648822204044239,0.7272640010599084,1.0,0.2,0.9,1
vit_tiny_patch16_224,random,0,random_1+random_2+random_3,3,dare,0.8115,0.8705864606087341,0.09848773976167043,0.4234619339307149,0.29999232672211934,2.6005223592122397,3.0,0.8648822204044239,0.7272640010599084,1.0,0.2,0.9,2
vit_tiny_patch16_224,random,0,random_1+random_2+random_4,3,averaging,0.9126666666666666,0.9790150014116562,0.10426523288091023,0.41904781262079877,0.30626341640493043,2.5747759342193604,3.0,0.8764070911330691,0.7313863725430827,,,,
vit_tiny_patch16_224,random,0,random_1+random_2+random_4,3,task_arithmetic,0.8825,0.9466685701484469,0.10426523288091023,0.41904781262079877,0.30626341640493043,2.5747759342193604,3.0,0.8764070911330691,0.7313863725430827,0.1,,,
vit_tiny_patch16_224,random,0,random_1+random_2+random_4,3,task_arithmetic,0.9058333333333333,0.9717031756333988,0.10426523288091023,0.41904781262079877,0.30626341640493043,2.5747759342193604,3.0,0.8764070911330691,0.7313863725430827,0.2,,,
vit_tiny_patch16_224,random,0,random_1+random_2+random_4,3,task_arithmetic,0.9133333333333334,0.9797382334927782,0.10426523288091023,0.41904781262079877,0.30626341640493043,2.5747759342193604,3.0,0.8764070911330691,0.7313863725430827,0.3,,,
vit_tiny_patch16_224,random,0,random_1+random_2+random_4,3,task_arithmetic,0.9058333333333334,0.9716578852849608,0.10426523288091023,0.41904781262079877,0.30626341640493043,2.5747759342193604,3.0,0.8764070911330691,0.7313863725430827,0.5,,,
vit_tiny_patch16_224,random,0,random_1+random_2+random_4,3,task_arithmetic,0.7928333333333333,0.8501982076485127,0.10426523288091023,0.41904781262079877,0.30626341640493043,2.5747759342193604,3.0,0.8764070911330691,0.7313863725430827,1.0,,,
vit_tiny_patch16_224,random,0,random_1+random_2+random_4,3,ties,0.911,0.9772569984842888,0.10426523288091023,0.41904781262079877,0.30626341640493043,2.5747759342193604,3.0,0.8764070911330691,0.7313863725430827,0.5,0.2,,
vit_tiny_patch16_224,random,0,random_1+random_2+random_4,3,ties,0.9121666666666667,0.978482465789,0.10426523288091023,0.41904781262079877,0.30626341640493043,2.5747759342193604,3.0,0.8764070911330691,0.7313863725430827,1.0,0.2,,
vit_tiny_patch16_224,random,0,random_1+random_2+random_4,3,dare,0.7913333333333333,0.8486092249658435,0.10426523288091023,0.41904781262079877,0.30626341640493043,2.5747759342193604,3.0,0.8764070911330691,0.7313863725430827,1.0,0.2,0.9,0
vit_tiny_patch16_224,random,0,random_1+random_2+random_4,3,dare,0.8078333333333333,0.8663536037192929,0.10426523288091023,0.41904781262079877,0.30626341640493043,2.5747759342193604,3.0,0.8764070911330691,0.7313863725430827,1.0,0.2,0.9,1
vit_tiny_patch16_224,random,0,random_1+random_2+random_4,3,dare,0.7873333333333333,0.8442845137604342,0.10426523288091023,0.41904781262079877,0.30626341640493043,2.5747759342193604,3.0,0.8764070911330691,0.7313863725430827,1.0,0.2,0.9,2
vit_tiny_patch16_224,random,0,random_1+random_3+random_4,3,averaging,0.9061666666666667,0.9732975140681862,0.09748160342375438,0.42423813541730243,0.3009506544615812,2.5873371760050454,3.0,0.8715022147617825,0.7338228716787584,,,,
vit_tiny_patch16_224,random,0,random_1+random_3+random_4,3,task_arithmetic,0.8718333333333333,0.9364420622737887,0.09748160342375438,0.42423813541730243,0.3009506544615812,2.5873371760050454,3.0,0.8715022147617825,0.7338228716787584,0.1,,,
vit_tiny_patch16_224,random,0,random_1+random_3+random_4,3,task_arithmetic,0.894,0.9602280500366486,0.09748160342375438,0.42423813541730243,0.3009506544615812,2.5873371760050454,3.0,0.8715022147617825,0.7338228716787584,0.2,,,
vit_tiny_patch16_224,random,0,random_1+random_3+random_4,3,task_arithmetic,0.9048333333333334,0.9718634878587865,0.09748160342375438,0.42423813541730243,0.3009506544615812,2.5873371760050454,3.0,0.8715022147617825,0.7338228716787584,0.3,,,
vit_tiny_patch16_224,random,0,random_1+random_3+random_4,3,task_arithmetic,0.8968333333333334,0.9632347029937492,0.09748160342375438,0.42423813541730243,0.3009506544615812,2.5873371760050454,3.0,0.8715022147617825,0.7338228716787584,0.5,,,
vit_tiny_patch16_224,random,0,random_1+random_3+random_4,3,task_arithmetic,0.7846666666666667,0.8426196989059882,0.09748160342375438,0.42423813541730243,0.3009506544615812,2.5873371760050454,3.0,0.8715022147617825,0.7338228716787584,1.0,,,
vit_tiny_patch16_224,random,0,random_1+random_3+random_4,3,ties,0.898,0.9645309506282103,0.09748160342375438,0.42423813541730243,0.3009506544615812,2.5873371760050454,3.0,0.8715022147617825,0.7338228716787584,0.5,0.2,,
vit_tiny_patch16_224,random,0,random_1+random_3+random_4,3,ties,0.9046666666666666,0.9716694595807489,0.09748160342375438,0.42423813541730243,0.3009506544615812,2.5873371760050454,3.0,0.8715022147617825,0.7338228716787584,1.0,0.2,,
vit_tiny_patch16_224,random,0,random_1+random_3+random_4,3,dare,0.7719999999999999,0.8290217900949628,0.09748160342375438,0.42423813541730243,0.3009506544615812,2.5873371760050454,3.0,0.8715022147617825,0.7338228716787584,1.0,0.2,0.9,0
vit_tiny_patch16_224,random,0,random_1+random_3+random_4,3,dare,0.7898333333333333,0.8481919255340281,0.09748160342375438,0.42423813541730243,0.3009506544615812,2.5873371760050454,3.0,0.8715022147617825,0.7338228716787584,1.0,0.2,0.9,1
vit_tiny_patch16_224,random,0,random_1+random_3+random_4,3,dare,0.7693333333333333,0.8261148179329915,0.09748160342375438,0.42423813541730243,0.3009506544615812,2.5873371760050454,3.0,0.8715022147617825,0.7338228716787584,1.0,0.2,0.9,2
vit_tiny_patch16_224,random,0,random_2+random_3+random_4,3,averaging,0.9138333333333334,0.9763075212570107,0.1044022540251414,0.4190193712711334,0.3036942551974944,2.5786378383636475,3.0,0.8785717864502537,0.7320987638366773,,,,
vit_tiny_patch16_224,random,0,random_2+random_3+random_4,3,task_arithmetic,0.8833333333333333,0.9437141826492672,0.1044022540251414,0.4190193712711334,0.3036942551974944,2.5786378383636475,3.0,0.8785717864502537,0.7320987638366773,0.1,,,
vit_tiny_patch16_224,random,0,random_2+random_3+random_4,3,task_arithmetic,0.9046666666666666,0.9665104405459882,0.1044022540251414,0.4190193712711334,0.3036942551974944,2.5786378383636475,3.0,0.8785717864502537,0.7320987638366773,0.2,,,
vit_tiny_patch16_224,random,0,random_2+random_3+random_4,3,task_arithmetic,0.9125,0.9748808304143256,0.1044022540251414,0.4190193712711334,0.3036942551974944,2.5786378383636475,3.0,0.8785717864502537,0.7320987638366773,0.3,,,
vit_tiny_patch16_224,random,0,random_2+random_3+random_4,3,task_arithmetic,0.9106666666666667,0.9729243243842403,0.1044022540251414,0.4190193712711334,0.3036942551974944,2.5786378383636475,3.0,0.8785717864502537,0.7320987638366773,0.5,,,
vit_tiny_patch16_224,random,0,random_2+random_3+random_4,3,task_arithmetic,0.8011666666666667,0.8559287185162473,0.1044022540251414,0.4190193712711334,0.3036942551974944,2.5786378383636475,3.0,0.8785717864502537,0.7320987638366773,1.0,,,
vit_tiny_patch16_224,random,0,random_2+random_3+random_4,3,ties,0.911,0.9732783594523454,0.1044022540251414,0.4190193712711334,0.3036942551974944,2.5786378383636475,3.0,0.8785717864502537,0.7320987638366773,0.5,0.2,,
vit_tiny_patch16_224,random,0,random_2+random_3+random_4,3,ties,0.9148333333333333,0.9773758099783018,0.1044022540251414,0.4190193712711334,0.3036942551974944,2.5786378383636475,3.0,0.8785717864502537,0.7320987638366773,1.0,0.2,,
vit_tiny_patch16_224,random,0,random_2+random_3+random_4,3,dare,0.7876666666666666,0.8414999079376225,0.1044022540251414,0.4190193712711334,0.3036942551974944,2.5786378383636475,3.0,0.8785717864502537,0.7320987638366773,1.0,0.2,0.9,0
vit_tiny_patch16_224,random,0,random_2+random_3+random_4,3,dare,0.8175,0.8733861118506079,0.1044022540251414,0.4190193712711334,0.3036942551974944,2.5786378383636475,3.0,0.8785717864502537,0.7320987638366773,1.0,0.2,0.9,1
vit_tiny_patch16_224,random,0,random_2+random_3+random_4,3,dare,0.7949999999999999,0.8493378064735078,0.1044022540251414,0.4190193712711334,0.3036942551974944,2.5786378383636475,3.0,0.8785717864502537,0.7320987638366773,1.0,0.2,0.9,2
vit_tiny_patch16_224,random,0,random_0+random_1+random_2+random_3+random_4,5,averaging,0.9007,0.9634049731543135,0.10081297233700752,0.4217114865779877,0.302252710897696,2.5787302017211915,5.0,0.8753499583532178,0.7305918202633874,,,,
vit_tiny_patch16_224,random,0,random_0+random_1+random_2+random_3+random_4,5,task_arithmetic,0.8911,0.9531333893126858,0.10081297233700752,0.4217114865779877,0.302252710897696,2.5787302017211915,5.0,0.8753499583532178,0.7305918202633874,0.1,,,
vit_tiny_patch16_224,random,0,random_0+random_1+random_2+random_3+random_4,5,task_arithmetic,0.9007,0.9634049731543135,0.10081297233700752,0.4217114865779877,0.302252710897696,2.5787302017211915,5.0,0.8753499583532178,0.7305918202633874,0.2,,,
vit_tiny_patch16_224,random,0,random_0+random_1+random_2+random_3+random_4,5,task_arithmetic,0.8915,0.9535206273302291,0.10081297233700752,0.4217114865779877,0.302252710897696,2.5787302017211915,5.0,0.8753499583532178,0.7305918202633874,0.3,,,
vit_tiny_patch16_224,random,0,random_0+random_1+random_2+random_3+random_4,5,task_arithmetic,0.8417,0.900108212747768,0.10081297233700752,0.4217114865779877,0.302252710897696,2.5787302017211915,5.0,0.8753499583532178,0.7305918202633874,0.5,,,
vit_tiny_patch16_224,random,0,random_0+random_1+random_2+random_3+random_4,5,task_arithmetic,0.5098,0.5447148449373457,0.10081297233700752,0.4217114865779877,0.302252710897696,2.5787302017211915,5.0,0.8753499583532178,0.7305918202633874,1.0,,,
vit_tiny_patch16_224,random,0,random_0+random_1+random_2+random_3+random_4,5,ties,0.9048999999999999,0.9679074718137779,0.10081297233700752,0.4217114865779877,0.302252710897696,2.5787302017211915,5.0,0.8753499583532178,0.7305918202633874,0.5,0.2,,
vit_tiny_patch16_224,random,0,random_0+random_1+random_2+random_3+random_4,5,ties,0.8903000000000001,0.9522404011358144,0.10081297233700752,0.4217114865779877,0.302252710897696,2.5787302017211915,5.0,0.8753499583532178,0.7305918202633874,1.0,0.2,,
vit_tiny_patch16_224,random,0,random_0+random_1+random_2+random_3+random_4,5,dare,0.5669000000000001,0.6058571152666516,0.10081297233700752,0.4217114865779877,0.302252710897696,2.5787302017211915,5.0,0.8753499583532178,0.7305918202633874,1.0,0.2,0.9,0
vit_tiny_patch16_224,random,0,random_0+random_1+random_2+random_3+random_4,5,dare,0.5673,0.6063299807925514,0.10081297233700752,0.4217114865779877,0.302252710897696,2.5787302017211915,5.0,0.8753499583532178,0.7305918202633874,1.0,0.2,0.9,1
vit_tiny_patch16_224,random,0,random_0+random_1+random_2+random_3+random_4,5,dare,0.5912,0.6317627147571703,0.10081297233700752,0.4217114865779877,0.302252710897696,2.5787302017211915,5.0,0.8753499583532178,0.7305918202633874,1.0,0.2,0.9,2
vit_tiny_patch16_224,random,1,random_0+random_1,2,averaging,0.91625,0.982413976266262,0.09845437109470367,0.42340174317359924,0.2965936503059768,2.5863845348358154,2.0,0.8769777777395519,0.7261850575147961,,,,
vit_tiny_patch16_224,random,1,random_0+random_1,2,task_arithmetic,0.8705,0.9332020828387128,0.09845437109470367,0.42340174317359924,0.2965936503059768,2.5863845348358154,2.0,0.8769777777395519,0.7261850575147961,0.1,,,
vit_tiny_patch16_224,random,1,random_0+random_1,2,task_arithmetic,0.89425,0.9587577009903141,0.09845437109470367,0.42340174317359924,0.2965936503059768,2.5863845348358154,2.0,0.8769777777395519,0.7261850575147961,0.2,,,
vit_tiny_patch16_224,random,1,random_0+random_1,2,task_arithmetic,0.9055,0.9709082641535248,0.09845437109470367,0.42340174317359924,0.2965936503059768,2.5863845348358154,2.0,0.8769777777395519,0.7261850575147961,0.3,,,
vit_tiny_patch16_224,random,1,random_0+random_1,2,task_arithmetic,0.91625,0.982413976266262,0.09845437109470367,0.42340174317359924,0.2965936503059768,2.5863845348358154,2.0,0.8769777777395519,0.7261850575147961,0.5,,,
vit_tiny_patch16_224,random,1,random_0+random_1,2,task_arithmetic,0.89525,0.959748618751182,0.09845437109470367,0.42340174317359924,0.2965936503059768,2.5863845348358154,2.0,0.8769777777395519,0.7261850575147961,1.0,,,
vit_tiny_patch16_224,random,1,random_0+random_1,2,ties,0.903,0.9682181990849352,0.09845437109470367,0.42340174317359924,0.2965936503059768,2.5863845348358154,2.0,0.8769777777395519,0.7261850575147961,0.5,0.2,,
vit_tiny_patch16_224,random,1,random_0+random_1,2,ties,0.9165000000000001,0.9827228206851316,0.09845437109470367,0.42340174317359924,0.2965936503059768,2.5863845348358154,2.0,0.8769777777395519,0.7261850575147961,1.0,0.2,,
vit_tiny_patch16_224,random,1,random_0+random_1,2,dare,0.88325,0.9468163874659465,0.09845437109470367,0.42340174317359924,0.2965936503059768,2.5863845348358154,2.0,0.8769777777395519,0.7261850575147961,1.0,0.2,0.9,0
vit_tiny_patch16_224,random,1,random_0+random_1,2,dare,0.8845000000000001,0.9481342577875069,0.09845437109470367,0.42340174317359924,0.2965936503059768,2.5863845348358154,2.0,0.8769777777395519,0.7261850575147961,1.0,0.2,0.9,1
vit_tiny_patch16_224,random,1,random_0+random_1,2,dare,0.891,0.9551501567360275,0.09845437109470367,0.42340174317359924,0.2965936503059768,2.5863845348358154,2.0,0.8769777777395519,0.7261850575147961,1.0,0.2,0.9,2
vit_tiny_patch16_224,random,1,random_0+random_2,2,averaging,0.92875,0.9830556328942673,0.09929170459508896,0.42291808128356934,0.29561483993112403,2.567325711250305,2.0,0.883738266138697,0.7298970254674351,,,,
vit_tiny_patch16_224,random,1,random_0+random_2,2,task_arithmetic,0.8895,0.9415442583149074,0.09929170459508896,0.42291808128356934,0.29561483993112403,2.567325711250305,2.0,0.883738266138697,0.7298970254674351,0.1,,,
vit_tiny_patch16_224,random,1,random_0+random_2,2,task_arithmetic,0.9079999999999999,0.961113862315183,0.09929170459508896,0.42291808128356934,0.29561483993112403,2.567325711250305,2.0,0.883738266138697,0.7298970254674351,0.2,,,
vit_tiny_patch16_224,random,1,random_0+random_2,2,task_arithmetic,0.92075,0.9746002553391255,0.09929170459508896,0.42291808128356934,0.29561483993112403,2.567325711250305,2.0,0.883738266138697,0.7298970254674351,0.3,,,
vit_tiny_patch16_224,random,1,random_0+random_2,2,task_arithmetic,0.92875,0.9830556328942673,0.09929170459508896,0.42291808128356934,0.29561483993112403,2.567325711250305,2.0,0.883738266138697,0.7298970254674351,0.5,,,
vit_tiny_patch16_224,random,1,random_0+random_2,2,task_arithmetic,0.90925,0.9624422363853212,0.09929170459508896,0.42291808128356934,0.29561483993112403,2.567325711250305,2.0,0.883738266138697,0.7298970254674351,1.0,,,
vit_tiny_patch16_224,random,1,random_0+random_2,2,ties,0.9157500000000001,0.9693161695545907,0.09929170459508896,0.42291808128356934,0.29561483993112403,2.567325711250305,2.0,0.883738266138697,0.7298970254674351,0.5,0.2,,
vit_tiny_patch16_224,random,1,random_0+random_2,2,ties,0.9295,0.9838610603352125,0.09929170459508896,0.42291808128356934,0.29561483993112403,2.567325711250305,2.0,0.883738266138697,0.7298970254674351,1.0,0.2,,
vit_tiny_patch16_224,random,1,random_0+random_2,2,dare,0.9095,0.962716314198211,0.09929170459508896,0.42291808128356934,0.29561483993112403,2.567325711250305,2.0,0.883738266138697,0.7298970254674351,1.0,0.2,0.9,0
vit_tiny_patch16_224,random,1,random_0+random_2,2,dare,0.90425,0.9571518483516397,0.09929170459508896,0.42291808128356934,0.29561483993112403,2.567325711250305,2.0,0.883738266138697,0.7298970254674351,1.0,0.2,0.9,1
vit_tiny_patch16_224,random,1,random_0+random_2,2,dare,0.9055,0.9584739201726311,0.09929170459508896,0.42291808128356934,0.29561483993112403,2.567325711250305,2.0,0.883738266138697,0.7298970254674351,1.0,0.2,0.9,2
vit_tiny_patch16_224,random,1,random_0+random_3,2,averaging,0.9177500000000001,0.9750317191914654,0.10071764141321182,0.4218052923679352,0.29516196547243656,2.5935420989990234,2.0,0.8759353830631372,0.7325382157229099,,,,
vit_tiny_patch16_224,random,1,random_0+random_3,2,task_arithmetic,0.87175,0.9261085349458572,0.10071764141321182,0.4218052923679352,0.29516196547243656,2.5935420989990234,2.0,0.8759353830631372,0.7325382157229099,0.1,,,
vit_tiny_patch16_224,random,1,random_0+random_3,2,task_arithmetic,0.8955,0.9513485735958613,0.10071764141321182,0.4218052923679352,0.29516196547243656,2.5935420989990234,2.0,0.8759353830631372,0.7325382157229099,0.2,,,
vit_tiny_patch16_224,random,1,random_0+random_3,2,task_arithmetic,0.90875,0.9654571232160776,0.10071764141321182,0.4218052923679352,0.29516196547243656,2.5935420989990234,2.0,0.8759353830631372,0.7325382157229099,0.3,,,
vit_tiny_patch16_224,random,1,random_0+random_3,2,task_arithmetic,0.9177500000000001,0.9750317191914654,0.10071764141321182,0.4218052923679352,0.29516196547243656,2.5935420989990234,2.0,0.8759353830631372,0.7325382157229099,0.5,,,
vit_tiny_patch16_224,random,1,random_0+random_3,2,task_arithmetic,0.9019999999999999,0.9582874289281282,0.10071764141321182,0.4218052923679352,0.29516196547243656,2.5935420989990234,2.0,0.8759353830631372,0.7325382157229099,1.0,,,
vit_tiny_patch16_224,random,1,random_0+random_3,2,ties,0.9039999999999999,0.9603960214426248,0.10071764141321182,0.4218052923679352,0.29516196547243656,2.5935420989990234,2.0,0.8759353830631372,0.7325382157229099,0.5,0.2,,
vit_tiny_patch16_224,random,1,random_0+random_3,2,ties,0.919,0.9763618651787619,0.10071764141321182,0.4218052923679352,0.29516196547243656,2.5935420989990234,2.0,0.8759353830631372,0.7325382157229099,1.0,0.2,,
vit_tiny_patch16_224,random,1,random_0+random_3,2,dare,0.8965000000000001,0.9524601562932118,0.10071764141321182,0.4218052923679352,0.29516196547243656,2.5935420989990234,2.0,0.8759353830631372,0.7325382157229099,1.0,0.2,0.9,0
vit_tiny_patch16_224,random,1,random_0+random_3,2,dare,0.8955,0.951369033038755,0.10071764141321182,0.4218052923679352,0.29516196547243656,2.5935420989990234,2.0,0.8759353830631372,0.7325382157229099,1.0,0.2,0.9,1
vit_tiny_patch16_224,random,1,random_0+random_3,2,dare,0.8867499999999999,0.9420866543477303,0.10071764141321182,0.4218052923679352,0.29516196547243656,2.5935420989990234,2.0,0.8759353830631372,0.7325382157229099,1.0,0.2,0.9,2
vit_tiny_patch16_224,random,1,random_0+random_4,2,averaging,0.9199999999999999,0.9735367720113739,0.10289277136325836,0.4202481210231781,0.2927424906177573,2.553597927093506,2.0,0.8875052138382492,0.7331277988252345,,,,
vit_tiny_patch16_224,random,1,random_0+random_4,2,task_arithmetic,0.879,0.9301440544941828,0.10289277136325836,0.4202481210231781,0.2927424906177573,2.553597927093506,2.0,0.8875052138382492,0.7331277988252345,0.1,,,
vit_tiny_patch16_224,random,1,random_0+random_4,2,task_arithmetic,0.8979999999999999,0.9502638680130826,0.10289277136325836,0.4202481210231781,0.2927424906177573,2.553597927093506,2.0,0.8875052138382492,0.7331277988252345,0.2,,,
vit_tiny_patch16_224,random,1,random_0+random_4,2,task_arithmetic,0.9119999999999999,0.9650788860517389,0.10289277136325836,0.4202481210231781,0.2927424906177573,2.553597927093506,2.0,0.8875052138382492,0.7331277988252345,0.3,,,
vit_tiny_patch16_224,random,1,random_0+random_4,2,task_arithmetic,0.9199999999999999,0.9735367720113739,0.10289277136325836,0.4202481210231781,0.2927424906177573,2.553597927093506,2.0,0.8875052138382492,0.7331277988252345,0.5,,,
vit_tiny_patch16_224,random,1,random_0+random_4,2,task_arithmetic,0.90125,0.9536726939229031,0.10289277136325836,0.4202481210231781,0.2927424906177573,2.553597927093506,2.0,0.8875052138382492,0.7331277988252345,1.0,,,
vit_tiny_patch16_224,random,1,random_0+random_4,2,ties,0.9075,0.9603227949432973,0.10289277136325836,0.4202481210231781,0.2927424906177573,2.553597927093506,2.0,0.8875052138382492,0.7331277988252345,0.5,0.2,,
vit_tiny_patch16_224,random,1,random_0+random_4,2,ties,0.918,0.9714183812045236,0.10289277136325836,0.4202481210231781,0.2927424906177573,2.553597927093506,2.0,0.8875052138382492,0.7331277988252345,1.0,0.2,,
vit_tiny_patch16_224,random,1,random_0+random_4,2,dare,0.8919999999999999,0.9439028166171199,0.10289277136325836,0.4202481210231781,0.2927424906177573,2.553597927093506,2.0,0.8875052138382492,0.7331277988252345,1.0,0.2,0.9,0
vit_tiny_patch16_224,random,1,random_0+random_4,2,dare,0.894,0.9460094494731458,0.10289277136325836,0.4202481210231781,0.2927424906177573,2.553597927093506,2.0,0.8875052138382492,0.7331277988252345,1.0,0.2,0.9,1
vit_tiny_patch16_224,random,1,random_0+random_4,2,dare,0.8905,0.9422860983787744,0.10289277136325836,0.4202481210231781,0.2927424906177573,2.553597927093506,2.0,0.8875052138382492,0.7331277988252345,1.0,0.2,0.9,2
vit_tiny_patch16_224,random,1,random_1+random_2,2,averaging,0.9197500000000001,0.9900309654570592,0.10313862562179565,0.41990819573402405,0.3129352298766305,2.5905762910842896,2.0,0.8838090865372225,0.723054804187753,,,,
vit_tiny_patch16_224,random,1,random_1+random_2,2,task_arithmetic,0.87475,0.9414933068489055,0.10313862562179565,0.41990819573402405,0.3129352298766305,2.5905762910842896,2.0,0.8838090865372225,0.723054804187753,0.1,,,
vit_tiny_patch16_224,random,1,random_1+random_2,2,task_arithmetic,0.89575,0.9640950773962593,0.10313862562179565,0.41990819573402405,0.3129352298766305,2.5905762910842896,2.0,0.8838090865372225,0.723054804187753,0.2,,,
vit_tiny_patch16_224,random,1,random_1+random_2,2,task_arithmetic,0.91025,0.9797962561000908,0.10313862562179565,0.41990819573402405,0.3129352298766305,2.5905762910842896,2.0,0.8838090865372225,0.723054804187753,0.3,,,
vit_tiny_patch16_224,random,1,random_1+random_2,2,task_arithmetic,0.9197500000000001,0.9900309654570592,0.10313862562179565,0.41990819573402405,0.3129352298766305,2.5905762910842896,2.0,0.8838090865372225,0.723054804187753,0.5,,,
vit_tiny_patch16_224,random,1,random_1+random_2,2,task_arithmetic,0.89,0.9578593968920972,0.10313862562179565,0.41990819573402405,0.3129352298766305,2.5905762910842896,2.0,0.8838090865372225,0.723054804187753,1.0,,,
vit_tiny_patch16_224,random,1,random_1+random_2,2,ties,0.9085000000000001,0.9778948124747218,0.10313862562179565,0.41990819573402405,0.3129352298766305,2.5905762910842896,2.0,0.8838090865372225,0.723054804187753,0.5,0.2,,
vit_tiny_patch16_224,random,1,random_1+random_2,2,ties,0.92075,0.9911284313191493,0.10313862562179565,0.41990819573402405,0.3129352298766305,2.5905762910842896,2.0,0.8838090865372225,0.723054804187753,1.0,0.2,,
vit_tiny_patch16_224,random,1,random_1+random_2,2,dare,0.8872500000000001,0.9548883006894218,0.10313862562179565,0.41990819573402405,0.3129352298766305,2.5905762910842896,2.0,0.8838090865372225,0.723054804187753,1.0,0.2,0.9,0
vit_tiny_patch16_224,random,1,random_1+random_2,2,dare,0.884,0.9513858548586911,0.10313862562179565,0.41990819573402405,0.3129352298766305,2.5905762910842896,2.0,0.8838090865372225,0.723054804187753,1.0,0.2,0.9,1
vit_tiny_patch16_224,random,1,random_1+random_2,2,dare,0.88925,0.9570623724500142,0.10313862562179565,0.41990819573402405,0.3129352298766305,2.5905762910842896,2.0,0.8838090865372225,0.723054804187753,1.0,0.2,0.9,2
vit_tiny_patch16_224,random,1,random_1+random_3,2,averaging,0.913,0.9865273830734707,0.09030391275882721,0.4296784996986389,0.2855017431816453,2.616792678833008,2.0,0.8499095581127435,0.725695994443228,,,,
vit_tiny_patch16_224,random,1,random_1+random_3,2,task_arithmetic,0.859,0.9282004324687849,0.09030391275882721,0.4296784996986389,0.2855017431816453,2.616792678833008,2.0,0.8499095581127435,0.725695994443228,0.1,,,
vit_tiny_patch16_224,random,1,random_1+random_3,2,task_arithmetic,0.8835,0.9546301831453929,0.09030391275882721,0.4296784996986389,0.2855017431816453,2.616792678833008,2.0,0.8499095581127435,0.725695994443228,0.2,,,
vit_tiny_patch16_224,random,1,random_1+random_3,2,task_arithmetic,0.8985000000000001,0.9708638167004873,0.09030391275882721,0.4296784996986389,0.2855017431816453,2.616792678833008,2.0,0.8499095581127435,0.725695994443228,0.3,,,
vit_tiny_patch16_224,random,1,random_1+random_3,2,task_arithmetic,0.913,0.9865273830734707,0.09030391275882721,0.4296784996986389,0.2855017431816453,2.616792678833008,2.0,0.8499095581127435,0.725695994443228,0.5,,,
vit_tiny_patch16_224,random,1,random_1+random_3,2,task_arithmetic,0.88425,0.9552992020810809,0.09030391275882721,0.4296784996986389,0.2855017431816453,2.616792678833008,2.0,0.8499095581127435,0.725695994443228,1.0,,,
vit_tiny_patch16_224,random,1,random_1+random_3,2,ties,0.892,0.9638251070080025,0.09030391275882721,0.4296784996986389,0.2855017431816453,2.616792678833008,2.0,0.8499095581127435,0.725695994443228,0.5,0.2,,
vit_tiny_patch16_224,random,1,random_1+random_3,2,ties,0.9135,0.9870627149792522,0.09030391275882721,0.4296784996986389,0.2855017431816453,2.616792678833008,2.0,0.8499095581127435,0.725695994443228,1.0,0.2,,
vit_tiny_patch16_224,random,1,random_1+random_3,2,dare,0.871,0.9409690032902187,0.09030391275882721,0.4296784996986389,0.2855017431816453,2.616792678833008,2.0,0.8499095581127435,0.725695994443228,1.0,0.2,0.9,0
vit_tiny_patch16_224,random,1,random_1+random_3,2,dare,0.87325,0.9434524296012272,0.09030391275882721,0.4296784996986389,0.2855017431816453,2.616792678833008,2.0,0.8499095581127435,0.725695994443228,1.0,0.2,0.9,1
vit_tiny_patch16_224,random,1,random_1+random_3,2,dare,0.87075,0.9406814886079969,0.09030391275882721,0.4296784996986389,0.2855017431816453,2.616792678833008,2.0,0.8499095581127435,0.725695994443228,1.0,0.2,0.9,2
vit_tiny_patch16_224,random,1,random_1+random_4,2,averaging,0.914,0.9835612328872637,0.09762317687273026,0.42412638664245605,0.2996865282165193,2.5768485069274902,2.0,0.8714753728295089,0.7262855775455526,,,,
vit_tiny_patch16_224,random,1,random_1+random_4,2,task_arithmetic,0.86175,0.927404904468669,0.09762317687273026,0.42412638664245605,0.2996865282165193,2.5768485069274902,2.0,0.8714753728295089,0.7262855775455526,0.1,,,
vit_tiny_patch16_224,random,1,random_1+random_4,2,task_arithmetic,0.8895,0.9572480571444786,0.09762317687273026,0.42412638664245605,0.2996865282165193,2.5768485069274902,2.0,0.8714753728295089,0.7262855775455526,0.2,,,
vit_tiny_patch16_224,random,1,random_1+random_4,2,task_arithmetic,0.9015,0.9701497529117495,0.09762317687273026,0.42412638664245605,0.2996865282165193,2.5768485069274902,2.0,0.8714753728295089,0.7262855775455526,0.3,,,
vit_tiny_patch16_224,random,1,random_1+random_4,2,task_arithmetic,0.914,0.9835612328872637,0.09762317687273026,0.42412638664245605,0.2996865282165193,2.5768485069274902,2.0,0.8714753728295089,0.7262855775455526,0.5,,,
vit_tiny_patch16_224,random,1,random_1+random_4,2,task_arithmetic,0.8915,0.9592233442654852,0.09762317687273026,0.42412638664245605,0.2996865282165193,2.5768485069274902,2.0,0.8714753728295089,0.7262855775455526,1.0,,,
vit_tiny_patch16_224,random,1,random_1+random_4,2,ties,0.9015,0.9701426584993088,0.09762317687273026,0.42412638664245605,0.2996865282165193,2.5768485069274902,2.0,0.8714753728295089,0.7262855775455526,0.5,0.2,,
vit_tiny_patch16_224,random,1,random_1+random_4,2,ties,0.91675,0.9865814256120451,0.09762317687273026,0.42412638664245605,0.2996865282165193,2.5768485069274902,2.0,0.8714753728295089,0.7262855775455526,1.0,0.2,,
vit_tiny_patch16_224,random,1,random_1+random_4,2,dare,0.8835,0.9506056601249427,0.09762317687273026,0.42412638664245605,0.2996865282165193,2.5768485069274902,2.0,0.8714753728295089,0.7262855775455526,1.0,0.2,0.9,0
vit_tiny_patch16_224,random,1,random_1+random_4,2,dare,0.8775,0.9441122457666626,0.09762317687273026,0.42412638664245605,0.2996865282165193,2.5768485069274902,2.0,0.8714753728295089,0.7262855775455526,1.0,0.2,0.9,1
vit_tiny_patch16_224,random,1,random_1+random_4,2,dare,0.8747499999999999,0.9411771859911704,0.09762317687273026,0.42412638664245605,0.2996865282165193,2.5768485069274902,2.0,0.8714753728295089,0.7262855775455526,1.0,0.2,0.9,2
vit_tiny_patch16_224,random,1,random_2+random_3,2,averaging,0.9245,0.9861231843658051,0.09523448348045349,0.4260072410106659,0.2924853493244693,2.5977338552474976,2.0,0.8622025545160101,0.7294079623958669,,,,
vit_tiny_patch16_224,random,1,random_2+random_3,2,task_arithmetic,0.87425,0.9324856012215352,0.09523448348045349,0.4260072410106659,0.2924853493244693,2.5977338552474976,2.0,0.8622025545160101,0.7294079623958669,0.1,,,
vit_tiny_patch16_224,random,1,random_2+random_3,2,task_arithmetic,0.8999999999999999,0.9599596197038551,0.09523448348045349,0.4260072410106659,0.2924853493244693,2.5977338552474976,2.0,0.8622025545160101,0.7294079623958669,0.2,,,
vit_tiny_patch16_224,random,1,random_2+random_3,2,task_arithmetic,0.90925,0.9698373751555933,0.09523448348045349,0.4260072410106659,0.2924853493244693,2.5977338552474976,2.0,0.8622025545160101,0.7294079623958669,0.3,,,
vit_tiny_patch16_224,random,1,random_2+random_3,2,task_arithmetic,0.9245,0.9861231843658051,0.09523448348045349,0.4260072410106659,0.2924853493244693,2.5977338552474976,2.0,0.8622025545160101,0.7294079623958669,0.5,,,
vit_tiny_patch16_224,random,1,random_2+random_3,2,task_arithmetic,0.9025,0.962624332399584,0.09523448348045349,0.4260072410106659,0.2924853493244693,2.5977338552474976,2.0,0.8622025545160101,0.7294079623958669,1.0,,,
vit_tiny_patch16_224,random,1,random_2+random_3,2,ties,0.90825,0.9687726847606195,0.09523448348045349,0.4260072410106659,0.2924853493244693,2.5977338552474976,2.0,0.8622025545160101,0.7294079623958669,0.5,0.2,,
vit_tiny_patch16_224,random,1,random_2+random_3,2,ties,0.924,0.9855898435988868,0.09523448348045349,0.4260072410106659,0.2924853493244693,2.5977338552474976,2.0,0.8622025545160101,0.7294079623958669,1.0,0.2,,
vit_tiny_patch16_224,random,1,random_2+random_3,2,dare,0.89375,0.9533058025199854,0.09523448348045349,0.4260072410106659,0.2924853493244693,2.5977338552474976,2.0,0.8622025545160101,0.7294079623958669,1.0,0.2,0.9,0
vit_tiny_patch16_224,random,1,random_2+random_3,2,dare,0.8939999999999999,0.9535515659453813,0.09523448348045349,0.4260072410106659,0.2924853493244693,2.5977338552474976,2.0,0.8622025545160101,0.7294079623958669,1.0,0.2,0.9,1
vit_tiny_patch16_224,random,1,random_2+random_3,2,dare,0.89125,0.9506470632408459,0.09523448348045349,0.4260072410106659,0.2924853493244693,2.5977338552474976,2.0,0.8622025545160101,0.7294079623958669,1.0,0.2,0.9,2
vit_tiny_patch16_224,random,1,random_2+random_4,2,averaging,0.92825,0.9861888602254187,0.10277381539344788,0.42023804783821106,0.304686698809106,2.55778968334198,2.0,0.8888966023934224,0.7299975454981915,,,,
vit_tiny_patch16_224,random,1,random_2+random_4,2,task_arithmetic,0.88025,0.9351958036077596,0.10277381539344788,0.42023804783821106,0.304686698809106,2.55778968334198,2.0,0.8888966023934224,0.7299975454981915,0.1,,,
vit_tiny_patch16_224,random,1,random_2+random_4,2,task_arithmetic,0.9045000000000001,0.9609577950937496,0.10277381539344788,0.42023804783821106,0.304686698809106,2.55778968334198,2.0,0.8888966023934224,0.7299975454981915,0.2,,,
vit_tiny_patch16_224,random,1,random_2+random_4,2,task_arithmetic,0.9197500000000001,0.9771591616471105,0.10277381539344788,0.42023804783821106,0.304686698809106,2.55778968334198,2.0,0.8888966023934224,0.7299975454981915,0.3,,,
vit_tiny_patch16_224,random,1,random_2+random_4,2,task_arithmetic,0.92825,0.9861888602254187,0.10277381539344788,0.42023804783821106,0.304686698809106,2.55778968334198,2.0,0.8888966023934224,0.7299975454981915,0.5,,,
vit_tiny_patch16_224,random,1,random_2+random_4,2,task_arithmetic,0.9,0.9561756484412522,0.10277381539344788,0.42023804783821106,0.304686698809106,2.55778968334198,2.0,0.8888966023934224,0.7299975454981915,1.0,,,
vit_tiny_patch16_224,random,1,random_2+random_4,2,ties,0.91425,0.9713169964721546,0.10277381539344788,0.42023804783821106,0.304686698809106,2.55778968334198,2.0,0.8888966023934224,0.7299975454981915,0.5,0.2,,
vit_tiny_patch16_224,random,1,random_2+random_4,2,ties,0.929,0.9869864490324809,0.10277381539344788,0.42023804783821106,0.304686698809106,2.55778968334198,2.0,0.8888966023934224,0.7299975454981915,1.0,0.2,,
vit_tiny_patch16_224,random,1,random_2+random_4,2,dare,0.8887499999999999,0.9442216927224572,0.10277381539344788,0.42023804783821106,0.304686698809106,2.55778968334198,2.0,0.8888966023934224,0.7299975454981915,1.0,0.2,0.9,0
vit_tiny_patch16_224,random,1,random_2+random_4,2,dare,0.8975,0.9535198879396897,0.10277381539344788,0.42023804783821106,0.304686698809106,2.55778968334198,2.0,0.8888966023934224,0.7299975454981915,1.0,0.2,0.9,1
vit_tiny_patch16_224,random,1,random_2+random_4,2,dare,0.89575,0.9516619984276792,0.10277381539344788,0.42023804783821106,0.304686698809106,2.55778968334198,2.0,0.8888966023934224,0.7299975454981915,1.0,0.2,0.9,2
vit_tiny_patch16_224,random,1,random_3+random_4,2,averaging,0.91925,0.9802737442301853,0.10330811142921448,0.4198931157588959,0.3062752524199726,2.5840060710906982,2.0,0.8796986574905427,0.7326387357536663,,,,
vit_tiny_patch16_224,random,1,random_3+random_4,2,task_arithmetic,0.86475,0.9221421862011165,0.10330811142921448,0.4198931157588959,0.3062752524199726,2.5840060710906982,2.0,0.8796986574905427,0.7326387357536663,0.1,,,
vit_tiny_patch16_224,random,1,random_3+random_4,2,task_arithmetic,0.893,0.9522711662218359,0.10330811142921448,0.4198931157588959,0.3062752524199726,2.5840060710906982,2.0,0.8796986574905427,0.7326387357536663,0.2,,,
vit_tiny_patch16_224,random,1,random_3+random_4,2,task_arithmetic,0.9075,0.9677318245862621,0.10330811142921448,0.4198931157588959,0.3062752524199726,2.5840060710906982,2.0,0.8796986574905427,0.7326387357536663,0.3,,,
vit_tiny_patch16_224,random,1,random_3+random_4,2,task_arithmetic,0.91925,0.9802737442301853,0.10330811142921448,0.4198931157588959,0.3062752524199726,2.5840060710906982,2.0,0.8796986574905427,0.7326387357536663,0.5,,,
vit_tiny_patch16_224,random,1,random_3+random_4,2,task_arithmetic,0.8879999999999999,0.9469860785274762,0.10330811142921448,0.4198931157588959,0.3062752524199726,2.5840060710906982,2.0,0.8796986574905427,0.7326387357536663,1.0,,,
vit_tiny_patch16_224,random,1,random_3+random_4,2,ties,0.905,0.965072222898218,0.10330811142921448,0.4198931157588959,0.3062752524199726,2.5840060710906982,2.0,0.8796986574905427,0.7326387357536663,0.5,0.2,,
vit_tiny_patch16_224,random,1,random_3+random_4,2,ties,0.9237500000000001,0.9850895991521116,0.10330811142921448,0.4198931157588959,0.3062752524199726,2.5840060710906982,2.0,0.8796986574905427,0.7326387357536663,1.0,0.2,,
vit_tiny_patch16_224,random,1,random_3+random_4,2,dare,0.87375,0.931801615036373,0.10330811142921448,0.4198931157588959,0.3062752524199726,2.5840060710906982,2.0,0.8796986574905427,0.7326387357536663,1.0,0.2,0.9,0
vit_tiny_patch16_224,random,1,random_3+random_4,2,dare,0.8805,0.9389646288611844,0.10330811142921448,0.4198931157588959,0.3062752524199726,2.5840060710906982,2.0,0.8796986574905427,0.7326387357536663,1.0,0.2,0.9,1
vit_tiny_patch16_224,random,1,random_3+random_4,2,dare,0.87575,0.9339450748896073,0.10330811142921448,0.4198931157588959,0.3062752524199726,2.5840060710906982,2.0,0.8796986574905427,0.7326387357536663,1.0,0.2,0.9,2
vit_tiny_patch16_224,random,1,random_0+random_1+random_2,3,averaging,0.9135,0.9765404692893975,0.10029490043719609,0.4220760067303975,0.3017145733712438,2.58142884572347,3.0,0.881508376805157,0.7263789623899948,,,,
vit_tiny_patch16_224,random,1,random_0+random_1+random_2,3,task_arithmetic,0.886,0.9470673784136419,0.10029490043719609,0.4220760067303975,0.3017145733712438,2.58142884572347,3.0,0.881508376805157,0.7263789623899948,0.1,,,
vit_tiny_patch16_224,random,1,random_0+random_1+random_2,3,task_arithmetic,0.9038333333333334,0.966220682954381,0.10029490043719609,0.4220760067303975,0.3017145733712438,2.58142884572347,3.0,0.881508376805157,0.7263789623899948,0.2,,,
vit_tiny_patch16_224,random,1,random_0+random_1+random_2,3,task_arithmetic,0.9143333333333333,0.9774250855510455,0.10029490043719609,0.4220760067303975,0.3017145733712438,2.58142884572347,3.0,0.881508376805157,0.7263789623899948,0.3,,,
vit_tiny_patch16_224,random,1,random_0+random_1+random_2,3,task_arithmetic,0.9101666666666667,0.9729040269866065,0.10029490043719609,0.4220760067303975,0.3017145733712438,2.58142884572347,3.0,0.881508376805157,0.7263789623899948,0.5,,,
vit_tiny_patch16_224,random,1,random_0+random_1+random_2,3,task_arithmetic,0.8291666666666666,0.8858249535656627,0.10029490043719609,0.4220760067303975,0.3017145733712438,2.58142884572347,3.0,0.881508376805157,0.7263789623899948,1.0,,,
vit_tiny_patch16_224,random,1,random_0+random_1+random_2,3,ties,0.9076666666666666,0.9703142077700925,0.10029490043719609,0.4220760067303975,0.3017145733712438,2.58142884572347,3.0,0.881508376805157,0.7263789623899948,0.5,0.2,,
vit_tiny_patch16_224,random,1,random_0+random_1+random_2,3,ties,0.9141666666666667,0.9772471009122947,0.10029490043719609,0.4220760067303975,0.3017145733712438,2.58142884572347,3.0,0.881508376805157,0.7263789623899948,1.0,0.2,,
vit_tiny_patch16_224,random,1,random_0+random_1+random_2,3,dare,0.8076666666666666,0.8627776487488631,0.10029490043719609,0.4220760067303975,0.3017145733712438,2.58142884572347,3.0,0.881508376805157,0.7263789623899948,1.0,0.2,0.9,0
vit_tiny_patch16_224,random,1,random_0+random_1+random_2,3,dare,0.8221666666666666,0.8783907926760648,0.10029490043719609,0.4220760067303975,0.3017145733712438,2.58142884572347,3.0,0.881508376805157,0.7263789623899948,1.0,0.2,0.9,1
vit_tiny_patch16_224,random,1,random_0+random_1+random_2,3,dare,0.8248333333333333,0.8812020120254512,0.10029490043719609,0.4220760067303975,0.3017145733712438,2.58142884572347,3.0,0.881508376805157,0.7263789623899948,1.0,0.2,0.9,2
vit_tiny_patch16_224,random,1,random_0+random_1+random_3,3,averaging,0.9041666666666667,0.9690138479160285,0.09649197508891423,0.4249618450800578,0.2924191196533529,2.5989064375559487,3.0,0.8676075729718109,0.7281397558936447,,,,
vit_tiny_patch16_224,random,1,random_0+random_1+random_3,3,task_arithmetic,0.8748333333333335,0.937473185868864,0.09649197508891423,0.4249618450800578,0.2924191196533529,2.5989064375559487,3.0,0.8676075729718109,0.7281397558936447,0.1,,,
vit_tiny_patch16_224,random,1,random_0+random_1+random_3,3,task_arithmetic,0.8943333333333333,0.9584444498117346,0.09649197508891423,0.4249618450800578,0.2924191196533529,2.5989064375559487,3.0,0.8676075729718109,0.7281397558936447,0.2,,,
vit_tiny_patch16_224,random,1,random_0+random_1+random_3,3,task_arithmetic,0.9046666666666666,0.9695337996057063,0.09649197508891423,0.4249618450800578,0.2924191196533529,2.5989064375559487,3.0,0.8676075729718109,0.7281397558936447,0.3,,,
vit_tiny_patch16_224,random,1,random_0+random_1+random_3,3,task_arithmetic,0.9001666666666667,0.964656846461515,0.09649197508891423,0.4249618450800578,0.2924191196533529,2.5989064375559487,3.0,0.8676075729718109,0.7281397558936447,0.5,,,
vit_tiny_patch16_224,random,1,random_0+random_1+random_3,3,task_arithmetic,0.8198333333333334,0.8781052680727793,0.09649197508891423,0.4249618450800578,0.2924191196533529,2.5989064375559487,3.0,0.8676075729718109,0.7281397558936447,1.0,,,
vit_tiny_patch16_224,random,1,random_0+random_1+random_3,3,ties,0.8985,0.9629325941948585,0.09649197508891423,0.4249618450800578,0.2924191196533529,2.5989064375559487,3.0,0.8676075729718109,0.7281397558936447,0.5,0.2,,
vit_tiny_patch16_224,random,1,random_0+random_1+random_3,3,ties,0.9071666666666666,0.972205583479012,0.09649197508891423,0.4249618450800578,0.2924191196533529,2.5989064375559487,3.0,0.8676075729718109,0.7281397558936447,1.0,0.2,,
vit_tiny_patch16_224,random,1,random_0+random_1+random_3,3,dare,0.8086666666666668,0.8661389055984811,0.09649197508891423,0.4249618450800578,0.2924191196533529,2.5989064375559487,3.0,0.8676075729718109,0.7281397558936447,1.0,0.2,0.9,0
vit_tiny_patch16_224,random,1,random_0+random_1+random_3,3,dare,0.8093333333333333,0.866769917398524,0.09649197508891423,0.4249618450800578,0.2924191196533529,2.5989064375559487,3.0,0.8676075729718109,0.7281397558936447,1.0,0.2,0.9,1
vit_tiny_patch16_224,random,1,random_0+random_1+random_3,3,dare,0.8036666666666666,0.8607581342300129,0.09649197508891423,0.4249618450800578,0.2924191196533529,2.5989064375559487,3.0,0.8676075729718109,0.7281397558936447,1.0,0.2,0.9,2
vit_tiny_patch16_224,random,1,random_0+random_1+random_4,3,averaging,0.9075000000000001,0.9700211870993698,0.09965677311023076,0.4225920836130778,0.2963408897134178,2.572276989618937,3.0,0.8786527881357701,0.7285328112951944,,,,
vit_tiny_patch16_224,random,1,random_0+random_1+random_4,3,task_arithmetic,0.8809999999999999,0.9415724635652992,0.09965677311023076,0.4225920836130778,0.2963408897134178,2.572276989618937,3.0,0.8786527881357701,0.7285328112951944,0.1,,,
vit_tiny_patch16_224,random,1,random_0+random_1+random_4,3,task_arithmetic,0.8998333333333334,0.9617832466244297,0.09965677311023076,0.4225920836130778,0.2963408897134178,2.572276989618937,3.0,0.8786527881357701,0.7285328112951944,0.2,,,
vit_tiny_patch16_224,random,1,random_0+random_1+random_4,3,task_arithmetic,0.9063333333333333,0.9687678409015019,0.09965677311023076,0.4225920836130778,0.2963408897134178,2.572276989618937,3.0,0.8786527881357701,0.7285328112951944,0.3,,,
vit_tiny_patch16_224,random,1,random_0+random_1+random_4,3,task_arithmetic,0.9008333333333334,0.9628109678185236,0.09965677311023076,0.4225920836130778,0.2963408897134178,2.572276989618937,3.0,0.8786527881357701,0.7285328112951944,0.5,,,
vit_tiny_patch16_224,random,1,random_0+random_1+random_4,3,task_arithmetic,0.8073333333333332,0.8624187887985263,0.09965677311023076,0.4225920836130778,0.2963408897134178,2.572276989618937,3.0,0.8786527881357701,0.7285328112951944,1.0,,,
vit_tiny_patch16_224,random,1,random_0+random_1+random_4,3,ties,0.9026666666666667,0.9648317721212992,0.09965677311023076,0.4225920836130778,0.2963408897134178,2.572276989618937,3.0,0.8786527881357701,0.7285328112951944,0.5,0.2,,
vit_tiny_patch16_224,random,1,random_0+random_1+random_4,3,ties,0.9066666666666667,0.9691068867489784,0.09965677311023076,0.4225920836130778,0.2963408897134178,2.572276989618937,3.0,0.8786527881357701,0.7285328112951944,1.0,0.2,,
vit_tiny_patch16_224,random,1,random_0+random_1+random_4,3,dare,0.7845,0.8380064481140853,0.09965677311023076,0.4225920836130778,0.2963408897134178,2.572276989618937,3.0,0.8786527881357701,0.7285328112951944,1.0,0.2,0.9,0
vit_tiny_patch16_224,random,1,random_0+random_1+random_4,3,dare,0.8069999999999999,0.8621009601184619,0.09965677311023076,0.4225920836130778,0.2963408897134178,2.572276989618937,3.0,0.8786527881357701,0.7285328112951944,1.0,0.2,0.9,1
vit_tiny_patch16_224,random,1,random_0+random_1+random_4,3,dare,0.8046666666666668,0.859602602504237,0.09965677311023076,0.4225920836130778,0.2963408897134178,2.572276989618937,3.0,0.8786527881357701,0.7285328112951944,1.0,0.2,0.9,2
vit_tiny_patch16_224,random,1,random_0+random_2+random_3,3,averaging,0.9119999999999999,0.9689844381327334,0.09841460982958476,0.4235768715540568,0.2944207182426766,2.586200555165609,3.0,0.8739587345726147,0.730614401195404,,,,
vit_tiny_patch16_224,random,1,random_0+random_2+random_3,3,task_arithmetic,0.8873333333333333,0.9427660630463701,0.09841460982958476,0.4235768715540568,0.2944207182426766,2.586200555165609,3.0,0.8739587345726147,0.730614401195404,0.1,,,
vit_tiny_patch16_224,random,1,random_0+random_2+random_3,3,task_arithmetic,0.9023333333333333,0.9587149790782502,0.09841460982958476,0.4235768715540568,0.2944207182426766,2.586200555165609,3.0,0.8739587345726147,0.730614401195404,0.2,,,
vit_tiny_patch16_224,random,1,random_0+random_2+random_3,3,task_arithmetic,0.9133333333333334,0.9704012974003123,0.09841460982958476,0.4235768715540568,0.2944207182426766,2.586200555165609,3.0,0.8739587345726147,0.730614401195404,0.3,,,
vit_tiny_patch16_224,random,1,random_0+random_2+random_3,3,task_arithmetic,0.9095,0.9663173628807932,0.09841460982958476,0.4235768715540568,0.2944207182426766,2.586200555165609,3.0,0.8739587345726147,0.730614401195404,0.5,,,
vit_tiny_patch16_224,random,1,random_0+random_2+random_3,3,task_arithmetic,0.8450000000000001,0.8977087290092673,0.09841460982958476,0.4235768715540568,0.2944207182426766,2.586200555165609,3.0,0.8739587345726147,0.730614401195404,1.0,,,
vit_tiny_patch16_224,random,1,random_0+random_2+random_3,3,ties,0.906,0.9626243788330003,0.09841460982958476,0.4235768715540568,0.2944207182426766,2.586200555165609,3.0,0.8739587345726147,0.730614401195404,0.5,0.2,,
vit_tiny_patch16_224,random,1,random_0+random_2+random_3,3,ties,0.9161666666666667,0.9734368299574312,0.09841460982958476,0.4235768715540568,0.2944207182426766,2.586200555165609,3.0,0.8739587345726147,0.730614401195404,1.0,0.2,,
vit_tiny_patch16_224,random,1,random_0+random_2+random_3,3,dare,0.8448333333333333,0.8974857492466679,0.09841460982958476,0.4235768715540568,0.2944207182426766,2.586200555165609,3.0,0.8739587345726147,0.730614401195404,1.0,0.2,0.9,0
vit_tiny_patch16_224,random,1,random_0+random_2+random_3,3,dare,0.8445,0.8971608656790941,0.09841460982958476,0.4235768715540568,0.2944207182426766,2.586200555165609,3.0,0.8739587345726147,0.730614401195404,1.0,0.2,0.9,1
vit_tiny_patch16_224,random,1,random_0+random_2+random_3,3,dare,0.835,0.8871022203323266,0.09841460982958476,0.4235768715540568,0.2944207182426766,2.586200555165609,3.0,0.8739587345726147,0.730614401195404,1.0,0.2,0.9,2
vit_tiny_patch16_224,random,1,random_0+random_2+random_4,3,averaging,0.9169999999999999,0.971748413930841,0.10165276378393173,0.4211347500483195,0.2976813431193291,2.559571107228597,3.0,0.8867133607901229,0.7310074565969537,,,,
vit_tiny_patch16_224,random,1,random_0+random_2+random_4,3,task_arithmetic,0.8903333333333333,0.9434911318016105,0.10165276378393173,0.4211347500483195,0.2976813431193291,2.559571107228597,3.0,0.8867133607901229,0.7310074565969537,0.1,,,
vit_tiny_patch16_224,random,1,random_0+random_2+random_4,3,task_arithmetic,0.908,0.9622188613512539,0.10165276378393173,0.4211347500483195,0.2976813431193291,2.559571107228597,3.0,0.8867133607901229,0.7310074565969537,0.2,,,
vit_tiny_patch16_224,random,1,random_0+random_2+random_4,3,task_arithmetic,0.9178333333333333,0.9726333382184572,0.10165276378393173,0.4211347500483195,0.2976813431193291,2.559571107228597,3.0,0.8867133607901229,0.7310074565969537,0.3,,,
vit_tiny_patch16_224,random,1,random_0+random_2+random_4,3,task_arithmetic,0.9129999999999999,0.9675127506344614,0.10165276378393173,0.4211347500483195,0.2976813431193291,2.559571107228597,3.0,0.8867133607901229,0.7310074565969537,0.5,,,
vit_tiny_patch16_224,random,1,random_0+random_2+random_4,3,task_arithmetic,0.8346666666666667,0.8844564467498017,0.10165276378393173,0.4211347500483195,0.2976813431193291,2.559571107228597,3.0,0.8867133607901229,0.7310074565969537,1.0,,,
vit_tiny_patch16_224,random,1,random_0+random_2+random_4,3,ties,0.9125,0.9669797183241059,0.10165276378393173,0.4211347500483195,0.2976813431193291,2.559571107228597,3.0,0.8867133607901229,0.7310074565969537,0.5,0.2,,
vit_tiny_patch16_224,random,1,random_0+random_2+random_4,3,ties,0.9175,0.9722933923136804,0.10165276378393173,0.4211347500483195,0.2976813431193291,2.559571107228597,3.0,0.8867133607901229,0.7310074565969537,1.0,0.2,,
vit_tiny_patch16_224,random,1,random_0+random_2+random_4,3,dare,0.8346666666666667,0.884471476004396,0.10165276378393173,0.4211347500483195,0.2976813431193291,2.559571107228597,3.0,0.8867133607901229,0.7310074565969537,1.0,0.2,0.9,0
vit_tiny_patch16_224,random,1,random_0+random_2+random_4,3,dare,0.8428333333333334,0.8931293463951936,0.10165276378393173,0.4211347500483195,0.2976813431193291,2.559571107228597,3.0,0.8867133607901229,0.7310074565969537,1.0,0.2,0.9,1
vit_tiny_patch16_224,random,1,random_0+random_2+random_4,3,dare,0.8418333333333333,0.8920794397590361,0.10165276378393173,0.4211347500483195,0.2976813431193291,2.559571107228597,3.0,0.8867133607901229,0.7310074565969537,1.0,0.2,0.9,2
vit_tiny_patch16_224,random,1,random_0+random_3+random_4,3,averaging,0.9085000000000001,0.9651079511718516,0.10230617473522823,0.42064884305000305,0.2980599028367222,2.5770486990610757,3.0,0.881046418130643,0.7327682501006035,,,,
vit_tiny_patch16_224,random,1,random_0+random_3+random_4,3,task_arithmetic,0.88,0.9348050364252183,0.10230617473522823,0.42064884305000305,0.2980599028367222,2.5770486990610757,3.0,0.881046418130643,0.7327682501006035,0.1,,,
vit_tiny_patch16_224,random,1,random_0+random_3+random_4,3,task_arithmetic,0.9023333333333333,0.9585444055804958,0.10230617473522823,0.42064884305000305,0.2980599028367222,2.5770486990610757,3.0,0.881046418130643,0.7327682501006035,0.2,,,
vit_tiny_patch16_224,random,1,random_0+random_3+random_4,3,task_arithmetic,0.9088333333333334,0.9654701799127192,0.10230617473522823,0.42064884305000305,0.2980599028367222,2.5770486990610757,3.0,0.881046418130643,0.7327682501006035,0.3,,,
vit_tiny_patch16_224,random,1,random_0+random_3+random_4,3,task_arithmetic,0.8995000000000001,0.9555671832587963,0.10230617473522823,0.42064884305000305,0.2980599028367222,2.5770486990610757,3.0,0.881046418130643,0.7327682501006035,0.5,,,
vit_tiny_patch16_224,random,1,random_0+random_3+random_4,3,task_arithmetic,0.8086666666666668,0.8589900226849422,0.10230617473522823,0.42064884305000305,0.2980599028367222,2.5770486990610757,3.0,0.881046418130643,0.7327682501006035,1.0,,,
vit_tiny_patch16_224,random,1,random_0+random_3+random_4,3,ties,0.9055,0.9619223927464057,0.10230617473522823,0.42064884305000305,0.2980599028367222,2.5770486990610757,3.0,0.881046418130643,0.7327682501006035,0.5,0.2,,
vit_tiny_patch16_224,random,1,random_0+random_3+random_4,3,ties,0.9098333333333333,0.966565510103513,0.10230617473522823,0.42064884305000305,0.2980599028367222,2.5770486990610757,3.0,0.881046418130643,0.7327682501006035,1.0,0.2,,
vit_tiny_patch16_224,random,1,random_0+random_3+random_4,3,dare,0.8068333333333334,0.8570258735050696,0.10230617473522823,0.42064884305000305,0.2980599028367222,2.5770486990610757,3.0,0.881046418130643,0.7327682501006035,1.0,0.2,0.9,0
vit_tiny_patch16_224,random,1,random_0+random_3+random_4,3,dare,0.809,0.8593305839814555,0.10230617473522823,0.42064884305000305,0.2980599028367222,2.5770486990610757,3.0,0.881046418130643,0.7327682501006035,1.0,0.2,0.9,1
vit_tiny_patch16_224,random,1,random_0+random_3+random_4,3,dare,0.8033333333333333,0.8533495912810545,0.10230617473522823,0.42064884305000305,0.2980599028367222,2.5770486990610757,3.0,0.881046418130643,0.7327682501006035,1.0,0.2,0.9,2
vit_tiny_patch16_224,random,1,random_1+random_2+random_3,3,averaging,0.9103333333333333,0.9781604905974913,0.09622567395369212,0.42519797881444293,0.29697410746091507,2.601700941721598,3.0,0.8653070663886586,0.7260529203422825,,,,
vit_tiny_patch16_224,random,1,random_1+random_2+random_3,3,task_arithmetic,0.8795000000000001,0.9449818526547281,0.09622567395369212,0.42519797881444293,0.29697410746091507,2.601700941721598,3.0,0.8653070663886586,0.7260529203422825,0.1,,,
vit_tiny_patch16_224,random,1,random_1+random_2+random_3,3,task_arithmetic,0.8988333333333333,0.9657857392704382,0.09622567395369212,0.42519797881444293,0.29697410746091507,2.601700941721598,3.0,0.8653070663886586,0.7260529203422825,0.2,,,
vit_tiny_patch16_224,random,1,random_1+random_2+random_3,3,task_arithmetic,0.9095,0.9772643093632292,0.09622567395369212,0.42519797881444293,0.29697410746091507,2.601700941721598,3.0,0.8653070663886586,0.7260529203422825,0.3,,,
vit_tiny_patch16_224,random,1,random_1+random_2+random_3,3,task_arithmetic,0.9045,0.9718561005513178,0.09622567395369212,0.42519797881444293,0.29697410746091507,2.601700941721598,3.0,0.8653070663886586,0.7260529203422825,0.5,,,
vit_tiny_patch16_224,random,1,random_1+random_2+random_3,3,task_arithmetic,0.8119999999999999,0.872077810828994,0.09622567395369212,0.42519797881444293,0.29697410746091507,2.601700941721598,3.0,0.8653070663886586,0.7260529203422825,1.0,,,
vit_tiny_patch16_224,random,1,random_1+random_2+random_3,3,ties,0.9031666666666668,0.9704338376197684,0.09622567395369212,0.42519797881444293,0.29697410746091507,2.601700941721598,3.0,0.8653070663886586,0.7260529203422825,0.5,0.2,,
vit_tiny_patch16_224,random,1,random_1+random_2+random_3,3,ties,0.91,0.9777771376878622,0.09622567395369212,0.42519797881444293,0.29697410746091507,2.601700941721598,3.0,0.8653070663886586,0.7260529203422825,1.0,0.2,,
vit_tiny_patch16_224,random,1,random_1+random_2+random_3,3,dare,0.8143333333333334,0.8746494374468261,0.09622567395369212,0.42519797881444293,0.29697410746091507,2.601700941721598,3.0,0.8653070663886586,0.7260529203422825,1.0,0.2,0.9,0
vit_tiny_patch16_224,random,1,random_1+random_2+random_3,3,dare,0.8145000000000001,0.8748246568395989,0.09622567395369212,0.42519797881444293,0.29697410746091507,2.601700941721598,3.0,0.8653070663886586,0.7260529203422825,1.0,0.2,0.9,1
vit_tiny_patch16_224,random,1,random_1+random_2+random_3,3,dare,0.8143333333333334,0.8746131316554532,0.09622567395369212,0.42519797881444293,0.29697410746091507,2.601700941721598,3.0,0.8653070663886586,0.7260529203422825,1.0,0.2,0.9,2
vit_tiny_patch16_224,random,1,random_1+random_2+random_4,3,averaging,0.9131666666666667,0.9785563071082879,0.10117853929599126,0.4214242100715637,0.3057694856340853,2.5750714937845864,3.0,0.8813936872533846,0.7264459757438324,,,,
vit_tiny_patch16_224,random,1,random_1+random_2+random_4,3,task_arithmetic,0.8811666666666667,0.9442686409239293,0.10117853929599126,0.4214242100715637,0.3057694856340853,2.5750714937845864,3.0,0.8813936872533846,0.7264459757438324,0.1,,,
vit_tiny_patch16_224,random,1,random_1+random_2+random_4,3,task_arithmetic,0.9035000000000001,0.9682019889947996,0.10117853929599126,0.4214242100715637,0.3057694856340853,2.5750714937845864,3.0,0.8813936872533846,0.7264459757438324,0.2,,,
vit_tiny_patch16_224,random,1,random_1+random_2+random_4,3,task_arithmetic,0.9118333333333334,0.9771399391317867,0.10117853929599126,0.4214242100715637,0.3057694856340853,2.5750714937845864,3.0,0.8813936872533846,0.7264459757438324,0.3,,,
vit_tiny_patch16_224,random,1,random_1+random_2+random_4,3,task_arithmetic,0.9063333333333333,0.9711794867190696,0.10117853929599126,0.4214242100715637,0.3057694856340853,2.5750714937845864,3.0,0.8813936872533846,0.7264459757438324,0.5,,,
vit_tiny_patch16_224,random,1,random_1+random_2+random_4,3,task_arithmetic,0.807,0.86429246318616,0.10117853929599126,0.4214242100715637,0.3057694856340853,2.5750714937845864,3.0,0.8813936872533846,0.7264459757438324,1.0,,,
vit_tiny_patch16_224,random,1,random_1+random_2+random_4,3,ties,0.9091666666666667,0.9742881906847787,0.10117853929599126,0.4214242100715637,0.3057694856340853,2.5750714937845864,3.0,0.8813936872533846,0.7264459757438324,0.5,0.2,,
vit_tiny_patch16_224,random,1,random_1+random_2+random_4,3,ties,0.9153333333333333,0.9808815295963643,0.10117853929599126,0.4214242100715637,0.3057694856340853,2.5750714937845864,3.0,0.8813936872533846,0.7264459757438324,1.0,0.2,,
vit_tiny_patch16_224,random,1,random_1+random_2+random_4,3,dare,0.8128333333333333,0.870575264216979,0.10117853929599126,0.4214242100715637,0.3057694856340853,2.5750714937845864,3.0,0.8813936872533846,0.7264459757438324,1.0,0.2,0.9,0
vit_tiny_patch16_224,random,1,random_1+random_2+random_4,3,dare,0.8206666666666665,0.8790374912954779,0.10117853929599126,0.4214242100715637,0.3057694856340853,2.5750714937845864,3.0,0.8813936872533846,0.7264459757438324,1.0,0.2,0.9,1
vit_tiny_patch16_224,random,1,random_1+random_2+random_4,3,dare,0.815,0.8728859216368542,0.10117853929599126,0.4214242100715637,0.3057694856340853,2.5750714937845864,3.0,0.8813936872533846,0.7264459757438324,1.0,0.2,0.9,2
vit_tiny_patch16_224,random,1,random_1+random_3+random_4,3,averaging,0.9025,0.9695602952760577,0.09707840035359065,0.42456600069999695,0.2971545079393791,2.5925490856170654,3.0,0.8670278628109317,0.7282067692474823,,,,
vit_tiny_patch16_224,random,1,random_1+random_3+random_4,3,task_arithmetic,0.8715,0.9362683300280908,0.09707840035359065,0.42456600069999695,0.2971545079393791,2.5925490856170654,3.0,0.8670278628109317,0.7282067692474823,0.1,,,
vit_tiny_patch16_224,random,1,random_1+random_3+random_4,3,task_arithmetic,0.8931666666666667,0.9595334475655991,0.09707840035359065,0.42456600069999695,0.2971545079393791,2.5925490856170654,3.0,0.8670278628109317,0.7282067692474823,0.2,,,
vit_tiny_patch16_224,random,1,random_1+random_3+random_4,3,task_arithmetic,0.9031666666666666,0.9702731148117723,0.09707840035359065,0.42456600069999695,0.2971545079393791,2.5925490856170654,3.0,0.8670278628109317,0.7282067692474823,0.3,,,
vit_tiny_patch16_224,random,1,random_1+random_3+random_4,3,task_arithmetic,0.8971666666666667,0.96378630367535,0.09707840035359065,0.42456600069999695,0.2971545079393791,2.5925490856170654,3.0,0.8670278628109317,0.7282067692474823,0.5,,,
vit_tiny_patch16_224,random,1,random_1+random_3+random_4,3,task_arithmetic,0.7945000000000001,0.8533433822390456,0.09707840035359065,0.42456600069999695,0.2971545079393791,2.5925490856170654,3.0,0.8670278628109317,0.7282067692474823,1.0,,,
vit_tiny_patch16_224,random,1,random_1+random_3+random_4,3,ties,0.8978333333333334,0.9645539658332692,0.09707840035359065,0.42456600069999695,0.2971545079393791,2.5925490856170654,3.0,0.8670278628109317,0.7282067692474823,0.5,0.2,,
vit_tiny_patch16_224,random,1,random_1+random_3+random_4,3,ties,0.906,0.9732934037491421,0.09707840035359065,0.42456600069999695,0.2971545079393791,2.5925490856170654,3.0,0.8670278628109317,0.7282067692474823,1.0,0.2,,
vit_tiny_patch16_224,random,1,random_1+random_3+random_4,3,dare,0.7975,0.856509912140603,0.09707840035359065,0.42456600069999695,0.2971545079393791,2.5925490856170654,3.0,0.8670278628109317,0.7282067692474823,1.0,0.2,0.9,0
vit_tiny_patch16_224,random,1,random_1+random_3+random_4,3,dare,0.7971666666666666,0.8562821451140876,0.09707840035359065,0.42456600069999695,0.2971545079393791,2.5925490856170654,3.0,0.8670278628109317,0.7282067692474823,1.0,0.2,0.9,1
vit_tiny_patch16_224,random,1,random_1+random_3+random_4,3,dare,0.7781666666666668,0.8356338161095828,0.09707840035359065,0.42456600069999695,0.2971545079393791,2.5925490856170654,3.0,0.8670278628109317,0.7282067692474823,1.0,0.2,0.9,2
vit_tiny_patch16_224,random,1,random_2+random_3+random_4,3,averaging,0.9148333333333333,0.9744172442451785,0.10043880343437195,0.4220461348692576,0.30114910018451596,2.579843203226725,3.0,0.8769326047999918,0.7306814145492416,,,,
vit_tiny_patch16_224,random,1,random_2+random_3+random_4,3,task_arithmetic,0.8851666666666667,0.9428108012212549,0.10043880343437195,0.4220461348692576,0.30114910018451596,2.579843203226725,3.0,0.8769326047999918,0.7306814145492416,0.1,,,
vit_tiny_patch16_224,random,1,random_2+random_3+random_4,3,task_arithmetic,0.9048333333333334,0.9637551530968852,0.10043880343437195,0.4220461348692576,0.30114910018451596,2.579843203226725,3.0,0.8769326047999918,0.7306814145492416,0.2,,,
vit_tiny_patch16_224,random,1,random_2+random_3+random_4,3,task_arithmetic,0.9148333333333333,0.9744115582982239,0.10043880343437195,0.4220461348692576,0.30114910018451596,2.579843203226725,3.0,0.8769326047999918,0.7306814145492416,0.3,,,
vit_tiny_patch16_224,random,1,random_2+random_3+random_4,3,task_arithmetic,0.9089999999999999,0.9681999469575069,0.10043880343437195,0.4220461348692576,0.30114910018451596,2.579843203226725,3.0,0.8769326047999918,0.7306814145492416,0.5,,,
vit_tiny_patch16_224,random,1,random_2+random_3+random_4,3,task_arithmetic,0.8128333333333333,0.8658167206811687,0.10043880343437195,0.4220461348692576,0.30114910018451596,2.579843203226725,3.0,0.8769326047999918,0.7306814145492416,1.0,,,
vit_tiny_patch16_224,random,1,random_2+random_3+random_4,3,ties,0.91,0.9692708929515597,0.10043880343437195,0.4220461348692576,0.30114910018451596,2.579843203226725,3.0,0.8769326047999918,0.7306814145492416,0.5,0.2,,
vit_tiny_patch16_224,random,1,random_2+random_3+random_4,3,ties,0.9195000000000001,0.9794113967573086,0.10043880343437195,0.4220461348692576,0.30114910018451596,2.579843203226725,3.0,0.8769326047999918,0.7306814145492416,1.0,0.2,,
vit_tiny_patch16_224,random,1,random_2+random_3+random_4,3,dare,0.8109999999999999,0.8638441793762456,0.10043880343437195,0.4220461348692576,0.30114910018451596,2.579843203226725,3.0,0.8769326047999918,0.7306814145492416,1.0,0.2,0.9,0
vit_tiny_patch16_224,random,1,random_2+random_3+random_4,3,dare,0.8238333333333333,0.877500277395861,0.10043880343437195,0.4220461348692576,0.30114910018451596,2.579843203226725,3.0,0.8769326047999918,0.7306814145492416,1.0,0.2,0.9,1
vit_tiny_patch16_224,random,1,random_2+random_3+random_4,3,dare,0.8125,0.8654713927595501,0.10043880343437195,0.4220461348692576,0.30114910018451596,2.579843203226725,3.0,0.8769326047999918,0.7306814145492416,1.0,0.2,0.9,2
vit_tiny_patch16_224,random,1,random_0+random_1+random_2+random_3+random_4,5,averaging,0.9019999999999999,0.9632878978420096,0.09937386140227318,0.4228224724531174,0.2981683748155638,2.582459735870361,5.0,0.8760148472659086,0.7288828717354634,,,,
vit_tiny_patch16_224,random,1,random_0+random_1+random_2+random_3+random_4,5,task_arithmetic,0.8915,0.9520529128010013,0.09937386140227318,0.4228224724531174,0.2981683748155638,2.582459735870361,5.0,0.8760148472659086,0.7288828717354634,0.1,,,
vit_tiny_patch16_224,random,1,random_0+random_1+random_2+random_3+random_4,5,task_arithmetic,0.9019999999999999,0.9632878978420096,0.09937386140227318,0.4228224724531174,0.2981683748155638,2.582459735870361,5.0,0.8760148472659086,0.7288828717354634,0.2,,,
vit_tiny_patch16_224,random,1,random_0+random_1+random_2+random_3+random_4,5,task_arithmetic,0.8934000000000001,0.9540581195158365,0.09937386140227318,0.4228224724531174,0.2981683748155638,2.582459735870361,5.0,0.8760148472659086,0.7288828717354634,0.3,,,
vit_tiny_patch16_224,random,1,random_0+random_1+random_2+random_3+random_4,5,task_arithmetic,0.8499000000000001,0.9074054001621799,0.09937386140227318,0.4228224724531174,0.2981683748155638,2.582459735870361,5.0,0.8760148472659086,0.7288828717354634,0.5,,,
vit_tiny_patch16_224,random,1,random_0+random_1+random_2+random_3+random_4,5,task_arithmetic,0.5464,0.5827269547503977,0.09937386140227318,0.4228224724531174,0.2981683748155638,2.582459735870361,5.0,0.8760148472659086,0.7288828717354634,1.0,,,
vit_tiny_patch16_224,random,1,random_0+random_1+random_2+random_3+random_4,5,ties,0.9036,0.9649976486531768,0.09937386140227318,0.4228224724531174,0.2981683748155638,2.582459735870361,5.0,0.8760148472659086,0.7288828717354634,0.5,0.2,,
vit_tiny_patch16_224,random,1,random_0+random_1+random_2+random_3+random_4,5,ties,0.8969999999999999,0.9579205082002182,0.09937386140227318,0.4228224724531174,0.2981683748155638,2.582459735870361,5.0,0.8760148472659086,0.7288828717354634,1.0,0.2,,
vit_tiny_patch16_224,random,1,random_0+random_1+random_2+random_3+random_4,5,dare,0.6129,0.6538690185802674,0.09937386140227318,0.4228224724531174,0.2981683748155638,2.582459735870361,5.0,0.8760148472659086,0.7288828717354634,1.0,0.2,0.9,0
vit_tiny_patch16_224,random,1,random_0+random_1+random_2+random_3+random_4,5,dare,0.6165,0.6577118047326656,0.09937386140227318,0.4228224724531174,0.2981683748155638,2.582459735870361,5.0,0.8760148472659086,0.7288828717354634,1.0,0.2,0.9,1
vit_tiny_patch16_224,random,1,random_0+random_1+random_2+random_3+random_4,5,dare,0.627,0.6688895565870656,0.09937386140227318,0.4228224724531174,0.2981683748155638,2.582459735870361,5.0,0.8760148472659086,0.7288828717354634,1.0,0.2,0.9,2
