backbone,regime,seed,subset,n_tasks,method,param_drop_rate,param_density,param_scaling,param_seed,absolute_acc,normalized_acc,cosine,sign_conflict,subspace_overlap,mean_tau_norm,num_tasks,cka,drift
vit_tiny_patch16_224,semantic,0,aquatic_life+flora_and_insects,2,dare,0.9,0.2,0.2,0,0.806,0.9350318780150784,0.07334234565496445,0.44245412945747375,0.2675484717959526,2.628124952316284,2.0,0.8312760117684689,0.72777254679083
vit_tiny_patch16_224,semantic,0,aquatic_life+flora_and_insects,2,dare,0.9,0.2,0.3,0,0.83025,0.9632251339361471,0.07334234565496445,0.44245412945747375,0.2675484717959526,2.628124952316284,2.0,0.8312760117684689,0.72777254679083
vit_tiny_patch16_224,semantic,0,aquatic_life+flora_and_insects,2,dare,0.9,0.2,0.5,0,0.8342499999999999,0.967992190088321,0.07334234565496445,0.44245412945747375,0.2675484717959526,2.628124952316284,2.0,0.8312760117684689,0.72777254679083
vit_tiny_patch16_224,semantic,0,aquatic_life+household_and_people,2,dare,0.9,0.2,0.2,0,0.77325,0.9078390385373505,0.06370913237333298,0.44997671246528625,0.25536777437273167,2.681105852127075,2.0,0.8135311375864404,0.7300080948104093
vit_tiny_patch16_224,semantic,0,aquatic_life+household_and_people,2,dare,0.9,0.2,0.3,0,0.791,0.928676679375529,0.06370913237333298,0.44997671246528625,0.25536777437273167,2.681105852127075,2.0,0.8135311375864404,0.7300080948104093
vit_tiny_patch16_224,semantic,0,aquatic_life+household_and_people,2,dare,0.9,0.2,0.5,0,0.8182499999999999,0.9606686901601427,0.06370913237333298,0.44997671246528625,0.25536777437273167,2.681105852127075,2.0,0.8135311375864404,0.7300080948104093
vit_tiny_patch16_224,semantic,0,aquatic_life+mammals,2,dare,0.9,0.2,0.2,0,0.78225,0.9133183245816362,0.08072910457849503,0.436766117811203,0.2886546093563243,2.6946656703948975,2.0,0.849565217106944,0.7198636875118782
vit_tiny_patch16_224,semantic,0,aquatic_life+mammals,2,dare,0.9,0.2,0.3,0,0.80225,0.9366912859269438,0.08072910457849503,0.436766117811203,0.2886546093563243,2.6946656703948975,2.0,0.849565217106944,0.7198636875118782
vit_tiny_patch16_224,semantic,0,aquatic_life+mammals,2,dare,0.9,0.2,0.5,0,0.819,0.9562772979339451,0.08072910457849503,0.436766117811203,0.2886546093563243,2.6946656703948975,2.0,0.849565217106944,0.7198636875118782
vit_tiny_patch16_224,semantic,0,aquatic_life+outdoor_and_vehicles,2,dare,0.9,0.2,0.2,0,0.813,0.9204279286220606,0.06645568460226059,0.44778919219970703,0.2590909060463545,2.638472557067871,2.0,0.7886978661948937,0.7201772319569175
vit_tiny_patch16_224,semantic,0,aquatic_life+outdoor_and_vehicles,2,dare,0.9,0.2,0.3,0,0.8245,0.9335274961218808,0.06645568460226059,0.44778919219970703,0.2590909060463545,2.638472557067871,2.0,0.7886978661948937,0.7201772319569175
vit_tiny_patch16_224,semantic,0,aquatic_life+outdoor_and_vehicles,2,dare,0.9,0.2,0.5,0,0.8434999999999999,0.9551313167113549,0.06645568460226059,0.44778919219970703,0.2590909060463545,2.638472557067871,2.0,0.7886978661948937,0.7201772319569175
vit_tiny_patch16_224,semantic,0,flora_and_insects+household_and_people,2,dare,0.9,0.2,0.2,0,0.8089999999999999,0.9387618421003872,0.07001686096191406,0.44523584842681885,0.26692452570350894,2.5851352214813232,2.0,0.8254206922256437,0.7444405446142306
vit_tiny_patch16_224,semantic,0,flora_and_insects+household_and_people,2,dare,0.9,0.2,0.3,0,0.82625,0.9588315513543142,0.07001686096191406,0.44523584842681885,0.26692452570350894,2.5851352214813232,2.0,0.8254206922256437,0.7444405446142306
vit_tiny_patch16_224,semantic,0,flora_and_insects+household_and_people,2,dare,0.9,0.2,0.5,0,0.8405,0.9754252308285233,0.07001686096191406,0.44523584842681885,0.26692452570350894,2.5851352214813232,2.0,0.8254206922256437,0.7444405446142306
vit_tiny_patch16_224,semantic,0,flora_and_insects+mammals,2,dare,0.9,0.2,0.2,0,0.80675,0.9311077060856666,0.06543835997581482,0.44850361347198486,0.25726088750279524,2.5986950397491455,2.0,0.8236556964546702,0.7342961373156995
vit_tiny_patch16_224,semantic,0,flora_and_insects+mammals,2,dare,0.9,0.2,0.3,0,0.8225,0.9493164294809902,0.06543835997581482,0.44850361347198486,0.25726088750279524,2.5986950397491455,2.0,0.8236556964546702,0.7342961373156995
vit_tiny_patch16_224,semantic,0,flora_and_insects+mammals,2,dare,0.9,0.2,0.5,0,0.82575,0.9530911100849391,0.06543835997581482,0.44850361347198486,0.25726088750279524,2.5986950397491455,2.0,0.8236556964546702,0.7342961373156995
vit_tiny_patch16_224,semantic,0,flora_and_insects+outdoor_and_vehicles,2,dare,0.9,0.2,0.2,0,0.84375,0.9455624938014012,0.07053469121456146,0.44480302929878235,0.26133084020942093,2.542501926422119,2.0,0.8040270874963898,0.7346096817607388
vit_tiny_patch16_224,semantic,0,flora_and_insects+outdoor_and_vehicles,2,dare,0.9,0.2,0.3,0,0.857,0.9604193579569921,0.07053469121456146,0.44480302929878235,0.26133084020942093,2.542501926422119,2.0,0.8040270874963898,0.7346096817607388
vit_tiny_patch16_224,semantic,0,flora_and_insects+outdoor_and_vehicles,2,dare,0.9,0.2,0.5,0,0.86775,0.9722875559757002,0.07053469121456146,0.44480302929878235,0.26133084020942093,2.542501926422119,2.0,0.8040270874963898,0.7346096817607388
vit_tiny_patch16_224,semantic,0,household_and_people+mammals,2,dare,0.9,0.2,0.2,0,0.77875,0.9095380973522846,0.0638081505894661,0.4497857689857483,0.2547972038064928,2.6516759395599365,2.0,0.8183070445028469,0.7365316853352789
vit_tiny_patch16_224,semantic,0,household_and_people+mammals,2,dare,0.9,0.2,0.3,0,0.7987500000000001,0.9328770435175202,0.0638081505894661,0.4497857689857483,0.2547972038064928,2.6516759395599365,2.0,0.8183070445028469,0.7365316853352789
vit_tiny_patch16_224,semantic,0,household_and_people+mammals,2,dare,0.9,0.2,0.5,0,0.8135,0.9501313866422785,0.0638081505894661,0.4497857689857483,0.2547972038064928,2.6516759395599365,2.0,0.8183070445028469,0.7365316853352789
vit_tiny_patch16_224,semantic,0,household_and_people+outdoor_and_vehicles,2,dare,0.9,0.2,0.2,0,0.8175,0.926020627776186,0.07670839130878448,0.4400654435157776,0.27907524064688627,2.59548282623291,2.0,0.8247179236415824,0.7368452297803182
vit_tiny_patch16_224,semantic,0,household_and_people+outdoor_and_vehicles,2,dare,0.9,0.2,0.3,0,0.8367500000000001,0.9478448059866036,0.07670839130878448,0.4400654435157776,0.27907524064688627,2.59548282623291,2.0,0.8247179236415824,0.7368452297803182
vit_tiny_patch16_224,semantic,0,household_and_people+outdoor_and_vehicles,2,dare,0.9,0.2,0.5,0,0.84925,0.9618823327606965,0.07670839130878448,0.4400654435157776,0.27907524064688627,2.59548282623291,2.0,0.8247179236415824,0.7368452297803182
vit_tiny_patch16_224,semantic,0,mammals+outdoor_and_vehicles,2,dare,0.9,0.2,0.2,0,0.8142499999999999,0.9170459772744023,0.06596249341964722,0.4480605721473694,0.2559749078117774,2.6090426445007324,2.0,0.8019849892286448,0.7267008224817871
vit_tiny_patch16_224,semantic,0,mammals+outdoor_and_vehicles,2,dare,0.9,0.2,0.3,0,0.831,0.9359444770596502,0.06596249341964722,0.4480605721473694,0.2559749078117774,2.6090426445007324,2.0,0.8019849892286448,0.7267008224817871
vit_tiny_patch16_224,semantic,0,mammals+outdoor_and_vehicles,2,dare,0.9,0.2,0.5,0,0.8454999999999999,0.952347595920473,0.06596249341964722,0.4480605721473694,0.2559749078117774,2.6090426445007324,2.0,0.8019849892286448,0.7267008224817871
vit_tiny_patch16_224,semantic,0,aquatic_life+flora_and_insects+household_and_people,3,dare,0.9,0.2,0.2,0,0.8019999999999999,0.9341243743771065,0.06902277966340382,0.44588889678319293,0.26328025729073107,2.631455341974894,3.0,0.823409280526851,0.73407372873849
vit_tiny_patch16_224,semantic,0,aquatic_life+flora_and_insects+household_and_people,3,dare,0.9,0.2,0.3,0,0.8146666666666667,0.9489503408532389,0.06902277966340382,0.44588889678319293,0.26328025729073107,2.631455341974894,3.0,0.823409280526851,0.73407372873849
vit_tiny_patch16_224,semantic,0,aquatic_life+flora_and_insects+household_and_people,3,dare,0.9,0.2,0.5,0,0.8153333333333334,0.9497894847105904,0.06902277966340382,0.44588889678319293,0.26328025729073107,2.631455341974894,3.0,0.823409280526851,0.73407372873849
vit_tiny_patch16_224,semantic,0,aquatic_life+flora_and_insects+mammals,3,dare,0.9,0.2,0.2,0,0.8028333333333334,0.931734240950322,0.07316993673642476,0.4425746202468872,0.2711546562183574,2.640495220820109,3.0,0.8348323084433611,0.7273107905394692
vit_tiny_patch16_224,semantic,0,aquatic_life+flora_and_insects+mammals,3,dare,0.9,0.2,0.3,0,0.8135,0.9441816931562931,0.07316993673642476,0.4425746202468872,0.2711546562183574,2.640495220820109,3.0,0.8348323084433611,0.7273107905394692
vit_tiny_patch16_224,semantic,0,aquatic_life+flora_and_insects+mammals,3,dare,0.9,0.2,0.5,0,0.8085,0.9384281658869532,0.07316993673642476,0.4425746202468872,0.2711546562183574,2.640495220820109,3.0,0.8348323084433611,0.7273107905394692
vit_tiny_patch16_224,semantic,0,aquatic_life+flora_and_insects+outdoor_and_vehicles,3,dare,0.9,0.2,0.2,0,0.8243333333333333,0.9376736068103658,0.07011090715726216,0.44501545031865436,0.26265673935057604,2.6030331452687583,3.0,0.8080003218199175,0.7275198201694955
vit_tiny_patch16_224,semantic,0,aquatic_life+flora_and_insects+outdoor_and_vehicles,3,dare,0.9,0.2,0.3,0,0.8328333333333333,0.9474474056322268,0.07011090715726216,0.44501545031865436,0.26265673935057604,2.6030331452687583,3.0,0.8080003218199175,0.7275198201694955
vit_tiny_patch16_224,semantic,0,aquatic_life+flora_and_insects+outdoor_and_vehicles,3,dare,0.9,0.2,0.5,0,0.8321666666666667,0.9467664350265764,0.07011090715726216,0.44501545031865436,0.26265673935057604,2.6030331452687583,3.0,0.8080003218199175,0.7275198201694955
vit_tiny_patch16_224,semantic,0,aquatic_life+household_and_people+mammals,3,dare,0.9,0.2,0.2,0,0.7823333333333333,0.9152035638618513,0.0694154625137647,0.44550953308741253,0.26627319584518294,2.6758158206939697,3.0,0.8271344663987437,0.7288011558858555
vit_tiny_patch16_224,semantic,0,aquatic_life+household_and_people+mammals,3,dare,0.9,0.2,0.3,0,0.7996666666666666,0.9354689319192874,0.0694154625137647,0.44550953308741253,0.26627319584518294,2.6758158206939697,3.0,0.8271344663987437,0.7288011558858555
vit_tiny_patch16_224,semantic,0,aquatic_life+household_and_people+mammals,3,dare,0.9,0.2,0.5,0,0.8016666666666667,0.9378730523326174,0.0694154625137647,0.44550953308741253,0.26627319584518294,2.6758158206939697,3.0,0.8271344663987437,0.7288011558858555
vit_tiny_patch16_224,semantic,0,aquatic_life+household_and_people+outdoor_and_vehicles,3,dare,0.9,0.2,0.2,0,0.8045,0.9218722760294488,0.06895773609479268,0.44594378272692364,0.2645113070219908,2.6383537451426187,3.0,0.8089823091409721,0.7290101855158816
vit_tiny_patch16_224,semantic,0,aquatic_life+household_and_people+outdoor_and_vehicles,3,dare,0.9,0.2,0.3,0,0.816,0.9351994926782536,0.06895773609479268,0.44594378272692364,0.2645113070219908,2.6383537451426187,3.0,0.8089823091409721,0.7290101855158816
vit_tiny_patch16_224,semantic,0,aquatic_life+household_and_people+outdoor_and_vehicles,3,dare,0.9,0.2,0.5,0,0.8191666666666667,0.9388782669526816,0.06895773609479268,0.44594378272692364,0.2645113070219908,2.6383537451426187,3.0,0.8089823091409721,0.7290101855158816
vit_tiny_patch16_224,semantic,0,aquatic_life+mammals+outdoor_and_vehicles,3,dare,0.9,0.2,0.2,0,0.8048333333333334,0.9190032833674585,0.07104909420013428,0.4442052940527598,0.26790680773815206,2.6473936239878335,3.0,0.8134160241768275,0.722247247316861
vit_tiny_patch16_224,semantic,0,aquatic_life+mammals+outdoor_and_vehicles,3,dare,0.9,0.2,0.3,0,0.8166666666666668,0.9325848423995909,0.07104909420013428,0.4442052940527598,0.26790680773815206,2.6473936239878335,3.0,0.8134160241768275,0.722247247316861
vit_tiny_patch16_224,semantic,0,aquatic_life+mammals+outdoor_and_vehicles,3,dare,0.9,0.2,0.5,0,0.8210000000000001,0.9376637792515053,0.07104909420013428,0.4442052940527598,0.26790680773815206,2.6473936239878335,3.0,0.8134160241768275,0.722247247316861
vit_tiny_patch16_224,semantic,0,flora_and_insects+household_and_people+mammals,3,dare,0.9,0.2,0.2,0,0.8024999999999999,0.9315229427198436,0.06642112384239833,0.447841743628184,0.259660872337599,2.6118354002634683,3.0,0.8224611443943869,0.7384227890884031
vit_tiny_patch16_224,semantic,0,flora_and_insects+household_and_people+mammals,3,dare,0.9,0.2,0.3,0,0.8105000000000001,0.9408586091059795,0.06642112384239833,0.447841743628184,0.259660872337599,2.6118354002634683,3.0,0.8224611443943869,0.7384227890884031
vit_tiny_patch16_224,semantic,0,flora_and_insects+household_and_people+mammals,3,dare,0.9,0.2,0.5,0,0.8053333333333333,0.9349007663606592,0.06642112384239833,0.447841743628184,0.259660872337599,2.6118354002634683,3.0,0.8224611443943869,0.7384227890884031
vit_tiny_patch16_224,semantic,0,flora_and_insects+household_and_people+outdoor_and_vehicles,3,dare,0.9,0.2,0.2,0,0.8268333333333334,0.940736152129389,0.07241998116175334,0.4433681070804596,0.26911020218660536,2.5743733247121177,3.0,0.8180552344545386,0.7386318187184292
vit_tiny_patch16_224,semantic,0,flora_and_insects+household_and_people+outdoor_and_vehicles,3,dare,0.9,0.2,0.3,0,0.8343333333333334,0.9493386069514861,0.07241998116175334,0.4433681070804596,0.26911020218660536,2.5743733247121177,3.0,0.8180552344545386,0.7386318187184292
vit_tiny_patch16_224,semantic,0,flora_and_insects+household_and_people+outdoor_and_vehicles,3,dare,0.9,0.2,0.5,0,0.834,0.9488758184240499,0.07241998116175334,0.4433681070804596,0.26911020218660536,2.5743733247121177,3.0,0.8180552344545386,0.7386318187184292
vit_tiny_patch16_224,semantic,0,flora_and_insects+mammals+outdoor_and_vehicles,3,dare,0.9,0.2,0.2,0,0.8238333333333333,0.9338400116526766,0.06731184820334117,0.4471224049727122,0.2581888785079978,2.5834132035573325,3.0,0.8098892577265683,0.7318688805194086
vit_tiny_patch16_224,semantic,0,flora_and_insects+mammals+outdoor_and_vehicles,3,dare,0.9,0.2,0.3,0,0.8250000000000001,0.9350986671980633,0.06731184820334117,0.4471224049727122,0.2581888785079978,2.5834132035573325,3.0,0.8098892577265683,0.7318688805194086
vit_tiny_patch16_224,semantic,0,flora_and_insects+mammals+outdoor_and_vehicles,3,dare,0.9,0.2,0.5,0,0.8195,0.9286891694133406,0.06731184820334117,0.4471224049727122,0.2581888785079978,2.5834132035573325,3.0,0.8098892577265683,0.7318688805194086
vit_tiny_patch16_224,semantic,0,household_and_people+mammals+outdoor_and_vehicles,3,dare,0.9,0.2,0.2,0,0.8093333333333333,0.9242435006221562,0.06882634510596593,0.4459705948829651,0.26328245075505213,2.618733803431193,3.0,0.815003319124358,0.7333592458657948
vit_tiny_patch16_224,semantic,0,household_and_people+mammals+outdoor_and_vehicles,3,dare,0.9,0.2,0.3,0,0.8184999999999999,0.9347372364628704,0.06882634510596593,0.4459705948829651,0.26328245075505213,2.618733803431193,3.0,0.815003319124358,0.7333592458657948
vit_tiny_patch16_224,semantic,0,household_and_people+mammals+outdoor_and_vehicles,3,dare,0.9,0.2,0.5,0,0.8161666666666667,0.9320591502822073,0.06882634510596593,0.4459705948829651,0.26328245075505213,2.618733803431193,3.0,0.815003319124358,0.7333592458657948
vit_tiny_patch16_224,semantic,0,aquatic_life+flora_and_insects+household_and_people+mammals+outdoor_and_vehicles,5,dare,0.9,0.2,0.2,0,0.8028000000000001,0.9227043468337254,0.06967052146792412,0.44534404277801515,0.26460253672522444,2.6224902629852296,5.0,0.8181183666206525,0.7311245662358088
vit_tiny_patch16_224,semantic,0,aquatic_life+flora_and_insects+household_and_people+mammals+outdoor_and_vehicles,5,dare,0.9,0.2,0.3,0,0.8035,0.923618193856317,0.06967052146792412,0.44534404277801515,0.26460253672522444,2.6224902629852296,5.0,0.8181183666206525,0.7311245662358088
vit_tiny_patch16_224,semantic,0,aquatic_life+flora_and_insects+household_and_people+mammals+outdoor_and_vehicles,5,dare,0.9,0.2,0.5,0,0.7757,0.8915094899686512,0.06967052146792412,0.44534404277801515,0.26460253672522444,2.6224902629852296,5.0,0.8181183666206525,0.7311245662358088
vit_tiny_patch16_224,semantic,1,aquatic_life+flora_and_insects,2,dare,0.9,0.2,0.2,0,0.8089999999999999,0.9358342931376226,0.0662192851305008,0.4480041563510895,0.2685604133630065,2.639031171798706,2.0,0.8463236502715547,0.732564370460512
vit_tiny_patch16_224,semantic,1,aquatic_life+flora_and_insects,2,dare,0.9,0.2,0.3,0,0.8242499999999999,0.9535329726254889,0.0662192851305008,0.4480041563510895,0.2685604133630065,2.639031171798706,2.0,0.8463236502715547,0.732564370460512
vit_tiny_patch16_224,semantic,1,aquatic_life+flora_and_insects,2,dare,0.9,0.2,0.5,0,0.838,0.9695482000321423,0.0662192851305008,0.4480041563510895,0.2685604133630065,2.639031171798706,2.0,0.8463236502715547,0.732564370460512
vit_tiny_patch16_224,semantic,1,aquatic_life+household_and_people,2,dare,0.9,0.2,0.2,0,0.774,0.9130156418820907,0.0652848482131958,0.44872623682022095,0.25900178491027076,2.683409810066223,2.0,0.8160383644067565,0.7315683460140403
vit_tiny_patch16_224,semantic,1,aquatic_life+household_and_people,2,dare,0.9,0.2,0.3,0,0.79575,0.9386736368575979,0.0652848482131958,0.44872623682022095,0.25900178491027076,2.683409810066223,2.0,0.8160383644067565,0.7315683460140403
vit_tiny_patch16_224,semantic,1,aquatic_life+household_and_people,2,dare,0.9,0.2,0.5,0,0.81175,0.9575387916310399,0.0652848482131958,0.44872623682022095,0.25900178491027076,2.683409810066223,2.0,0.8160383644067565,0.7315683460140403
vit_tiny_patch16_224,semantic,1,aquatic_life+mammals,2,dare,0.9,0.2,0.2,0,0.78525,0.916324454716193,0.08061596751213074,0.436891108751297,0.282200906913055,2.7066235542297363,2.0,0.8373499853434341,0.7159856087098808
vit_tiny_patch16_224,semantic,1,aquatic_life+mammals,2,dare,0.9,0.2,0.3,0,0.8035,0.9376535953786662,0.08061596751213074,0.436891108751297,0.282200906913055,2.7066235542297363,2.0,0.8373499853434341,0.7159856087098808
vit_tiny_patch16_224,semantic,1,aquatic_life+mammals,2,dare,0.9,0.2,0.5,0,0.82525,0.9630208540779647,0.08061596751213074,0.436891108751297,0.282200906913055,2.7066235542297363,2.0,0.8373499853434341,0.7159856087098808
vit_tiny_patch16_224,semantic,1,aquatic_life+outdoor_and_vehicles,2,dare,0.9,0.2,0.2,0,0.8075,0.9160168414076069,0.06705056130886078,0.447339802980423,0.2649419346382072,2.653646469116211,2.0,0.7974767161295092,0.7262835998657793
vit_tiny_patch16_224,semantic,1,aquatic_life+outdoor_and_vehicles,2,dare,0.9,0.2,0.3,0,0.827,0.9381539890835804,0.06705056130886078,0.447339802980423,0.2649419346382072,2.653646469116211,2.0,0.7974767161295092,0.7262835998657793
vit_tiny_patch16_224,semantic,1,aquatic_life+outdoor_and_vehicles,2,dare,0.9,0.2,0.5,0,0.851,0.9654679257642202,0.06705056130886078,0.447339802980423,0.2649419346382072,2.653646469116211,2.0,0.7974767161295092,0.7262835998657793
vit_tiny_patch16_224,semantic,1,flora_and_insects+household_and_people,2,dare,0.9,0.2,0.2,0,0.8095,0.9372085301062574,0.071295365691185,0.4441826343536377,0.2708478973417602,2.5896114110946655,2.0,0.8362473114674014,0.7465231376392685
vit_tiny_patch16_224,semantic,1,flora_and_insects+household_and_people,2,dare,0.9,0.2,0.3,0,0.82575,0.9560396989374262,0.071295365691185,0.4441826343536377,0.2708478973417602,2.5896114110946655,2.0,0.8362473114674014,0.7465231376392685
vit_tiny_patch16_224,semantic,1,flora_and_insects+household_and_people,2,dare,0.9,0.2,0.5,0,0.842,0.9749262101534829,0.071295365691185,0.4441826343536377,0.2708478973417602,2.5896114110946655,2.0,0.8362473114674014,0.7465231376392685
vit_tiny_patch16_224,semantic,1,flora_and_insects+mammals,2,dare,0.9,0.2,0.2,0,0.802,0.9186932146420881,0.06411487609148026,0.4495828449726105,0.2587019487609606,2.6128251552581787,2.0,0.8238850742210209,0.730940400335109
vit_tiny_patch16_224,semantic,1,flora_and_insects+mammals,2,dare,0.9,0.2,0.3,0,0.8200000000000001,0.939380973950948,0.06411487609148026,0.4495828449726105,0.2587019487609606,2.6128251552581787,2.0,0.8238850742210209,0.730940400335109
vit_tiny_patch16_224,semantic,1,flora_and_insects+mammals,2,dare,0.9,0.2,0.5,0,0.82825,0.9488844795441416,0.06411487609148026,0.4495828449726105,0.2587019487609606,2.6128251552581787,2.0,0.8238850742210209,0.730940400335109
vit_tiny_patch16_224,semantic,1,flora_and_insects+outdoor_and_vehicles,2,dare,0.9,0.2,0.2,0,0.84175,0.9385263328028646,0.07059755176305771,0.4447415769100189,0.2673041023453688,2.5598480701446533,2.0,0.8205072147490535,0.7412383914910075
vit_tiny_patch16_224,semantic,1,flora_and_insects+outdoor_and_vehicles,2,dare,0.9,0.2,0.3,0,0.85375,0.951887930177044,0.07059755176305771,0.4447415769100189,0.2673041023453688,2.5598480701446533,2.0,0.8205072147490535,0.7412383914910075
vit_tiny_patch16_224,semantic,1,flora_and_insects+outdoor_and_vehicles,2,dare,0.9,0.2,0.5,0,0.865,0.9644606624229162,0.07059755176305771,0.4447415769100189,0.2673041023453688,2.5598480701446533,2.0,0.8205072147490535,0.7412383914910075
vit_tiny_patch16_224,semantic,1,household_and_people+mammals,2,dare,0.9,0.2,0.2,0,0.7827500000000001,0.9143019813021389,0.06454000622034073,0.4491826593875885,0.2535712253376889,2.657203793525696,2.0,0.7980335506015344,0.7299443758886374
vit_tiny_patch16_224,semantic,1,household_and_people+mammals,2,dare,0.9,0.2,0.3,0,0.802,0.9367958206385809,0.06454000622034073,0.4491826593875885,0.2535712253376889,2.657203793525696,2.0,0.7980335506015344,0.7299443758886374
vit_tiny_patch16_224,semantic,1,household_and_people+mammals,2,dare,0.9,0.2,0.5,0,0.81125,0.9476220827646697,0.06454000622034073,0.4491826593875885,0.2535712253376889,2.657203793525696,2.0,0.7980335506015344,0.7299443758886374
vit_tiny_patch16_224,semantic,1,household_and_people+outdoor_and_vehicles,2,dare,0.9,0.2,0.2,0,0.81525,0.9258410427845478,0.08010313659906387,0.4374220371246338,0.2793007081801047,2.6042267084121704,2.0,0.8327484434521869,0.7402423670445357
vit_tiny_patch16_224,semantic,1,household_and_people+outdoor_and_vehicles,2,dare,0.9,0.2,0.3,0,0.8342499999999999,0.9476024274114586,0.08010313659906387,0.4374220371246338,0.2793007081801047,2.6042267084121704,2.0,0.8327484434521869,0.7402423670445357
vit_tiny_patch16_224,semantic,1,household_and_people+outdoor_and_vehicles,2,dare,0.9,0.2,0.5,0,0.8494999999999999,0.9647200571459573,0.08010313659906387,0.4374220371246338,0.2793007081801047,2.6042267084121704,2.0,0.8327484434521869,0.7402423670445357
vit_tiny_patch16_224,semantic,1,mammals+outdoor_and_vehicles,2,dare,0.9,0.2,0.2,0,0.8167500000000001,0.9176635796967892,0.06697501242160797,0.44734278321266174,0.259648707080244,2.6274404525756836,2.0,0.7951428093003877,0.7246596297403762
vit_tiny_patch16_224,semantic,1,mammals+outdoor_and_vehicles,2,dare,0.9,0.2,0.3,0,0.8347500000000001,0.9380009847459192,0.06697501242160797,0.44734278321266174,0.259648707080244,2.6274404525756836,2.0,0.7951428093003877,0.7246596297403762
vit_tiny_patch16_224,semantic,1,mammals+outdoor_and_vehicles,2,dare,0.9,0.2,0.5,0,0.8505,0.9555701350201689,0.06697501242160797,0.44734278321266174,0.259648707080244,2.6274404525756836,2.0,0.7951428093003877,0.7246596297403762
vit_tiny_patch16_224,semantic,1,aquatic_life+flora_and_insects+household_and_people,3,dare,0.9,0.2,0.2,0,0.8026666666666666,0.9347523884661614,0.0675998330116272,0.4469710091749827,0.2661366985383458,2.6373507976531982,3.0,0.8328697753819041,0.736885284704607
vit_tiny_patch16_224,semantic,1,aquatic_life+flora_and_insects+household_and_people,3,dare,0.9,0.2,0.3,0,0.8163333333333332,0.9507234912549104,0.0675998330116272,0.4469710091749827,0.2661366985383458,2.6373507976531982,3.0,0.8328697753819041,0.736885284704607
vit_tiny_patch16_224,semantic,1,aquatic_life+flora_and_insects+household_and_people,3,dare,0.9,0.2,0.5,0,0.8178333333333333,0.9525120623425788,0.0675998330116272,0.4469710091749827,0.2661366985383458,2.6373507976531982,3.0,0.8328697753819041,0.736885284704607
vit_tiny_patch16_224,semantic,1,aquatic_life+flora_and_insects+mammals,3,dare,0.9,0.2,0.2,0,0.8031666666666667,0.9287733671525693,0.07031670957803726,0.44482603669166565,0.26982108967900736,2.6528266270955405,3.0,0.8358529032786698,0.7264967931685007
vit_tiny_patch16_224,semantic,1,aquatic_life+flora_and_insects+mammals,3,dare,0.9,0.2,0.3,0,0.8146666666666667,0.9421785372070448,0.07031670957803726,0.44482603669166565,0.26982108967900736,2.6528266270955405,3.0,0.8358529032786698,0.7264967931685007
vit_tiny_patch16_224,semantic,1,aquatic_life+flora_and_insects+mammals,3,dare,0.9,0.2,0.5,0,0.8128333333333333,0.9401324150036068,0.07031670957803726,0.44482603669166565,0.26982108967900736,2.6528266270955405,3.0,0.8358529032786698,0.7264967931685007
vit_tiny_patch16_224,semantic,1,aquatic_life+flora_and_insects+outdoor_and_vehicles,3,dare,0.9,0.2,0.2,0,0.8233333333333333,0.9346679209034131,0.06795579940080643,0.4466951787471771,0.2669354834488608,2.61750857035319,3.0,0.8214358603833724,0.7333621206057662
vit_tiny_patch16_224,semantic,1,aquatic_life+flora_and_insects+outdoor_and_vehicles,3,dare,0.9,0.2,0.3,0,0.8351666666666667,0.9482834676150868,0.06795579940080643,0.4466951787471771,0.2669354834488608,2.61750857035319,3.0,0.8214358603833724,0.7333621206057662
vit_tiny_patch16_224,semantic,1,aquatic_life+flora_and_insects+outdoor_and_vehicles,3,dare,0.9,0.2,0.5,0,0.8363333333333333,0.9496866667100389,0.06795579940080643,0.4466951787471771,0.2669354834488608,2.61750857035319,3.0,0.8214358603833724,0.7333621206057662
vit_tiny_patch16_224,semantic,1,aquatic_life+household_and_people+mammals,3,dare,0.9,0.2,0.2,0,0.785,0.9196820503390852,0.07014694064855576,0.44493333498636883,0.26492463905367153,2.6824123859405518,3.0,0.817140633450575,0.7258327768708529
vit_tiny_patch16_224,semantic,1,aquatic_life+household_and_people+mammals,3,dare,0.9,0.2,0.3,0,0.798,0.9348941019419205,0.07014694064855576,0.44493333498636883,0.26492463905367153,2.6824123859405518,3.0,0.817140633450575,0.7258327768708529
vit_tiny_patch16_224,semantic,1,aquatic_life+household_and_people+mammals,3,dare,0.9,0.2,0.5,0,0.801,0.9384430668325482,0.07014694064855576,0.44493333498636883,0.26492463905367153,2.6824123859405518,3.0,0.817140633450575,0.7258327768708529
vit_tiny_patch16_224,semantic,1,aquatic_life+household_and_people+outdoor_and_vehicles,3,dare,0.9,0.2,0.2,0,0.8041666666666667,0.9243136483027518,0.07081284870704015,0.4444960256417592,0.2677481425761942,2.6470943291982016,3.0,0.8154211746628176,0.7326981043081183
vit_tiny_patch16_224,semantic,1,aquatic_life+household_and_people+outdoor_and_vehicles,3,dare,0.9,0.2,0.3,0,0.819,0.9414951901191498,0.07081284870704015,0.4444960256417592,0.2677481425761942,2.6470943291982016,3.0,0.8154211746628176,0.7326981043081183
vit_tiny_patch16_224,semantic,1,aquatic_life+household_and_people+outdoor_and_vehicles,3,dare,0.9,0.2,0.5,0,0.8231666666666667,0.9463575118470035,0.07081284870704015,0.4444960256417592,0.2677481425761942,2.6470943291982016,3.0,0.8154211746628176,0.7326981043081183
vit_tiny_patch16_224,semantic,1,aquatic_life+mammals+outdoor_and_vehicles,3,dare,0.9,0.2,0.2,0,0.8079999999999999,0.922217284164247,0.07154718041419983,0.4438578983147939,0.26893051621050207,2.6625701586405435,3.0,0.8099898369244437,0.7223096127720122
vit_tiny_patch16_224,semantic,1,aquatic_life+mammals+outdoor_and_vehicles,3,dare,0.9,0.2,0.3,0,0.8233333333333334,0.9398325201178962,0.07154718041419983,0.4438578983147939,0.26893051621050207,2.6625701586405435,3.0,0.8099898369244437,0.7223096127720122
vit_tiny_patch16_224,semantic,1,aquatic_life+mammals+outdoor_and_vehicles,3,dare,0.9,0.2,0.5,0,0.8198333333333334,0.9358126991648962,0.07154718041419983,0.4438578983147939,0.26893051621050207,2.6625701586405435,3.0,0.8099898369244437,0.7223096127720122
vit_tiny_patch16_224,semantic,1,flora_and_insects+household_and_people+mammals,3,dare,0.9,0.2,0.2,0,0.8046666666666668,0.9310319483747875,0.06665008266766866,0.44764937957127887,0.26104035714680324,2.619880119959513,3.0,0.8193886454299856,0.7358026379543383
vit_tiny_patch16_224,semantic,1,flora_and_insects+household_and_people+mammals,3,dare,0.9,0.2,0.3,0,0.8098333333333333,0.93709516187557,0.06665008266766866,0.44764937957127887,0.26104035714680324,2.619880119959513,3.0,0.8193886454299856,0.7358026379543383
vit_tiny_patch16_224,semantic,1,flora_and_insects+household_and_people+mammals,3,dare,0.9,0.2,0.5,0,0.8048333333333334,0.9313013303372922,0.06665008266766866,0.44764937957127887,0.26104035714680324,2.619880119959513,3.0,0.8193886454299856,0.7358026379543383
vit_tiny_patch16_224,semantic,1,flora_and_insects+household_and_people+outdoor_and_vehicles,3,dare,0.9,0.2,0.2,0,0.8254999999999999,0.9376990011513584,0.07399868468443553,0.4421154161294301,0.27248423595574456,2.584562063217163,3.0,0.8298343232228805,0.742667965391604
vit_tiny_patch16_224,semantic,1,flora_and_insects+household_and_people+outdoor_and_vehicles,3,dare,0.9,0.2,0.3,0,0.8351666666666667,0.9488012083235379,0.07399868468443553,0.4421154161294301,0.27248423595574456,2.584562063217163,3.0,0.8298343232228805,0.742667965391604
vit_tiny_patch16_224,semantic,1,flora_and_insects+household_and_people+outdoor_and_vehicles,3,dare,0.9,0.2,0.5,0,0.8341666666666666,0.9475196008652841,0.07399868468443553,0.4421154161294301,0.27248423595574456,2.584562063217163,3.0,0.8298343232228805,0.742667965391604
vit_tiny_patch16_224,semantic,1,flora_and_insects+mammals+outdoor_and_vehicles,3,dare,0.9,0.2,0.2,0,0.8198333333333333,0.9246625759891387,0.06722914675871532,0.44722240169843036,0.26188491939552444,2.6000378926595054,3.0,0.813178366090154,0.7322794738554975
vit_tiny_patch16_224,semantic,1,flora_and_insects+mammals+outdoor_and_vehicles,3,dare,0.9,0.2,0.3,0,0.8301666666666666,0.9362180023655048,0.06722914675871532,0.44722240169843036,0.26188491939552444,2.6000378926595054,3.0,0.813178366090154,0.7322794738554975
vit_tiny_patch16_224,semantic,1,flora_and_insects+mammals+outdoor_and_vehicles,3,dare,0.9,0.2,0.5,0,0.8261666666666666,0.9315914490693066,0.06722914675871532,0.44722240169843036,0.26188491939552444,2.6000378926595054,3.0,0.813178366090154,0.7322794738554975
vit_tiny_patch16_224,semantic,1,household_and_people+mammals+outdoor_and_vehicles,3,dare,0.9,0.2,0.2,0,0.8101666666666666,0.9253902941586504,0.07053938508033752,0.4446491599082947,0.2641735468660125,2.6296236515045166,3.0,0.8086416011180363,0.7316154575578498
vit_tiny_patch16_224,semantic,1,household_and_people+mammals+outdoor_and_vehicles,3,dare,0.9,0.2,0.3,0,0.8188333333333334,0.935149504188134,0.07053938508033752,0.4446491599082947,0.2641735468660125,2.6296236515045166,3.0,0.8086416011180363,0.7316154575578498
vit_tiny_patch16_224,semantic,1,household_and_people+mammals+outdoor_and_vehicles,3,dare,0.9,0.2,0.5,0,0.8210000000000001,0.9374232469942844,0.07053938508033752,0.4446491599082947,0.2641735468660125,2.6296236515045166,3.0,0.8086416011180363,0.7316154575578498
vit_tiny_patch16_224,semantic,1,aquatic_life+flora_and_insects+household_and_people+mammals+outdoor_and_vehicles,5,dare,0.9,0.2,0.2,0,0.8063,0.9257046753190741,0.06967966109514237,0.44534158408641816,0.2664079628870667,2.633386659622192,5.0,0.8203753119942838,0.7319950227189147
vit_tiny_patch16_224,semantic,1,aquatic_life+flora_and_insects+household_and_people+mammals+outdoor_and_vehicles,5,dare,0.9,0.2,0.3,0,0.8045,0.9236735321975253,0.06967966109514237,0.44534158408641816,0.2664079628870667,2.633386659622192,5.0,0.8203753119942838,0.7319950227189147
vit_tiny_patch16_224,semantic,1,aquatic_life+flora_and_insects+household_and_people+mammals+outdoor_and_vehicles,5,dare,0.9,0.2,0.5,0,0.7731999999999999,0.8876786411095727,0.06967966109514237,0.44534158408641816,0.2664079628870667,2.633386659622192,5.0,0.8203753119942838,0.7319950227189147
vit_tiny_patch16_224,mix25,0,mix25_0+mix25_1,2,dare,0.9,0.2,0.2,0,0.85225,0.9481724551537298,0.08172581344842911,0.43608397245407104,0.28437253714160265,2.6331915855407715,2.0,0.8602044081545652,0.7202931684486006
vit_tiny_patch16_224,mix25,0,mix25_0+mix25_1,2,dare,0.9,0.2,0.3,0,0.87025,0.9683600248454758,0.08172581344842911,0.43608397245407104,0.28437253714160265,2.6331915855407715,2.0,0.8602044081545652,0.7202931684486006
vit_tiny_patch16_224,mix25,0,mix25_0+mix25_1,2,dare,0.9,0.2,0.5,0,0.8775,0.9764521789742988,0.08172581344842911,0.43608397245407104,0.28437253714160265,2.6331915855407715,2.0,0.8602044081545652,0.7202931684486006
vit_tiny_patch16_224,mix25,0,mix25_0+mix25_2,2,dare,0.9,0.2,0.2,0,0.79,0.9199436945183522,0.06905726343393326,0.44590264558792114,0.26319578860668424,2.6789491176605225,2.0,0.8297228701521849,0.7381138930488973
vit_tiny_patch16_224,mix25,0,mix25_0+mix25_2,2,dare,0.9,0.2,0.3,0,0.80675,0.9394019373316733,0.06905726343393326,0.44590264558792114,0.26319578860668424,2.6789491176605225,2.0,0.8297228701521849,0.7381138930488973
vit_tiny_patch16_224,mix25,0,mix25_0+mix25_2,2,dare,0.9,0.2,0.5,0,0.82925,0.9655952758724502,0.06905726343393326,0.44590264558792114,0.26319578860668424,2.6789491176605225,2.0,0.8297228701521849,0.7381138930488973
vit_tiny_patch16_224,mix25,0,mix25_0+mix25_3,2,dare,0.9,0.2,0.2,0,0.8380000000000001,0.9356242866519292,0.08470326662063599,0.43386614322662354,0.2990922009741504,2.648688554763794,2.0,0.8596358910286263,0.7231165721717068
vit_tiny_patch16_224,mix25,0,mix25_0+mix25_3,2,dare,0.9,0.2,0.3,0,0.855,0.9546294241624977,0.08470326662063599,0.43386614322662354,0.2990922009741504,2.648688554763794,2.0,0.8596358910286263,0.7231165721717068
vit_tiny_patch16_224,mix25,0,mix25_0+mix25_3,2,dare,0.9,0.2,0.5,0,0.8712500000000001,0.9728616411382858,0.08470326662063599,0.43386614322662354,0.2990922009741504,2.648688554763794,2.0,0.8596358910286263,0.7231165721717068
vit_tiny_patch16_224,mix25,0,mix25_0+mix25_4,2,dare,0.9,0.2,0.2,0,0.8382499999999999,0.9347059565463149,0.06652890145778656,0.44780874252319336,0.2637464508448798,2.6323288679122925,2.0,0.828075973962519,0.7319035626835085
vit_tiny_patch16_224,mix25,0,mix25_0+mix25_4,2,dare,0.9,0.2,0.3,0,0.8554999999999999,0.9541925347360094,0.06652890145778656,0.44780874252319336,0.2637464508448798,2.6323288679122925,2.0,0.828075973962519,0.7319035626835085
vit_tiny_patch16_224,mix25,0,mix25_0+mix25_4,2,dare,0.9,0.2,0.5,0,0.8705,0.9709056821773867,0.06652890145778656,0.44780874252319336,0.2637464508448798,2.6323288679122925,2.0,0.828075973962519,0.7319035626835085
vit_tiny_patch16_224,mix25,0,mix25_1+mix25_2,2,dare,0.9,0.2,0.2,0,0.8375,0.9383626319319425,0.07412721961736679,0.4420141875743866,0.2759720010960356,2.6111950874328613,2.0,0.8365531387919467,0.7342303796479199
vit_tiny_patch16_224,mix25,0,mix25_1+mix25_2,2,dare,0.9,0.2,0.3,0,0.8554999999999999,0.9588669233445788,0.07412721961736679,0.4420141875743866,0.2759720010960356,2.6111950874328613,2.0,0.8365531387919467,0.7342303796479199
vit_tiny_patch16_224,mix25,0,mix25_1+mix25_2,2,dare,0.9,0.2,0.5,0,0.8707499999999999,0.9761186164606688,0.07412721961736679,0.4420141875743866,0.2759720010960356,2.6111950874328613,2.0,0.8365531387919467,0.7342303796479199
vit_tiny_patch16_224,mix25,0,mix25_1+mix25_3,2,dare,0.9,0.2,0.2,0,0.88,0.9479920860265969,0.08635155111551285,0.43258193135261536,0.28484173204764734,2.580934524536133,2.0,0.8600770674944865,0.7192330587707294
vit_tiny_patch16_224,mix25,0,mix25_1+mix25_3,2,dare,0.9,0.2,0.3,0,0.89375,0.9628154085143397,0.08635155111551285,0.43258193135261536,0.28484173204764734,2.580934524536133,2.0,0.8600770674944865,0.7192330587707294
vit_tiny_patch16_224,mix25,0,mix25_1+mix25_3,2,dare,0.9,0.2,0.5,0,0.90325,0.9730402354578273,0.08635155111551285,0.43258193135261536,0.28484173204764734,2.580934524536133,2.0,0.8600770674944865,0.7192330587707294
vit_tiny_patch16_224,mix25,0,mix25_1+mix25_4,2,dare,0.9,0.2,0.2,0,0.882,0.9491346290253937,0.0742504671216011,0.4419238865375519,0.2704099418490667,2.5645748376846313,2.0,0.8233317536485595,0.7280200492825312
vit_tiny_patch16_224,mix25,0,mix25_1+mix25_4,2,dare,0.9,0.2,0.3,0,0.8965000000000001,0.9647325861824372,0.0742504671216011,0.4419238865375519,0.2704099418490667,2.5645748376846313,2.0,0.8233317536485595,0.7280200492825312
vit_tiny_patch16_224,mix25,0,mix25_1+mix25_4,2,dare,0.9,0.2,0.5,0,0.907,0.9760401678049571,0.0742504671216011,0.4419238865375519,0.2704099418490667,2.5645748376846313,2.0,0.8233317536485595,0.7280200492825312
vit_tiny_patch16_224,mix25,0,mix25_2+mix25_3,2,dare,0.9,0.2,0.2,0,0.8255,0.9287922972736473,0.07154379040002823,0.44394436478614807,0.26430422566126394,2.626692056655884,2.0,0.8346720934976835,0.7370537833710261
vit_tiny_patch16_224,mix25,0,mix25_2+mix25_3,2,dare,0.9,0.2,0.3,0,0.8415,0.947035671620213,0.07154379040002823,0.44394436478614807,0.26430422566126394,2.626692056655884,2.0,0.8346720934976835,0.7370537833710261
vit_tiny_patch16_224,mix25,0,mix25_2+mix25_3,2,dare,0.9,0.2,0.5,0,0.8592500000000001,0.9669834919837774,0.07154379040002823,0.44394436478614807,0.26430422566126394,2.626692056655884,2.0,0.8346720934976835,0.7370537833710261
vit_tiny_patch16_224,mix25,0,mix25_2+mix25_4,2,dare,0.9,0.2,0.2,0,0.83125,0.933869885982562,0.07409466058015823,0.4420301914215088,0.2767086246025193,2.6103323698043823,2.0,0.8459840840648422,0.7458407738828279
vit_tiny_patch16_224,mix25,0,mix25_2+mix25_4,2,dare,0.9,0.2,0.3,0,0.85075,0.9559689900408742,0.07409466058015823,0.4420301914215088,0.2767086246025193,2.6103323698043823,2.0,0.8459840840648422,0.7458407738828279
vit_tiny_patch16_224,mix25,0,mix25_2+mix25_4,2,dare,0.9,0.2,0.5,0,0.8652500000000001,0.9724622894600307,0.07409466058015823,0.4420301914215088,0.2767086246025193,2.6103323698043823,2.0,0.8459840840648422,0.7458407738828279
vit_tiny_patch16_224,mix25,0,mix25_3+mix25_4,2,dare,0.9,0.2,0.2,0,0.87075,0.9398222859065035,0.07643838971853256,0.4401387572288513,0.2673223394832286,2.580071806907654,2.0,0.8375834878908471,0.7308434530056374
vit_tiny_patch16_224,mix25,0,mix25_3+mix25_4,2,dare,0.9,0.2,0.3,0,0.88125,0.9511552726653183,0.07643838971853256,0.4401387572288513,0.2673223394832286,2.580071806907654,2.0,0.8375834878908471,0.7308434530056374
vit_tiny_patch16_224,mix25,0,mix25_3+mix25_4,2,dare,0.9,0.2,0.5,0,0.897,0.9681509666953536,0.07643838971853256,0.4401387572288513,0.2673223394832286,2.580071806907654,2.0,0.8375834878908471,0.7308434530056374
vit_tiny_patch16_224,mix25,0,mix25_0+mix25_1+mix25_2,3,dare,0.9,0.2,0.2,0,0.8315,0.9410934003500347,0.07497009883324306,0.4413336018721263,0.2745134422814408,2.6411119302113852,3.0,0.8421601390328989,0.7308791470484727
vit_tiny_patch16_224,mix25,0,mix25_0+mix25_1+mix25_2,3,dare,0.9,0.2,0.3,0,0.8438333333333334,0.9551429370700282,0.07497009883324306,0.4413336018721263,0.2745134422814408,2.6411119302113852,3.0,0.8421601390328989,0.7308791470484727
vit_tiny_patch16_224,mix25,0,mix25_0+mix25_1+mix25_2,3,dare,0.9,0.2,0.5,0,0.8438333333333333,0.955367514839438,0.07497009883324306,0.4413336018721263,0.2745134422814408,2.6411119302113852,3.0,0.8421601390328989,0.7308791470484727
vit_tiny_patch16_224,mix25,0,mix25_0+mix25_1+mix25_3,3,dare,0.9,0.2,0.2,0,0.8631666666666667,0.9510934717378662,0.08426021039485931,0.43417734901110333,0.28943549005446684,2.620938221613566,3.0,0.859972455559226,0.7208809331303456
vit_tiny_patch16_224,mix25,0,mix25_0+mix25_1+mix25_3,3,dare,0.9,0.2,0.3,0,0.8713333333333333,0.9600357061552232,0.08426021039485931,0.43417734901110333,0.28943549005446684,2.620938221613566,3.0,0.859972455559226,0.7208809331303456
vit_tiny_patch16_224,mix25,0,mix25_0+mix25_1+mix25_3,3,dare,0.9,0.2,0.5,0,0.8648333333333333,0.9529139489662474,0.08426021039485931,0.43417734901110333,0.28943549005446684,2.620938221613566,3.0,0.859972455559226,0.7208809331303456
vit_tiny_patch16_224,mix25,0,mix25_0+mix25_1+mix25_4,3,dare,0.9,0.2,0.2,0,0.8616666666666667,0.9486667903094338,0.07416839400927226,0.4419388671716054,0.2728429766118497,2.610031763712565,3.0,0.8372040452552145,0.7267389268048801
vit_tiny_patch16_224,mix25,0,mix25_0+mix25_1+mix25_4,3,dare,0.9,0.2,0.3,0,0.8728333333333333,0.9611189524478355,0.07416839400927226,0.4419388671716054,0.2728429766118497,2.610031763712565,3.0,0.8372040452552145,0.7267389268048801
vit_tiny_patch16_224,mix25,0,mix25_0+mix25_1+mix25_4,3,dare,0.9,0.2,0.5,0,0.8693333333333334,0.9570188287968726,0.07416839400927226,0.4419388671716054,0.2728429766118497,2.610031763712565,3.0,0.8372040452552145,0.7267389268048801
vit_tiny_patch16_224,mix25,0,mix25_0+mix25_2+mix25_3,3,dare,0.9,0.2,0.2,0,0.8228333333333334,0.933801804548109,0.07510144015153249,0.4412377178668976,0.27553073841403286,2.6514432430267334,3.0,0.841343618226165,0.73276141619721
vit_tiny_patch16_224,mix25,0,mix25_0+mix25_2+mix25_3,3,dare,0.9,0.2,0.3,0,0.8355,0.9482135532558563,0.07510144015153249,0.4412377178668976,0.27553073841403286,2.6514432430267334,3.0,0.841343618226165,0.73276141619721
vit_tiny_patch16_224,mix25,0,mix25_0+mix25_2+mix25_3,3,dare,0.9,0.2,0.5,0,0.8388333333333332,0.9520077362737981,0.07510144015153249,0.4412377178668976,0.27553073841403286,2.6514432430267334,3.0,0.841343618226165,0.73276141619721
vit_tiny_patch16_224,mix25,0,mix25_0+mix25_2+mix25_4,3,dare,0.9,0.2,0.2,0,0.82,0.9297180541364884,0.06989360849062602,0.4452471931775411,0.2678836213513611,2.6405367851257324,3.0,0.8345943093931819,0.7386194098717446
vit_tiny_patch16_224,mix25,0,mix25_0+mix25_2+mix25_4,3,dare,0.9,0.2,0.3,0,0.8326666666666668,0.9442681820405884,0.06989360849062602,0.4452471931775411,0.2678836213513611,2.6405367851257324,3.0,0.8345943093931819,0.7386194098717446
vit_tiny_patch16_224,mix25,0,mix25_0+mix25_2+mix25_4,3,dare,0.9,0.2,0.5,0,0.8388333333333334,0.9511753760886865,0.06989360849062602,0.4452471931775411,0.2678836213513611,2.6405367851257324,3.0,0.8345943093931819,0.7386194098717446
vit_tiny_patch16_224,mix25,0,mix25_0+mix25_3+mix25_4,3,dare,0.9,0.2,0.2,0,0.8516666666666667,0.9397429844967821,0.07589018593231837,0.4406045476595561,0.2767203304340862,2.6203630765279136,3.0,0.8417651176273308,0.7286211959536176
vit_tiny_patch16_224,mix25,0,mix25_0+mix25_3+mix25_4,3,dare,0.9,0.2,0.3,0,0.8633333333333333,0.9526168314805257,0.07589018593231837,0.4406045476595561,0.2767203304340862,2.6203630765279136,3.0,0.8417651176273308,0.7286211959536176
vit_tiny_patch16_224,mix25,0,mix25_0+mix25_3+mix25_4,3,dare,0.9,0.2,0.5,0,0.8606666666666666,0.9496816865673608,0.07589018593231837,0.4406045476595561,0.2767203304340862,2.6203630765279136,3.0,0.8417651176273308,0.7286211959536176
vit_tiny_patch16_224,mix25,0,mix25_1+mix25_2+mix25_3,3,dare,0.9,0.2,0.2,0,0.8556666666666667,0.9472093355285454,0.07734085371096928,0.43951349457105,0.27503931960164896,2.606273889541626,3.0,0.8437674332613723,0.7301724072632251
vit_tiny_patch16_224,mix25,0,mix25_1+mix25_2+mix25_3,3,dare,0.9,0.2,0.3,0,0.8638333333333333,0.9563249513832051,0.07734085371096928,0.43951349457105,0.27503931960164896,2.606273889541626,3.0,0.8437674332613723,0.7301724072632251
vit_tiny_patch16_224,mix25,0,mix25_1+mix25_2+mix25_3,3,dare,0.9,0.2,0.5,0,0.8623333333333333,0.9548836052048579,0.07734085371096928,0.43951349457105,0.27503931960164896,2.606273889541626,3.0,0.8437674332613723,0.7301724072632251
vit_tiny_patch16_224,mix25,0,mix25_1+mix25_2+mix25_4,3,dare,0.9,0.2,0.2,0,0.8531666666666666,0.9436217460815396,0.07415744910637538,0.4419894218444824,0.27436352251587387,2.595367431640625,3.0,0.8352896588351161,0.7360304009377597
vit_tiny_patch16_224,mix25,0,mix25_1+mix25_2+mix25_4,3,dare,0.9,0.2,0.3,0,0.8623333333333334,0.9541842565615791,0.07415744910637538,0.4419894218444824,0.27436352251587387,2.595367431640625,3.0,0.8352896588351161,0.7360304009377597
vit_tiny_patch16_224,mix25,0,mix25_1+mix25_2+mix25_4,3,dare,0.9,0.2,0.5,0,0.8606666666666666,0.9523500597538669,0.07415744910637538,0.4419894218444824,0.27436352251587387,2.595367431640625,3.0,0.8352896588351161,0.7360304009377597
vit_tiny_patch16_224,mix25,0,mix25_1+mix25_3+mix25_4,3,dare,0.9,0.2,0.2,0,0.8809999999999999,0.9493298568436875,0.07901346931854884,0.43821485837300617,0.2741913377933142,2.575193723042806,3.0,0.8403307696779644,0.7260321870196327
vit_tiny_patch16_224,mix25,0,mix25_1+mix25_3+mix25_4,3,dare,0.9,0.2,0.3,0,0.887,0.9557909712662745,0.07901346931854884,0.43821485837300617,0.2741913377933142,2.575193723042806,3.0,0.8403307696779644,0.7260321870196327
vit_tiny_patch16_224,mix25,0,mix25_1+mix25_3+mix25_4,3,dare,0.9,0.2,0.5,0,0.8825,0.9509258463339562,0.07901346931854884,0.43821485837300617,0.2741913377933142,2.575193723042806,3.0,0.8403307696779644,0.7260321870196327
vit_tiny_patch16_224,mix25,0,mix25_2+mix25_3+mix25_4,3,dare,0.9,0.2,0.2,0,0.8443333333333333,0.9363367865401981,0.07402561356623967,0.44203777114550274,0.26944506324900397,2.605698744455973,3.0,0.8394132218177909,0.7379126700864971
vit_tiny_patch16_224,mix25,0,mix25_2+mix25_3+mix25_4,3,dare,0.9,0.2,0.3,0,0.8555,0.9487654762897778,0.07402561356623967,0.44203777114550274,0.26944506324900397,2.605698744455973,3.0,0.8394132218177909,0.7379126700864971
vit_tiny_patch16_224,mix25,0,mix25_2+mix25_3+mix25_4,3,dare,0.9,0.2,0.5,0,0.8570000000000001,0.9505221564821759,0.07402561356623967,0.44203777114550274,0.26944506324900397,2.605698744455973,3.0,0.8394132218177909,0.7379126700864971
vit_tiny_patch16_224,mix25,0,mix25_0+mix25_1+mix25_2+mix25_3+mix25_4,5,dare,0.9,0.2,0.2,0,0.8481,0.941747181404254,0.07588213235139847,0.4406294822692871,0.2749965842307079,2.6166958808898926,5.0,0.841584076868626,0.7308648694313385
vit_tiny_patch16_224,mix25,0,mix25_0+mix25_1+mix25_2+mix25_3+mix25_4,5,dare,0.9,0.2,0.3,0,0.8446999999999999,0.9380371580596245,0.07588213235139847,0.4406294822692871,0.2749965842307079,2.6166958808898926,5.0,0.841584076868626,0.7308648694313385
vit_tiny_patch16_224,mix25,0,mix25_0+mix25_1+mix25_2+mix25_3+mix25_4,5,dare,0.9,0.2,0.5,0,0.8096,0.8987366541569507,0.07588213235139847,0.4406294822692871,0.2749965842307079,2.6166958808898926,5.0,0.841584076868626,0.7308648694313385
vit_tiny_patch16_224,mix25,1,mix25_0+mix25_1,2,dare,0.9,0.2,0.2,0,0.84775,0.9444292008597381,0.07942580431699753,0.43787243962287903,0.28556130111707195,2.6296467781066895,2.0,0.8586074939691299,0.7261552884228092
vit_tiny_patch16_224,mix25,1,mix25_0+mix25_1,2,dare,0.9,0.2,0.3,0,0.86375,0.9623472569480415,0.07942580431699753,0.43787243962287903,0.28556130111707195,2.6296467781066895,2.0,0.8586074939691299,0.7261552884228092
vit_tiny_patch16_224,mix25,1,mix25_0+mix25_1,2,dare,0.9,0.2,0.5,0,0.8775,0.9777048574460401,0.07942580431699753,0.43787243962287903,0.28556130111707195,2.6296467781066895,2.0,0.8586074939691299,0.7261552884228092
vit_tiny_patch16_224,mix25,1,mix25_0+mix25_2,2,dare,0.9,0.2,0.2,0,0.7889999999999999,0.9195538968310006,0.06803347170352936,0.4466647207736969,0.26570418540467605,2.6633373498916626,2.0,0.8366946180627669,0.7409839093217112
vit_tiny_patch16_224,mix25,1,mix25_0+mix25_2,2,dare,0.9,0.2,0.3,0,0.8095,0.9434688739522168,0.06803347170352936,0.4466647207736969,0.26570418540467605,2.6633373498916626,2.0,0.8366946180627669,0.7409839093217112
vit_tiny_patch16_224,mix25,1,mix25_0+mix25_2,2,dare,0.9,0.2,0.5,0,0.82525,0.9617887123182713,0.06803347170352936,0.4466647207736969,0.26570418540467605,2.6633373498916626,2.0,0.8366946180627669,0.7409839093217112
vit_tiny_patch16_224,mix25,1,mix25_0+mix25_3,2,dare,0.9,0.2,0.2,0,0.8367500000000001,0.9362916439018718,0.08258762955665588,0.4354702830314636,0.295789386740428,2.638087749481201,2.0,0.8613696827556042,0.7250989470088736
vit_tiny_patch16_224,mix25,1,mix25_0+mix25_3,2,dare,0.9,0.2,0.3,0,0.8547499999999999,0.9566324779412663,0.08258762955665588,0.4354702830314636,0.295789386740428,2.638087749481201,2.0,0.8613696827556042,0.7250989470088736
vit_tiny_patch16_224,mix25,1,mix25_0+mix25_3,2,dare,0.9,0.2,0.5,0,0.8694999999999999,0.9729373998701663,0.08258762955665588,0.4354702830314636,0.295789386740428,2.638087749481201,2.0,0.8613696827556042,0.7250989470088736
vit_tiny_patch16_224,mix25,1,mix25_0+mix25_4,2,dare,0.9,0.2,0.2,0,0.82975,0.925565612058825,0.07013128697872162,0.44496679306030273,0.2693701082715391,2.6295775175094604,2.0,0.8270193545944569,0.7344620820411305
vit_tiny_patch16_224,mix25,1,mix25_0+mix25_4,2,dare,0.9,0.2,0.3,0,0.84875,0.946871639756661,0.07013128697872162,0.44496679306030273,0.2693701082715391,2.6295775175094604,2.0,0.8270193545944569,0.7344620820411305
vit_tiny_patch16_224,mix25,1,mix25_0+mix25_4,2,dare,0.9,0.2,0.5,0,0.86625,0.9665396535603731,0.07013128697872162,0.44496679306030273,0.2693701082715391,2.6295775175094604,2.0,0.8270193545944569,0.7344620820411305
vit_tiny_patch16_224,mix25,1,mix25_1+mix25_2,2,dare,0.9,0.2,0.2,0,0.835,0.9376732683140868,0.076299749314785,0.44041070342063904,0.27772836070425366,2.604589343070984,2.0,0.8371688323526831,0.7375594931495368
vit_tiny_patch16_224,mix25,1,mix25_1+mix25_2,2,dare,0.9,0.2,0.3,0,0.85625,0.9618436935794681,0.076299749314785,0.44041070342063904,0.27772836070425366,2.604589343070984,2.0,0.8371688323526831,0.7375594931495368
vit_tiny_patch16_224,mix25,1,mix25_1+mix25_2,2,dare,0.9,0.2,0.5,0,0.86725,0.9742340104034592,0.076299749314785,0.44041070342063904,0.27772836070425366,2.604589343070984,2.0,0.8371688323526831,0.7375594931495368
vit_tiny_patch16_224,mix25,1,mix25_1+mix25_3,2,dare,0.9,0.2,0.2,0,0.879,0.950232742557892,0.08271749317646027,0.4353730380535126,0.2883499583269838,2.5793397426605225,2.0,0.8681338390744439,0.7216745308366992
vit_tiny_patch16_224,mix25,1,mix25_1+mix25_3,2,dare,0.9,0.2,0.3,0,0.889,0.9610518894207689,0.08271749317646027,0.4353730380535126,0.2883499583269838,2.5793397426605225,2.0,0.8681338390744439,0.7216745308366992
vit_tiny_patch16_224,mix25,1,mix25_1+mix25_3,2,dare,0.9,0.2,0.5,0,0.90525,0.9786043686235391,0.08271749317646027,0.4353730380535126,0.2883499583269838,2.5793397426605225,2.0,0.8681338390744439,0.7216745308366992
vit_tiny_patch16_224,mix25,1,mix25_1+mix25_4,2,dare,0.9,0.2,0.2,0,0.8815,0.9503926305593602,0.08025770634412766,0.43729645013809204,0.27732184361678214,2.5708295106887817,2.0,0.8243747242284553,0.7310376658689561
vit_tiny_patch16_224,mix25,1,mix25_1+mix25_4,2,dare,0.9,0.2,0.3,0,0.8927499999999999,0.9625223153244342,0.08025770634412766,0.43729645013809204,0.27732184361678214,2.5708295106887817,2.0,0.8243747242284553,0.7310376658689561
vit_tiny_patch16_224,mix25,1,mix25_1+mix25_4,2,dare,0.9,0.2,0.5,0,0.9085000000000001,0.9795060826423321,0.08025770634412766,0.43729645013809204,0.27732184361678214,2.5708295106887817,2.0,0.8243747242284553,0.7310376658689561
vit_tiny_patch16_224,mix25,1,mix25_2+mix25_3,2,dare,0.9,0.2,0.2,0,0.82175,0.9273098426350974,0.06875641644001007,0.44610628485679626,0.2658473349933452,2.6130303144454956,2.0,0.8372355075930572,0.7365031517356011
vit_tiny_patch16_224,mix25,1,mix25_2+mix25_3,2,dare,0.9,0.2,0.3,0,0.84275,0.9512311707102808,0.06875641644001007,0.44610628485679626,0.2658473349933452,2.6130303144454956,2.0,0.8372355075930572,0.7365031517356011
vit_tiny_patch16_224,mix25,1,mix25_2+mix25_3,2,dare,0.9,0.2,0.5,0,0.8574999999999999,0.9679397679638833,0.06875641644001007,0.44610628485679626,0.2658473349933452,2.6130303144454956,2.0,0.8372355075930572,0.7365031517356011
vit_tiny_patch16_224,mix25,1,mix25_2+mix25_4,2,dare,0.9,0.2,0.2,0,0.82725,0.9306117508731888,0.0781315341591835,0.4389931261539459,0.2792466051934618,2.604520082473755,2.0,0.8519396030968098,0.7458662867678582
vit_tiny_patch16_224,mix25,1,mix25_2+mix25_4,2,dare,0.9,0.2,0.3,0,0.84675,0.9528884155315768,0.0781315341591835,0.4389931261539459,0.2792466051934618,2.604520082473755,2.0,0.8519396030968098,0.7458662867678582
vit_tiny_patch16_224,mix25,1,mix25_2+mix25_4,2,dare,0.9,0.2,0.5,0,0.8687499999999999,0.9776946229845431,0.0781315341591835,0.4389931261539459,0.2792466051934618,2.604520082473755,2.0,0.8519396030968098,0.7458662867678582
vit_tiny_patch16_224,mix25,1,mix25_3+mix25_4,2,dare,0.9,0.2,0.2,0,0.8672500000000001,0.9385810694276766,0.0771099179983139,0.43959134817123413,0.2703785583901109,2.5792704820632935,2.0,0.8342426405193205,0.7299813244550206
vit_tiny_patch16_224,mix25,1,mix25_3+mix25_4,2,dare,0.9,0.2,0.3,0,0.882,0.954530480846856,0.0771099179983139,0.43959134817123413,0.2703785583901109,2.5792704820632935,2.0,0.8342426405193205,0.7299813244550206
vit_tiny_patch16_224,mix25,1,mix25_3+mix25_4,2,dare,0.9,0.2,0.5,0,0.892,0.9653398940405186,0.0771099179983139,0.43959134817123413,0.2703785583901109,2.5792704820632935,2.0,0.8342426405193205,0.7299813244550206
vit_tiny_patch16_224,mix25,1,mix25_0+mix25_1+mix25_2,3,dare,0.9,0.2,0.2,0,0.8286666666666668,0.9393345331921359,0.0745863417784373,0.44164928793907166,0.2763312824086672,2.6325244903564453,3.0,0.8441569814615266,0.7348995636313523
vit_tiny_patch16_224,mix25,1,mix25_0+mix25_1+mix25_2,3,dare,0.9,0.2,0.3,0,0.8413333333333334,0.9537516503822271,0.0745863417784373,0.44164928793907166,0.2763312824086672,2.6325244903564453,3.0,0.8441569814615266,0.7348995636313523
vit_tiny_patch16_224,mix25,1,mix25_0+mix25_1+mix25_2,3,dare,0.9,0.2,0.5,0,0.8468333333333332,0.9602163584750226,0.0745863417784373,0.44164928793907166,0.2763312824086672,2.6325244903564453,3.0,0.8441569814615266,0.7348995636313523
vit_tiny_patch16_224,mix25,1,mix25_0+mix25_1+mix25_3,3,dare,0.9,0.2,0.2,0,0.86,0.94976719618554,0.08157697568337123,0.4362385869026184,0.2899002153948279,2.6156914234161377,3.0,0.8627036719330593,0.7243095887561273
vit_tiny_patch16_224,mix25,1,mix25_0+mix25_1+mix25_3,3,dare,0.9,0.2,0.3,0,0.8681666666666666,0.9588562187187054,0.08157697568337123,0.4362385869026184,0.2899002153948279,2.6156914234161377,3.0,0.8627036719330593,0.7243095887561273
vit_tiny_patch16_224,mix25,1,mix25_0+mix25_1+mix25_3,3,dare,0.9,0.2,0.5,0,0.8664999999999999,0.956972474428333,0.08157697568337123,0.4362385869026184,0.2899002153948279,2.6156914234161377,3.0,0.8627036719330593,0.7243095887561273
vit_tiny_patch16_224,mix25,1,mix25_0+mix25_1+mix25_4,3,dare,0.9,0.2,0.2,0,0.8595,0.9474369294189664,0.0766049325466156,0.44004522760709125,0.2774177510017977,2.610017935434977,3.0,0.8366671909306808,0.7305516787776319
vit_tiny_patch16_224,mix25,1,mix25_0+mix25_1+mix25_4,3,dare,0.9,0.2,0.3,0,0.867,0.9557281785041568,0.0766049325466156,0.44004522760709125,0.2774177510017977,2.610017935434977,3.0,0.8366671909306808,0.7305516787776319
vit_tiny_patch16_224,mix25,1,mix25_0+mix25_1+mix25_4,3,dare,0.9,0.2,0.5,0,0.8656666666666667,0.9542814295677274,0.0766049325466156,0.44004522760709125,0.2774177510017977,2.610017935434977,3.0,0.8366671909306808,0.7305516787776319
vit_tiny_patch16_224,mix25,1,mix25_0+mix25_2+mix25_3,3,dare,0.9,0.2,0.2,0,0.8185000000000001,0.930969197389898,0.07312583923339844,0.4427470962206523,0.2757803023794831,2.6381518046061196,3.0,0.8450999361371427,0.734195336022062
vit_tiny_patch16_224,mix25,1,mix25_0+mix25_2+mix25_3,3,dare,0.9,0.2,0.3,0,0.8338333333333333,0.948286696869916,0.07312583923339844,0.4427470962206523,0.2757803023794831,2.6381518046061196,3.0,0.8450999361371427,0.734195336022062
vit_tiny_patch16_224,mix25,1,mix25_0+mix25_2+mix25_3,3,dare,0.9,0.2,0.5,0,0.8355,0.9501557367004115,0.07312583923339844,0.4427470962206523,0.2757803023794831,2.6381518046061196,3.0,0.8450999361371427,0.734195336022062
vit_tiny_patch16_224,mix25,1,mix25_0+mix25_2+mix25_4,3,dare,0.9,0.2,0.2,0,0.8210000000000001,0.9317801630242787,0.07209876428047816,0.4435415466626485,0.27144029962322563,2.6324783166249595,3.0,0.8385511919180112,0.7404374260435667
vit_tiny_patch16_224,mix25,1,mix25_0+mix25_2+mix25_4,3,dare,0.9,0.2,0.3,0,0.835,0.9478355750503068,0.07209876428047816,0.4435415466626485,0.27144029962322563,2.6324783166249595,3.0,0.8385511919180112,0.7404374260435667
vit_tiny_patch16_224,mix25,1,mix25_0+mix25_2+mix25_4,3,dare,0.9,0.2,0.5,0,0.8393333333333333,0.9527866216568094,0.07209876428047816,0.4435415466626485,0.27144029962322563,2.6324783166249595,3.0,0.8385511919180112,0.7404374260435667
vit_tiny_patch16_224,mix25,1,mix25_0+mix25_3+mix25_4,3,dare,0.9,0.2,0.2,0,0.8496666666666667,0.9392259482861908,0.07660961151123047,0.4400094747543335,0.27851268446735933,2.615645249684652,3.0,0.8408772259564605,0.7298474511683416
vit_tiny_patch16_224,mix25,1,mix25_0+mix25_3+mix25_4,3,dare,0.9,0.2,0.3,0,0.863,0.9541631958896902,0.07660961151123047,0.4400094747543335,0.27851268446735933,2.615645249684652,3.0,0.8408772259564605,0.7298474511683416
vit_tiny_patch16_224,mix25,1,mix25_0+mix25_3+mix25_4,3,dare,0.9,0.2,0.5,0,0.8633333333333333,0.9544849374844248,0.07660961151123047,0.4400094747543335,0.27851268446735933,2.615645249684652,3.0,0.8408772259564605,0.7298474511683416
vit_tiny_patch16_224,mix25,1,mix25_1+mix25_2+mix25_3,3,dare,0.9,0.2,0.2,0,0.8504999999999999,0.9443667930526553,0.07592455297708511,0.4406300087769826,0.27730855134152754,2.5989864667256675,3.0,0.8475127263400614,0.7319123919072791
vit_tiny_patch16_224,mix25,1,mix25_1+mix25_2+mix25_3,3,dare,0.9,0.2,0.3,0,0.8603333333333333,0.9554195560235611,0.07592455297708511,0.4406300087769826,0.27730855134152754,2.5989864667256675,3.0,0.8475127263400614,0.7319123919072791
vit_tiny_patch16_224,mix25,1,mix25_1+mix25_2+mix25_3,3,dare,0.9,0.2,0.5,0,0.8606666666666666,0.9557127093113892,0.07592455297708511,0.4406300087769826,0.27730855134152754,2.5989864667256675,3.0,0.8475127263400614,0.7319123919072791
vit_tiny_patch16_224,mix25,1,mix25_1+mix25_2+mix25_4,3,dare,0.9,0.2,0.2,0,0.8513333333333334,0.9435739427078884,0.07822966327269872,0.438900093237559,0.27809893650483253,2.593312978744507,3.0,0.8378277198926494,0.7381544819287837
vit_tiny_patch16_224,mix25,1,mix25_1+mix25_2+mix25_4,3,dare,0.9,0.2,0.3,0,0.8603333333333333,0.9538474343289866,0.07822966327269872,0.438900093237559,0.27809893650483253,2.593312978744507,3.0,0.8378277198926494,0.7381544819287837
vit_tiny_patch16_224,mix25,1,mix25_1+mix25_2+mix25_4,3,dare,0.9,0.2,0.5,0,0.8633333333333333,0.9571137013342877,0.07822966327269872,0.438900093237559,0.27809893650483253,2.593312978744507,3.0,0.8378277198926494,0.7381544819287837
vit_tiny_patch16_224,mix25,1,mix25_1+mix25_3+mix25_4,3,dare,0.9,0.2,0.2,0,0.8753333333333333,0.9457678733730663,0.08002837250630061,0.4374202787876129,0.2786834534446256,2.576479911804199,3.0,0.8422504012740731,0.7275645070535587
vit_tiny_patch16_224,mix25,1,mix25_1+mix25_3+mix25_4,3,dare,0.9,0.2,0.3,0,0.8851666666666667,0.9563932657808406,0.08002837250630061,0.4374202787876129,0.2786834534446256,2.576479911804199,3.0,0.8422504012740731,0.7275645070535587
vit_tiny_patch16_224,mix25,1,mix25_1+mix25_3+mix25_4,3,dare,0.9,0.2,0.5,0,0.8826666666666667,0.9536781740020294,0.08002837250630061,0.4374202787876129,0.2786834534446256,2.576479911804199,3.0,0.8422504012740731,0.7275645070535587
vit_tiny_patch16_224,mix25,1,mix25_2+mix25_3+mix25_4,3,dare,0.9,0.2,0.2,0,0.844,0.9382790232490006,0.07466595619916916,0.4415635863939921,0.2718241661923059,2.598940292994181,3.0,0.8411392504030625,0.7374502543194933
vit_tiny_patch16_224,mix25,1,mix25_2+mix25_3+mix25_4,3,dare,0.9,0.2,0.3,0,0.8543333333333333,0.9499723337320477,0.07466595619916916,0.4415635863939921,0.2718241661923059,2.598940292994181,3.0,0.8411392504030625,0.7374502543194933
vit_tiny_patch16_224,mix25,1,mix25_2+mix25_3+mix25_4,3,dare,0.9,0.2,0.5,0,0.855,0.950878927506072,0.07466595619916916,0.4415635863939921,0.2718241661923059,2.598940292994181,3.0,0.8411392504030625,0.7374502543194933
vit_tiny_patch16_224,mix25,1,mix25_0+mix25_1+mix25_2+mix25_3+mix25_4,5,dare,0.9,0.2,0.2,0,0.8474999999999999,0.9429901507505847,0.07634510099887848,0.44027451872825624,0.2775297642758653,2.6112228870391845,5.0,0.8436786296246728,0.7329322679608197
vit_tiny_patch16_224,mix25,1,mix25_0+mix25_1+mix25_2+mix25_3+mix25_4,5,dare,0.9,0.2,0.3,0,0.8460000000000001,0.941387959183017,0.07634510099887848,0.44027451872825624,0.2775297642758653,2.6112228870391845,5.0,0.8436786296246728,0.7329322679608197
vit_tiny_patch16_224,mix25,1,mix25_0+mix25_1+mix25_2+mix25_3+mix25_4,5,dare,0.9,0.2,0.5,0,0.8196999999999999,0.9119072283488052,0.07634510099887848,0.44027451872825624,0.2775297642758653,2.6112228870391845,5.0,0.8436786296246728,0.7329322679608197
vit_tiny_patch16_224,mix50,0,mix50_0+mix50_1,2,dare,0.9,0.2,0.2,0,0.85175,0.9458683872368028,0.07977165281772614,0.4376727044582367,0.2769841577269942,2.583309292793274,2.0,0.8438359880177277,0.7390548345747378
vit_tiny_patch16_224,mix50,0,mix50_0+mix50_1,2,dare,0.9,0.2,0.3,0,0.87025,0.9664203952674455,0.07977165281772614,0.4376727044582367,0.2769841577269942,2.583309292793274,2.0,0.8438359880177277,0.7390548345747378
vit_tiny_patch16_224,mix50,0,mix50_0+mix50_1,2,dare,0.9,0.2,0.5,0,0.88375,0.9814075575845917,0.07977165281772614,0.4376727044582367,0.2769841577269942,2.583309292793274,2.0,0.8438359880177277,0.7390548345747378
vit_tiny_patch16_224,mix50,0,mix50_0+mix50_2,2,dare,0.9,0.2,0.2,0,0.859,0.9462726983115642,0.09061547368764877,0.42939090728759766,0.29303178110197015,2.6044342517852783,2.0,0.8587181272681828,0.7312202863242079
vit_tiny_patch16_224,mix50,0,mix50_0+mix50_2,2,dare,0.9,0.2,0.3,0,0.8775,0.9666533169495897,0.09061547368764877,0.42939090728759766,0.29303178110197015,2.6044342517852783,2.0,0.8587181272681828,0.7312202863242079
vit_tiny_patch16_224,mix50,0,mix50_0+mix50_2,2,dare,0.9,0.2,0.5,0,0.892,0.9826474916185015,0.09061547368764877,0.42939090728759766,0.29303178110197015,2.6044342517852783,2.0,0.8587181272681828,0.7312202863242079
vit_tiny_patch16_224,mix50,0,mix50_0+mix50_3,2,dare,0.9,0.2,0.2,0,0.8552500000000001,0.9455457525687003,0.09741592407226562,0.42422524094581604,0.306408928348211,2.627581834793091,2.0,0.8816031545083144,0.7296822186319276
vit_tiny_patch16_224,mix50,0,mix50_0+mix50_3,2,dare,0.9,0.2,0.3,0,0.873,0.9651694498837575,0.09741592407226562,0.42422524094581604,0.306408928348211,2.627581834793091,2.0,0.8816031545083144,0.7296822186319276
vit_tiny_patch16_224,mix50,0,mix50_0+mix50_3,2,dare,0.9,0.2,0.5,0,0.89125,0.9853505240075393,0.09741592407226562,0.42422524094581604,0.306408928348211,2.627581834793091,2.0,0.8816031545083144,0.7296822186319276
vit_tiny_patch16_224,mix50,0,mix50_0+mix50_4,2,dare,0.9,0.2,0.2,0,0.87975,0.9470658888623975,0.08670219779014587,0.43242931365966797,0.282014330889467,2.584725022315979,2.0,0.8470263398466995,0.7357498104457894
vit_tiny_patch16_224,mix50,0,mix50_0+mix50_4,2,dare,0.9,0.2,0.3,0,0.8945000000000001,0.9630866380443048,0.08670219779014587,0.43242931365966797,0.282014330889467,2.584725022315979,2.0,0.8470263398466995,0.7357498104457894
vit_tiny_patch16_224,mix50,0,mix50_0+mix50_4,2,dare,0.9,0.2,0.5,0,0.91075,0.9806639529372727,0.08670219779014587,0.43242931365966797,0.282014330889467,2.584725022315979,2.0,0.8470263398466995,0.7357498104457894
vit_tiny_patch16_224,mix50,0,mix50_1+mix50_2,2,dare,0.9,0.2,0.2,0,0.8625,0.9527481160569913,0.08358149975538254,0.43490129709243774,0.27999846187420385,2.558813691139221,2.0,0.8484142658610272,0.7368575573503252
vit_tiny_patch16_224,mix50,0,mix50_1+mix50_2,2,dare,0.9,0.2,0.3,0,0.8775,0.9693413064038807,0.08358149975538254,0.43490129709243774,0.27999846187420385,2.558813691139221,2.0,0.8484142658610272,0.7368575573503252
vit_tiny_patch16_224,mix50,0,mix50_1+mix50_2,2,dare,0.9,0.2,0.5,0,0.88825,0.9811884858284773,0.08358149975538254,0.43490129709243774,0.27999846187420385,2.558813691139221,2.0,0.8484142658610272,0.7368575573503252
vit_tiny_patch16_224,mix50,0,mix50_1+mix50_3,2,dare,0.9,0.2,0.2,0,0.8535,0.9462344577353649,0.07909934222698212,0.43820175528526306,0.27298588016446523,2.5819612741470337,2.0,0.8483304905585123,0.7353194896580448
vit_tiny_patch16_224,mix50,0,mix50_1+mix50_3,2,dare,0.9,0.2,0.3,0,0.8665,0.9606594492544138,0.07909934222698212,0.43820175528526306,0.27298588016446523,2.5819612741470337,2.0,0.8483304905585123,0.7353194896580448
vit_tiny_patch16_224,mix50,0,mix50_1+mix50_3,2,dare,0.9,0.2,0.5,0,0.87575,0.9709207854589792,0.07909934222698212,0.43820175528526306,0.27298588016446523,2.5819612741470337,2.0,0.8483304905585123,0.7353194896580448
vit_tiny_patch16_224,mix50,0,mix50_1+mix50_4,2,dare,0.9,0.2,0.2,0,0.88175,0.9519780001190004,0.09752772748470306,0.4242401123046875,0.29863851397369495,2.539104461669922,2.0,0.8653686778087728,0.7413870814719067
vit_tiny_patch16_224,mix50,0,mix50_1+mix50_4,2,dare,0.9,0.2,0.3,0,0.892,0.9630626699691183,0.09752772748470306,0.4242401123046875,0.29863851397369495,2.539104461669922,2.0,0.8653686778087728,0.7413870814719067
vit_tiny_patch16_224,mix50,0,mix50_1+mix50_4,2,dare,0.9,0.2,0.5,0,0.90325,0.9752114879582239,0.09752772748470306,0.4242401123046875,0.29863851397369495,2.539104461669922,2.0,0.8653686778087728,0.7413870814719067
vit_tiny_patch16_224,mix50,0,mix50_2+mix50_3,2,dare,0.9,0.2,0.2,0,0.8694999999999999,0.9562496598022316,0.09646522998809814,0.42488178610801697,0.30218464483932517,2.603086233139038,2.0,0.8747623892075105,0.7274849414075151
vit_tiny_patch16_224,mix50,0,mix50_2+mix50_3,2,dare,0.9,0.2,0.3,0,0.88325,0.9713731893918776,0.09646522998809814,0.42488178610801697,0.30218464483932517,2.603086233139038,2.0,0.8747623892075105,0.7274849414075151
vit_tiny_patch16_224,mix50,0,mix50_2+mix50_3,2,dare,0.9,0.2,0.5,0,0.8975,0.987060388883849,0.09646522998809814,0.42488178610801697,0.30218464483932517,2.603086233139038,2.0,0.8747623892075105,0.7274849414075151
vit_tiny_patch16_224,mix50,0,mix50_2+mix50_4,2,dare,0.9,0.2,0.2,0,0.8907499999999999,0.9543441664214929,0.0948496088385582,0.4262980818748474,0.28384843574766616,2.5602294206619263,2.0,0.8603709807513494,0.7335525332213768
vit_tiny_patch16_224,mix50,0,mix50_2+mix50_4,2,dare,0.9,0.2,0.3,0,0.90675,0.9714323643591638,0.0948496088385582,0.4262980818748474,0.28384843574766616,2.5602294206619263,2.0,0.8603709807513494,0.7335525332213768
vit_tiny_patch16_224,mix50,0,mix50_2+mix50_4,2,dare,0.9,0.2,0.5,0,0.91525,0.980602768429286,0.0948496088385582,0.4262980818748474,0.28384843574766616,2.5602294206619263,2.0,0.8603709807513494,0.7335525332213768
vit_tiny_patch16_224,mix50,0,mix50_3+mix50_4,2,dare,0.9,0.2,0.2,0,0.8852500000000001,0.9514948651502064,0.08394914865493774,0.43449118733406067,0.28391196809619607,2.5833770036697388,2.0,0.8530728190904258,0.7320144655290965
vit_tiny_patch16_224,mix50,0,mix50_3+mix50_4,2,dare,0.9,0.2,0.3,0,0.8975,0.9647494382944968,0.08394914865493774,0.43449118733406067,0.28391196809619607,2.5833770036697388,2.0,0.8530728190904258,0.7320144655290965
vit_tiny_patch16_224,mix50,0,mix50_3+mix50_4,2,dare,0.9,0.2,0.5,0,0.9095,0.9776719894261758,0.08394914865493774,0.43449118733406067,0.28391196809619607,2.5833770036697388,2.0,0.8530728190904258,0.7320144655290965
vit_tiny_patch16_224,mix50,0,mix50_0+mix50_1+mix50_2,3,dare,0.9,0.2,0.2,0,0.8628333333333332,0.9539313451584465,0.08465620875358582,0.4339883029460907,0.28333813356772275,2.582185745239258,3.0,0.8503227937156459,0.7357108927497569
vit_tiny_patch16_224,mix50,0,mix50_0+mix50_1+mix50_2,3,dare,0.9,0.2,0.3,0,0.8801666666666667,0.9730978822820876,0.08465620875358582,0.4339883029460907,0.28333813356772275,2.582185745239258,3.0,0.8503227937156459,0.7357108927497569
vit_tiny_patch16_224,mix50,0,mix50_0+mix50_1+mix50_2,3,dare,0.9,0.2,0.5,0,0.8773333333333334,0.9699963438515287,0.08465620875358582,0.4339883029460907,0.28333813356772275,2.582185745239258,3.0,0.8503227937156459,0.7357108927497569
vit_tiny_patch16_224,mix50,0,mix50_0+mix50_1+mix50_3,3,dare,0.9,0.2,0.2,0,0.8601666666666666,0.9532792863708254,0.08542897303899129,0.4333665668964386,0.28545965541322343,2.5976174672444663,3.0,0.8579232110281848,0.7346855142882367
vit_tiny_patch16_224,mix50,0,mix50_0+mix50_1+mix50_3,3,dare,0.9,0.2,0.3,0,0.8734999999999999,0.9680636841715228,0.08542897303899129,0.4333665668964386,0.28545965541322343,2.5976174672444663,3.0,0.8579232110281848,0.7346855142882367
vit_tiny_patch16_224,mix50,0,mix50_0+mix50_1+mix50_3,3,dare,0.9,0.2,0.5,0,0.8691666666666666,0.9632635614323277,0.08542897303899129,0.4333665668964386,0.28545965541322343,2.5976174672444663,3.0,0.8579232110281848,0.7346855142882367
vit_tiny_patch16_224,mix50,0,mix50_0+mix50_1+mix50_4,3,dare,0.9,0.2,0.2,0,0.8768333333333334,0.9546629473123548,0.08800052603085835,0.4314473768075307,0.28587900086338536,2.5690462589263916,3.0,0.8520770018910667,0.7387305754974779
vit_tiny_patch16_224,mix50,0,mix50_0+mix50_1+mix50_4,3,dare,0.9,0.2,0.3,0,0.8863333333333334,0.9650724726656374,0.08800052603085835,0.4314473768075307,0.28587900086338536,2.5690462589263916,3.0,0.8520770018910667,0.7387305754974779
vit_tiny_patch16_224,mix50,0,mix50_0+mix50_1+mix50_4,3,dare,0.9,0.2,0.5,0,0.8863333333333333,0.9649591371487592,0.08800052603085835,0.4314473768075307,0.28587900086338536,2.5690462589263916,3.0,0.8520770018910667,0.7387305754974779
vit_tiny_patch16_224,mix50,0,mix50_0+mix50_2+mix50_3,3,dare,0.9,0.2,0.2,0,0.8691666666666666,0.9580969978976474,0.09483220924933751,0.42616597811381024,0.3005417847631688,2.6117007732391357,3.0,0.8716945569946692,0.7294624821212169
vit_tiny_patch16_224,mix50,0,mix50_0+mix50_2+mix50_3,3,dare,0.9,0.2,0.3,0,0.884,0.9744501869928198,0.09483220924933751,0.42616597811381024,0.3005417847631688,2.6117007732391357,3.0,0.8716945569946692,0.7294624821212169
vit_tiny_patch16_224,mix50,0,mix50_0+mix50_2+mix50_3,3,dare,0.9,0.2,0.5,0,0.8795000000000001,0.9695046181334259,0.09483220924933751,0.42616597811381024,0.3005417847631688,2.6117007732391357,3.0,0.8716945569946692,0.7294624821212169
vit_tiny_patch16_224,mix50,0,mix50_0+mix50_2+mix50_4,3,dare,0.9,0.2,0.2,0,0.8818333333333334,0.9551294611922369,0.09072242677211761,0.42937276760737103,0.2862981825797011,2.583129564921061,3.0,0.8553718159554106,0.733507543330458
vit_tiny_patch16_224,mix50,0,mix50_0+mix50_2+mix50_4,3,dare,0.9,0.2,0.3,0,0.8935,0.967823286878953,0.09072242677211761,0.42937276760737103,0.2862981825797011,2.583129564921061,3.0,0.8553718159554106,0.733507543330458
vit_tiny_patch16_224,mix50,0,mix50_0+mix50_2+mix50_4,3,dare,0.9,0.2,0.5,0,0.8918333333333334,0.9659033335971352,0.09072242677211761,0.42937276760737103,0.2862981825797011,2.583129564921061,3.0,0.8553718159554106,0.733507543330458
vit_tiny_patch16_224,mix50,0,mix50_0+mix50_3+mix50_4,3,dare,0.9,0.2,0.2,0,0.8775,0.952608966149962,0.08935575683911641,0.4303819139798482,0.2907784091112913,2.5985612869262695,3.0,0.8605674378151466,0.7324821648689378
vit_tiny_patch16_224,mix50,0,mix50_0+mix50_3+mix50_4,3,dare,0.9,0.2,0.3,0,0.8903333333333333,0.9666462380841213,0.08935575683911641,0.4303819139798482,0.2907784091112913,2.5985612869262695,3.0,0.8605674378151466,0.7324821648689378
vit_tiny_patch16_224,mix50,0,mix50_0+mix50_3+mix50_4,3,dare,0.9,0.2,0.5,0,0.8845000000000001,0.96026883333615,0.08935575683911641,0.4303819139798482,0.2907784091112913,2.5985612869262695,3.0,0.8605674378151466,0.7324821648689378
vit_tiny_patch16_224,mix50,0,mix50_1+mix50_2+mix50_3,3,dare,0.9,0.2,0.2,0,0.8676666666666666,0.9581859250762781,0.08638202399015427,0.4326616128285726,0.2850563289593314,2.581287066141764,3.0,0.85716904854235,0.733220662805295
vit_tiny_patch16_224,mix50,0,mix50_1+mix50_2+mix50_3,3,dare,0.9,0.2,0.3,0,0.8791666666666668,0.9708827047484324,0.08638202399015427,0.4326616128285726,0.2850563289593314,2.581287066141764,3.0,0.85716904854235,0.733220662805295
vit_tiny_patch16_224,mix50,0,mix50_1+mix50_2+mix50_3,3,dare,0.9,0.2,0.5,0,0.874,0.9652091392088932,0.08638202399015427,0.4326616128285726,0.2850563289593314,2.581287066141764,3.0,0.85716904854235,0.733220662805295
vit_tiny_patch16_224,mix50,0,mix50_1+mix50_2+mix50_4,3,dare,0.9,0.2,0.2,0,0.8816666666666667,0.956678017079387,0.09198627869288127,0.4284798304239909,0.28749513719852166,2.55271585782369,3.0,0.8580513081403831,0.7372657240145362
vit_tiny_patch16_224,mix50,0,mix50_1+mix50_2+mix50_4,3,dare,0.9,0.2,0.3,0,0.8906666666666667,0.9665132307025631,0.09198627869288127,0.4284798304239909,0.28749513719852166,2.55271585782369,3.0,0.8580513081403831,0.7372657240145362
vit_tiny_patch16_224,mix50,0,mix50_1+mix50_2+mix50_4,3,dare,0.9,0.2,0.5,0,0.8858333333333334,0.9611137918576601,0.09198627869288127,0.4284798304239909,0.28749513719852166,2.55271585782369,3.0,0.8580513081403831,0.7372657240145362
vit_tiny_patch16_224,mix50,0,mix50_1+mix50_3+mix50_4,3,dare,0.9,0.2,0.2,0,0.875,0.9516134864980949,0.08685873945554097,0.4323110183080037,0.2851787874114521,2.568147579828898,3.0,0.8555906624859037,0.736240345553016
vit_tiny_patch16_224,mix50,0,mix50_1+mix50_3+mix50_4,3,dare,0.9,0.2,0.3,0,0.8823333333333334,0.9595539896296708,0.08685873945554097,0.4323110183080037,0.2851787874114521,2.568147579828898,3.0,0.8555906624859037,0.736240345553016
vit_tiny_patch16_224,mix50,0,mix50_1+mix50_3+mix50_4,3,dare,0.9,0.2,0.5,0,0.8733333333333334,0.9497258271162851,0.08685873945554097,0.4323110183080037,0.2851787874114521,2.568147579828898,3.0,0.8555906624859037,0.736240345553016
vit_tiny_patch16_224,mix50,0,mix50_2+mix50_3+mix50_4,3,dare,0.9,0.2,0.2,0,0.8850000000000001,0.9575016744491518,0.0917546624938647,0.42855701843897503,0.2899816828943958,2.582230885823568,3.0,0.8627353963497618,0.7310173133859962
vit_tiny_patch16_224,mix50,0,mix50_2+mix50_3+mix50_4,3,dare,0.9,0.2,0.3,0,0.896,0.9694647438947269,0.0917546624938647,0.42855701843897503,0.2899816828943958,2.582230885823568,3.0,0.8627353963497618,0.7310173133859962
vit_tiny_patch16_224,mix50,0,mix50_2+mix50_3+mix50_4,3,dare,0.9,0.2,0.5,0,0.8851666666666667,0.9576899135445286,0.0917546624938647,0.42855701843897503,0.2899816828943958,2.582230885823568,3.0,0.8627353963497618,0.7310173133859962
vit_tiny_patch16_224,mix50,0,mix50_0+mix50_1+mix50_2+mix50_3+mix50_4,5,dare,0.9,0.2,0.2,0,0.8775999999999999,0.9594546588674977,0.08899778053164482,0.4306732386350632,0.2880007102762194,2.58266224861145,5.0,0.8581503232918521,0.7342323218614928
vit_tiny_patch16_224,mix50,0,mix50_0+mix50_1+mix50_2+mix50_3+mix50_4,5,dare,0.9,0.2,0.3,0,0.8769,0.9586778575010662,0.08899778053164482,0.4306732386350632,0.2880007102762194,2.58266224861145,5.0,0.8581503232918521,0.7342323218614928
vit_tiny_patch16_224,mix50,0,mix50_0+mix50_1+mix50_2+mix50_3+mix50_4,5,dare,0.9,0.2,0.5,0,0.8465,0.9252805946664722,0.08899778053164482,0.4306732386350632,0.2880007102762194,2.58266224861145,5.0,0.8581503232918521,0.7342323218614928
vit_tiny_patch16_224,mix50,1,mix50_0+mix50_1,2,dare,0.9,0.2,0.2,0,0.8545,0.9481890267399957,0.07749540358781815,0.4393919110298157,0.275240315822443,2.576339364051819,2.0,0.8365529119157479,0.7378955308451256
vit_tiny_patch16_224,mix50,1,mix50_0+mix50_1,2,dare,0.9,0.2,0.3,0,0.87075,0.9661951863329185,0.07749540358781815,0.4393919110298157,0.275240315822443,2.576339364051819,2.0,0.8365529119157479,0.7378955308451256
vit_tiny_patch16_224,mix50,1,mix50_0+mix50_1,2,dare,0.9,0.2,0.5,0,0.88375,0.9806316937710916,0.07749540358781815,0.4393919110298157,0.275240315822443,2.576339364051819,2.0,0.8365529119157479,0.7378955308451256
vit_tiny_patch16_224,mix50,1,mix50_0+mix50_2,2,dare,0.9,0.2,0.2,0,0.85975,0.9421673788814504,0.08892713487148285,0.43065640330314636,0.2942029589574061,2.610016107559204,2.0,0.8674947210673285,0.7345490230118552
vit_tiny_patch16_224,mix50,1,mix50_0+mix50_2,2,dare,0.9,0.2,0.3,0,0.874,0.9578216916842619,0.08892713487148285,0.43065640330314636,0.2942029589574061,2.610016107559204,2.0,0.8674947210673285,0.7345490230118552
vit_tiny_patch16_224,mix50,1,mix50_0+mix50_2,2,dare,0.9,0.2,0.5,0,0.8955,0.9813767243884921,0.08892713487148285,0.43065640330314636,0.2942029589574061,2.610016107559204,2.0,0.8674947210673285,0.7345490230118552
vit_tiny_patch16_224,mix50,1,mix50_0+mix50_3,2,dare,0.9,0.2,0.2,0,0.85825,0.9472958057395143,0.09374871850013733,0.42700207233428955,0.30443733627981506,2.6312313079833984,2.0,0.8863856581776669,0.727641692779823
vit_tiny_patch16_224,mix50,1,mix50_0+mix50_3,2,dare,0.9,0.2,0.3,0,0.876,0.966887417218543,0.09374871850013733,0.42700207233428955,0.30443733627981506,2.6312313079833984,2.0,0.8863856581776669,0.727641692779823
vit_tiny_patch16_224,mix50,1,mix50_0+mix50_3,2,dare,0.9,0.2,0.5,0,0.88625,0.9782008830022075,0.09374871850013733,0.42700207233428955,0.30443733627981506,2.6312313079833984,2.0,0.8863856581776669,0.727641692779823
vit_tiny_patch16_224,mix50,1,mix50_0+mix50_4,2,dare,0.9,0.2,0.2,0,0.88175,0.9502892773819611,0.08653520047664642,0.4325028359889984,0.2795019504369523,2.5887720584869385,2.0,0.8526432546630593,0.73419066664871
vit_tiny_patch16_224,mix50,1,mix50_0+mix50_4,2,dare,0.9,0.2,0.3,0,0.8955,0.9650739845648982,0.08653520047664642,0.4325028359889984,0.2795019504369523,2.5887720584869385,2.0,0.8526432546630593,0.73419066664871
vit_tiny_patch16_224,mix50,1,mix50_0+mix50_4,2,dare,0.9,0.2,0.5,0,0.907,0.9775016652194078,0.08653520047664642,0.4325028359889984,0.2795019504369523,2.5887720584869385,2.0,0.8526432546630593,0.73419066664871
vit_tiny_patch16_224,mix50,1,mix50_1+mix50_2,2,dare,0.9,0.2,0.2,0,0.86075,0.9482156761241123,0.07885125279426575,0.4384758770465851,0.2836111201118966,2.552993655204773,2.0,0.8453872048246963,0.7406977256765397
vit_tiny_patch16_224,mix50,1,mix50_1+mix50_2,2,dare,0.9,0.2,0.3,0,0.87575,0.9647698976857773,0.07885125279426575,0.4384758770465851,0.2836111201118966,2.552993655204773,2.0,0.8453872048246963,0.7406977256765397
vit_tiny_patch16_224,mix50,1,mix50_1+mix50_2,2,dare,0.9,0.2,0.5,0,0.8895,0.9799093257723938,0.07885125279426575,0.4384758770465851,0.2836111201118966,2.552993655204773,2.0,0.8453872048246963,0.7406977256765397
vit_tiny_patch16_224,mix50,1,mix50_1+mix50_3,2,dare,0.9,0.2,0.2,0,0.85275,0.946225294836801,0.07355818897485733,0.4424706995487213,0.27696848839791366,2.5742088556289673,2.0,0.8377409254377588,0.7337903954445074
vit_tiny_patch16_224,mix50,1,mix50_1+mix50_3,2,dare,0.9,0.2,0.3,0,0.8685,0.96372051478093,0.07355818897485733,0.4424706995487213,0.27696848839791366,2.5742088556289673,2.0,0.8377409254377588,0.7337903954445074
vit_tiny_patch16_224,mix50,1,mix50_1+mix50_3,2,dare,0.9,0.2,0.5,0,0.8755,0.9714994170363285,0.07355818897485733,0.4424706995487213,0.27696848839791366,2.5742088556289673,2.0,0.8377409254377588,0.7337903954445074
vit_tiny_patch16_224,mix50,1,mix50_1+mix50_4,2,dare,0.9,0.2,0.2,0,0.8807499999999999,0.954242068872953,0.09784141927957535,0.42403656244277954,0.3008086118342526,2.5317496061325073,2.0,0.867908115854386,0.7403393693133944
vit_tiny_patch16_224,mix50,1,mix50_1+mix50_4,2,dare,0.9,0.2,0.3,0,0.8972500000000001,0.972102174890533,0.09784141927957535,0.42403656244277954,0.3008086118342526,2.5317496061325073,2.0,0.867908115854386,0.7403393693133944
vit_tiny_patch16_224,mix50,1,mix50_1+mix50_4,2,dare,0.9,0.2,0.5,0,0.9035,0.9789492047800425,0.09784141927957535,0.42403656244277954,0.3008086118342526,2.5317496061325073,2.0,0.867908115854386,0.7403393693133944
vit_tiny_patch16_224,mix50,1,mix50_2+mix50_3,2,dare,0.9,0.2,0.2,0,0.865,0.947915240435544,0.09497211873531342,0.4260398745536804,0.3038482104498938,2.6078855991363525,2.0,0.8776031913044569,0.7304438876112371
vit_tiny_patch16_224,mix50,1,mix50_2+mix50_3,2,dare,0.9,0.2,0.3,0,0.88375,0.9684583732678047,0.09497211873531342,0.4260398745536804,0.3038482104498938,2.6078855991363525,2.0,0.8776031913044569,0.7304438876112371
vit_tiny_patch16_224,mix50,1,mix50_2+mix50_3,2,dare,0.9,0.2,0.5,0,0.8927499999999999,0.9782945638675304,0.09497211873531342,0.4260398745536804,0.3038482104498938,2.6078855991363525,2.0,0.8776031913044569,0.7304438876112371
vit_tiny_patch16_224,mix50,1,mix50_2+mix50_4,2,dare,0.9,0.2,0.2,0,0.8895,0.9520747418176109,0.0971277579665184,0.4245505928993225,0.2978294897712304,2.5654263496398926,2.0,0.8670411402513204,0.7369928614801242
vit_tiny_patch16_224,mix50,1,mix50_2+mix50_4,2,dare,0.9,0.2,0.3,0,0.90675,0.9705917323188826,0.0971277579665184,0.4245505928993225,0.2978294897712304,2.5654263496398926,2.0,0.8670411402513204,0.7369928614801242
vit_tiny_patch16_224,mix50,1,mix50_2+mix50_4,2,dare,0.9,0.2,0.5,0,0.91625,0.9807193351291356,0.0971277579665184,0.4245505928993225,0.2978294897712304,2.5654263496398926,2.0,0.8670411402513204,0.7369928614801242
vit_tiny_patch16_224,mix50,1,mix50_3+mix50_4,2,dare,0.9,0.2,0.2,0,0.882,0.9505399321357703,0.08866162598133087,0.43083274364471436,0.2882075870265603,2.586641550064087,2.0,0.8607071429347364,0.7300855312480918
vit_tiny_patch16_224,mix50,1,mix50_3+mix50_4,2,dare,0.9,0.2,0.3,0,0.8932500000000001,0.9626158242923254,0.08866162598133087,0.43083274364471436,0.2882075870265603,2.586641550064087,2.0,0.8607071429347364,0.7300855312480918
vit_tiny_patch16_224,mix50,1,mix50_3+mix50_4,2,dare,0.9,0.2,0.5,0,0.9055,0.9757575440542077,0.08866162598133087,0.43083274364471436,0.2882075870265603,2.586641550064087,2.0,0.8607071429347364,0.7300855312480918
vit_tiny_patch16_224,mix50,1,mix50_0+mix50_1+mix50_2,3,dare,0.9,0.2,0.2,0,0.8641666666666667,0.9526051785837955,0.08175793041785558,0.43617473045984906,0.2843514649639152,2.579783042271932,3.0,0.8498116126025909,0.7377140931778401
vit_tiny_patch16_224,mix50,1,mix50_0+mix50_1+mix50_2,3,dare,0.9,0.2,0.3,0,0.8798333333333334,0.969884872664471,0.08175793041785558,0.43617473045984906,0.2843514649639152,2.579783042271932,3.0,0.8498116126025909,0.7377140931778401
vit_tiny_patch16_224,mix50,1,mix50_0+mix50_1+mix50_2,3,dare,0.9,0.2,0.5,0,0.8785,0.9684717296938926,0.08175793041785558,0.43617473045984906,0.2843514649639152,2.579783042271932,3.0,0.8498116126025909,0.7377140931778401
vit_tiny_patch16_224,mix50,1,mix50_0+mix50_1+mix50_3,3,dare,0.9,0.2,0.2,0,0.8641666666666667,0.9571909523053228,0.08160077035427094,0.4362882276376088,0.2855487135000572,2.593926509221395,3.0,0.8535598318437246,0.7331092063564854
vit_tiny_patch16_224,mix50,1,mix50_0+mix50_1+mix50_3,3,dare,0.9,0.2,0.3,0,0.8734999999999999,0.9675413789296696,0.08160077035427094,0.4362882276376088,0.2855487135000572,2.593926509221395,3.0,0.8535598318437246,0.7331092063564854
vit_tiny_patch16_224,mix50,1,mix50_0+mix50_1+mix50_3,3,dare,0.9,0.2,0.5,0,0.8691666666666666,0.962775994618923,0.08160077035427094,0.4362882276376088,0.2855487135000572,2.593926509221395,3.0,0.8535598318437246,0.7331092063564854
vit_tiny_patch16_224,mix50,1,mix50_0+mix50_1+mix50_4,3,dare,0.9,0.2,0.2,0,0.8773333333333334,0.9563578463042642,0.0872906744480133,0.43197710315386456,0.285183626031216,2.5656203428904214,3.0,0.8523680941443977,0.7374751889357434
vit_tiny_patch16_224,mix50,1,mix50_0+mix50_1+mix50_4,3,dare,0.9,0.2,0.3,0,0.8891666666666667,0.9692880910672129,0.0872906744480133,0.43197710315386456,0.285183626031216,2.5656203428904214,3.0,0.8523680941443977,0.7374751889357434
vit_tiny_patch16_224,mix50,1,mix50_0+mix50_1+mix50_4,3,dare,0.9,0.2,0.5,0,0.886,0.9658921167216018,0.0872906744480133,0.43197710315386456,0.285183626031216,2.5656203428904214,3.0,0.8523680941443977,0.7374751889357434
vit_tiny_patch16_224,mix50,1,mix50_0+mix50_2+mix50_3,3,dare,0.9,0.2,0.2,0,0.8694999999999999,0.9551564910831029,0.09254932403564453,0.42789945006370544,0.300829501895705,2.616377671559652,3.0,0.8771611901831508,0.730878201134305
vit_tiny_patch16_224,mix50,1,mix50_0+mix50_2+mix50_3,3,dare,0.9,0.2,0.3,0,0.8835000000000001,0.9705153488491264,0.09254932403564453,0.42789945006370544,0.300829501895705,2.616377671559652,3.0,0.8771611901831508,0.730878201134305
vit_tiny_patch16_224,mix50,1,mix50_0+mix50_2+mix50_3,3,dare,0.9,0.2,0.5,0,0.8773333333333334,0.9637453049472304,0.09254932403564453,0.42789945006370544,0.300829501895705,2.616377671559652,3.0,0.8771611901831508,0.730878201134305
vit_tiny_patch16_224,mix50,1,mix50_0+mix50_2+mix50_4,3,dare,0.9,0.2,0.2,0,0.8813333333333334,0.9529255520664015,0.0908633644382159,0.4292366107304891,0.2905114663885296,2.5880715052286782,3.0,0.8623930386605694,0.7352441837135631
vit_tiny_patch16_224,mix50,1,mix50_0+mix50_2+mix50_4,3,dare,0.9,0.2,0.3,0,0.8948333333333333,0.9675530651075386,0.0908633644382159,0.4292366107304891,0.2905114663885296,2.5880715052286782,3.0,0.8623930386605694,0.7352441837135631
vit_tiny_patch16_224,mix50,1,mix50_0+mix50_2+mix50_4,3,dare,0.9,0.2,0.5,0,0.8928333333333334,0.9653956233409304,0.0908633644382159,0.4292366107304891,0.2905114663885296,2.5880715052286782,3.0,0.8623930386605694,0.7352441837135631
vit_tiny_patch16_224,mix50,1,mix50_0+mix50_3+mix50_4,3,dare,0.9,0.2,0.2,0,0.8766666666666666,0.95234362921347,0.08964851498603821,0.4301125506560008,0.2907156245811092,2.602214972178141,3.0,0.8665786852584875,0.7306392968922083
vit_tiny_patch16_224,mix50,1,mix50_0+mix50_3+mix50_4,3,dare,0.9,0.2,0.3,0,0.8898333333333334,0.9666656785783618,0.08964851498603821,0.4301125506560008,0.2907156245811092,2.602214972178141,3.0,0.8665786852584875,0.7306392968922083
vit_tiny_patch16_224,mix50,1,mix50_0+mix50_3+mix50_4,3,dare,0.9,0.2,0.5,0,0.8843333333333333,0.9606456052738341,0.08964851498603821,0.4301125506560008,0.2907156245811092,2.602214972178141,3.0,0.8665786852584875,0.7306392968922083
vit_tiny_patch16_224,mix50,1,mix50_1+mix50_2+mix50_3,3,dare,0.9,0.2,0.2,0,0.863,0.9512738817229017,0.08246052016814549,0.4356621503829956,0.28814260631990135,2.5783627033233643,3.0,0.8535771071889706,0.7349773362440947
vit_tiny_patch16_224,mix50,1,mix50_1+mix50_2+mix50_3,3,dare,0.9,0.2,0.3,0,0.8744999999999999,0.9639513693808895,0.08246052016814549,0.4356621503829956,0.28814260631990135,2.5783627033233643,3.0,0.8535771071889706,0.7349773362440947
vit_tiny_patch16_224,mix50,1,mix50_1+mix50_2+mix50_3,3,dare,0.9,0.2,0.5,0,0.8678333333333333,0.9566470212112193,0.08246052016814549,0.4356621503829956,0.28814260631990135,2.5783627033233643,3.0,0.8535771071889706,0.7349773362440947
vit_tiny_patch16_224,mix50,1,mix50_1+mix50_2+mix50_4,3,dare,0.9,0.2,0.2,0,0.883,0.9580474073804178,0.09127347668011983,0.42902101079622906,0.2940830739057932,2.550056536992391,3.0,0.8601121536434676,0.7393433188233528
vit_tiny_patch16_224,mix50,1,mix50_1+mix50_2+mix50_4,3,dare,0.9,0.2,0.3,0,0.8913333333333333,0.9671804168511988,0.09127347668011983,0.42902101079622906,0.2940830739057932,2.550056536992391,3.0,0.8601121536434676,0.7393433188233528
vit_tiny_patch16_224,mix50,1,mix50_1+mix50_2+mix50_4,3,dare,0.9,0.2,0.5,0,0.8905,0.9663346232458864,0.09127347668011983,0.42902101079622906,0.2940830739057932,2.550056536992391,3.0,0.8601121536434676,0.7393433188233528
vit_tiny_patch16_224,mix50,1,mix50_1+mix50_3+mix50_4,3,dare,0.9,0.2,0.2,0,0.872,0.9505489645971412,0.08668707807858785,0.4324466685454051,0.2886615624195755,2.564200003941854,3.0,0.8554520614089604,0.7347384320019978
vit_tiny_patch16_224,mix50,1,mix50_1+mix50_3+mix50_4,3,dare,0.9,0.2,0.3,0,0.8811666666666667,0.960517694015703,0.08668707807858785,0.4324466685454051,0.2886615624195755,2.564200003941854,3.0,0.8554520614089604,0.7347384320019978
vit_tiny_patch16_224,mix50,1,mix50_1+mix50_3+mix50_4,3,dare,0.9,0.2,0.5,0,0.8719999999999999,0.9505218484924812,0.08668707807858785,0.4324466685454051,0.2886615624195755,2.564200003941854,3.0,0.8554520614089604,0.7347384320019978
vit_tiny_patch16_224,mix50,1,mix50_2+mix50_3+mix50_4,3,dare,0.9,0.2,0.2,0,0.8855,0.9574393867971667,0.09358716756105423,0.42714107036590576,0.29662842908256154,2.586651166280111,3.0,0.868450491496838,0.7325074267798177
vit_tiny_patch16_224,mix50,1,mix50_2+mix50_3+mix50_4,3,dare,0.9,0.2,0.3,0,0.8948333333333333,0.9675094479943712,0.09358716756105423,0.42714107036590576,0.29662842908256154,2.586651166280111,3.0,0.868450491496838,0.7325074267798177
vit_tiny_patch16_224,mix50,1,mix50_2+mix50_3+mix50_4,3,dare,0.9,0.2,0.5,0,0.8873333333333333,0.9594628155693821,0.09358716756105423,0.42714107036590576,0.29662842908256154,2.586651166280111,3.0,0.868450491496838,0.7325074267798177
vit_tiny_patch16_224,mix50,1,mix50_0+mix50_1+mix50_2+mix50_3+mix50_4,5,dare,0.9,0.2,0.2,0,0.8760999999999999,0.957064604871302,0.08777188211679458,0.4315959572792053,0.2904656069088364,2.582526445388794,5.0,0.8599464266431157,0.7346626684059409
vit_tiny_patch16_224,mix50,1,mix50_0+mix50_1+mix50_2+mix50_3+mix50_4,5,dare,0.9,0.2,0.3,0,0.8744,0.9552186305158521,0.08777188211679458,0.4315959572792053,0.2904656069088364,2.582526445388794,5.0,0.8599464266431157,0.7346626684059409
vit_tiny_patch16_224,mix50,1,mix50_0+mix50_1+mix50_2+mix50_3+mix50_4,5,dare,0.9,0.2,0.5,0,0.8446999999999999,0.9226818105081509,0.08777188211679458,0.4315959572792053,0.2904656069088364,2.582526445388794,5.0,0.8599464266431157,0.7346626684059409
vit_tiny_patch16_224,mix75,0,mix75_0+mix75_1,2,dare,0.9,0.2,0.2,0,0.8905000000000001,0.9556729976892536,0.09209774434566498,0.4283634126186371,0.3014786386580273,2.5849088430404663,2.0,0.8825658888682795,0.7356538521531425
vit_tiny_patch16_224,mix75,0,mix75_0+mix75_1,2,dare,0.9,0.2,0.3,0,0.9025000000000001,0.9685715438206262,0.09209774434566498,0.4283634126186371,0.3014786386580273,2.5849088430404663,2.0,0.8825658888682795,0.7356538521531425
vit_tiny_patch16_224,mix75,0,mix75_0+mix75_1,2,dare,0.9,0.2,0.5,0,0.9085,0.9750270835614306,0.09209774434566498,0.4283634126186371,0.3014786386580273,2.5849088430404663,2.0,0.8825658888682795,0.7356538521531425
vit_tiny_patch16_224,mix75,0,mix75_0+mix75_2,2,dare,0.9,0.2,0.2,0,0.8832500000000001,0.9574117059411178,0.09114180505275726,0.42904841899871826,0.2945708984421609,2.5942572355270386,2.0,0.8732778592852348,0.7402820615613092
vit_tiny_patch16_224,mix75,0,mix75_0+mix75_2,2,dare,0.9,0.2,0.3,0,0.896,0.9712610918493272,0.09114180505275726,0.42904841899871826,0.2945708984421609,2.5942572355270386,2.0,0.8732778592852348,0.7402820615613092
vit_tiny_patch16_224,mix75,0,mix75_0+mix75_2,2,dare,0.9,0.2,0.5,0,0.90575,0.9818137744608333,0.09114180505275726,0.42904841899871826,0.2945708984421609,2.5942572355270386,2.0,0.8732778592852348,0.7402820615613092
vit_tiny_patch16_224,mix75,0,mix75_0+mix75_3,2,dare,0.9,0.2,0.2,0,0.8725,0.953297747879497,0.08874207735061646,0.430878609418869,0.2987384178373772,2.6074345111846924,2.0,0.8697933959477046,0.7337480727710743
vit_tiny_patch16_224,mix75,0,mix75_0+mix75_3,2,dare,0.9,0.2,0.3,0,0.88325,0.9650325909831613,0.08874207735061646,0.430878609418869,0.2987384178373772,2.6074345111846924,2.0,0.8697933959477046,0.7337480727710743
vit_tiny_patch16_224,mix75,0,mix75_0+mix75_3,2,dare,0.9,0.2,0.5,0,0.8945000000000001,0.9773200183846571,0.08874207735061646,0.430878609418869,0.2987384178373772,2.6074345111846924,2.0,0.8697933959477046,0.7337480727710743
vit_tiny_patch16_224,mix75,0,mix75_0+mix75_4,2,dare,0.9,0.2,0.2,0,0.869,0.9504857418031071,0.09231466799974442,0.42814701795578003,0.3011146915669639,2.5872479677200317,2.0,0.8736816409045234,0.7344011206668979
vit_tiny_patch16_224,mix75,0,mix75_0+mix75_4,2,dare,0.9,0.2,0.3,0,0.88375,0.9666258890809789,0.09231466799974442,0.42814701795578003,0.3011146915669639,2.5872479677200317,2.0,0.8736816409045234,0.7344011206668979
vit_tiny_patch16_224,mix75,0,mix75_0+mix75_4,2,dare,0.9,0.2,0.5,0,0.8975,0.9816544234208905,0.09231466799974442,0.42814701795578003,0.3011146915669639,2.5872479677200317,2.0,0.8736816409045234,0.7344011206668979
vit_tiny_patch16_224,mix75,0,mix75_1+mix75_2,2,dare,0.9,0.2,0.2,0,0.9047499999999999,0.9581275290303946,0.09320659935474396,0.42756566405296326,0.2991125299876832,2.5699100494384766,2.0,0.8756455458997772,0.7362029581146614
vit_tiny_patch16_224,mix75,0,mix75_1+mix75_2,2,dare,0.9,0.2,0.3,0,0.92075,0.9751308856478664,0.09320659935474396,0.42756566405296326,0.2991125299876832,2.5699100494384766,2.0,0.8756455458997772,0.7362029581146614
vit_tiny_patch16_224,mix75,0,mix75_1+mix75_2,2,dare,0.9,0.2,0.5,0,0.9259999999999999,0.9807199201366201,0.09320659935474396,0.42756566405296326,0.2991125299876832,2.5699100494384766,2.0,0.8756455458997772,0.7362029581146614
vit_tiny_patch16_224,mix75,0,mix75_1+mix75_3,2,dare,0.9,0.2,0.2,0,0.8987499999999999,0.9590292717843606,0.09016933292150497,0.4298264682292938,0.2965945905199648,2.5830873250961304,2.0,0.8592787651499472,0.7296689693244266
vit_tiny_patch16_224,mix75,0,mix75_1+mix75_3,2,dare,0.9,0.2,0.3,0,0.91075,0.971868273409922,0.09016933292150497,0.4298264682292938,0.2965945905199648,2.5830873250961304,2.0,0.8592787651499472,0.7296689693244266
vit_tiny_patch16_224,mix75,0,mix75_1+mix75_3,2,dare,0.9,0.2,0.5,0,0.92325,0.9852880564955948,0.09016933292150497,0.4298264682292938,0.2965945905199648,2.5830873250961304,2.0,0.8592787651499472,0.7296689693244266
vit_tiny_patch16_224,mix75,0,mix75_1+mix75_4,2,dare,0.9,0.2,0.2,0,0.898,0.9592975939716125,0.09283757954835892,0.42790547013282776,0.2986489523579654,2.5629007816314697,2.0,0.8680399712304618,0.7303220172202501
vit_tiny_patch16_224,mix75,0,mix75_1+mix75_4,2,dare,0.9,0.2,0.3,0,0.91275,0.9751765477958609,0.09283757954835892,0.42790547013282776,0.2986489523579654,2.5629007816314697,2.0,0.8680399712304618,0.7303220172202501
vit_tiny_patch16_224,mix75,0,mix75_1+mix75_4,2,dare,0.9,0.2,0.5,0,0.9197500000000001,0.9827177413300396,0.09283757954835892,0.42790547013282776,0.2986489523579654,2.5629007816314697,2.0,0.8680399712304618,0.7303220172202501
vit_tiny_patch16_224,mix75,0,mix75_2+mix75_3,2,dare,0.9,0.2,0.2,0,0.8832500000000001,0.9520020797811002,0.09586623311042786,0.4255262017250061,0.29761233258453296,2.5924357175827026,2.0,0.8685183310240698,0.7342971787325933
vit_tiny_patch16_224,mix75,0,mix75_2+mix75_3,2,dare,0.9,0.2,0.3,0,0.89975,0.9697712821734292,0.09586623311042786,0.4255262017250061,0.29761233258453296,2.5924357175827026,2.0,0.8685183310240698,0.7342971787325933
vit_tiny_patch16_224,mix75,0,mix75_2+mix75_3,2,dare,0.9,0.2,0.5,0,0.9077500000000001,0.9783569148364496,0.09586623311042786,0.4255262017250061,0.29761233258453296,2.5924357175827026,2.0,0.8685183310240698,0.7342971787325933
vit_tiny_patch16_224,mix75,0,mix75_2+mix75_4,2,dare,0.9,0.2,0.2,0,0.8859999999999999,0.9560424605334785,0.09302923083305359,0.4278014004230499,0.2945867950900721,2.572249174118042,2.0,0.8740635580714357,0.7349502266284168
vit_tiny_patch16_224,mix75,0,mix75_2+mix75_4,2,dare,0.9,0.2,0.3,0,0.8987499999999999,0.9697652822696852,0.09302923083305359,0.4278014004230499,0.2945867950900721,2.572249174118042,2.0,0.8740635580714357,0.7349502266284168
vit_tiny_patch16_224,mix75,0,mix75_2+mix75_4,2,dare,0.9,0.2,0.5,0,0.913,0.9851404143584488,0.09302923083305359,0.4278014004230499,0.2945867950900721,2.572249174118042,2.0,0.8740635580714357,0.7349502266284168
vit_tiny_patch16_224,mix75,0,mix75_3+mix75_4,2,dare,0.9,0.2,0.2,0,0.87575,0.9524229896830703,0.09505875408649445,0.426176518201828,0.3043224316836659,2.585426449775696,2.0,0.8772281747702264,0.728416237838182
vit_tiny_patch16_224,mix75,0,mix75_3+mix75_4,2,dare,0.9,0.2,0.3,0,0.8899999999999999,0.9679167170572194,0.09505875408649445,0.426176518201828,0.3043224316836659,2.585426449775696,2.0,0.8772281747702264,0.728416237838182
vit_tiny_patch16_224,mix75,0,mix75_3+mix75_4,2,dare,0.9,0.2,0.5,0,0.89775,0.976352613029829,0.09505875408649445,0.426176518201828,0.3043224316836659,2.585426449775696,2.0,0.8772281747702264,0.728416237838182
vit_tiny_patch16_224,mix75,0,mix75_0+mix75_1+mix75_2,3,dare,0.9,0.2,0.2,0,0.8969999999999999,0.9615962124799534,0.0921487162510554,0.4283258318901062,0.29838735569595715,2.5830253760019937,3.0,0.8771630980177637,0.7373796239430378
vit_tiny_patch16_224,mix75,0,mix75_0+mix75_1+mix75_2,3,dare,0.9,0.2,0.3,0,0.907,0.972312396673111,0.0921487162510554,0.4283258318901062,0.29838735569595715,2.5830253760019937,3.0,0.8771630980177637,0.7373796239430378
vit_tiny_patch16_224,mix75,0,mix75_0+mix75_1+mix75_2,3,dare,0.9,0.2,0.5,0,0.9025,0.9674393591232482,0.0921487162510554,0.4283258318901062,0.29838735569595715,2.5830253760019937,3.0,0.8771630980177637,0.7373796239430378
vit_tiny_patch16_224,mix75,0,mix75_0+mix75_1+mix75_3,3,dare,0.9,0.2,0.2,0,0.8895,0.9584129997063336,0.09033638487259547,0.4296894967556,0.29893721567178977,2.5918102264404297,3.0,0.8705460166553104,0.7330236314162145
vit_tiny_patch16_224,mix75,0,mix75_0+mix75_1+mix75_3,3,dare,0.9,0.2,0.3,0,0.8976666666666667,0.967243218305943,0.09033638487259547,0.4296894967556,0.29893721567178977,2.5918102264404297,3.0,0.8705460166553104,0.7330236314162145
vit_tiny_patch16_224,mix75,0,mix75_0+mix75_1+mix75_3,3,dare,0.9,0.2,0.5,0,0.894,0.963197204238515,0.09033638487259547,0.4296894967556,0.29893721567178977,2.5918102264404297,3.0,0.8705460166553104,0.7330236314162145
vit_tiny_patch16_224,mix75,0,mix75_0+mix75_1+mix75_4,3,dare,0.9,0.2,0.2,0,0.8898333333333334,0.959541723862427,0.09241666396458943,0.4281386335690816,0.3004140941943189,2.5783525307973227,3.0,0.8747625003344215,0.7334589966800968
vit_tiny_patch16_224,mix75,0,mix75_0+mix75_1+mix75_4,3,dare,0.9,0.2,0.3,0,0.8969999999999999,0.9673097783108492,0.09241666396458943,0.4281386335690816,0.3004140941943189,2.5783525307973227,3.0,0.8747625003344215,0.7334589966800968
vit_tiny_patch16_224,mix75,0,mix75_0+mix75_1+mix75_4,3,dare,0.9,0.2,0.5,0,0.8931666666666667,0.9631239667181942,0.09241666396458943,0.4281386335690816,0.3004140941943189,2.5783525307973227,3.0,0.8747625003344215,0.7334589966800968
vit_tiny_patch16_224,mix75,0,mix75_0+mix75_2+mix75_3,3,dare,0.9,0.2,0.2,0,0.883,0.9578616567209722,0.0919167051712672,0.42848441004753113,0.29697388295469035,2.5980424880981445,3.0,0.8705298620856697,0.7361091043549922
vit_tiny_patch16_224,mix75,0,mix75_0+mix75_2+mix75_3,3,dare,0.9,0.2,0.3,0,0.89,0.9654442739099415,0.0919167051712672,0.42848441004753113,0.29697388295469035,2.5980424880981445,3.0,0.8705298620856697,0.7361091043549922
vit_tiny_patch16_224,mix75,0,mix75_0+mix75_2+mix75_3,3,dare,0.9,0.2,0.5,0,0.8875000000000001,0.9627178457865105,0.0919167051712672,0.42848441004753113,0.29697388295469035,2.5980424880981445,3.0,0.8705298620856697,0.7361091043549922
vit_tiny_patch16_224,mix75,0,mix75_0+mix75_2+mix75_4,3,dare,0.9,0.2,0.2,0,0.8868333333333333,0.9626989718042905,0.09216190129518509,0.4283322791258494,0.29675746169973233,2.5845847924550376,3.0,0.8736743527537313,0.7365444696188747
vit_tiny_patch16_224,mix75,0,mix75_0+mix75_2+mix75_4,3,dare,0.9,0.2,0.3,0,0.8921666666666667,0.9684735189666503,0.09216190129518509,0.4283322791258494,0.29675746169973233,2.5845847924550376,3.0,0.8736743527537313,0.7365444696188747
vit_tiny_patch16_224,mix75,0,mix75_0+mix75_2+mix75_4,3,dare,0.9,0.2,0.5,0,0.8866666666666667,0.962508478957933,0.09216190129518509,0.4283322791258494,0.29675746169973233,2.5845847924550376,3.0,0.8736743527537313,0.7365444696188747
vit_tiny_patch16_224,mix75,0,mix75_0+mix75_3+mix75_4,3,dare,0.9,0.2,0.2,0,0.8736666666666667,0.9534327162785076,0.09203849981228511,0.428400715192159,0.3013918470293357,2.593369642893473,3.0,0.8735677372074848,0.7321884770920514
vit_tiny_patch16_224,mix75,0,mix75_0+mix75_3+mix75_4,3,dare,0.9,0.2,0.3,0,0.8853333333333334,0.9661630818503385,0.09203849981228511,0.428400715192159,0.3013918470293357,2.593369642893473,3.0,0.8735677372074848,0.7321884770920514
vit_tiny_patch16_224,mix75,0,mix75_0+mix75_3+mix75_4,3,dare,0.9,0.2,0.5,0,0.878,0.9581619055640594,0.09203849981228511,0.428400715192159,0.3013918470293357,2.593369642893473,3.0,0.8735677372074848,0.7321884770920514
vit_tiny_patch16_224,mix75,0,mix75_1+mix75_2+mix75_3,3,dare,0.9,0.2,0.2,0,0.9026666666666667,0.9639353419052269,0.09308072179555893,0.4276394446690877,0.29777315103072693,2.58181103070577,3.0,0.8678142140245981,0.733389702057227
vit_tiny_patch16_224,mix75,0,mix75_1+mix75_2+mix75_3,3,dare,0.9,0.2,0.3,0,0.9113333333333333,0.9732448762509057,0.09308072179555893,0.4276394446690877,0.29777315103072693,2.58181103070577,3.0,0.8678142140245981,0.733389702057227
vit_tiny_patch16_224,mix75,0,mix75_1+mix75_2+mix75_3,3,dare,0.9,0.2,0.5,0,0.907,0.9685828667693736,0.09308072179555893,0.4276394446690877,0.29777315103072693,2.58181103070577,3.0,0.8678142140245981,0.733389702057227
vit_tiny_patch16_224,mix75,0,mix75_1+mix75_2+mix75_4,3,dare,0.9,0.2,0.2,0,0.9006666666666666,0.962562374444905,0.09302446991205215,0.42775751153628033,0.29744942581190686,2.5683533350626626,3.0,0.8725830250672248,0.7338250673211094
vit_tiny_patch16_224,mix75,0,mix75_1+mix75_2+mix75_4,3,dare,0.9,0.2,0.3,0,0.9095,0.9720626882485096,0.09302446991205215,0.42775751153628033,0.29744942581190686,2.5683533350626626,3.0,0.8725830250672248,0.7338250673211094
vit_tiny_patch16_224,mix75,0,mix75_1+mix75_2+mix75_4,3,dare,0.9,0.2,0.5,0,0.9021666666666667,0.9642561868347072,0.09302446991205215,0.42775751153628033,0.29744942581190686,2.5683533350626626,3.0,0.8725830250672248,0.7338250673211094
vit_tiny_patch16_224,mix75,0,mix75_1+mix75_3+mix75_4,3,dare,0.9,0.2,0.2,0,0.8935,0.959780903695591,0.09268855551878612,0.42796948552131653,0.29985532485386535,2.5771381855010986,3.0,0.8681823037168784,0.7294690747942862
vit_tiny_patch16_224,mix75,0,mix75_1+mix75_3+mix75_4,3,dare,0.9,0.2,0.3,0,0.9011666666666667,0.9680580439369039,0.09268855551878612,0.42796948552131653,0.29985532485386535,2.5771381855010986,3.0,0.8681823037168784,0.7294690747942862
vit_tiny_patch16_224,mix75,0,mix75_1+mix75_3+mix75_4,3,dare,0.9,0.2,0.5,0,0.8965,0.9629926305778157,0.09268855551878612,0.42796948552131653,0.29985532485386535,2.5771381855010986,3.0,0.8681823037168784,0.7294690747942862
vit_tiny_patch16_224,mix75,0,mix75_2+mix75_3+mix75_4,3,dare,0.9,0.2,0.2,0,0.8846666666666666,0.9566815008684569,0.09465140600999196,0.42650137344996136,0.29884051978609033,2.5833704471588135,3.0,0.8732700212885773,0.732554547733064
vit_tiny_patch16_224,mix75,0,mix75_2+mix75_3+mix75_4,3,dare,0.9,0.2,0.3,0,0.8943333333333333,0.9671223526450223,0.09465140600999196,0.42650137344996136,0.29884051978609033,2.5833704471588135,3.0,0.8732700212885773,0.732554547733064
vit_tiny_patch16_224,mix75,0,mix75_2+mix75_3+mix75_4,3,dare,0.9,0.2,0.5,0,0.8855,0.9575691219379016,0.09465140600999196,0.42650137344996136,0.29884051978609033,2.5833704471588135,3.0,0.8732700212885773,0.732554547733064
vit_tiny_patch16_224,mix75,0,mix75_0+mix75_1+mix75_2+mix75_3+mix75_4,5,dare,0.9,0.2,0.2,0,0.8913,0.9609250490234011,0.09244640246033668,0.42812391817569734,0.29867802787284137,2.5839858055114746,5.0,0.8722093131151659,0.7337942695010954
vit_tiny_patch16_224,mix75,0,mix75_0+mix75_1+mix75_2+mix75_3+mix75_4,5,dare,0.9,0.2,0.3,0,0.8881,0.9574331503862507,0.09244640246033668,0.42812391817569734,0.29867802787284137,2.5839858055114746,5.0,0.8722093131151659,0.7337942695010954
vit_tiny_patch16_224,mix75,0,mix75_0+mix75_1+mix75_2+mix75_3+mix75_4,5,dare,0.9,0.2,0.5,0,0.8529,0.9194550727575909,0.09244640246033668,0.42812391817569734,0.29867802787284137,2.5839858055114746,5.0,0.8722093131151659,0.7337942695010954
vit_tiny_patch16_224,mix75,1,mix75_0+mix75_1,2,dare,0.9,0.2,0.2,0,0.8895,0.9545304828392286,0.09730620682239532,0.42437395453453064,0.30335373101998864,2.573749303817749,2.0,0.8810921748785498,0.7319735692611451
vit_tiny_patch16_224,mix75,1,mix75_0+mix75_1,2,dare,0.9,0.2,0.3,0,0.90425,0.9705218631184185,0.09730620682239532,0.42437395453453064,0.30335373101998864,2.573749303817749,2.0,0.8810921748785498,0.7319735692611451
vit_tiny_patch16_224,mix75,1,mix75_0+mix75_1,2,dare,0.9,0.2,0.5,0,0.91275,0.9795796013004505,0.09730620682239532,0.42437395453453064,0.30335373101998864,2.573749303817749,2.0,0.8810921748785498,0.7319735692611451
vit_tiny_patch16_224,mix75,1,mix75_0+mix75_2,2,dare,0.9,0.2,0.2,0,0.88125,0.959673224748282,0.09136105328798294,0.42886292934417725,0.2911483917533661,2.583872437477112,2.0,0.8721692090931332,0.7437308464611405
vit_tiny_patch16_224,mix75,1,mix75_0+mix75_2,2,dare,0.9,0.2,0.3,0,0.893,0.972514594217588,0.09136105328798294,0.42886292934417725,0.2911483917533661,2.583872437477112,2.0,0.8721692090931332,0.7437308464611405
vit_tiny_patch16_224,mix75,1,mix75_0+mix75_2,2,dare,0.9,0.2,0.5,0,0.90675,0.9874943138449203,0.09136105328798294,0.42886292934417725,0.2911483917533661,2.583872437477112,2.0,0.8721692090931332,0.7437308464611405
vit_tiny_patch16_224,mix75,1,mix75_0+mix75_3,2,dare,0.9,0.2,0.2,0,0.86825,0.9479492833517089,0.09322310984134674,0.42746344208717346,0.30548370293825583,2.5929125547409058,2.0,0.8711626141610486,0.7330766730187568
vit_tiny_patch16_224,mix75,1,mix75_0+mix75_3,2,dare,0.9,0.2,0.3,0,0.885,0.9661968473434845,0.09322310984134674,0.42746344208717346,0.30548370293825583,2.5929125547409058,2.0,0.8711626141610486,0.7330766730187568
vit_tiny_patch16_224,mix75,1,mix75_0+mix75_3,2,dare,0.9,0.2,0.5,0,0.895,0.9770827497839626,0.09322310984134674,0.42746344208717346,0.30548370293825583,2.5929125547409058,2.0,0.8711626141610486,0.7330766730187568
vit_tiny_patch16_224,mix75,1,mix75_0+mix75_4,2,dare,0.9,0.2,0.2,0,0.8694999999999999,0.9552148375856697,0.0950477197766304,0.4260804057121277,0.3027656522830813,2.5842374563217163,2.0,0.8761829708539531,0.7306215343278953
vit_tiny_patch16_224,mix75,1,mix75_0+mix75_4,2,dare,0.9,0.2,0.3,0,0.8819999999999999,0.9689631938900083,0.0950477197766304,0.4260804057121277,0.3027656522830813,2.5842374563217163,2.0,0.8761829708539531,0.7306215343278953
vit_tiny_patch16_224,mix75,1,mix75_0+mix75_4,2,dare,0.9,0.2,0.5,0,0.894,0.9821328244892098,0.0950477197766304,0.4260804057121277,0.3027656522830813,2.5842374563217163,2.0,0.8761829708539531,0.7306215343278953
vit_tiny_patch16_224,mix75,1,mix75_1+mix75_2,2,dare,0.9,0.2,0.2,0,0.90675,0.9615927319292955,0.0935603454709053,0.4272799491882324,0.2900304109241075,2.566996693611145,2.0,0.8745304598563391,0.7385881964776003
vit_tiny_patch16_224,mix75,1,mix75_1+mix75_2,2,dare,0.9,0.2,0.3,0,0.91675,0.9722221363019143,0.0935603454709053,0.4272799491882324,0.2900304109241075,2.566996693611145,2.0,0.8745304598563391,0.7385881964776003
vit_tiny_patch16_224,mix75,1,mix75_1+mix75_2,2,dare,0.9,0.2,0.5,0,0.92325,0.9791012598322903,0.0935603454709053,0.4272799491882324,0.2900304109241075,2.566996693611145,2.0,0.8745304598563391,0.7385881964776003
vit_tiny_patch16_224,mix75,1,mix75_1+mix75_3,2,dare,0.9,0.2,0.2,0,0.89825,0.9546593012249049,0.09310855716466904,0.427593469619751,0.29612952542350196,2.576036810874939,2.0,0.8576006535603917,0.7279340230352167
vit_tiny_patch16_224,mix75,1,mix75_1+mix75_3,2,dare,0.9,0.2,0.3,0,0.909,0.9661029089727469,0.09310855716466904,0.427593469619751,0.29612952542350196,2.576036810874939,2.0,0.8576006535603917,0.7279340230352167
vit_tiny_patch16_224,mix75,1,mix75_1+mix75_3,2,dare,0.9,0.2,0.5,0,0.9197500000000001,0.9775465167205888,0.09310855716466904,0.427593469619751,0.29612952542350196,2.576036810874939,2.0,0.8576006535603917,0.7279340230352167
vit_tiny_patch16_224,mix75,1,mix75_1+mix75_4,2,dare,0.9,0.2,0.2,0,0.89575,0.9580053338277468,0.0998312458395958,0.42247891426086426,0.2943131980429907,2.5673617124557495,2.0,0.8689412417753775,0.7254788843443551
vit_tiny_patch16_224,mix75,1,mix75_1+mix75_4,2,dare,0.9,0.2,0.3,0,0.9077500000000001,0.9709570761628371,0.0998312458395958,0.42247891426086426,0.2943131980429907,2.5673617124557495,2.0,0.8689412417753775,0.7254788843443551
vit_tiny_patch16_224,mix75,1,mix75_1+mix75_4,2,dare,0.9,0.2,0.5,0,0.915,0.9787213405469619,0.0998312458395958,0.42247891426086426,0.2943131980429907,2.5673617124557495,2.0,0.8689412417753775,0.7254788843443551
vit_tiny_patch16_224,mix75,1,mix75_2+mix75_3,2,dare,0.9,0.2,0.2,0,0.879,0.9479281217742757,0.09329119324684143,0.4274293780326843,0.29770390862335727,2.5861599445343018,2.0,0.8744407854320951,0.7396913002352121
vit_tiny_patch16_224,mix75,1,mix75_2+mix75_3,2,dare,0.9,0.2,0.3,0,0.895,0.9651979413517875,0.09329119324684143,0.4274293780326843,0.29770390862335727,2.5861599445343018,2.0,0.8744407854320951,0.7396913002352121
vit_tiny_patch16_224,mix75,1,mix75_2+mix75_3,2,dare,0.9,0.2,0.5,0,0.90725,0.9784110899495515,0.09329119324684143,0.4274293780326843,0.29770390862335727,2.5861599445343018,2.0,0.8744407854320951,0.7396913002352121
vit_tiny_patch16_224,mix75,1,mix75_2+mix75_4,2,dare,0.9,0.2,0.2,0,0.88575,0.9611757237751932,0.09652882814407349,0.42509588599205017,0.3065065258750168,2.5774848461151123,2.0,0.8779540259814895,0.7372361615443506
vit_tiny_patch16_224,mix75,1,mix75_2+mix75_4,2,dare,0.9,0.2,0.3,0,0.89525,0.971424537737535,0.09652882814407349,0.42509588599205017,0.3065065258750168,2.5774848461151123,2.0,0.8779540259814895,0.7372361615443506
vit_tiny_patch16_224,mix75,1,mix75_2+mix75_4,2,dare,0.9,0.2,0.5,0,0.90725,0.9844854526552139,0.09652882814407349,0.42509588599205017,0.3065065258750168,2.5774848461151123,2.0,0.8779540259814895,0.7372361615443506
vit_tiny_patch16_224,mix75,1,mix75_3+mix75_4,2,dare,0.9,0.2,0.2,0,0.87625,0.9532549298066539,0.10364371538162231,0.4195231795310974,0.31277573121229374,2.5865249633789062,2.0,0.8770322702696762,0.7265819881019671
vit_tiny_patch16_224,mix75,1,mix75_3+mix75_4,2,dare,0.9,0.2,0.3,0,0.889,0.9671033595171526,0.10364371538162231,0.4195231795310974,0.31277573121229374,2.5865249633789062,2.0,0.8770322702696762,0.7265819881019671
vit_tiny_patch16_224,mix75,1,mix75_3+mix75_4,2,dare,0.9,0.2,0.5,0,0.89375,0.972299738161807,0.10364371538162231,0.4195231795310974,0.31277573121229374,2.5865249633789062,2.0,0.8770322702696762,0.7265819881019671
vit_tiny_patch16_224,mix75,1,mix75_0+mix75_1+mix75_2,3,dare,0.9,0.2,0.2,0,0.8975,0.9640546643051233,0.09407586852709453,0.4268389443556468,0.29484417789915407,2.5748728116353354,3.0,0.8759306146093407,0.738097537399962
vit_tiny_patch16_224,mix75,1,mix75_0+mix75_1+mix75_2,3,dare,0.9,0.2,0.3,0,0.9051666666666667,0.9723474617970065,0.09407586852709453,0.4268389443556468,0.29484417789915407,2.5748728116353354,3.0,0.8759306146093407,0.738097537399962
vit_tiny_patch16_224,mix75,1,mix75_0+mix75_1+mix75_2,3,dare,0.9,0.2,0.5,0,0.9021666666666667,0.9690634759686114,0.09407586852709453,0.4268389443556468,0.29484417789915407,2.5748728116353354,3.0,0.8759306146093407,0.738097537399962
vit_tiny_patch16_224,mix75,1,mix75_0+mix75_1+mix75_3,3,dare,0.9,0.2,0.2,0,0.8898333333333334,0.9573106285813573,0.0945459579428037,0.42647695541381836,0.3016556531272488,2.5808995564778647,3.0,0.8699518141999967,0.7309947551050394
vit_tiny_patch16_224,mix75,1,mix75_0+mix75_1+mix75_3,3,dare,0.9,0.2,0.3,0,0.8988333333333333,0.966991980445027,0.0945459579428037,0.42647695541381836,0.3016556531272488,2.5808995564778647,3.0,0.8699518141999967,0.7309947551050394
vit_tiny_patch16_224,mix75,1,mix75_0+mix75_1+mix75_3,3,dare,0.9,0.2,0.5,0,0.8981666666666667,0.9662771935200989,0.0945459579428037,0.42647695541381836,0.3016556531272488,2.5808995564778647,3.0,0.8699518141999967,0.7309947551050394
vit_tiny_patch16_224,mix75,1,mix75_0+mix75_1+mix75_4,3,dare,0.9,0.2,0.2,0,0.8888333333333334,0.9601808860916189,0.09739505747954051,0.4243110915025075,0.30014419378202023,2.5751161575317383,3.0,0.8754054625026267,0.7293579959777986
vit_tiny_patch16_224,mix75,1,mix75_0+mix75_1+mix75_4,3,dare,0.9,0.2,0.3,0,0.8966666666666666,0.9686676418638345,0.09739505747954051,0.4243110915025075,0.30014419378202023,2.5751161575317383,3.0,0.8754054625026267,0.7293579959777986
vit_tiny_patch16_224,mix75,1,mix75_0+mix75_1+mix75_4,3,dare,0.9,0.2,0.5,0,0.895,0.9669104383772434,0.09739505747954051,0.4243110915025075,0.30014419378202023,2.5751161575317383,3.0,0.8754054625026267,0.7293579959777986
vit_tiny_patch16_224,mix75,1,mix75_0+mix75_2+mix75_3,3,dare,0.9,0.2,0.2,0,0.8845000000000001,0.960915209732104,0.09262511879205704,0.42791858315467834,0.2981120011049931,2.587648312250773,3.0,0.8725908695620923,0.7388329399050365
vit_tiny_patch16_224,mix75,1,mix75_0+mix75_2+mix75_3,3,dare,0.9,0.2,0.3,0,0.8926666666666666,0.9698070044283257,0.09262511879205704,0.42791858315467834,0.2981120011049931,2.587648312250773,3.0,0.8725908695620923,0.7388329399050365
vit_tiny_patch16_224,mix75,1,mix75_0+mix75_2+mix75_3,3,dare,0.9,0.2,0.5,0,0.886,0.9625762516221341,0.09262511879205704,0.42791858315467834,0.2981120011049931,2.587648312250773,3.0,0.8725908695620923,0.7388329399050365
vit_tiny_patch16_224,mix75,1,mix75_0+mix75_2+mix75_4,3,dare,0.9,0.2,0.2,0,0.8833333333333334,0.9635954371842937,0.09431253373622894,0.4266797403494517,0.3001401899704881,2.581864913304647,3.0,0.875435401976192,0.7371961807777955
vit_tiny_patch16_224,mix75,1,mix75_0+mix75_2+mix75_4,3,dare,0.9,0.2,0.3,0,0.8953333333333333,0.9767110240528014,0.09431253373622894,0.4266797403494517,0.3001401899704881,2.581864913304647,3.0,0.875435401976192,0.7371961807777955
vit_tiny_patch16_224,mix75,1,mix75_0+mix75_2+mix75_4,3,dare,0.9,0.2,0.5,0,0.8936666666666667,0.974898832652701,0.09431253373622894,0.4266797403494517,0.3001401899704881,2.581864913304647,3.0,0.875435401976192,0.7371961807777955
vit_tiny_patch16_224,mix75,1,mix75_0+mix75_3+mix75_4,3,dare,0.9,0.2,0.2,0,0.8761666666666666,0.9574287529364897,0.09730484833319981,0.4243556757767995,0.30700836214454363,2.5878916581471763,3.0,0.8747926184282259,0.730093398482873
vit_tiny_patch16_224,mix75,1,mix75_0+mix75_3+mix75_4,3,dare,0.9,0.2,0.3,0,0.8863333333333333,0.9685083657421414,0.09730484833319981,0.4243556757767995,0.30700836214454363,2.5878916581471763,3.0,0.8747926184282259,0.730093398482873
vit_tiny_patch16_224,mix75,1,mix75_0+mix75_3+mix75_4,3,dare,0.9,0.2,0.5,0,0.8795000000000001,0.9610903710071105,0.09730484833319981,0.4243556757767995,0.30700836214454363,2.5878916581471763,3.0,0.8747926184282259,0.730093398482873
vit_tiny_patch16_224,mix75,1,mix75_1+mix75_2+mix75_3,3,dare,0.9,0.2,0.2,0,0.9001666666666667,0.9606697026014248,0.09332003196080525,0.4274342656135559,0.2946212816569889,2.5763978163401284,3.0,0.8688572996162754,0.7354045065826763
vit_tiny_patch16_224,mix75,1,mix75_1+mix75_2+mix75_3,3,dare,0.9,0.2,0.3,0,0.9068333333333333,0.967761378398718,0.09332003196080525,0.4274342656135559,0.2946212816569889,2.5763978163401284,3.0,0.8688572996162754,0.7354045065826763
vit_tiny_patch16_224,mix75,1,mix75_1+mix75_2+mix75_3,3,dare,0.9,0.2,0.5,0,0.9045,0.965206042391293,0.09332003196080525,0.4274342656135559,0.2946212816569889,2.5763978163401284,3.0,0.8688572996162754,0.7354045065826763
vit_tiny_patch16_224,mix75,1,mix75_1+mix75_2+mix75_4,3,dare,0.9,0.2,0.2,0,0.8983333333333334,0.9626865289489164,0.09664013981819153,0.42495158314704895,0.29695004494737165,2.5706144173940024,3.0,0.8738085758710686,0.7337677474554353
vit_tiny_patch16_224,mix75,1,mix75_1+mix75_2+mix75_4,3,dare,0.9,0.2,0.3,0,0.9071666666666666,0.9721509096620888,0.09664013981819153,0.42495158314704895,0.29695004494737165,2.5706144173940024,3.0,0.8738085758710686,0.7337677474554353
vit_tiny_patch16_224,mix75,1,mix75_1+mix75_2+mix75_4,3,dare,0.9,0.2,0.5,0,0.9009999999999999,0.9655755181010969,0.09664013981819153,0.42495158314704895,0.29695004494737165,2.5706144173940024,3.0,0.8738085758710686,0.7337677474554353
vit_tiny_patch16_224,mix75,1,mix75_1+mix75_3+mix75_4,3,dare,0.9,0.2,0.2,0,0.8905,0.955756273450453,0.09886117279529572,0.42319852113723755,0.30107281822626214,2.5766411622365317,3.0,0.8678580552018151,0.7266649651605129
vit_tiny_patch16_224,mix75,1,mix75_1+mix75_3+mix75_4,3,dare,0.9,0.2,0.3,0,0.8983333333333333,0.9641538812070743,0.09886117279529572,0.42319852113723755,0.30107281822626214,2.5766411622365317,3.0,0.8678580552018151,0.7266649651605129
vit_tiny_patch16_224,mix75,1,mix75_1+mix75_3+mix75_4,3,dare,0.9,0.2,0.5,0,0.8976666666666667,0.9634860384475541,0.09886117279529572,0.42319852113723755,0.30107281822626214,2.5766411622365317,3.0,0.8678580552018151,0.7266649651605129
vit_tiny_patch16_224,mix75,1,mix75_2+mix75_3+mix75_4,3,dare,0.9,0.2,0.2,0,0.8845000000000001,0.9585907714820182,0.09782124559084575,0.42401614785194397,0.3056620552368893,2.58338991800944,3.0,0.8764756938944203,0.7345031499605099
vit_tiny_patch16_224,mix75,1,mix75_2+mix75_3+mix75_4,3,dare,0.9,0.2,0.3,0,0.8915000000000001,0.9661712528025524,0.09782124559084575,0.42401614785194397,0.3056620552368893,2.58338991800944,3.0,0.8764756938944203,0.7345031499605099
vit_tiny_patch16_224,mix75,1,mix75_2+mix75_3+mix75_4,3,dare,0.9,0.2,0.5,0,0.8838333333333334,0.9578970964647358,0.09782124559084575,0.42401614785194397,0.3056620552368893,2.58338991800944,3.0,0.8764756938944203,0.7345031499605099
vit_tiny_patch16_224,mix75,1,mix75_0+mix75_1+mix75_2+mix75_3+mix75_4,5,dare,0.9,0.2,0.2,0,0.8894,0.9601199848691216,0.09569019749760628,0.4256181508302689,0.30002107780959597,2.5795336723327638,5.0,0.8731106405862054,0.733491317680764
vit_tiny_patch16_224,mix75,1,mix75_0+mix75_1+mix75_2+mix75_3+mix75_4,5,dare,0.9,0.2,0.3,0,0.8859,0.9563659473100348,0.09569019749760628,0.4256181508302689,0.30002107780959597,2.5795336723327638,5.0,0.8731106405862054,0.733491317680764
vit_tiny_patch16_224,mix75,1,mix75_0+mix75_1+mix75_2+mix75_3+mix75_4,5,dare,0.9,0.2,0.5,0,0.8531000000000001,0.9209556321359461,0.09569019749760628,0.4256181508302689,0.30002107780959597,2.5795336723327638,5.0,0.8731106405862054,0.733491317680764
vit_tiny_patch16_224,random,0,random_0+random_1,2,dare,0.9,0.2,0.2,0,0.891,0.9546785010745242,0.09591499716043472,0.425340861082077,0.29578878795671193,2.5781476497650146,2.0,0.870111222840335,0.7283314595199377
vit_tiny_patch16_224,random,0,random_0+random_1,2,dare,0.9,0.2,0.3,0,0.90125,0.965712972548101,0.09591499716043472,0.425340861082077,0.29578878795671193,2.5781476497650146,2.0,0.870111222840335,0.7283314595199377
vit_tiny_patch16_224,random,0,random_0+random_1,2,dare,0.9,0.2,0.5,0,0.91075,0.9759113361018912,0.09591499716043472,0.425340861082077,0.29578878795671193,2.5781476497650146,2.0,0.870111222840335,0.7283314595199377
vit_tiny_patch16_224,random,0,random_0+random_2,2,dare,0.9,0.2,0.2,0,0.91,0.9673277943690587,0.10060547292232513,0.42196834087371826,0.29974448808951704,2.5650848150253296,2.0,0.8829975662934629,0.7257453160529503
vit_tiny_patch16_224,random,0,random_0+random_2,2,dare,0.9,0.2,0.3,0,0.91675,0.9745099734125195,0.10060547292232513,0.42196834087371826,0.29974448808951704,2.5650848150253296,2.0,0.8829975662934629,0.7257453160529503
vit_tiny_patch16_224,random,0,random_0+random_2,2,dare,0.9,0.2,0.5,0,0.9245,0.9827318381971586,0.10060547292232513,0.42196834087371826,0.29974448808951704,2.5650848150253296,2.0,0.8829975662934629,0.7257453160529503
vit_tiny_patch16_224,random,0,random_0+random_3,2,dare,0.9,0.2,0.2,0,0.8919999999999999,0.9499149796572135,0.10135316103696823,0.4213569462299347,0.3069390830728464,2.5839208364486694,2.0,0.8753008820511103,0.7294000504014464
vit_tiny_patch16_224,random,0,random_0+random_3,2,dare,0.9,0.2,0.3,0,0.9019999999999999,0.9605852665998071,0.10135316103696823,0.4213569462299347,0.3069390830728464,2.5839208364486694,2.0,0.8753008820511103,0.7294000504014464
vit_tiny_patch16_224,random,0,random_0+random_3,2,dare,0.9,0.2,0.5,0,0.9135,0.9728326192305043,0.10135316103696823,0.4213569462299347,0.3069390830728464,2.5839208364486694,2.0,0.8753008820511103,0.7294000504014464
vit_tiny_patch16_224,random,0,random_0+random_4,2,dare,0.9,0.2,0.2,0,0.898,0.9558267671261667,0.10352975130081177,0.4197978675365448,0.3037036994594962,2.5453096628189087,2.0,0.8880449513722233,0.7355836173583998
vit_tiny_patch16_224,random,0,random_0+random_4,2,dare,0.9,0.2,0.3,0,0.9095,0.9680856698494325,0.10352975130081177,0.4197978675365448,0.3037036994594962,2.5453096628189087,2.0,0.8880449513722233,0.7355836173583998
vit_tiny_patch16_224,random,0,random_0+random_4,2,dare,0.9,0.2,0.5,0,0.9177500000000001,0.9768455694352509,0.10352975130081177,0.4197978675365448,0.3037036994594962,2.5453096628189087,2.0,0.8880449513722233,0.7355836173583998
vit_tiny_patch16_224,random,0,random_1+random_2,2,dare,0.9,0.2,0.2,0,0.89475,0.9614581865475287,0.10579997301101685,0.417917937040329,0.3096034558466768,2.5915857553482056,2.0,0.8761468651362893,0.725689629457836
vit_tiny_patch16_224,random,0,random_1+random_2,2,dare,0.9,0.2,0.3,0,0.9095,0.9773563886187389,0.10579997301101685,0.417917937040329,0.3096034558466768,2.5915857553482056,2.0,0.8761468651362893,0.725689629457836
vit_tiny_patch16_224,random,0,random_1+random_2,2,dare,0.9,0.2,0.5,0,0.91525,0.9835600861194722,0.10579997301101685,0.417917937040329,0.3096034558466768,2.5915857553482056,2.0,0.8761468651362893,0.725689629457836
vit_tiny_patch16_224,random,0,random_1+random_3,2,dare,0.9,0.2,0.2,0,0.8792500000000001,0.9467005142349343,0.08946222066879272,0.43036696314811707,0.2937051883767423,2.6104217767715454,2.0,0.8548802392433238,0.7293443638063322
vit_tiny_patch16_224,random,0,random_1+random_3,2,dare,0.9,0.2,0.3,0,0.895,0.9636477754455282,0.08946222066879272,0.43036696314811707,0.2937051883767423,2.6104217767715454,2.0,0.8548802392433238,0.7293443638063322
vit_tiny_patch16_224,random,0,random_1+random_3,2,dare,0.9,0.2,0.5,0,0.9035,0.9728102118907626,0.08946222066879272,0.43036696314811707,0.2937051883767423,2.6104217767715454,2.0,0.8548802392433238,0.7293443638063322
vit_tiny_patch16_224,random,0,random_1+random_4,2,dare,0.9,0.2,0.2,0,0.886,0.9534206017257183,0.09865094721317291,0.4233078956604004,0.3019595986947477,2.5718106031417847,2.0,0.8703025321801299,0.7355279307632856
vit_tiny_patch16_224,random,0,random_1+random_4,2,dare,0.9,0.2,0.3,0,0.9015,0.9701087129610703,0.09865094721317291,0.4233078956604004,0.3019595986947477,2.5718106031417847,2.0,0.8703025321801299,0.7355279307632856
vit_tiny_patch16_224,random,0,random_1+random_4,2,dare,0.9,0.2,0.5,0,0.91425,0.9838101709794185,0.09865094721317291,0.4233078956604004,0.3019595986947477,2.5718106031417847,2.0,0.8703025321801299,0.7355279307632856
vit_tiny_patch16_224,random,0,random_2+random_3,2,dare,0.9,0.2,0.2,0,0.89775,0.9588583966204292,0.10036778450012207,0.42210084199905396,0.2966683799401318,2.5973589420318604,2.0,0.8636195827180938,0.7267582203393446
vit_tiny_patch16_224,random,0,random_2+random_3,2,dare,0.9,0.2,0.3,0,0.9095,0.9714169920861184,0.10036778450012207,0.42210084199905396,0.2966683799401318,2.5973589420318604,2.0,0.8636195827180938,0.7267582203393446
vit_tiny_patch16_224,random,0,random_2+random_3,2,dare,0.9,0.2,0.5,0,0.919,0.9815698793352658,0.10036778450012207,0.42210084199905396,0.2966683799401318,2.5973589420318604,2.0,0.8636195827180938,0.7267582203393446
vit_tiny_patch16_224,random,0,random_2+random_4,2,dare,0.9,0.2,0.2,0,0.90525,0.9663623548288944,0.10852178931236267,0.4159175753593445,0.3072272418849665,2.5587477684020996,2.0,0.8827719021087024,0.732941787296298
vit_tiny_patch16_224,random,0,random_2+random_4,2,dare,0.9,0.2,0.3,0,0.9157500000000001,0.9775741909677391,0.10852178931236267,0.4159175753593445,0.3072272418849665,2.5587477684020996,2.0,0.8827719021087024,0.732941787296298
vit_tiny_patch16_224,random,0,random_2+random_4,2,dare,0.9,0.2,0.5,0,0.92425,0.9866488451838692,0.10852178931236267,0.4159175753593445,0.3072272418849665,2.5587477684020996,2.0,0.8827719021087024,0.732941787296298
vit_tiny_patch16_224,random,0,random_3+random_4,2,dare,0.9,0.2,0.2,0,0.893,0.9550764834786478,0.1044972762465477,0.41903963685035706,0.3071871796281106,2.5775837898254395,2.0,0.8893238799806463,0.7365965216447942
vit_tiny_patch16_224,random,0,random_3+random_4,2,dare,0.9,0.2,0.3,0,0.90425,0.9671075715941467,0.1044972762465477,0.41903963685035706,0.3071871796281106,2.5775837898254395,2.0,0.8893238799806463,0.7365965216447942
vit_tiny_patch16_224,random,0,random_3+random_4,2,dare,0.9,0.2,0.5,0,0.917,0.9807440821138957,0.1044972762465477,0.41903963685035706,0.3071871796281106,2.5775837898254395,2.0,0.8893238799806463,0.7365965216447942
vit_tiny_patch16_224,random,0,random_0+random_1+random_2,3,dare,0.9,0.2,0.2,0,0.9045,0.9675283611093377,0.1007734810312589,0.42174237966537476,0.3017122439643019,2.578272740046183,3.0,0.8764185514233623,0.726588801676908
vit_tiny_patch16_224,random,0,random_0+random_1+random_2,3,dare,0.9,0.2,0.3,0,0.911,0.9744917707332229,0.1007734810312589,0.42174237966537476,0.3017122439643019,2.578272740046183,3.0,0.8764185514233623,0.726588801676908
vit_tiny_patch16_224,random,0,random_0+random_1+random_2,3,dare,0.9,0.2,0.5,0,0.9039999999999999,0.9669726508410058,0.1007734810312589,0.42174237966537476,0.3017122439643019,2.578272740046183,3.0,0.8764185514233623,0.726588801676908
vit_tiny_patch16_224,random,0,random_0+random_1+random_3,3,dare,0.9,0.2,0.2,0,0.892,0.9553891241285933,0.09557679295539856,0.4256882568200429,0.2988110198021002,2.590830087661743,3.0,0.8667641147115898,0.729025291242572
vit_tiny_patch16_224,random,0,random_0+random_1+random_3,3,dare,0.9,0.2,0.3,0,0.899,0.9628983020202777,0.09557679295539856,0.4256882568200429,0.2988110198021002,2.590830087661743,3.0,0.8667641147115898,0.729025291242572
vit_tiny_patch16_224,random,0,random_0+random_1+random_3,3,dare,0.9,0.2,0.5,0,0.8918333333333334,0.9551790065413778,0.09557679295539856,0.4256882568200429,0.2988110198021002,2.590830087661743,3.0,0.8667641147115898,0.729025291242572
vit_tiny_patch16_224,random,0,random_0+random_1+random_4,3,dare,0.9,0.2,0.2,0,0.8956666666666666,0.9589430683593673,0.09936523189147313,0.42281554142634076,0.30048402870365193,2.565089305241903,3.0,0.876152902130896,0.7331476692138743
vit_tiny_patch16_224,random,0,random_0+random_1+random_4,3,dare,0.9,0.2,0.3,0,0.907,0.9711138616081145,0.09936523189147313,0.42281554142634076,0.30048402870365193,2.565089305241903,3.0,0.876152902130896,0.7331476692138743
vit_tiny_patch16_224,random,0,random_0+random_1+random_4,3,dare,0.9,0.2,0.5,0,0.894,0.9571343411035445,0.09936523189147313,0.42281554142634076,0.30048402870365193,2.565089305241903,3.0,0.876152902130896,0.7331476692138743
vit_tiny_patch16_224,random,0,random_0+random_2+random_3,3,dare,0.9,0.2,0.2,0,0.9015,0.9603918913904018,0.10077547281980515,0.4218087097009023,0.30111731703416506,2.5821215311686196,3.0,0.873972677020889,0.7273011955979137
vit_tiny_patch16_224,random,0,random_0+random_2+random_3,3,dare,0.9,0.2,0.3,0,0.9096666666666667,0.9691001999650429,0.10077547281980515,0.4218087097009023,0.30111731703416506,2.5821215311686196,3.0,0.873972677020889,0.7273011955979137
vit_tiny_patch16_224,random,0,random_0+random_2+random_3,3,dare,0.9,0.2,0.5,0,0.9075000000000001,0.9667887697674323,0.10077547281980515,0.4218087097009023,0.30111731703416506,2.5821215311686196,3.0,0.873972677020889,0.7273011955979137
vit_tiny_patch16_224,random,0,random_0+random_2+random_4,3,dare,0.9,0.2,0.2,0,0.9089999999999999,0.9680541659617653,0.10421900451183319,0.4192279279232025,0.3035584764779932,2.5563807487487793,3.0,0.8846048065914629,0.7314235735692161
vit_tiny_patch16_224,random,0,random_0+random_2+random_4,3,dare,0.9,0.2,0.3,0,0.9158333333333334,0.975346422427676,0.10421900451183319,0.4192279279232025,0.3035584764779932,2.5563807487487793,3.0,0.8846048065914629,0.7314235735692161
vit_tiny_patch16_224,random,0,random_0+random_2+random_4,3,dare,0.9,0.2,0.5,0,0.9106666666666667,0.9698356140432863,0.10421900451183319,0.4192279279232025,0.3035584764779932,2.5563807487487793,3.0,0.8846048065914629,0.7314235735692161
vit_tiny_patch16_224,random,0,random_0+random_3+random_4,3,dare,0.9,0.2,0.2,0,0.8983333333333333,0.9578770691203365,0.10312672952810924,0.42006481687227887,0.30594332072015107,2.5689380963643393,3.0,0.8842232378013266,0.7338600631348801
vit_tiny_patch16_224,random,0,random_0+random_3+random_4,3,dare,0.9,0.2,0.3,0,0.9075000000000001,0.9676618030474842,0.10312672952810924,0.42006481687227887,0.30594332072015107,2.5689380963643393,3.0,0.8842232378013266,0.7338600631348801
vit_tiny_patch16_224,random,0,random_0+random_3+random_4,3,dare,0.9,0.2,0.5,0,0.8991666666666666,0.9587924239963593,0.10312672952810924,0.42006481687227887,0.30594332072015107,2.5689380963643393,3.0,0.8842232378013266,0.7338600631348801
vit_tiny_patch16_224,random,0,random_1+random_2+random_3,3,dare,0.9,0.2,0.2,0,0.8978333333333334,0.9634719843259357,0.09854332605997722,0.4234619140625,0.2999923413878503,2.5997888247172036,3.0,0.864882229032569,0.727264071201171
vit_tiny_patch16_224,random,0,random_1+random_2+random_3,3,dare,0.9,0.2,0.3,0,0.9053333333333334,0.9715307840253219,0.09854332605997722,0.4234619140625,0.2999923413878503,2.5997888247172036,3.0,0.864882229032569,0.727264071201171
vit_tiny_patch16_224,random,0,random_1+random_2+random_3,3,dare,0.9,0.2,0.5,0,0.9011666666666667,0.9670256330600755,0.09854332605997722,0.4234619140625,0.2999923413878503,2.5997888247172036,3.0,0.864882229032569,0.727264071201171
vit_tiny_patch16_224,random,0,random_1+random_2+random_4,3,dare,0.9,0.2,0.2,0,0.9026666666666667,0.968307973501816,0.10432423651218414,0.4190478026866913,0.3062634321421303,2.5740480422973633,3.0,0.8764070998083738,0.7313864491724732
vit_tiny_patch16_224,random,0,random_1+random_2+random_4,3,dare,0.9,0.2,0.3,0,0.9131666666666667,0.9795783894347411,0.10432423651218414,0.4190478026866913,0.3062634321421303,2.5740480422973633,3.0,0.8764070998083738,0.7313864491724732
vit_tiny_patch16_224,random,0,random_1+random_2+random_4,3,dare,0.9,0.2,0.5,0,0.9046666666666666,0.9704165555291921,0.10432423651218414,0.4190478026866913,0.3062634321421303,2.5740480422973633,3.0,0.8764070998083738,0.7313864491724732
vit_tiny_patch16_224,random,0,random_1+random_3+random_4,3,dare,0.9,0.2,0.2,0,0.8905,0.9564888917108082,0.09753681470950444,0.4242381652196248,0.30095065556653355,2.5866053899129233,3.0,0.8715022171347,0.7338229387381373
vit_tiny_patch16_224,random,0,random_1+random_3+random_4,3,dare,0.9,0.2,0.3,0,0.9016666666666667,0.9684695346778995,0.09753681470950444,0.4242381652196248,0.30095065556653355,2.5866053899129233,3.0,0.8715022171347,0.7338229387381373
vit_tiny_patch16_224,random,0,random_1+random_3+random_4,3,dare,0.9,0.2,0.5,0,0.8955000000000001,0.9618383276428811,0.09753681470950444,0.4242381652196248,0.30095065556653355,2.5866053899129233,3.0,0.8715022171347,0.7338229387381373
vit_tiny_patch16_224,random,0,random_2+random_3+random_4,3,dare,0.9,0.2,0.2,0,0.9045,0.9663325668873823,0.10446228335301082,0.4190193514029185,0.3036942671510696,2.5778968334198,3.0,0.8785717882691474,0.7320988430934788
vit_tiny_patch16_224,random,0,random_2+random_3+random_4,3,dare,0.9,0.2,0.3,0,0.9111666666666668,0.9734569885777363,0.10446228335301082,0.4190193514029185,0.3036942671510696,2.5778968334198,3.0,0.8785717882691474,0.7320988430934788
vit_tiny_patch16_224,random,0,random_2+random_3+random_4,3,dare,0.9,0.2,0.5,0,0.9071666666666666,0.9691820527970014,0.10446228335301082,0.4190193514029185,0.3036942671510696,2.5778968334198,3.0,0.8785717882691474,0.7320988430934788
vit_tiny_patch16_224,random,0,random_0+random_1+random_2+random_3+random_4,5,dare,0.9,0.2,0.2,0,0.9006000000000001,0.9632986197313237,0.10087033733725548,0.4217114865779877,0.30225271029499473,2.577997159957886,5.0,0.8753499623924317,0.7305918896640625
vit_tiny_patch16_224,random,0,random_0+random_1+random_2+random_3+random_4,5,dare,0.9,0.2,0.3,0,0.8928,0.9549407139653784,0.10087033733725548,0.4217114865779877,0.30225271029499473,2.577997159957886,5.0,0.8753499623924317,0.7305918896640625
vit_tiny_patch16_224,random,0,random_0+random_1+random_2+random_3+random_4,5,dare,0.9,0.2,0.5,0,0.857,0.9165276759019274,0.10087033733725548,0.4217114865779877,0.30225271029499473,2.577997159957886,5.0,0.8753499623924317,0.7305918896640625
vit_tiny_patch16_224,random,1,random_0+random_1,2,dare,0.9,0.2,0.2,0,0.8935,0.957930762513732,0.09851118922233582,0.42340174317359924,0.296593637146999,2.585638642311096,2.0,0.8769777657949839,0.72618512958233
vit_tiny_patch16_224,random,1,random_0+random_1,2,dare,0.9,0.2,0.3,0,0.905,0.9703177375285202,0.09851118922233582,0.42340174317359924,0.296593637146999,2.585638642311096,2.0,0.8769777657949839,0.72618512958233
vit_tiny_patch16_224,random,1,random_0+random_1,2,dare,0.9,0.2,0.5,0,0.91,0.9756707054529651,0.09851118922233582,0.42340174317359924,0.296593637146999,2.585638642311096,2.0,0.8769777657949839,0.72618512958233
vit_tiny_patch16_224,random,1,random_0+random_2,2,dare,0.9,0.2,0.2,0,0.90825,0.9613837386286418,0.09934838861227036,0.4229181110858917,0.2956148571081103,2.566593050956726,2.0,0.8837382515840138,0.7298970978899197
vit_tiny_patch16_224,random,1,random_0+random_2,2,dare,0.9,0.2,0.3,0,0.91925,0.9730062064549596,0.09934838861227036,0.4229181110858917,0.2956148571081103,2.566593050956726,2.0,0.8837382515840138,0.7298970978899197
vit_tiny_patch16_224,random,1,random_0+random_2,2,dare,0.9,0.2,0.5,0,0.928,0.9822649107013312,0.09934838861227036,0.4229181110858917,0.2956148571081103,2.566593050956726,2.0,0.8837382515840138,0.7298970978899197
vit_tiny_patch16_224,random,1,random_0+random_3,2,dare,0.9,0.2,0.2,0,0.89525,0.9511013670858641,0.10077539086341858,0.42180535197257996,0.295161958139571,2.5927990674972534,2.0,0.8759353920990116,0.7325382827067113
vit_tiny_patch16_224,random,1,random_0+random_3,2,dare,0.9,0.2,0.3,0,0.90625,0.962805015018642,0.10077539086341858,0.42180535197257996,0.295161958139571,2.5927990674972534,2.0,0.8759353920990116,0.7325382827067113
vit_tiny_patch16_224,random,1,random_0+random_3,2,dare,0.9,0.2,0.5,0,0.917,0.9742205375556356,0.10077539086341858,0.42180535197257996,0.295161958139571,2.5927990674972534,2.0,0.8759353920990116,0.7325382827067113
vit_tiny_patch16_224,random,1,random_0+random_4,2,dare,0.9,0.2,0.2,0,0.89825,0.9505313613943361,0.10295213013887405,0.4202481508255005,0.2927424768560782,2.5528616905212402,2.0,0.8875052017774311,0.7331278617702814
vit_tiny_patch16_224,random,1,random_0+random_4,2,dare,0.9,0.2,0.3,0,0.909,0.9619022796706991,0.10295213013887405,0.4202481508255005,0.2927424768560782,2.5528616905212402,2.0,0.8875052017774311,0.7331278617702814
vit_tiny_patch16_224,random,1,random_0+random_4,2,dare,0.9,0.2,0.5,0,0.91925,0.9727480094769083,0.10295213013887405,0.4202481508255005,0.2927424768560782,2.5528616905212402,2.0,0.8875052017774311,0.7331278617702814
vit_tiny_patch16_224,random,1,random_1+random_2,2,dare,0.9,0.2,0.2,0,0.8945,0.9627736566473171,0.10319669544696808,0.41990822553634644,0.31293514569935255,2.5898473262786865,2.0,0.8838090926229243,0.7230548768968387
vit_tiny_patch16_224,random,1,random_1+random_2,2,dare,0.9,0.2,0.3,0,0.91025,0.9797545361729152,0.10319669544696808,0.41990822553634644,0.31293514569935255,2.5898473262786865,2.0,0.8838090926229243,0.7230548768968387
vit_tiny_patch16_224,random,1,random_1+random_2,2,dare,0.9,0.2,0.5,0,0.91475,0.9846340293221555,0.10319669544696808,0.41990822553634644,0.31293514569935255,2.5898473262786865,2.0,0.8838090926229243,0.7230548768968387
vit_tiny_patch16_224,random,1,random_1+random_3,2,dare,0.9,0.2,0.2,0,0.8812500000000001,0.9522013408400449,0.09035497903823853,0.42967846989631653,0.28550172721006156,2.616053342819214,2.0,0.8499095591432612,0.7256960617136301
vit_tiny_patch16_224,random,1,random_1+random_3,2,dare,0.9,0.2,0.3,0,0.8947499999999999,0.9668091299484634,0.09035497903823853,0.42967846989631653,0.28550172721006156,2.616053342819214,2.0,0.8499095591432612,0.7256960617136301
vit_tiny_patch16_224,random,1,random_1+random_3,2,dare,0.9,0.2,0.5,0,0.9055,0.9783981608400916,0.09035497903823853,0.42967846989631653,0.28550172721006156,2.616053342819214,2.0,0.8499095591432612,0.7256960617136301
vit_tiny_patch16_224,random,1,random_1+random_4,2,dare,0.9,0.2,0.2,0,0.89025,0.9580517527252679,0.09767870604991913,0.42412638664245605,0.29968647809186333,2.5761159658432007,2.0,0.8714753763117948,0.7262856407772005
vit_tiny_patch16_224,random,1,random_1+random_4,2,dare,0.9,0.2,0.3,0,0.901,0.9696115910537432,0.09767870604991913,0.42412638664245605,0.29968647809186333,2.5761159658432007,2.0,0.8714753763117948,0.7262856407772005
vit_tiny_patch16_224,random,1,random_1+random_4,2,dare,0.9,0.2,0.5,0,0.91,0.9792701268480944,0.09767870604991913,0.42412638664245605,0.29968647809186333,2.5761159658432007,2.0,0.8714753763117948,0.7262856407772005
vit_tiny_patch16_224,random,1,random_2+random_3,2,dare,0.9,0.2,0.2,0,0.9005,0.9605029161650893,0.0952877402305603,0.4260072112083435,0.2924852765985155,2.5970077514648438,2.0,0.8622025772201084,0.72940803002122
vit_tiny_patch16_224,random,1,random_2+random_3,2,dare,0.9,0.2,0.3,0,0.91075,0.9714433708729381,0.0952877402305603,0.4260072112083435,0.2924852765985155,2.5970077514648438,2.0,0.8622025772201084,0.72940803002122
vit_tiny_patch16_224,random,1,random_2+random_3,2,dare,0.9,0.2,0.5,0,0.91925,0.9805121550494145,0.0952877402305603,0.4260072112083435,0.2924852765985155,2.5970077514648438,2.0,0.8622025772201084,0.72940803002122
vit_tiny_patch16_224,random,1,random_2+random_4,2,dare,0.9,0.2,0.2,0,0.90525,0.9617549606270772,0.1028316468000412,0.42023810744285583,0.3046866295989097,2.5570703744888306,2.0,0.8888966113052849,0.7299976090847902
vit_tiny_patch16_224,random,1,random_2+random_4,2,dare,0.9,0.2,0.3,0,0.91825,0.9755658182191689,0.1028316468000412,0.42023810744285583,0.3046866295989097,2.5570703744888306,2.0,0.8888966113052849,0.7299976090847902
vit_tiny_patch16_224,random,1,random_2+random_4,2,dare,0.9,0.2,0.5,0,0.92675,0.9845950935237426,0.1028316468000412,0.42023810744285583,0.3046866295989097,2.5570703744888306,2.0,0.8888966113052849,0.7299976090847902
vit_tiny_patch16_224,random,1,random_3+random_4,2,dare,0.9,0.2,0.2,0,0.893,0.9522690339917281,0.10336649417877197,0.4198931157588959,0.30627527733162524,2.583276391029358,2.0,0.8796986668597438,0.7326387939015817
vit_tiny_patch16_224,random,1,random_3+random_4,2,dare,0.9,0.2,0.3,0,0.9075,0.9677339568163701,0.10336649417877197,0.4198931157588959,0.30627527733162524,2.583276391029358,2.0,0.8796986668597438,0.7326387939015817
vit_tiny_patch16_224,random,1,random_3+random_4,2,dare,0.9,0.2,0.5,0,0.9215,0.9826678121954464,0.10336649417877197,0.4198931157588959,0.30627527733162524,2.583276391029358,2.0,0.8796986668597438,0.7326387939015817
vit_tiny_patch16_224,random,1,random_0+random_1+random_2,3,dare,0.9,0.2,0.2,0,0.9021666666666667,0.9644301072416087,0.10035209109385808,0.4220760265986125,0.3017145466514873,2.580693006515503,3.0,0.8815083700006406,0.7263790347896961
vit_tiny_patch16_224,random,1,random_0+random_1+random_2,3,dare,0.9,0.2,0.3,0,0.91,0.9727640931793449,0.10035209109385808,0.4220760265986125,0.3017145466514873,2.580693006515503,3.0,0.8815083700006406,0.7263790347896961
vit_tiny_patch16_224,random,1,random_0+random_1+random_2,3,dare,0.9,0.2,0.5,0,0.9065,0.9689802805222074,0.10035209109385808,0.4220760265986125,0.3017145466514873,2.580693006515503,3.0,0.8815083700006406,0.7263790347896961
vit_tiny_patch16_224,random,1,random_0+random_1+random_3,3,dare,0.9,0.2,0.2,0,0.8923333333333333,0.9562766572161668,0.0965471863746643,0.4249618550141652,0.2924191074988772,2.598163684209188,3.0,0.8676075723457523,0.7281398246675571
vit_tiny_patch16_224,random,1,random_0+random_1+random_3,3,dare,0.9,0.2,0.3,0,0.903,0.967756383305253,0.0965471863746643,0.4249618550141652,0.2924191074988772,2.598163684209188,3.0,0.8676075723457523,0.7281398246675571
vit_tiny_patch16_224,random,1,random_0+random_1+random_3,3,dare,0.9,0.2,0.5,0,0.8995000000000001,0.9639374416822403,0.0965471863746643,0.4249618550141652,0.2924191074988772,2.598163684209188,3.0,0.8676075723457523,0.7281398246675571
vit_tiny_patch16_224,random,1,random_0+random_1+random_4,3,dare,0.9,0.2,0.2,0,0.8973333333333334,0.9590664244887819,0.09971400847037633,0.42259209354718524,0.29634086403164683,2.571538766225179,3.0,0.8786527812947366,0.7285328773766039
vit_tiny_patch16_224,random,1,random_0+random_1+random_4,3,dare,0.9,0.2,0.3,0,0.9045,0.9667754142484891,0.09971400847037633,0.42259209354718524,0.29634086403164683,2.571538766225179,3.0,0.8786527812947366,0.7285328773766039
vit_tiny_patch16_224,random,1,random_0+random_1+random_4,3,dare,0.9,0.2,0.5,0,0.8958333333333334,0.9574797543469874,0.09971400847037633,0.42259209354718524,0.29634086403164683,2.571538766225179,3.0,0.8786527812947366,0.7285328773766039
vit_tiny_patch16_224,random,1,random_0+random_2+random_3,3,dare,0.9,0.2,0.2,0,0.8993333333333333,0.9555165541982548,0.09847050656874974,0.42357689142227173,0.2944206972820656,2.5854666233062744,3.0,0.8739587403010446,0.7306144702059503
vit_tiny_patch16_224,random,1,random_0+random_2+random_3,3,dare,0.9,0.2,0.3,0,0.9106666666666667,0.9675583599576946,0.09847050656874974,0.42357689142227173,0.2944206972820656,2.5854666233062744,3.0,0.8739587403010446,0.7306144702059503
vit_tiny_patch16_224,random,1,random_0+random_2+random_3,3,dare,0.9,0.2,0.5,0,0.9090000000000001,0.9657743587151654,0.09847050656874974,0.42357689142227173,0.2944206972820656,2.5854666233062744,3.0,0.8739587403010446,0.7306144702059503
vit_tiny_patch16_224,random,1,random_0+random_2+random_4,3,dare,0.9,0.2,0.2,0,0.9061666666666667,0.9602674125514157,0.1017107218503952,0.42113478978474933,0.2976813211876994,2.5588417053222656,3.0,0.88671335488891,0.7310075229149972
vit_tiny_patch16_224,random,1,random_0+random_2+random_4,3,dare,0.9,0.2,0.3,0,0.9156666666666666,0.9703369895277718,0.1017107218503952,0.42113478978474933,0.2976813211876994,2.5588417053222656,3.0,0.88671335488891,0.7310075229149972
vit_tiny_patch16_224,random,1,random_0+random_2+random_4,3,dare,0.9,0.2,0.5,0,0.9121666666666667,0.9666250253472244,0.1017107218503952,0.42113478978474933,0.2976813211876994,2.5588417053222656,3.0,0.88671335488891,0.7310075229149972
vit_tiny_patch16_224,random,1,random_0+random_3+random_4,3,dare,0.9,0.2,0.2,0,0.8991666666666666,0.9551870504291168,0.10236467172702153,0.42064887285232544,0.2980599041090915,2.5763123830159507,3.0,0.8810464202453955,0.732768312792858
vit_tiny_patch16_224,random,1,random_0+random_3+random_4,3,dare,0.9,0.2,0.3,0,0.9048333333333334,0.9612195285749068,0.10236467172702153,0.42064887285232544,0.2980599041090915,2.5763123830159507,3.0,0.8810464202453955,0.732768312792858
vit_tiny_patch16_224,random,1,random_0+random_3+random_4,3,dare,0.9,0.2,0.5,0,0.8983333333333334,0.9543200722041689,0.10236467172702153,0.42064887285232544,0.2980599041090915,2.5763123830159507,3.0,0.8810464202453955,0.732768312792858
vit_tiny_patch16_224,random,1,random_1+random_2+random_3,3,dare,0.9,0.2,0.2,0,0.894,0.9605784571218358,0.09627980490525563,0.4251979688803355,0.29697404983597653,2.6009694735209146,3.0,0.8653070763287646,0.7260529895438963
vit_tiny_patch16_224,random,1,random_1+random_2+random_3,3,dare,0.9,0.2,0.3,0,0.9051666666666667,0.97260826734488,0.09627980490525563,0.4251979688803355,0.29697404983597653,2.6009694735209146,3.0,0.8653070763287646,0.7260529895438963
vit_tiny_patch16_224,random,1,random_1+random_2+random_3,3,dare,0.9,0.2,0.5,0,0.9008333333333334,0.9679230637294047,0.09627980490525563,0.4251979688803355,0.29697404983597653,2.6009694735209146,3.0,0.8653070763287646,0.7260529895438963
vit_tiny_patch16_224,random,1,random_1+random_2+random_4,3,dare,0.9,0.2,0.2,0,0.9015,0.9660538830494083,0.1012356827656428,0.4214242398738861,0.3057694177967085,2.5743445555369058,3.0,0.8813936934133347,0.7264460422529431
vit_tiny_patch16_224,random,1,random_1+random_2+random_4,3,dare,0.9,0.2,0.3,0,0.9108333333333333,0.9760774279973359,0.1012356827656428,0.4214242398738861,0.3057694177967085,2.5743445555369058,3.0,0.8813936934133347,0.7264460422529431
vit_tiny_patch16_224,random,1,random_1+random_2+random_4,3,dare,0.9,0.2,0.5,0,0.9098333333333333,0.9749399015559929,0.1012356827656428,0.4214242398738861,0.3057694177967085,2.5743445555369058,3.0,0.8813936934133347,0.7264460422529431
vit_tiny_patch16_224,random,1,random_1+random_3+random_4,3,dare,0.9,0.2,0.2,0,0.8911666666666666,0.9573651898219535,0.09713339308897655,0.42456599076588947,0.2971544942111834,2.591815233230591,3.0,0.8670278674382667,0.7282068321308041
vit_tiny_patch16_224,random,1,random_1+random_3+random_4,3,dare,0.9,0.2,0.3,0,0.9009999999999999,0.9679368026122762,0.09713339308897655,0.42456599076588947,0.2971544942111834,2.591815233230591,3.0,0.8670278674382667,0.7282068321308041
vit_tiny_patch16_224,random,1,random_1+random_3+random_4,3,dare,0.9,0.2,0.5,0,0.895,0.9614722180305845,0.09713339308897655,0.42456599076588947,0.2971544942111834,2.591815233230591,3.0,0.8670278674382667,0.7282068321308041
vit_tiny_patch16_224,random,1,random_2+random_3+random_4,3,dare,0.9,0.2,0.2,0,0.9048333333333334,0.9637651035040559,0.10049529373645782,0.42204614480336505,0.30114906117635015,2.5791181723276773,3.0,0.8769326184617124,0.7306814776691972
vit_tiny_patch16_224,random,1,random_2+random_3+random_4,3,dare,0.9,0.2,0.3,0,0.9129999999999999,0.9724615620851692,0.10049529373645782,0.42204614480336505,0.30114906117635015,2.5791181723276773,3.0,0.8769326184617124,0.7306814776691972
vit_tiny_patch16_224,random,1,random_2+random_3+random_4,3,dare,0.9,0.2,0.5,0,0.9081666666666667,0.9673132249398324,0.10049529373645782,0.42204614480336505,0.30114906117635015,2.5791181723276773,3.0,0.8769326184617124,0.7306814776691972
vit_tiny_patch16_224,random,1,random_0+random_1+random_2+random_3+random_4,5,dare,0.9,0.2,0.2,0,0.8999,0.9610519299241327,0.0994303360581398,0.4228224873542786,0.29816834637810863,2.5817263603210447,5.0,0.8760148494718557,0.7288829384344504
vit_tiny_patch16_224,random,1,random_0+random_1+random_2+random_3+random_4,5,dare,0.9,0.2,0.3,0,0.8977999999999999,0.9587797829220699,0.0994303360581398,0.4228224873542786,0.29816834637810863,2.5817263603210447,5.0,0.8760148494718557,0.7288829384344504
vit_tiny_patch16_224,random,1,random_0+random_1+random_2+random_3+random_4,5,dare,0.9,0.2,0.5,0,0.8648999999999999,0.9234833125560721,0.0994303360581398,0.4228224873542786,0.29816834637810863,2.5817263603210447,5.0,0.8760148494718557,0.7288829384344504
