backbone,regime,seed,subset,n_tasks,method,absolute_acc,normalized_acc,cosine,sign_conflict,subspace_overlap,mean_tau_norm,num_tasks,cka,drift,param_scaling,param_density,param_drop_rate,param_seed
vit_tiny_patch16_224,semantic,0,aquatic_life+flora_and_insects,2,averaging,0.84575,0.9813782292146452,0.073302574455738,0.442454069852829,0.2675485786749785,2.628836154937744,2.0,0.8312760048499626,0.7277724756937554,,,,
vit_tiny_patch16_224,semantic,0,aquatic_life+flora_and_insects,2,task_arithmetic,0.774,0.8977686399521627,0.073302574455738,0.442454069852829,0.2675485786749785,2.628836154937744,2.0,0.8312760048499626,0.7277724756937554,0.1,,,
vit_tiny_patch16_224,semantic,0,aquatic_life+flora_and_insects,2,task_arithmetic,0.8107500000000001,0.9405479059093518,0.073302574455738,0.442454069852829,0.2675485786749785,2.628836154937744,2.0,0.8312760048499626,0.7277724756937554,0.2,,,
vit_tiny_patch16_224,semantic,0,aquatic_life+flora_and_insects,2,task_arithmetic,0.8320000000000001,0.9652528625568672,0.073302574455738,0.442454069852829,0.2675485786749785,2.628836154937744,2.0,0.8312760048499626,0.7277724756937554,0.3,,,
vit_tiny_patch16_224,semantic,0,aquatic_life+flora_and_insects,2,task_arithmetic,0.84575,0.9813782292146452,0.073302574455738,0.442454069852829,0.2675485786749785,2.628836154937744,2.0,0.8312760048499626,0.7277724756937554,0.5,,,
vit_tiny_patch16_224,semantic,0,aquatic_life+flora_and_insects,2,task_arithmetic,0.8215,0.953125883816958,0.073302574455738,0.442454069852829,0.2675485786749785,2.628836154937744,2.0,0.8312760048499626,0.7277724756937554,1.0,,,
vit_tiny_patch16_224,semantic,0,aquatic_life+flora_and_insects,2,ties,0.82325,0.955055129976647,0.073302574455738,0.442454069852829,0.2675485786749785,2.628836154937744,2.0,0.8312760048499626,0.7277724756937554,0.5,0.2,,
vit_tiny_patch16_224,semantic,0,aquatic_life+flora_and_insects,2,ties,0.84775,0.9836796885732064,0.073302574455738,0.442454069852829,0.2675485786749785,2.628836154937744,2.0,0.8312760048499626,0.7277724756937554,1.0,0.2,,
vit_tiny_patch16_224,semantic,0,aquatic_life+flora_and_insects,2,dare,0.8015,0.9298683668274708,0.073302574455738,0.442454069852829,0.2675485786749785,2.628836154937744,2.0,0.8312760048499626,0.7277724756937554,1.0,0.2,0.9,0.0
vit_tiny_patch16_224,semantic,0,aquatic_life+flora_and_insects,2,dare,0.8067500000000001,0.9358793322182088,0.073302574455738,0.442454069852829,0.2675485786749785,2.628836154937744,2.0,0.8312760048499626,0.7277724756937554,1.0,0.2,0.9,1.0
vit_tiny_patch16_224,semantic,0,aquatic_life+flora_and_insects,2,dare,0.81125,0.9411938498460644,0.073302574455738,0.442454069852829,0.2675485786749785,2.628836154937744,2.0,0.8312760048499626,0.7277724756937554,1.0,0.2,0.9,2.0
vit_tiny_patch16_224,semantic,0,aquatic_life+household_and_people,2,averaging,0.8255,0.9691811812349926,0.0636754259467125,0.4499767124652862,0.2553678592531611,2.6818147897720337,2.0,0.8135311252628803,0.7300080406160367,,,,
vit_tiny_patch16_224,semantic,0,aquatic_life+household_and_people,2,task_arithmetic,0.7410000000000001,0.8699765878496661,0.0636754259467125,0.4499767124652862,0.2553678592531611,2.6818147897720337,2.0,0.8135311252628803,0.7300080406160367,0.1,,,
vit_tiny_patch16_224,semantic,0,aquatic_life+household_and_people,2,task_arithmetic,0.7805,0.9163504958110376,0.0636754259467125,0.4499767124652862,0.2553678592531611,2.6818147897720337,2.0,0.8135311252628803,0.7300080406160367,0.2,,,
vit_tiny_patch16_224,semantic,0,aquatic_life+household_and_people,2,task_arithmetic,0.79625,0.9348419249101972,0.0636754259467125,0.4499767124652862,0.2553678592531611,2.6818147897720337,2.0,0.8135311252628803,0.7300080406160367,0.3,,,
vit_tiny_patch16_224,semantic,0,aquatic_life+household_and_people,2,task_arithmetic,0.8255,0.9691811812349926,0.0636754259467125,0.4499767124652862,0.2553678592531611,2.6818147897720337,2.0,0.8135311252628803,0.7300080406160367,0.5,,,
vit_tiny_patch16_224,semantic,0,aquatic_life+household_and_people,2,task_arithmetic,0.8135,0.955090643685956,0.0636754259467125,0.4499767124652862,0.2553678592531611,2.6818147897720337,2.0,0.8135311252628803,0.7300080406160367,1.0,,,
vit_tiny_patch16_224,semantic,0,aquatic_life+household_and_people,2,ties,0.7935,0.9316135361789056,0.0636754259467125,0.4499767124652862,0.2553678592531611,2.6818147897720337,2.0,0.8135311252628803,0.7300080406160367,0.5,0.2,,
vit_tiny_patch16_224,semantic,0,aquatic_life+household_and_people,2,ties,0.82675,0.9706484896854212,0.0636754259467125,0.4499767124652862,0.2553678592531611,2.6818147897720337,2.0,0.8135311252628803,0.7300080406160367,1.0,0.2,,
vit_tiny_patch16_224,semantic,0,aquatic_life+household_and_people,2,dare,0.80025,0.9395331422868785,0.0636754259467125,0.4499767124652862,0.2553678592531611,2.6818147897720337,2.0,0.8135311252628803,0.7300080406160367,1.0,0.2,0.9,0.0
vit_tiny_patch16_224,semantic,0,aquatic_life+household_and_people,2,dare,0.79625,0.9348379620057397,0.0636754259467125,0.4499767124652862,0.2553678592531611,2.6818147897720337,2.0,0.8135311252628803,0.7300080406160367,1.0,0.2,0.9,1.0
vit_tiny_patch16_224,semantic,0,aquatic_life+household_and_people,2,dare,0.79175,0.929552481260631,0.0636754259467125,0.4499767124652862,0.2553678592531611,2.6818147897720337,2.0,0.8135311252628803,0.7300080406160367,1.0,0.2,0.9,2.0
vit_tiny_patch16_224,semantic,0,aquatic_life+mammals,2,averaging,0.8262499999999999,0.9647314783006984,0.0806870386004448,0.4367660582065582,0.2886546215108,2.695367693901062,2.0,0.8495652354638408,0.7198636256064388,,,,
vit_tiny_patch16_224,semantic,0,aquatic_life+mammals,2,task_arithmetic,0.74175,0.8660284880011778,0.0806870386004448,0.4367660582065582,0.2886546215108,2.695367693901062,2.0,0.8495652354638408,0.7198636256064388,0.1,,,
vit_tiny_patch16_224,semantic,0,aquatic_life+mammals,2,task_arithmetic,0.78225,0.9133183245816362,0.0806870386004448,0.4367660582065582,0.2886546215108,2.695367693901062,2.0,0.8495652354638408,0.7198636256064388,0.2,,,
vit_tiny_patch16_224,semantic,0,aquatic_life+mammals,2,task_arithmetic,0.804,0.9387544780880404,0.0806870386004448,0.4367660582065582,0.2886546215108,2.695367693901062,2.0,0.8495652354638408,0.7198636256064388,0.3,,,
vit_tiny_patch16_224,semantic,0,aquatic_life+mammals,2,task_arithmetic,0.8262499999999999,0.9647314783006984,0.0806870386004448,0.4367660582065582,0.2886546215108,2.695367693901062,2.0,0.8495652354638408,0.7198636256064388,0.5,,,
vit_tiny_patch16_224,semantic,0,aquatic_life+mammals,2,task_arithmetic,0.8007500000000001,0.9350258052379316,0.0806870386004448,0.4367660582065582,0.2886546215108,2.695367693901062,2.0,0.8495652354638408,0.7198636256064388,1.0,,,
vit_tiny_patch16_224,semantic,0,aquatic_life+mammals,2,ties,0.798,0.9317214261176816,0.0806870386004448,0.4367660582065582,0.2886546215108,2.695367693901062,2.0,0.8495652354638408,0.7198636256064388,0.5,0.2,,
vit_tiny_patch16_224,semantic,0,aquatic_life+mammals,2,ties,0.82975,0.968814922052641,0.0806870386004448,0.4367660582065582,0.2886546215108,2.695367693901062,2.0,0.8495652354638408,0.7198636256064388,1.0,0.2,,
vit_tiny_patch16_224,semantic,0,aquatic_life+mammals,2,dare,0.778,0.9084220771785184,0.0806870386004448,0.4367660582065582,0.2886546215108,2.695367693901062,2.0,0.8495652354638408,0.7198636256064388,1.0,0.2,0.9,0.0
vit_tiny_patch16_224,semantic,0,aquatic_life+mammals,2,dare,0.782,0.9131077113085012,0.0806870386004448,0.4367660582065582,0.2886546215108,2.695367693901062,2.0,0.8495652354638408,0.7198636256064388,1.0,0.2,0.9,1.0
vit_tiny_patch16_224,semantic,0,aquatic_life+mammals,2,dare,0.7845,0.9160327820582028,0.0806870386004448,0.4367660582065582,0.2886546215108,2.695367693901062,2.0,0.8495652354638408,0.7198636256064388,1.0,0.2,0.9,2.0
vit_tiny_patch16_224,semantic,0,aquatic_life+outdoor_and_vehicles,2,averaging,0.85375,0.9667040352985896,0.066419631242752,0.4477892518043518,0.2590909319625092,2.639186978340149,2.0,0.7886978618845465,0.7201771541631565,,,,
vit_tiny_patch16_224,semantic,0,aquatic_life+outdoor_and_vehicles,2,task_arithmetic,0.7795000000000001,0.882163605263969,0.066419631242752,0.4477892518043518,0.2590909319625092,2.639186978340149,2.0,0.7886978618845465,0.7201771541631565,0.1,,,
vit_tiny_patch16_224,semantic,0,aquatic_life+outdoor_and_vehicles,2,task_arithmetic,0.8140000000000001,0.9214424035093126,0.066419631242752,0.4477892518043518,0.2590909319625092,2.639186978340149,2.0,0.7886978618845465,0.7201771541631565,0.2,,,
vit_tiny_patch16_224,semantic,0,aquatic_life+outdoor_and_vehicles,2,task_arithmetic,0.831,0.940778423274879,0.066419631242752,0.4477892518043518,0.2590909319625092,2.639186978340149,2.0,0.7886978618845465,0.7201771541631565,0.3,,,
vit_tiny_patch16_224,semantic,0,aquatic_life+outdoor_and_vehicles,2,task_arithmetic,0.85375,0.9667040352985896,0.066419631242752,0.4477892518043518,0.2590909319625092,2.639186978340149,2.0,0.7886978618845465,0.7201771541631565,0.5,,,
vit_tiny_patch16_224,semantic,0,aquatic_life+outdoor_and_vehicles,2,task_arithmetic,0.8282499999999999,0.937132734407906,0.066419631242752,0.4477892518043518,0.2590909319625092,2.639186978340149,2.0,0.7886978618845465,0.7201771541631565,1.0,,,
vit_tiny_patch16_224,semantic,0,aquatic_life+outdoor_and_vehicles,2,ties,0.82525,0.9343679693037876,0.066419631242752,0.4477892518043518,0.2590909319625092,2.639186978340149,2.0,0.7886978618845465,0.7201771541631565,0.5,0.2,,
vit_tiny_patch16_224,semantic,0,aquatic_life+outdoor_and_vehicles,2,ties,0.854,0.967256217832157,0.066419631242752,0.4477892518043518,0.2590909319625092,2.639186978340149,2.0,0.7886978618845465,0.7201771541631565,1.0,0.2,,
vit_tiny_patch16_224,semantic,0,aquatic_life+outdoor_and_vehicles,2,dare,0.80975,0.9162550980573448,0.066419631242752,0.4477892518043518,0.2590909319625092,2.639186978340149,2.0,0.7886978618845465,0.7201771541631565,1.0,0.2,0.9,0.0
vit_tiny_patch16_224,semantic,0,aquatic_life+outdoor_and_vehicles,2,dare,0.8107500000000001,0.9169312006246084,0.066419631242752,0.4477892518043518,0.2590909319625092,2.639186978340149,2.0,0.7886978618845465,0.7201771541631565,1.0,0.2,0.9,1.0
vit_tiny_patch16_224,semantic,0,aquatic_life+outdoor_and_vehicles,2,dare,0.8185,0.9264056255842862,0.066419631242752,0.4477892518043518,0.2590909319625092,2.639186978340149,2.0,0.7886978618845465,0.7201771541631565,1.0,0.2,0.9,2.0
vit_tiny_patch16_224,semantic,0,flora_and_insects+household_and_people,2,averaging,0.845,0.9806763333848776,0.0699772462248802,0.4452358782291412,0.2669245466976033,2.585866332054138,2.0,0.8254207014066353,0.7444404911055373,,,,
vit_tiny_patch16_224,semantic,0,flora_and_insects+household_and_people,2,task_arithmetic,0.78075,0.905955674050956,0.0699772462248802,0.4452358782291412,0.2669245466976033,2.585866332054138,2.0,0.8254207014066353,0.7444404911055373,0.1,,,
vit_tiny_patch16_224,semantic,0,flora_and_insects+household_and_people,2,task_arithmetic,0.81225,0.9425247336127498,0.0699772462248802,0.4452358782291412,0.2669245466976033,2.585866332054138,2.0,0.8254207014066353,0.7444404911055373,0.2,,,
vit_tiny_patch16_224,semantic,0,flora_and_insects+household_and_people,2,task_arithmetic,0.83175,0.965223363043652,0.0699772462248802,0.4452358782291412,0.2669245466976033,2.585866332054138,2.0,0.8254207014066353,0.7444404911055373,0.3,,,
vit_tiny_patch16_224,semantic,0,flora_and_insects+household_and_people,2,task_arithmetic,0.845,0.9806763333848776,0.0699772462248802,0.4452358782291412,0.2669245466976033,2.585866332054138,2.0,0.8254207014066353,0.7444404911055373,0.5,,,
vit_tiny_patch16_224,semantic,0,flora_and_insects+household_and_people,2,task_arithmetic,0.823,0.9550821354371432,0.0699772462248802,0.4452358782291412,0.2669245466976033,2.585866332054138,2.0,0.8254207014066353,0.7444404911055373,1.0,,,
vit_tiny_patch16_224,semantic,0,flora_and_insects+household_and_people,2,ties,0.8240000000000001,0.9562026311773392,0.0699772462248802,0.4452358782291412,0.2669245466976033,2.585866332054138,2.0,0.8254207014066353,0.7444404911055373,0.5,0.2,,
vit_tiny_patch16_224,semantic,0,flora_and_insects+household_and_people,2,ties,0.8494999999999999,0.9859409115364232,0.0699772462248802,0.4452358782291412,0.2669245466976033,2.585866332054138,2.0,0.8254207014066353,0.7444404911055373,1.0,0.2,,
vit_tiny_patch16_224,semantic,0,flora_and_insects+household_and_people,2,dare,0.8145,0.945140178194533,0.0699772462248802,0.4452358782291412,0.2669245466976033,2.585866332054138,2.0,0.8254207014066353,0.7444404911055373,1.0,0.2,0.9,0.0
vit_tiny_patch16_224,semantic,0,flora_and_insects+household_and_people,2,dare,0.8047500000000001,0.9338649792526368,0.0699772462248802,0.4452358782291412,0.2669245466976033,2.585866332054138,2.0,0.8254207014066353,0.7444404911055373,1.0,0.2,0.9,1.0
vit_tiny_patch16_224,semantic,0,flora_and_insects+household_and_people,2,dare,0.7975,0.9253573306732508,0.0699772462248802,0.4452358782291412,0.2669245466976033,2.585866332054138,2.0,0.8254207014066353,0.7444404911055373,1.0,0.2,0.9,2.0
vit_tiny_patch16_224,semantic,0,flora_and_insects+mammals,2,averaging,0.8315,0.9597449029567748,0.0654018595814704,0.4485036134719848,0.257260966858463,2.5994192361831665,2.0,0.8236557026912595,0.7342960760959394,,,,
vit_tiny_patch16_224,semantic,0,flora_and_insects+mammals,2,task_arithmetic,0.77525,0.894700754236458,0.0654018595814704,0.4485036134719848,0.257260966858463,2.5994192361831665,2.0,0.8236557026912595,0.7342960760959394,0.1,,,
vit_tiny_patch16_224,semantic,0,flora_and_insects+mammals,2,task_arithmetic,0.8087500000000001,0.9334340847711404,0.0654018595814704,0.4485036134719848,0.257260966858463,2.5994192361831665,2.0,0.8236557026912595,0.7342960760959394,0.2,,,
vit_tiny_patch16_224,semantic,0,flora_and_insects+mammals,2,task_arithmetic,0.8275,0.9550921455858276,0.0654018595814704,0.4485036134719848,0.257260966858463,2.5994192361831665,2.0,0.8236557026912595,0.7342960760959394,0.3,,,
vit_tiny_patch16_224,semantic,0,flora_and_insects+mammals,2,task_arithmetic,0.8315,0.9597449029567748,0.0654018595814704,0.4485036134719848,0.257260966858463,2.5994192361831665,2.0,0.8236557026912595,0.7342960760959394,0.5,,,
vit_tiny_patch16_224,semantic,0,flora_and_insects+mammals,2,task_arithmetic,0.79025,0.912006912668094,0.0654018595814704,0.4485036134719848,0.257260966858463,2.5994192361831665,2.0,0.8236557026912595,0.7342960760959394,1.0,,,
vit_tiny_patch16_224,semantic,0,flora_and_insects+mammals,2,ties,0.82225,0.9490505576312218,0.0654018595814704,0.4485036134719848,0.257260966858463,2.5994192361831665,2.0,0.8236557026912595,0.7342960760959394,0.5,0.2,,
vit_tiny_patch16_224,semantic,0,flora_and_insects+mammals,2,ties,0.8385,0.9678400011194604,0.0654018595814704,0.4485036134719848,0.257260966858463,2.5994192361831665,2.0,0.8236557026912595,0.7342960760959394,1.0,0.2,,
vit_tiny_patch16_224,semantic,0,flora_and_insects+mammals,2,dare,0.777,0.8966073352644026,0.0654018595814704,0.4485036134719848,0.257260966858463,2.5994192361831665,2.0,0.8236557026912595,0.7342960760959394,1.0,0.2,0.9,0.0
vit_tiny_patch16_224,semantic,0,flora_and_insects+mammals,2,dare,0.788,0.9094286553881028,0.0654018595814704,0.4485036134719848,0.257260966858463,2.5994192361831665,2.0,0.8236557026912595,0.7342960760959394,1.0,0.2,0.9,1.0
vit_tiny_patch16_224,semantic,0,flora_and_insects+mammals,2,dare,0.7737499999999999,0.892895624309083,0.0654018595814704,0.4485036134719848,0.257260966858463,2.5994192361831665,2.0,0.8236557026912595,0.7342960760959394,1.0,0.2,0.9,2.0
vit_tiny_patch16_224,semantic,0,flora_and_insects+outdoor_and_vehicles,2,averaging,0.86975,0.974489078539855,0.0704938396811485,0.4448029994964599,0.2613308336801571,2.5432385206222534,2.0,0.8040270837372796,0.7346096046526571,,,,
vit_tiny_patch16_224,semantic,0,flora_and_insects+outdoor_and_vehicles,2,task_arithmetic,0.81825,0.9168761636103652,0.0704938396811485,0.4448029994964599,0.2613308336801571,2.5432385206222534,2.0,0.8040270837372796,0.7346096046526571,0.1,,,
vit_tiny_patch16_224,semantic,0,flora_and_insects+outdoor_and_vehicles,2,task_arithmetic,0.84625,0.948284384803986,0.0704938396811485,0.4448029994964599,0.2613308336801571,2.5432385206222534,2.0,0.8040270837372796,0.7346096046526571,0.2,,,
vit_tiny_patch16_224,semantic,0,flora_and_insects+outdoor_and_vehicles,2,task_arithmetic,0.86175,0.965682988283236,0.0704938396811485,0.4448029994964599,0.2613308336801571,2.5432385206222534,2.0,0.8040270837372796,0.7346096046526571,0.3,,,
vit_tiny_patch16_224,semantic,0,flora_and_insects+outdoor_and_vehicles,2,task_arithmetic,0.86975,0.974489078539855,0.0704938396811485,0.4448029994964599,0.2613308336801571,2.5432385206222534,2.0,0.8040270837372796,0.7346096046526571,0.5,,,
vit_tiny_patch16_224,semantic,0,flora_and_insects+outdoor_and_vehicles,2,task_arithmetic,0.85675,0.959678978496041,0.0704938396811485,0.4448029994964599,0.2613308336801571,2.5432385206222534,2.0,0.8040270837372796,0.7346096046526571,1.0,,,
vit_tiny_patch16_224,semantic,0,flora_and_insects+outdoor_and_vehicles,2,ties,0.85625,0.959625466542632,0.0704938396811485,0.4448029994964599,0.2613308336801571,2.5432385206222534,2.0,0.8040270837372796,0.7346096046526571,0.5,0.2,,
vit_tiny_patch16_224,semantic,0,flora_and_insects+outdoor_and_vehicles,2,ties,0.87625,0.9817874185080429,0.0704938396811485,0.4448029994964599,0.2613308336801571,2.5432385206222534,2.0,0.8040270837372796,0.7346096046526571,1.0,0.2,,
vit_tiny_patch16_224,semantic,0,flora_and_insects+outdoor_and_vehicles,2,dare,0.841,0.9420602070677206,0.0704938396811485,0.4448029994964599,0.2613308336801571,2.5432385206222534,2.0,0.8040270837372796,0.7346096046526571,1.0,0.2,0.9,0.0
vit_tiny_patch16_224,semantic,0,flora_and_insects+outdoor_and_vehicles,2,dare,0.8472500000000001,0.9490850240599784,0.0704938396811485,0.4448029994964599,0.2613308336801571,2.5432385206222534,2.0,0.8040270837372796,0.7346096046526571,1.0,0.2,0.9,1.0
vit_tiny_patch16_224,semantic,0,flora_and_insects+outdoor_and_vehicles,2,dare,0.8454999999999999,0.9472237182553284,0.0704938396811485,0.4448029994964599,0.2613308336801571,2.5432385206222534,2.0,0.8040270837372796,0.7346096046526571,1.0,0.2,0.9,2.0
vit_tiny_patch16_224,semantic,0,household_and_people+mammals,2,averaging,0.8194999999999999,0.9571324225950923,0.0637734234333038,0.449785828590393,0.2547972574469062,2.652397871017456,2.0,0.8183070671188075,0.7365316410182208,,,,
vit_tiny_patch16_224,semantic,0,household_and_people+mammals,2,task_arithmetic,0.74275,0.8674897683462197,0.0637734234333038,0.449785828590393,0.2547972574469062,2.652397871017456,2.0,0.8183070671188075,0.7365316410182208,0.1,,,
vit_tiny_patch16_224,semantic,0,household_and_people+mammals,2,task_arithmetic,0.78575,0.9177070524584954,0.0637734234333038,0.449785828590393,0.2547972574469062,2.652397871017456,2.0,0.8183070671188075,0.7365316410182208,0.2,,,
vit_tiny_patch16_224,semantic,0,household_and_people+mammals,2,task_arithmetic,0.8015000000000001,0.9360580460934214,0.0637734234333038,0.449785828590393,0.2547972574469062,2.652397871017456,2.0,0.8183070671188075,0.7365316410182208,0.3,,,
vit_tiny_patch16_224,semantic,0,household_and_people+mammals,2,task_arithmetic,0.8194999999999999,0.9571324225950923,0.0637734234333038,0.449785828590393,0.2547972574469062,2.652397871017456,2.0,0.8183070671188075,0.7365316410182208,0.5,,,
vit_tiny_patch16_224,semantic,0,household_and_people+mammals,2,task_arithmetic,0.7989999999999999,0.9332581091099056,0.0637734234333038,0.449785828590393,0.2547972574469062,2.652397871017456,2.0,0.8183070671188075,0.7365316410182208,1.0,,,
vit_tiny_patch16_224,semantic,0,household_and_people+mammals,2,ties,0.80025,0.9346127248286996,0.0637734234333038,0.449785828590393,0.2547972574469062,2.652397871017456,2.0,0.8183070671188075,0.7365316410182208,0.5,0.2,,
vit_tiny_patch16_224,semantic,0,household_and_people+mammals,2,ties,0.82175,0.9597586209483436,0.0637734234333038,0.449785828590393,0.2547972574469062,2.652397871017456,2.0,0.8183070671188075,0.7365316410182208,1.0,0.2,,
vit_tiny_patch16_224,semantic,0,household_and_people+mammals,2,dare,0.7709999999999999,0.9005660912661471,0.0637734234333038,0.449785828590393,0.2547972574469062,2.652397871017456,2.0,0.8183070671188075,0.7365316410182208,1.0,0.2,0.9,0.0
vit_tiny_patch16_224,semantic,0,household_and_people+mammals,2,dare,0.7869999999999999,0.9192204028826632,0.0637734234333038,0.449785828590393,0.2547972574469062,2.652397871017456,2.0,0.8183070671188075,0.7365316410182208,1.0,0.2,0.9,1.0
vit_tiny_patch16_224,semantic,0,household_and_people+mammals,2,dare,0.7775000000000001,0.9081834816334908,0.0637734234333038,0.449785828590393,0.2547972574469062,2.652397871017456,2.0,0.8183070671188075,0.7365316410182208,1.0,0.2,0.9,2.0
vit_tiny_patch16_224,semantic,0,household_and_people+outdoor_and_vehicles,2,averaging,0.854,0.9673001114007844,0.0766649916768074,0.4400654435157776,0.2790752631477338,2.596217155456543,2.0,0.824717919565525,0.7368451695749385,,,,
vit_tiny_patch16_224,semantic,0,household_and_people+outdoor_and_vehicles,2,task_arithmetic,0.788,0.8923997874776266,0.0766649916768074,0.4400654435157776,0.2790752631477338,2.596217155456543,2.0,0.824717919565525,0.7368451695749385,0.1,,,
vit_tiny_patch16_224,semantic,0,household_and_people+outdoor_and_vehicles,2,task_arithmetic,0.8180000000000001,0.9265877502823566,0.0766649916768074,0.4400654435157776,0.2790752631477338,2.596217155456543,2.0,0.824717919565525,0.7368451695749385,0.2,,,
vit_tiny_patch16_224,semantic,0,household_and_people+outdoor_and_vehicles,2,task_arithmetic,0.839,0.9504470486501488,0.0766649916768074,0.4400654435157776,0.2790752631477338,2.596217155456543,2.0,0.824717919565525,0.7368451695749385,0.3,,,
vit_tiny_patch16_224,semantic,0,household_and_people+outdoor_and_vehicles,2,task_arithmetic,0.854,0.9673001114007844,0.0766649916768074,0.4400654435157776,0.2790752631477338,2.596217155456543,2.0,0.824717919565525,0.7368451695749385,0.5,,,
vit_tiny_patch16_224,semantic,0,household_and_people+outdoor_and_vehicles,2,task_arithmetic,0.838,0.948991578768835,0.0766649916768074,0.4400654435157776,0.2790752631477338,2.596217155456543,2.0,0.824717919565525,0.7368451695749385,1.0,,,
vit_tiny_patch16_224,semantic,0,household_and_people+outdoor_and_vehicles,2,ties,0.833,0.9435010426959248,0.0766649916768074,0.4400654435157776,0.2790752631477338,2.596217155456543,2.0,0.824717919565525,0.7368451695749385,0.5,0.2,,
vit_tiny_patch16_224,semantic,0,household_and_people+outdoor_and_vehicles,2,ties,0.855,0.968434356413126,0.0766649916768074,0.4400654435157776,0.2790752631477338,2.596217155456543,2.0,0.824717919565525,0.7368451695749385,1.0,0.2,,
vit_tiny_patch16_224,semantic,0,household_and_people+outdoor_and_vehicles,2,dare,0.82675,0.9361610544399058,0.0766649916768074,0.4400654435157776,0.2790752631477338,2.596217155456543,2.0,0.824717919565525,0.7368451695749385,1.0,0.2,0.9,0.0
vit_tiny_patch16_224,semantic,0,household_and_people+outdoor_and_vehicles,2,dare,0.8255,0.9348938223318098,0.0766649916768074,0.4400654435157776,0.2790752631477338,2.596217155456543,2.0,0.824717919565525,0.7368451695749385,1.0,0.2,0.9,1.0
vit_tiny_patch16_224,semantic,0,household_and_people+outdoor_and_vehicles,2,dare,0.8225,0.9314710107404748,0.0766649916768074,0.4400654435157776,0.2790752631477338,2.596217155456543,2.0,0.824717919565525,0.7368451695749385,1.0,0.2,0.9,2.0
vit_tiny_patch16_224,semantic,0,mammals+outdoor_and_vehicles,2,averaging,0.8534999999999999,0.9613192130670916,0.065925695002079,0.4480605721473694,0.2559749415630488,2.6097700595855713,2.0,0.8019850083473977,0.7267007545653406,,,,
vit_tiny_patch16_224,semantic,0,mammals+outdoor_and_vehicles,2,task_arithmetic,0.78225,0.8807554189952653,0.065925695002079,0.4480605721473694,0.2559749415630488,2.6097700595855713,2.0,0.8019850083473977,0.7267007545653406,0.1,,,
vit_tiny_patch16_224,semantic,0,mammals+outdoor_and_vehicles,2,task_arithmetic,0.8185,0.9218137273589052,0.065925695002079,0.4480605721473694,0.2559749415630488,2.6097700595855713,2.0,0.8019850083473977,0.7267007545653406,0.2,,,
vit_tiny_patch16_224,semantic,0,mammals+outdoor_and_vehicles,2,task_arithmetic,0.837,0.942677399187246,0.065925695002079,0.4480605721473694,0.2559749415630488,2.6097700595855713,2.0,0.8019850083473977,0.7267007545653406,0.3,,,
vit_tiny_patch16_224,semantic,0,mammals+outdoor_and_vehicles,2,task_arithmetic,0.8534999999999999,0.9613192130670916,0.065925695002079,0.4480605721473694,0.2559749415630488,2.6097700595855713,2.0,0.8019850083473977,0.7267007545653406,0.5,,,
vit_tiny_patch16_224,semantic,0,mammals+outdoor_and_vehicles,2,task_arithmetic,0.83325,0.9380694424324674,0.065925695002079,0.4480605721473694,0.2559749415630488,2.6097700595855713,2.0,0.8019850083473977,0.7267007545653406,1.0,,,
vit_tiny_patch16_224,semantic,0,mammals+outdoor_and_vehicles,2,ties,0.8300000000000001,0.9349345705085684,0.065925695002079,0.4480605721473694,0.2559749415630488,2.6097700595855713,2.0,0.8019850083473977,0.7267007545653406,0.5,0.2,,
vit_tiny_patch16_224,semantic,0,mammals+outdoor_and_vehicles,2,ties,0.8567499999999999,0.9650770566005128,0.065925695002079,0.4480605721473694,0.2559749415630488,2.6097700595855713,2.0,0.8019850083473977,0.7267007545653406,1.0,0.2,,
vit_tiny_patch16_224,semantic,0,mammals+outdoor_and_vehicles,2,dare,0.81525,0.9177528165559868,0.065925695002079,0.4480605721473694,0.2559749415630488,2.6097700595855713,2.0,0.8019850083473977,0.7267007545653406,1.0,0.2,0.9,0.0
vit_tiny_patch16_224,semantic,0,mammals+outdoor_and_vehicles,2,dare,0.8265,0.930549625518137,0.065925695002079,0.4480605721473694,0.2559749415630488,2.6097700595855713,2.0,0.8019850083473977,0.7267007545653406,1.0,0.2,0.9,1.0
vit_tiny_patch16_224,semantic,0,mammals+outdoor_and_vehicles,2,dare,0.8222499999999999,0.9255629935167748,0.065925695002079,0.4480605721473694,0.2559749415630488,2.6097700595855713,2.0,0.8019850083473977,0.7267007545653406,1.0,0.2,0.9,2.0
vit_tiny_patch16_224,semantic,0,aquatic_life+flora_and_insects+household_and_people,3,averaging,0.8206666666666668,0.95592762860112,0.0689850822091102,0.4458888868490855,0.263280328208581,2.632172425587972,3.0,0.8234092771731594,0.7340736691384432,,,,
vit_tiny_patch16_224,semantic,0,aquatic_life+flora_and_insects+household_and_people,3,task_arithmetic,0.7793333333333333,0.9076723638509648,0.0689850822091102,0.4458888868490855,0.263280328208581,2.632172425587972,3.0,0.8234092771731594,0.7340736691384432,0.1,,,
vit_tiny_patch16_224,semantic,0,aquatic_life+flora_and_insects+household_and_people,3,task_arithmetic,0.8071666666666667,0.940119538960284,0.0689850822091102,0.4458888868490855,0.263280328208581,2.632172425587972,3.0,0.8234092771731594,0.7340736691384432,0.2,,,
vit_tiny_patch16_224,semantic,0,aquatic_life+flora_and_insects+household_and_people,3,task_arithmetic,0.8205,0.95570217552745,0.0689850822091102,0.4458888868490855,0.263280328208581,2.632172425587972,3.0,0.8234092771731594,0.7340736691384432,0.3,,,
vit_tiny_patch16_224,semantic,0,aquatic_life+flora_and_insects+household_and_people,3,task_arithmetic,0.8250000000000001,0.9610674881025716,0.0689850822091102,0.4458888868490855,0.263280328208581,2.632172425587972,3.0,0.8234092771731594,0.7340736691384432,0.5,,,
vit_tiny_patch16_224,semantic,0,aquatic_life+flora_and_insects+household_and_people,3,task_arithmetic,0.7425,0.8646573286549167,0.0689850822091102,0.4458888868490855,0.263280328208581,2.632172425587972,3.0,0.8234092771731594,0.7340736691384432,1.0,,,
vit_tiny_patch16_224,semantic,0,aquatic_life+flora_and_insects+household_and_people,3,ties,0.8113333333333334,0.944993174002103,0.0689850822091102,0.4458888868490855,0.263280328208581,2.632172425587972,3.0,0.8234092771731594,0.7340736691384432,0.5,0.2,,
vit_tiny_patch16_224,semantic,0,aquatic_life+flora_and_insects+household_and_people,3,ties,0.8285,0.9651285858770348,0.0689850822091102,0.4458888868490855,0.263280328208581,2.632172425587972,3.0,0.8234092771731594,0.7340736691384432,1.0,0.2,,
vit_tiny_patch16_224,semantic,0,aquatic_life+flora_and_insects+household_and_people,3,dare,0.7301666666666667,0.8502967777224789,0.0689850822091102,0.4458888868490855,0.263280328208581,2.632172425587972,3.0,0.8234092771731594,0.7340736691384432,1.0,0.2,0.9,0.0
vit_tiny_patch16_224,semantic,0,aquatic_life+flora_and_insects+household_and_people,3,dare,0.7158333333333333,0.8334645299962218,0.0689850822091102,0.4458888868490855,0.263280328208581,2.632172425587972,3.0,0.8234092771731594,0.7340736691384432,1.0,0.2,0.9,1.0
vit_tiny_patch16_224,semantic,0,aquatic_life+flora_and_insects+household_and_people,3,dare,0.7290000000000001,0.8487732339684065,0.0689850822091102,0.4458888868490855,0.263280328208581,2.632172425587972,3.0,0.8234092771731594,0.7340736691384432,1.0,0.2,0.9,2.0
vit_tiny_patch16_224,semantic,0,aquatic_life+flora_and_insects+mammals,3,averaging,0.8211666666666666,0.9531036416034324,0.0731304908792177,0.4425745805104573,0.2711547223480805,2.641207695007324,3.0,0.834832314335021,0.7273107257987111,,,,
vit_tiny_patch16_224,semantic,0,aquatic_life+flora_and_insects+mammals,3,task_arithmetic,0.777,0.9016840373550278,0.0731304908792177,0.4425745805104573,0.2711547223480805,2.641207695007324,3.0,0.834832314335021,0.7273107257987111,0.1,,,
vit_tiny_patch16_224,semantic,0,aquatic_life+flora_and_insects+mammals,3,task_arithmetic,0.8085,0.93828573688515,0.0731304908792177,0.4425745805104573,0.2711547223480805,2.641207695007324,3.0,0.834832314335021,0.7273107257987111,0.2,,,
vit_tiny_patch16_224,semantic,0,aquatic_life+flora_and_insects+mammals,3,task_arithmetic,0.8191666666666667,0.9507646903394442,0.0731304908792177,0.4425745805104573,0.2711547223480805,2.641207695007324,3.0,0.834832314335021,0.7273107257987111,0.3,,,
vit_tiny_patch16_224,semantic,0,aquatic_life+flora_and_insects+mammals,3,task_arithmetic,0.8166666666666668,0.9479530396865142,0.0731304908792177,0.4425745805104573,0.2711547223480805,2.641207695007324,3.0,0.834832314335021,0.7273107257987111,0.5,,,
vit_tiny_patch16_224,semantic,0,aquatic_life+flora_and_insects+mammals,3,task_arithmetic,0.7188333333333333,0.8341374363660002,0.0731304908792177,0.4425745805104573,0.2711547223480805,2.641207695007324,3.0,0.834832314335021,0.7273107257987111,1.0,,,
vit_tiny_patch16_224,semantic,0,aquatic_life+flora_and_insects+mammals,3,ties,0.8158333333333333,0.9468540846410622,0.0731304908792177,0.4425745805104573,0.2711547223480805,2.641207695007324,3.0,0.834832314335021,0.7273107257987111,0.5,0.2,,
vit_tiny_patch16_224,semantic,0,aquatic_life+flora_and_insects+mammals,3,ties,0.8251666666666666,0.957815985277256,0.0731304908792177,0.4425745805104573,0.2711547223480805,2.641207695007324,3.0,0.834832314335021,0.7273107257987111,1.0,0.2,,
vit_tiny_patch16_224,semantic,0,aquatic_life+flora_and_insects+mammals,3,dare,0.703,0.815735024638312,0.0731304908792177,0.4425745805104573,0.2711547223480805,2.641207695007324,3.0,0.834832314335021,0.7273107257987111,1.0,0.2,0.9,0.0
vit_tiny_patch16_224,semantic,0,aquatic_life+flora_and_insects+mammals,3,dare,0.702,0.8145272276884606,0.0731304908792177,0.4425745805104573,0.2711547223480805,2.641207695007324,3.0,0.834832314335021,0.7273107257987111,1.0,0.2,0.9,1.0
vit_tiny_patch16_224,semantic,0,aquatic_life+flora_and_insects+mammals,3,dare,0.7141666666666667,0.8287295523557644,0.0731304908792177,0.4425745805104573,0.2711547223480805,2.641207695007324,3.0,0.834832314335021,0.7273107257987111,1.0,0.2,0.9,2.0
vit_tiny_patch16_224,semantic,0,aquatic_life+flora_and_insects+outdoor_and_vehicles,3,averaging,0.8411666666666667,0.9569942547731444,0.0700720151265462,0.4450154403845469,0.2626567814392149,2.6037538846333823,3.0,0.8080003168239296,0.727519744836523,,,,
vit_tiny_patch16_224,semantic,0,aquatic_life+flora_and_insects+outdoor_and_vehicles,3,task_arithmetic,0.8033333333333333,0.9136477240201348,0.0700720151265462,0.4450154403845469,0.2626567814392149,2.6037538846333823,3.0,0.8080003168239296,0.727519744836523,0.1,,,
vit_tiny_patch16_224,semantic,0,aquatic_life+flora_and_insects+outdoor_and_vehicles,3,task_arithmetic,0.8306666666666667,0.9449306316280948,0.0700720151265462,0.4450154403845469,0.2626567814392149,2.6037538846333823,3.0,0.8080003168239296,0.727519744836523,0.2,,,
vit_tiny_patch16_224,semantic,0,aquatic_life+flora_and_insects+outdoor_and_vehicles,3,task_arithmetic,0.8381666666666666,0.9535348215121552,0.0700720151265462,0.4450154403845469,0.2626567814392149,2.6037538846333823,3.0,0.8080003168239296,0.727519744836523,0.3,,,
vit_tiny_patch16_224,semantic,0,aquatic_life+flora_and_insects+outdoor_and_vehicles,3,task_arithmetic,0.8426666666666667,0.958733071670026,0.0700720151265462,0.4450154403845469,0.2626567814392149,2.6037538846333823,3.0,0.8080003168239296,0.727519744836523,0.5,,,
vit_tiny_patch16_224,semantic,0,aquatic_life+flora_and_insects+outdoor_and_vehicles,3,task_arithmetic,0.7578333333333335,0.8609014041952688,0.0700720151265462,0.4450154403845469,0.2626567814392149,2.6037538846333823,3.0,0.8080003168239296,0.727519744836523,1.0,,,
vit_tiny_patch16_224,semantic,0,aquatic_life+flora_and_insects+outdoor_and_vehicles,3,ties,0.8338333333333333,0.948674746595155,0.0700720151265462,0.4450154403845469,0.2626567814392149,2.6037538846333823,3.0,0.8080003168239296,0.727519744836523,0.5,0.2,,
vit_tiny_patch16_224,semantic,0,aquatic_life+flora_and_insects+outdoor_and_vehicles,3,ties,0.8458333333333333,0.9624810096035924,0.0700720151265462,0.4450154403845469,0.2626567814392149,2.6037538846333823,3.0,0.8080003168239296,0.727519744836523,1.0,0.2,,
vit_tiny_patch16_224,semantic,0,aquatic_life+flora_and_insects+outdoor_and_vehicles,3,dare,0.7324999999999999,0.8324043620500197,0.0700720151265462,0.4450154403845469,0.2626567814392149,2.6037538846333823,3.0,0.8080003168239296,0.727519744836523,1.0,0.2,0.9,0.0
vit_tiny_patch16_224,semantic,0,aquatic_life+flora_and_insects+outdoor_and_vehicles,3,dare,0.7535,0.8562615642710764,0.0700720151265462,0.4450154403845469,0.2626567814392149,2.6037538846333823,3.0,0.8080003168239296,0.727519744836523,1.0,0.2,0.9,1.0
vit_tiny_patch16_224,semantic,0,aquatic_life+flora_and_insects+outdoor_and_vehicles,3,dare,0.7486666666666667,0.8507436333661103,0.0700720151265462,0.4450154403845469,0.2626567814392149,2.6037538846333823,3.0,0.8080003168239296,0.727519744836523,1.0,0.2,0.9,2.0
vit_tiny_patch16_224,semantic,0,aquatic_life+household_and_people+mammals,3,averaging,0.8081666666666667,0.9454244583295748,0.0693786293268203,0.4455095330874125,0.2662732460702891,2.6765267848968506,3.0,0.8271344759485095,0.7288011024135654,,,,
vit_tiny_patch16_224,semantic,0,aquatic_life+household_and_people+mammals,3,task_arithmetic,0.7566666666666667,0.8851818027916322,0.0693786293268203,0.4455095330874125,0.2662732460702891,2.6765267848968506,3.0,0.8271344759485095,0.7288011024135654,0.1,,,
vit_tiny_patch16_224,semantic,0,aquatic_life+household_and_people+mammals,3,task_arithmetic,0.7895,0.9235779015995412,0.0693786293268203,0.4455095330874125,0.2662732460702891,2.6765267848968506,3.0,0.8271344759485095,0.7288011024135654,0.2,,,
vit_tiny_patch16_224,semantic,0,aquatic_life+household_and_people+mammals,3,task_arithmetic,0.8046666666666668,0.941327597175316,0.0693786293268203,0.4455095330874125,0.2662732460702891,2.6765267848968506,3.0,0.8271344759485095,0.7288011024135654,0.3,,,
vit_tiny_patch16_224,semantic,0,aquatic_life+household_and_people+mammals,3,task_arithmetic,0.8081666666666667,0.9454701328896604,0.0693786293268203,0.4455095330874125,0.2662732460702891,2.6765267848968506,3.0,0.8271344759485095,0.7288011024135654,0.5,,,
vit_tiny_patch16_224,semantic,0,aquatic_life+household_and_people+mammals,3,task_arithmetic,0.7191666666666666,0.8414250407194386,0.0693786293268203,0.4455095330874125,0.2662732460702891,2.6765267848968506,3.0,0.8271344759485095,0.7288011024135654,1.0,,,
vit_tiny_patch16_224,semantic,0,aquatic_life+household_and_people+mammals,3,ties,0.7951666666666667,0.930216213425664,0.0693786293268203,0.4455095330874125,0.2662732460702891,2.6765267848968506,3.0,0.8271344759485095,0.7288011024135654,0.5,0.2,,
vit_tiny_patch16_224,semantic,0,aquatic_life+household_and_people+mammals,3,ties,0.81,0.9475872860294546,0.0693786293268203,0.4455095330874125,0.2662732460702891,2.6765267848968506,3.0,0.8271344759485095,0.7288011024135654,1.0,0.2,,
vit_tiny_patch16_224,semantic,0,aquatic_life+household_and_people+mammals,3,dare,0.7018333333333334,0.8211963639982788,0.0693786293268203,0.4455095330874125,0.2662732460702891,2.6765267848968506,3.0,0.8271344759485095,0.7288011024135654,1.0,0.2,0.9,0.0
vit_tiny_patch16_224,semantic,0,aquatic_life+household_and_people+mammals,3,dare,0.6981666666666667,0.8169092149902633,0.0693786293268203,0.4455095330874125,0.2662732460702891,2.6765267848968506,3.0,0.8271344759485095,0.7288011024135654,1.0,0.2,0.9,1.0
vit_tiny_patch16_224,semantic,0,aquatic_life+household_and_people+mammals,3,dare,0.7084999999999999,0.8289492927821877,0.0693786293268203,0.4455095330874125,0.2662732460702891,2.6765267848968506,3.0,0.8271344759485095,0.7288011024135654,1.0,0.2,0.9,2.0
vit_tiny_patch16_224,semantic,0,aquatic_life+household_and_people+outdoor_and_vehicles,3,averaging,0.8230000000000001,0.9432852871616308,0.0689200162887573,0.4459438025951385,0.2645113514544681,2.6390729745229087,3.0,0.8089823022376507,0.7290101214513772,,,,
vit_tiny_patch16_224,semantic,0,aquatic_life+household_and_people+outdoor_and_vehicles,3,task_arithmetic,0.7831666666666667,0.8972923011222286,0.0689200162887573,0.4459438025951385,0.2645113514544681,2.6390729745229087,3.0,0.8089823022376507,0.7290101214513772,0.1,,,
vit_tiny_patch16_224,semantic,0,aquatic_life+household_and_people+outdoor_and_vehicles,3,task_arithmetic,0.8103333333333333,0.9285481308634688,0.0689200162887573,0.4459438025951385,0.2645113514544681,2.6390729745229087,3.0,0.8089823022376507,0.7290101214513772,0.2,,,
vit_tiny_patch16_224,semantic,0,aquatic_life+household_and_people+outdoor_and_vehicles,3,task_arithmetic,0.8203333333333332,0.940194056548072,0.0689200162887573,0.4459438025951385,0.2645113514544681,2.6390729745229087,3.0,0.8089823022376507,0.7290101214513772,0.3,,,
vit_tiny_patch16_224,semantic,0,aquatic_life+household_and_people+outdoor_and_vehicles,3,task_arithmetic,0.8205,0.94032286772053,0.0689200162887573,0.4459438025951385,0.2645113514544681,2.6390729745229087,3.0,0.8089823022376507,0.7290101214513772,0.5,,,
vit_tiny_patch16_224,semantic,0,aquatic_life+household_and_people+outdoor_and_vehicles,3,task_arithmetic,0.7325,0.8385203146699111,0.0689200162887573,0.4459438025951385,0.2645113514544681,2.6390729745229087,3.0,0.8089823022376507,0.7290101214513772,1.0,,,
vit_tiny_patch16_224,semantic,0,aquatic_life+household_and_people+outdoor_and_vehicles,3,ties,0.8131666666666667,0.9320333329707866,0.0689200162887573,0.4459438025951385,0.2645113514544681,2.6390729745229087,3.0,0.8089823022376507,0.7290101214513772,0.5,0.2,,
vit_tiny_patch16_224,semantic,0,aquatic_life+household_and_people+outdoor_and_vehicles,3,ties,0.8256666666666668,0.9465079492678816,0.0689200162887573,0.4459438025951385,0.2645113514544681,2.6390729745229087,3.0,0.8089823022376507,0.7290101214513772,1.0,0.2,,
vit_tiny_patch16_224,semantic,0,aquatic_life+household_and_people+outdoor_and_vehicles,3,dare,0.7243333333333334,0.8291587688329692,0.0689200162887573,0.4459438025951385,0.2645113514544681,2.6390729745229087,3.0,0.8089823022376507,0.7290101214513772,1.0,0.2,0.9,0.0
vit_tiny_patch16_224,semantic,0,aquatic_life+household_and_people+outdoor_and_vehicles,3,dare,0.7273333333333333,0.8328930117050181,0.0689200162887573,0.4459438025951385,0.2645113514544681,2.6390729745229087,3.0,0.8089823022376507,0.7290101214513772,1.0,0.2,0.9,1.0
vit_tiny_patch16_224,semantic,0,aquatic_life+household_and_people+outdoor_and_vehicles,3,dare,0.713,0.8161702631978233,0.0689200162887573,0.4459438025951385,0.2645113514544681,2.6390729745229087,3.0,0.8089823022376507,0.7290101214513772,1.0,0.2,0.9,2.0
vit_tiny_patch16_224,semantic,0,aquatic_life+mammals+outdoor_and_vehicles,3,averaging,0.8256666666666668,0.9428644295248522,0.0710107882817586,0.4442052940527598,0.267906831678786,2.6481082439422607,3.0,0.8134160352319283,0.7222471781116453,,,,
vit_tiny_patch16_224,semantic,0,aquatic_life+mammals+outdoor_and_vehicles,3,task_arithmetic,0.7808333333333333,0.8913151899483456,0.0710107882817586,0.4442052940527598,0.267906831678786,2.6481082439422607,3.0,0.8134160352319283,0.7222471781116453,0.1,,,
vit_tiny_patch16_224,semantic,0,aquatic_life+mammals+outdoor_and_vehicles,3,task_arithmetic,0.8095,0.9242519213052772,0.0710107882817586,0.4442052940527598,0.267906831678786,2.6481082439422607,3.0,0.8134160352319283,0.7222471781116453,0.2,,,
vit_tiny_patch16_224,semantic,0,aquatic_life+mammals+outdoor_and_vehicles,3,task_arithmetic,0.8245,0.9415042823759252,0.0710107882817586,0.4442052940527598,0.267906831678786,2.6481082439422607,3.0,0.8134160352319283,0.7222471781116453,0.3,,,
vit_tiny_patch16_224,semantic,0,aquatic_life+mammals+outdoor_and_vehicles,3,task_arithmetic,0.8261666666666666,0.9434564175837372,0.0710107882817586,0.4442052940527598,0.267906831678786,2.6481082439422607,3.0,0.8134160352319283,0.7222471781116453,0.5,,,
vit_tiny_patch16_224,semantic,0,aquatic_life+mammals+outdoor_and_vehicles,3,task_arithmetic,0.7276666666666666,0.8296402086413864,0.0710107882817586,0.4442052940527598,0.267906831678786,2.6481082439422607,3.0,0.8134160352319283,0.7222471781116453,1.0,,,
vit_tiny_patch16_224,semantic,0,aquatic_life+mammals+outdoor_and_vehicles,3,ties,0.8171666666666667,0.9331676072815656,0.0710107882817586,0.4442052940527598,0.267906831678786,2.6481082439422607,3.0,0.8134160352319283,0.7222471781116453,0.5,0.2,,
vit_tiny_patch16_224,semantic,0,aquatic_life+mammals+outdoor_and_vehicles,3,ties,0.8295,0.9474524007410472,0.0710107882817586,0.4442052940527598,0.267906831678786,2.6481082439422607,3.0,0.8134160352319283,0.7222471781116453,1.0,0.2,,
vit_tiny_patch16_224,semantic,0,aquatic_life+mammals+outdoor_and_vehicles,3,dare,0.7068333333333333,0.8060067320719965,0.0710107882817586,0.4442052940527598,0.267906831678786,2.6481082439422607,3.0,0.8134160352319283,0.7222471781116453,1.0,0.2,0.9,0.0
vit_tiny_patch16_224,semantic,0,aquatic_life+mammals+outdoor_and_vehicles,3,dare,0.7216666666666667,0.8230012170536756,0.0710107882817586,0.4442052940527598,0.267906831678786,2.6481082439422607,3.0,0.8134160352319283,0.7222471781116453,1.0,0.2,0.9,1.0
vit_tiny_patch16_224,semantic,0,aquatic_life+mammals+outdoor_and_vehicles,3,dare,0.7156666666666668,0.8158692090753531,0.0710107882817586,0.4442052940527598,0.267906831678786,2.6481082439422607,3.0,0.8134160352319283,0.7222471781116453,1.0,0.2,0.9,2.0
vit_tiny_patch16_224,semantic,0,flora_and_insects+household_and_people+mammals,3,averaging,0.8143333333333334,0.945331702830138,0.0663841764132181,0.4478417734305064,0.2596609236676575,2.6125611464182534,3.0,0.8224611570722341,0.7384227360732325,,,,
vit_tiny_patch16_224,semantic,0,flora_and_insects+household_and_people+mammals,3,task_arithmetic,0.7778333333333333,0.9028466049964816,0.0663841764132181,0.4478417734305064,0.2596609236676575,2.6125611464182534,3.0,0.8224611570722341,0.7384227360732325,0.1,,,
vit_tiny_patch16_224,semantic,0,flora_and_insects+household_and_people+mammals,3,task_arithmetic,0.8071666666666667,0.9369392842843526,0.0663841764132181,0.4478417734305064,0.2596609236676575,2.6125611464182534,3.0,0.8224611570722341,0.7384227360732325,0.2,,,
vit_tiny_patch16_224,semantic,0,flora_and_insects+household_and_people+mammals,3,task_arithmetic,0.8131666666666666,0.9439506008563844,0.0663841764132181,0.4478417734305064,0.2596609236676575,2.6125611464182534,3.0,0.8224611570722341,0.7384227360732325,0.3,,,
vit_tiny_patch16_224,semantic,0,flora_and_insects+household_and_people+mammals,3,task_arithmetic,0.8075,0.9374389892085324,0.0663841764132181,0.4478417734305064,0.2596609236676575,2.6125611464182534,3.0,0.8224611570722341,0.7384227360732325,0.5,,,
vit_tiny_patch16_224,semantic,0,flora_and_insects+household_and_people+mammals,3,task_arithmetic,0.7183333333333334,0.8336728347944317,0.0663841764132181,0.4478417734305064,0.2596609236676575,2.6125611464182534,3.0,0.8224611570722341,0.7384227360732325,1.0,,,
vit_tiny_patch16_224,semantic,0,flora_and_insects+household_and_people+mammals,3,ties,0.8126666666666668,0.943330144191306,0.0663841764132181,0.4478417734305064,0.2596609236676575,2.6125611464182534,3.0,0.8224611570722341,0.7384227360732325,0.5,0.2,,
vit_tiny_patch16_224,semantic,0,flora_and_insects+household_and_people+mammals,3,ties,0.8165,0.947897049421748,0.0663841764132181,0.4478417734305064,0.2596609236676575,2.6125611464182534,3.0,0.8224611570722341,0.7384227360732325,1.0,0.2,,
vit_tiny_patch16_224,semantic,0,flora_and_insects+household_and_people+mammals,3,dare,0.7125,0.8268522417174369,0.0663841764132181,0.4478417734305064,0.2596609236676575,2.6125611464182534,3.0,0.8224611570722341,0.7384227360732325,1.0,0.2,0.9,0.0
vit_tiny_patch16_224,semantic,0,flora_and_insects+household_and_people+mammals,3,dare,0.6981666666666667,0.8101841931175277,0.0663841764132181,0.4478417734305064,0.2596609236676575,2.6125611464182534,3.0,0.8224611570722341,0.7384227360732325,1.0,0.2,0.9,1.0
vit_tiny_patch16_224,semantic,0,flora_and_insects+household_and_people+mammals,3,dare,0.6981666666666667,0.8101395305579758,0.0663841764132181,0.4478417734305064,0.2596609236676575,2.6125611464182534,3.0,0.8224611570722341,0.7384227360732325,1.0,0.2,0.9,2.0
vit_tiny_patch16_224,semantic,0,flora_and_insects+household_and_people+outdoor_and_vehicles,3,averaging,0.84,0.9557524285339114,0.072378692527612,0.4433681070804596,0.2691102145084981,2.5751073360443115,3.0,0.8180552349031466,0.7386317551110443,,,,
vit_tiny_patch16_224,semantic,0,flora_and_insects+household_and_people+outdoor_and_vehicles,3,task_arithmetic,0.8058333333333333,0.9166772741519554,0.072378692527612,0.4433681070804596,0.2691102145084981,2.5751073360443115,3.0,0.8180552349031466,0.7386317551110443,0.1,,,
vit_tiny_patch16_224,semantic,0,flora_and_insects+household_and_people+outdoor_and_vehicles,3,task_arithmetic,0.8308333333333332,0.945214829158575,0.072378692527612,0.4433681070804596,0.2691102145084981,2.5751073360443115,3.0,0.8180552349031466,0.7386317551110443,0.2,,,
vit_tiny_patch16_224,semantic,0,flora_and_insects+household_and_people+outdoor_and_vehicles,3,task_arithmetic,0.8393333333333333,0.9549961739666992,0.072378692527612,0.4433681070804596,0.2691102145084981,2.5751073360443115,3.0,0.8180552349031466,0.7386317551110443,0.3,,,
vit_tiny_patch16_224,semantic,0,flora_and_insects+household_and_people+outdoor_and_vehicles,3,task_arithmetic,0.8401666666666667,0.9558675816598752,0.072378692527612,0.4433681070804596,0.2691102145084981,2.5751073360443115,3.0,0.8180552349031466,0.7386317551110443,0.5,,,
vit_tiny_patch16_224,semantic,0,flora_and_insects+household_and_people+outdoor_and_vehicles,3,task_arithmetic,0.7706666666666667,0.8763024055555029,0.072378692527612,0.4433681070804596,0.2691102145084981,2.5751073360443115,3.0,0.8180552349031466,0.7386317551110443,1.0,,,
vit_tiny_patch16_224,semantic,0,flora_and_insects+household_and_people+outdoor_and_vehicles,3,ties,0.835,0.9500319754078036,0.072378692527612,0.4433681070804596,0.2691102145084981,2.5751073360443115,3.0,0.8180552349031466,0.7386317551110443,0.5,0.2,,
vit_tiny_patch16_224,semantic,0,flora_and_insects+household_and_people+outdoor_and_vehicles,3,ties,0.8443333333333333,0.9606986596325514,0.072378692527612,0.4433681070804596,0.2691102145084981,2.5751073360443115,3.0,0.8180552349031466,0.7386317551110443,1.0,0.2,,
vit_tiny_patch16_224,semantic,0,flora_and_insects+household_and_people+outdoor_and_vehicles,3,dare,0.7563333333333334,0.8603483335719612,0.072378692527612,0.4433681070804596,0.2691102145084981,2.5751073360443115,3.0,0.8180552349031466,0.7386317551110443,1.0,0.2,0.9,0.0
vit_tiny_patch16_224,semantic,0,flora_and_insects+household_and_people+outdoor_and_vehicles,3,dare,0.7586666666666666,0.8625625697053204,0.072378692527612,0.4433681070804596,0.2691102145084981,2.5751073360443115,3.0,0.8180552349031466,0.7386317551110443,1.0,0.2,0.9,1.0
vit_tiny_patch16_224,semantic,0,flora_and_insects+household_and_people+outdoor_and_vehicles,3,dare,0.7518333333333334,0.8546092032684601,0.072378692527612,0.4433681070804596,0.2691102145084981,2.5751073360443115,3.0,0.8180552349031466,0.7386317551110443,1.0,0.2,0.9,2.0
vit_tiny_patch16_224,semantic,0,flora_and_insects+mammals+outdoor_and_vehicles,3,averaging,0.8315,0.9423286356720044,0.0672737980882326,0.4471223950386047,0.2581889140338896,2.5841426054636636,3.0,0.8098892649253123,0.7318688117713124,,,,
vit_tiny_patch16_224,semantic,0,flora_and_insects+mammals+outdoor_and_vehicles,3,task_arithmetic,0.8006666666666667,0.9074279235337088,0.0672737980882326,0.4471223950386047,0.2581889140338896,2.5841426054636636,3.0,0.8098892649253123,0.7318688117713124,0.1,,,
vit_tiny_patch16_224,semantic,0,flora_and_insects+mammals+outdoor_and_vehicles,3,task_arithmetic,0.8250000000000001,0.9350996904101996,0.0672737980882326,0.4471223950386047,0.2581889140338896,2.5841426054636636,3.0,0.8098892649253123,0.7318688117713124,0.2,,,
vit_tiny_patch16_224,semantic,0,flora_and_insects+mammals+outdoor_and_vehicles,3,task_arithmetic,0.8301666666666666,0.940872178676253,0.0672737980882326,0.4471223950386047,0.2581889140338896,2.5841426054636636,3.0,0.8098892649253123,0.7318688117713124,0.3,,,
vit_tiny_patch16_224,semantic,0,flora_and_insects+mammals+outdoor_and_vehicles,3,task_arithmetic,0.8236666666666667,0.93337281707387,0.0672737980882326,0.4471223950386047,0.2581889140338896,2.5841426054636636,3.0,0.8098892649253123,0.7318688117713124,0.5,,,
vit_tiny_patch16_224,semantic,0,flora_and_insects+mammals+outdoor_and_vehicles,3,task_arithmetic,0.7328333333333333,0.8290199379187343,0.0672737980882326,0.4471223950386047,0.2581889140338896,2.5841426054636636,3.0,0.8098892649253123,0.7318688117713124,1.0,,,
vit_tiny_patch16_224,semantic,0,flora_and_insects+mammals+outdoor_and_vehicles,3,ties,0.8298333333333333,0.9406389730653107,0.0672737980882326,0.4471223950386047,0.2581889140338896,2.5841426054636636,3.0,0.8098892649253123,0.7318688117713124,0.5,0.2,,
vit_tiny_patch16_224,semantic,0,flora_and_insects+mammals+outdoor_and_vehicles,3,ties,0.8355,0.9469379537327048,0.0672737980882326,0.4471223950386047,0.2581889140338896,2.5841426054636636,3.0,0.8098892649253123,0.7318688117713124,1.0,0.2,,
vit_tiny_patch16_224,semantic,0,flora_and_insects+mammals+outdoor_and_vehicles,3,dare,0.7146666666666667,0.8087090902564249,0.0672737980882326,0.4471223950386047,0.2581889140338896,2.5841426054636636,3.0,0.8098892649253123,0.7318688117713124,1.0,0.2,0.9,0.0
vit_tiny_patch16_224,semantic,0,flora_and_insects+mammals+outdoor_and_vehicles,3,dare,0.7308333333333333,0.8269897727676003,0.0672737980882326,0.4471223950386047,0.2581889140338896,2.5841426054636636,3.0,0.8098892649253123,0.7318688117713124,1.0,0.2,0.9,1.0
vit_tiny_patch16_224,semantic,0,flora_and_insects+mammals+outdoor_and_vehicles,3,dare,0.719,0.8133093346454127,0.0672737980882326,0.4471223950386047,0.2581889140338896,2.5841426054636636,3.0,0.8098892649253123,0.7318688117713124,1.0,0.2,0.9,2.0
vit_tiny_patch16_224,semantic,0,household_and_people+mammals+outdoor_and_vehicles,3,averaging,0.8253333333333334,0.942536461744894,0.0687880367040634,0.44597061475118,0.2632824873858962,2.61946169535319,3.0,0.8150033316772434,0.7333591883861666,,,,
vit_tiny_patch16_224,semantic,0,household_and_people+mammals+outdoor_and_vehicles,3,task_arithmetic,0.7833333333333333,0.894425907866779,0.0687880367040634,0.44597061475118,0.2632824873858962,2.61946169535319,3.0,0.8150033316772434,0.7333591883861666,0.1,,,
vit_tiny_patch16_224,semantic,0,household_and_people+mammals+outdoor_and_vehicles,3,task_arithmetic,0.8104999999999999,0.9255648400312364,0.0687880367040634,0.44597061475118,0.2632824873858962,2.61946169535319,3.0,0.8150033316772434,0.7333591883861666,0.2,,,
vit_tiny_patch16_224,semantic,0,household_and_people+mammals+outdoor_and_vehicles,3,task_arithmetic,0.8218333333333333,0.9384878179886994,0.0687880367040634,0.44597061475118,0.2632824873858962,2.61946169535319,3.0,0.8150033316772434,0.7333591883861666,0.3,,,
vit_tiny_patch16_224,semantic,0,household_and_people+mammals+outdoor_and_vehicles,3,task_arithmetic,0.8216666666666667,0.9382355349657056,0.0687880367040634,0.44597061475118,0.2632824873858962,2.61946169535319,3.0,0.8150033316772434,0.7333591883861666,0.5,,,
vit_tiny_patch16_224,semantic,0,household_and_people+mammals+outdoor_and_vehicles,3,task_arithmetic,0.7475,0.8527177818640764,0.0687880367040634,0.44597061475118,0.2632824873858962,2.61946169535319,3.0,0.8150033316772434,0.7333591883861666,1.0,,,
vit_tiny_patch16_224,semantic,0,household_and_people+mammals+outdoor_and_vehicles,3,ties,0.8166666666666668,0.9326299249646612,0.0687880367040634,0.44597061475118,0.2632824873858962,2.61946169535319,3.0,0.8150033316772434,0.7333591883861666,0.5,0.2,,
vit_tiny_patch16_224,semantic,0,household_and_people+mammals+outdoor_and_vehicles,3,ties,0.8291666666666666,0.9470482391352312,0.0687880367040634,0.44597061475118,0.2632824873858962,2.61946169535319,3.0,0.8150033316772434,0.7333591883861666,1.0,0.2,,
vit_tiny_patch16_224,semantic,0,household_and_people+mammals+outdoor_and_vehicles,3,dare,0.7185,0.8196546000632661,0.0687880367040634,0.44597061475118,0.2632824873858962,2.61946169535319,3.0,0.8150033316772434,0.7333591883861666,1.0,0.2,0.9,0.0
vit_tiny_patch16_224,semantic,0,household_and_people+mammals+outdoor_and_vehicles,3,dare,0.7408333333333333,0.8451030374047126,0.0687880367040634,0.44597061475118,0.2632824873858962,2.61946169535319,3.0,0.8150033316772434,0.7333591883861666,1.0,0.2,0.9,1.0
vit_tiny_patch16_224,semantic,0,household_and_people+mammals+outdoor_and_vehicles,3,dare,0.7163333333333334,0.8171118315064428,0.0687880367040634,0.44597061475118,0.2632824873858962,2.61946169535319,3.0,0.8150033316772434,0.7333591883861666,1.0,0.2,0.9,2.0
vit_tiny_patch16_224,semantic,0,aquatic_life+flora_and_insects+household_and_people+mammals+outdoor_and_vehicles,5,averaging,0.8087,0.9295552742364028,0.0696321725845336,0.4453440427780151,0.2646025800795361,2.623211479187012,5.0,0.8181183710328135,0.7311245033092021,,,,
vit_tiny_patch16_224,semantic,0,aquatic_life+flora_and_insects+household_and_people+mammals+outdoor_and_vehicles,5,task_arithmetic,0.7974,0.91645468286315,0.0696321725845336,0.4453440427780151,0.2646025800795361,2.623211479187012,5.0,0.8181183710328135,0.7311245033092021,0.1,,,
vit_tiny_patch16_224,semantic,0,aquatic_life+flora_and_insects+household_and_people+mammals+outdoor_and_vehicles,5,task_arithmetic,0.8087,0.9295552742364028,0.0696321725845336,0.4453440427780151,0.2646025800795361,2.623211479187012,5.0,0.8181183710328135,0.7311245033092021,0.2,,,
vit_tiny_patch16_224,semantic,0,aquatic_life+flora_and_insects+household_and_people+mammals+outdoor_and_vehicles,5,task_arithmetic,0.8028000000000001,0.922735101774383,0.0696321725845336,0.4453440427780151,0.2646025800795361,2.623211479187012,5.0,0.8181183710328135,0.7311245033092021,0.3,,,
vit_tiny_patch16_224,semantic,0,aquatic_life+flora_and_insects+household_and_people+mammals+outdoor_and_vehicles,5,task_arithmetic,0.7668999999999999,0.8812955185832955,0.0696321725845336,0.4453440427780151,0.2646025800795361,2.623211479187012,5.0,0.8181183710328135,0.7311245033092021,0.5,,,
vit_tiny_patch16_224,semantic,0,aquatic_life+flora_and_insects+household_and_people+mammals+outdoor_and_vehicles,5,task_arithmetic,0.5099,0.584702691872679,0.0696321725845336,0.4453440427780151,0.2646025800795361,2.623211479187012,5.0,0.8181183710328135,0.7311245033092021,1.0,,,
vit_tiny_patch16_224,semantic,0,aquatic_life+flora_and_insects+household_and_people+mammals+outdoor_and_vehicles,5,ties,0.8103,0.9314314868204584,0.0696321725845336,0.4453440427780151,0.2646025800795361,2.623211479187012,5.0,0.8181183710328135,0.7311245033092021,0.5,0.2,,
vit_tiny_patch16_224,semantic,0,aquatic_life+flora_and_insects+household_and_people+mammals+outdoor_and_vehicles,5,ties,0.8021,0.9220668956685876,0.0696321725845336,0.4453440427780151,0.2646025800795361,2.623211479187012,5.0,0.8181183710328135,0.7311245033092021,1.0,0.2,,
vit_tiny_patch16_224,semantic,0,aquatic_life+flora_and_insects+household_and_people+mammals+outdoor_and_vehicles,5,dare,0.5526,0.6341417330564715,0.0696321725845336,0.4453440427780151,0.2646025800795361,2.623211479187012,5.0,0.8181183710328135,0.7311245033092021,1.0,0.2,0.9,0.0
vit_tiny_patch16_224,semantic,0,aquatic_life+flora_and_insects+household_and_people+mammals+outdoor_and_vehicles,5,dare,0.5346,0.613114496099202,0.0696321725845336,0.4453440427780151,0.2646025800795361,2.623211479187012,5.0,0.8181183710328135,0.7311245033092021,1.0,0.2,0.9,1.0
vit_tiny_patch16_224,semantic,0,aquatic_life+flora_and_insects+household_and_people+mammals+outdoor_and_vehicles,5,dare,0.5621,0.6447920160035374,0.0696321725845336,0.4453440427780151,0.2646025800795361,2.623211479187012,5.0,0.8181183710328135,0.7311245033092021,1.0,0.2,0.9,2.0
vit_tiny_patch16_224,semantic,1,aquatic_life+flora_and_insects,2,averaging,0.84675,0.9796495821503188,0.0661840587854385,0.4480040967464447,0.2685604196913699,2.6397324800491333,2.0,0.8463236451227378,0.7325643206822823,,,,
vit_tiny_patch16_224,semantic,1,aquatic_life+flora_and_insects,2,task_arithmetic,0.776,0.8974378247709862,0.0661840587854385,0.4480040967464447,0.2685604196913699,2.6397324800491333,2.0,0.8463236451227378,0.7325643206822823,0.1,,,
vit_tiny_patch16_224,semantic,1,aquatic_life+flora_and_insects,2,task_arithmetic,0.80925,0.936065650613382,0.0661840587854385,0.4480040967464447,0.2685604196913699,2.6397324800491333,2.0,0.8463236451227378,0.7325643206822823,0.2,,,
vit_tiny_patch16_224,semantic,1,aquatic_life+flora_and_insects,2,task_arithmetic,0.8287500000000001,0.9587204357957896,0.0661840587854385,0.4480040967464447,0.2685604196913699,2.6397324800491333,2.0,0.8463236451227378,0.7325643206822823,0.3,,,
vit_tiny_patch16_224,semantic,1,aquatic_life+flora_and_insects,2,task_arithmetic,0.84675,0.9796495821503188,0.0661840587854385,0.4480040967464447,0.2685604196913699,2.6397324800491333,2.0,0.8463236451227378,0.7325643206822823,0.5,,,
vit_tiny_patch16_224,semantic,1,aquatic_life+flora_and_insects,2,task_arithmetic,0.8200000000000001,0.9486085069909468,0.0661840587854385,0.4480040967464447,0.2685604196913699,2.6397324800491333,2.0,0.8463236451227378,0.7325643206822823,1.0,,,
vit_tiny_patch16_224,semantic,1,aquatic_life+flora_and_insects,2,ties,0.821,0.949702683880645,0.0661840587854385,0.4480040967464447,0.2685604196913699,2.6397324800491333,2.0,0.8463236451227378,0.7325643206822823,0.5,0.2,,
vit_tiny_patch16_224,semantic,1,aquatic_life+flora_and_insects,2,ties,0.8485,0.9817542320672844,0.0661840587854385,0.4480040967464447,0.2685604196913699,2.6397324800491333,2.0,0.8463236451227378,0.7325643206822823,1.0,0.2,,
vit_tiny_patch16_224,semantic,1,aquatic_life+flora_and_insects,2,dare,0.8115,0.9388017624685272,0.0661840587854385,0.4480040967464447,0.2685604196913699,2.6397324800491333,2.0,0.8463236451227378,0.7325643206822823,1.0,0.2,0.9,0.0
vit_tiny_patch16_224,semantic,1,aquatic_life+flora_and_insects,2,dare,0.8029999999999999,0.928784084212782,0.0661840587854385,0.4480040967464447,0.2685604196913699,2.6397324800491333,2.0,0.8463236451227378,0.7325643206822823,1.0,0.2,0.9,1.0
vit_tiny_patch16_224,semantic,1,aquatic_life+flora_and_insects,2,dare,0.8069999999999999,0.9334244589382332,0.0661840587854385,0.4480040967464447,0.2685604196913699,2.6397324800491333,2.0,0.8463236451227378,0.7325643206822823,1.0,0.2,0.9,2.0
vit_tiny_patch16_224,semantic,1,aquatic_life+household_and_people,2,averaging,0.824,0.9719896003712364,0.065250240266323,0.4487261772155761,0.2590017620076223,2.684120774269104,2.0,0.8160383541066613,0.7315682788577792,,,,
vit_tiny_patch16_224,semantic,1,aquatic_life+household_and_people,2,task_arithmetic,0.7390000000000001,0.8717288095736695,0.065250240266323,0.4487261772155761,0.2590017620076223,2.684120774269104,2.0,0.8160383541066613,0.7315682788577792,0.1,,,
vit_tiny_patch16_224,semantic,1,aquatic_life+household_and_people,2,task_arithmetic,0.772,0.9106554103741652,0.065250240266323,0.4487261772155761,0.2590017620076223,2.684120774269104,2.0,0.8160383541066613,0.7315682788577792,0.2,,,
vit_tiny_patch16_224,semantic,1,aquatic_life+household_and_people,2,task_arithmetic,0.799,0.9425060127636868,0.065250240266323,0.4487261772155761,0.2590017620076223,2.684120774269104,2.0,0.8160383541066613,0.7315682788577792,0.3,,,
vit_tiny_patch16_224,semantic,1,aquatic_life+household_and_people,2,task_arithmetic,0.824,0.9719896003712364,0.065250240266323,0.4487261772155761,0.2590017620076223,2.684120774269104,2.0,0.8160383541066613,0.7315682788577792,0.5,,,
vit_tiny_patch16_224,semantic,1,aquatic_life+household_and_people,2,task_arithmetic,0.80925,0.9545934592540904,0.065250240266323,0.4487261772155761,0.2590017620076223,2.684120774269104,2.0,0.8160383541066613,0.7315682788577792,1.0,,,
vit_tiny_patch16_224,semantic,1,aquatic_life+household_and_people,2,ties,0.79225,0.9345414054526392,0.065250240266323,0.4487261772155761,0.2590017620076223,2.684120774269104,2.0,0.8160383541066613,0.7315682788577792,0.5,0.2,,
vit_tiny_patch16_224,semantic,1,aquatic_life+household_and_people,2,ties,0.8265,0.9749370199094312,0.065250240266323,0.4487261772155761,0.2590017620076223,2.684120774269104,2.0,0.8160383541066613,0.7315682788577792,1.0,0.2,,
vit_tiny_patch16_224,semantic,1,aquatic_life+household_and_people,2,dare,0.79375,0.9363071438659376,0.065250240266323,0.4487261772155761,0.2590017620076223,2.684120774269104,2.0,0.8160383541066613,0.7315682788577792,1.0,0.2,0.9,0.0
vit_tiny_patch16_224,semantic,1,aquatic_life+household_and_people,2,dare,0.78825,0.9298235513883448,0.065250240266323,0.4487261772155761,0.2590017620076223,2.684120774269104,2.0,0.8160383541066613,0.7315682788577792,1.0,0.2,0.9,1.0
vit_tiny_patch16_224,semantic,1,aquatic_life+household_and_people,2,dare,0.793,0.9354127952724408,0.065250240266323,0.4487261772155761,0.2590017620076223,2.684120774269104,2.0,0.8160383541066613,0.7315682788577792,1.0,0.2,0.9,2.0
vit_tiny_patch16_224,semantic,1,aquatic_life+mammals,2,averaging,0.8245,0.9621485157311964,0.0805737972259521,0.4368910491466522,0.2822009130405179,2.707331418991089,2.0,0.8373499840419364,0.7159855338291543,,,,
vit_tiny_patch16_224,semantic,1,aquatic_life+mammals,2,task_arithmetic,0.74325,0.8673114651301257,0.0805737972259521,0.4368910491466522,0.2822009130405179,2.707331418991089,2.0,0.8373499840419364,0.7159855338291543,0.1,,,
vit_tiny_patch16_224,semantic,1,aquatic_life+mammals,2,task_arithmetic,0.7825,0.9130776539426118,0.0805737972259521,0.4368910491466522,0.2822009130405179,2.707331418991089,2.0,0.8373499840419364,0.7159855338291543,0.2,,,
vit_tiny_patch16_224,semantic,1,aquatic_life+mammals,2,task_arithmetic,0.8087500000000001,0.9438062615680576,0.0805737972259521,0.4368910491466522,0.2822009130405179,2.707331418991089,2.0,0.8373499840419364,0.7159855338291543,0.3,,,
vit_tiny_patch16_224,semantic,1,aquatic_life+mammals,2,task_arithmetic,0.8245,0.9621485157311964,0.0805737972259521,0.4368910491466522,0.2822009130405179,2.707331418991089,2.0,0.8373499840419364,0.7159855338291543,0.5,,,
vit_tiny_patch16_224,semantic,1,aquatic_life+mammals,2,task_arithmetic,0.79625,0.9293348066915244,0.0805737972259521,0.4368910491466522,0.2822009130405179,2.707331418991089,2.0,0.8373499840419364,0.7159855338291543,1.0,,,
vit_tiny_patch16_224,semantic,1,aquatic_life+mammals,2,ties,0.80125,0.934990282576348,0.0805737972259521,0.4368910491466522,0.2822009130405179,2.707331418991089,2.0,0.8373499840419364,0.7159855338291543,0.5,0.2,,
vit_tiny_patch16_224,semantic,1,aquatic_life+mammals,2,ties,0.83175,0.9706119849246316,0.0805737972259521,0.4368910491466522,0.2822009130405179,2.707331418991089,2.0,0.8373499840419364,0.7159855338291543,1.0,0.2,,
vit_tiny_patch16_224,semantic,1,aquatic_life+mammals,2,dare,0.7755000000000001,0.905122949494248,0.0805737972259521,0.4368910491466522,0.2822009130405179,2.707331418991089,2.0,0.8373499840419364,0.7159855338291543,1.0,0.2,0.9,0.0
vit_tiny_patch16_224,semantic,1,aquatic_life+mammals,2,dare,0.78375,0.9147070968681946,0.0805737972259521,0.4368910491466522,0.2822009130405179,2.707331418991089,2.0,0.8373499840419364,0.7159855338291543,1.0,0.2,0.9,1.0
vit_tiny_patch16_224,semantic,1,aquatic_life+mammals,2,dare,0.7675000000000001,0.8958681630375689,0.0805737972259521,0.4368910491466522,0.2822009130405179,2.707331418991089,2.0,0.8373499840419364,0.7159855338291543,1.0,0.2,0.9,2.0
vit_tiny_patch16_224,semantic,1,aquatic_life+outdoor_and_vehicles,2,averaging,0.8534999999999999,0.9682453847631745,0.0670136213302612,0.447339802980423,0.2649419063112473,2.65437650680542,2.0,0.7974767341104908,0.7262835297042567,,,,
vit_tiny_patch16_224,semantic,1,aquatic_life+outdoor_and_vehicles,2,task_arithmetic,0.7797499999999999,0.8842199969311271,0.0670136213302612,0.447339802980423,0.2649419063112473,2.65437650680542,2.0,0.7974767341104908,0.7262835297042567,0.1,,,
vit_tiny_patch16_224,semantic,1,aquatic_life+outdoor_and_vehicles,2,task_arithmetic,0.8095,0.918141681355565,0.0670136213302612,0.447339802980423,0.2649419063112473,2.65437650680542,2.0,0.7974767341104908,0.7262835297042567,0.2,,,
vit_tiny_patch16_224,semantic,1,aquatic_life+outdoor_and_vehicles,2,task_arithmetic,0.83125,0.942972796633008,0.0670136213302612,0.447339802980423,0.2649419063112473,2.65437650680542,2.0,0.7974767341104908,0.7262835297042567,0.3,,,
vit_tiny_patch16_224,semantic,1,aquatic_life+outdoor_and_vehicles,2,task_arithmetic,0.8534999999999999,0.9682453847631745,0.0670136213302612,0.447339802980423,0.2649419063112473,2.65437650680542,2.0,0.7974767341104908,0.7262835297042567,0.5,,,
vit_tiny_patch16_224,semantic,1,aquatic_life+outdoor_and_vehicles,2,task_arithmetic,0.827,0.9378161551663444,0.0670136213302612,0.447339802980423,0.2649419063112473,2.65437650680542,2.0,0.7974767341104908,0.7262835297042567,1.0,,,
vit_tiny_patch16_224,semantic,1,aquatic_life+outdoor_and_vehicles,2,ties,0.8240000000000001,0.9345972233146664,0.0670136213302612,0.447339802980423,0.2649419063112473,2.65437650680542,2.0,0.7974767341104908,0.7262835297042567,0.5,0.2,,
vit_tiny_patch16_224,semantic,1,aquatic_life+outdoor_and_vehicles,2,ties,0.8567499999999999,0.9720756735080184,0.0670136213302612,0.447339802980423,0.2649419063112473,2.65437650680542,2.0,0.7974767341104908,0.7262835297042567,1.0,0.2,,
vit_tiny_patch16_224,semantic,1,aquatic_life+outdoor_and_vehicles,2,dare,0.8235,0.9339868335033248,0.0670136213302612,0.447339802980423,0.2649419063112473,2.65437650680542,2.0,0.7974767341104908,0.7262835297042567,1.0,0.2,0.9,0.0
vit_tiny_patch16_224,semantic,1,aquatic_life+outdoor_and_vehicles,2,dare,0.81975,0.9293350087488668,0.0670136213302612,0.447339802980423,0.2649419063112473,2.65437650680542,2.0,0.7974767341104908,0.7262835297042567,1.0,0.2,0.9,1.0
vit_tiny_patch16_224,semantic,1,aquatic_life+outdoor_and_vehicles,2,dare,0.81475,0.9240334661888852,0.0670136213302612,0.447339802980423,0.2649419063112473,2.65437650680542,2.0,0.7974767341104908,0.7262835297042567,1.0,0.2,0.9,2.0
vit_tiny_patch16_224,semantic,1,flora_and_insects+household_and_people,2,averaging,0.8394999999999999,0.9721074380165288,0.0712562948465347,0.4441826045513153,0.2708479019624699,2.5903213024139404,2.0,0.8362473277416509,0.7465230906902134,,,,
vit_tiny_patch16_224,semantic,1,flora_and_insects+household_and_people,2,task_arithmetic,0.779,0.9018189197166472,0.0712562948465347,0.4441826045513153,0.2708479019624699,2.5903213024139404,2.0,0.8362473277416509,0.7465230906902134,0.1,,,
vit_tiny_patch16_224,semantic,1,flora_and_insects+household_and_people,2,task_arithmetic,0.81325,0.9415363046044865,0.0712562948465347,0.4441826045513153,0.2708479019624699,2.5903213024139404,2.0,0.8362473277416509,0.7465230906902134,0.2,,,
vit_tiny_patch16_224,semantic,1,flora_and_insects+household_and_people,2,task_arithmetic,0.82975,0.9607401121605668,0.0712562948465347,0.4441826045513153,0.2708479019624699,2.5903213024139404,2.0,0.8362473277416509,0.7465230906902134,0.3,,,
vit_tiny_patch16_224,semantic,1,flora_and_insects+household_and_people,2,task_arithmetic,0.8394999999999999,0.9721074380165288,0.0712562948465347,0.4441826045513153,0.2708479019624699,2.5903213024139404,2.0,0.8362473277416509,0.7465230906902134,0.5,,,
vit_tiny_patch16_224,semantic,1,flora_and_insects+household_and_people,2,task_arithmetic,0.8205,0.9499077626918536,0.0712562948465347,0.4441826045513153,0.2708479019624699,2.5903213024139404,2.0,0.8362473277416509,0.7465230906902134,1.0,,,
vit_tiny_patch16_224,semantic,1,flora_and_insects+household_and_people,2,ties,0.82575,0.9560507674144038,0.0712562948465347,0.4441826045513153,0.2708479019624699,2.5903213024139404,2.0,0.8362473277416509,0.7465230906902134,0.5,0.2,,
vit_tiny_patch16_224,semantic,1,flora_and_insects+household_and_people,2,ties,0.8434999999999999,0.9767857142857144,0.0712562948465347,0.4441826045513153,0.2708479019624699,2.5903213024139404,2.0,0.8362473277416509,0.7465230906902134,1.0,0.2,,
vit_tiny_patch16_224,semantic,1,flora_and_insects+household_and_people,2,dare,0.8155,0.9440931227863046,0.0712562948465347,0.4441826045513153,0.2708479019624699,2.5903213024139404,2.0,0.8362473277416509,0.7465230906902134,1.0,0.2,0.9,0.0
vit_tiny_patch16_224,semantic,1,flora_and_insects+household_and_people,2,dare,0.80825,0.93575487012987,0.0712562948465347,0.4441826045513153,0.2708479019624699,2.5903213024139404,2.0,0.8362473277416509,0.7465230906902134,1.0,0.2,0.9,1.0
vit_tiny_patch16_224,semantic,1,flora_and_insects+household_and_people,2,dare,0.8049999999999999,0.9318624557260922,0.0712562948465347,0.4441826045513153,0.2708479019624699,2.5903213024139404,2.0,0.8362473277416509,0.7465230906902134,1.0,0.2,0.9,2.0
vit_tiny_patch16_224,semantic,1,flora_and_insects+mammals,2,averaging,0.83375,0.955186833674702,0.0640801787376403,0.4495828449726105,0.2587019672437997,2.6135319471359253,2.0,0.8238850673941,0.7309403456615884,,,,
vit_tiny_patch16_224,semantic,1,flora_and_insects+mammals,2,task_arithmetic,0.77225,0.8845627527440785,0.0640801787376403,0.4495828449726105,0.2587019672437997,2.6135319471359253,2.0,0.8238850673941,0.7309403456615884,0.1,,,
vit_tiny_patch16_224,semantic,1,flora_and_insects+mammals,2,task_arithmetic,0.80775,0.9253034570138124,0.0640801787376403,0.4495828449726105,0.2587019672437997,2.6135319471359253,2.0,0.8238850673941,0.7309403456615884,0.2,,,
vit_tiny_patch16_224,semantic,1,flora_and_insects+mammals,2,task_arithmetic,0.82775,0.9482306273304976,0.0640801787376403,0.4495828449726105,0.2587019672437997,2.6135319471359253,2.0,0.8238850673941,0.7309403456615884,0.3,,,
vit_tiny_patch16_224,semantic,1,flora_and_insects+mammals,2,task_arithmetic,0.83375,0.955186833674702,0.0640801787376403,0.4495828449726105,0.2587019672437997,2.6135319471359253,2.0,0.8238850673941,0.7309403456615884,0.5,,,
vit_tiny_patch16_224,semantic,1,flora_and_insects+mammals,2,task_arithmetic,0.7985,0.9145826768552072,0.0640801787376403,0.4495828449726105,0.2587019672437997,2.6135319471359253,2.0,0.8238850673941,0.7309403456615884,1.0,,,
vit_tiny_patch16_224,semantic,1,flora_and_insects+mammals,2,ties,0.82625,0.9465070440102936,0.0640801787376403,0.4495828449726105,0.2587019672437997,2.6135319471359253,2.0,0.8238850673941,0.7309403456615884,0.5,0.2,,
vit_tiny_patch16_224,semantic,1,flora_and_insects+mammals,2,ties,0.841,0.96352065936663,0.0640801787376403,0.4495828449726105,0.2587019672437997,2.6135319471359253,2.0,0.8238850673941,0.7309403456615884,1.0,0.2,,
vit_tiny_patch16_224,semantic,1,flora_and_insects+mammals,2,dare,0.7729999999999999,0.8852436846804264,0.0640801787376403,0.4495828449726105,0.2587019672437997,2.6135319471359253,2.0,0.8238850673941,0.7309403456615884,1.0,0.2,0.9,0.0
vit_tiny_patch16_224,semantic,1,flora_and_insects+mammals,2,dare,0.78425,0.8981895974476131,0.0640801787376403,0.4495828449726105,0.2587019672437997,2.6135319471359253,2.0,0.8238850673941,0.7309403456615884,1.0,0.2,0.9,1.0
vit_tiny_patch16_224,semantic,1,flora_and_insects+mammals,2,dare,0.7777499999999999,0.8906794876844704,0.0640801787376403,0.4495828449726105,0.2587019672437997,2.6135319471359253,2.0,0.8238850673941,0.7309403456615884,1.0,0.2,0.9,2.0
vit_tiny_patch16_224,semantic,1,flora_and_insects+outdoor_and_vehicles,2,averaging,0.86925,0.9691950964790133,0.0705573707818985,0.4447415173053741,0.2673040997336632,2.5605770349502563,2.0,0.8205072274076093,0.7412383415366909,,,,
vit_tiny_patch16_224,semantic,1,flora_and_insects+outdoor_and_vehicles,2,task_arithmetic,0.8175,0.9114767754127712,0.0705573707818985,0.4447415173053741,0.2673040997336632,2.5605770349502563,2.0,0.8205072274076093,0.7412383415366909,0.1,,,
vit_tiny_patch16_224,semantic,1,flora_and_insects+outdoor_and_vehicles,2,task_arithmetic,0.843,0.9398728118161924,0.0705573707818985,0.4447415173053741,0.2673040997336632,2.5605770349502563,2.0,0.8205072274076093,0.7412383415366909,0.2,,,
vit_tiny_patch16_224,semantic,1,flora_and_insects+outdoor_and_vehicles,2,task_arithmetic,0.853,0.951067361249254,0.0705573707818985,0.4447415173053741,0.2673040997336632,2.5605770349502563,2.0,0.8205072274076093,0.7412383415366909,0.3,,,
vit_tiny_patch16_224,semantic,1,flora_and_insects+outdoor_and_vehicles,2,task_arithmetic,0.86925,0.9691950964790133,0.0705573707818985,0.4447415173053741,0.2673040997336632,2.5605770349502563,2.0,0.8205072274076093,0.7412383415366909,0.5,,,
vit_tiny_patch16_224,semantic,1,flora_and_insects+outdoor_and_vehicles,2,task_arithmetic,0.86275,0.9619778197732246,0.0705573707818985,0.4447415173053741,0.2673040997336632,2.5605770349502563,2.0,0.8205072274076093,0.7412383415366909,1.0,,,
vit_tiny_patch16_224,semantic,1,flora_and_insects+outdoor_and_vehicles,2,ties,0.8512500000000001,0.9490892928187786,0.0705573707818985,0.4447415173053741,0.2673040997336632,2.5605770349502563,2.0,0.8205072274076093,0.7412383415366909,0.5,0.2,,
vit_tiny_patch16_224,semantic,1,flora_and_insects+outdoor_and_vehicles,2,ties,0.8694999999999999,0.9694791873881042,0.0705573707818985,0.4447415173053741,0.2673040997336632,2.5605770349502563,2.0,0.8205072274076093,0.7412383415366909,1.0,0.2,,
vit_tiny_patch16_224,semantic,1,flora_and_insects+outdoor_and_vehicles,2,dare,0.848,0.9456497413964592,0.0705573707818985,0.4447415173053741,0.2673040997336632,2.5605770349502563,2.0,0.8205072274076093,0.7412383415366909,1.0,0.2,0.9,0.0
vit_tiny_patch16_224,semantic,1,flora_and_insects+outdoor_and_vehicles,2,dare,0.8545,0.9528036105032822,0.0705573707818985,0.4447415173053741,0.2673040997336632,2.5605770349502563,2.0,0.8205072274076093,0.7412383415366909,1.0,0.2,0.9,1.0
vit_tiny_patch16_224,semantic,1,flora_and_insects+outdoor_and_vehicles,2,dare,0.84125,0.9380004227173264,0.0705573707818985,0.4447415173053741,0.2673040997336632,2.5605770349502563,2.0,0.8205072274076093,0.7412383415366909,1.0,0.2,0.9,2.0
vit_tiny_patch16_224,semantic,1,household_and_people+mammals,2,averaging,0.81975,0.9575250126691752,0.0645052194595336,0.4491826593875885,0.253571161551804,2.657920241355896,2.0,0.7980335525831062,0.7299443038370854,,,,
vit_tiny_patch16_224,semantic,1,household_and_people+mammals,2,task_arithmetic,0.744,0.869031761264312,0.0645052194595336,0.4491826593875885,0.253571161551804,2.657920241355896,2.0,0.7980335525831062,0.7299443038370854,0.1,,,
vit_tiny_patch16_224,semantic,1,household_and_people+mammals,2,task_arithmetic,0.78525,0.9172472661522606,0.0645052194595336,0.4491826593875885,0.253571161551804,2.657920241355896,2.0,0.7980335525831062,0.7299443038370854,0.2,,,
vit_tiny_patch16_224,semantic,1,household_and_people+mammals,2,task_arithmetic,0.804,0.939087696610936,0.0645052194595336,0.4491826593875885,0.253571161551804,2.657920241355896,2.0,0.7980335525831062,0.7299443038370854,0.3,,,
vit_tiny_patch16_224,semantic,1,household_and_people+mammals,2,task_arithmetic,0.81975,0.9575250126691752,0.0645052194595336,0.4491826593875885,0.253571161551804,2.657920241355896,2.0,0.7980335525831062,0.7299443038370854,0.5,,,
vit_tiny_patch16_224,semantic,1,household_and_people+mammals,2,task_arithmetic,0.79425,0.9279171671246668,0.0645052194595336,0.4491826593875885,0.253571161551804,2.657920241355896,2.0,0.7980335525831062,0.7299443038370854,1.0,,,
vit_tiny_patch16_224,semantic,1,household_and_people+mammals,2,ties,0.79725,0.9312319553772208,0.0645052194595336,0.4491826593875885,0.253571161551804,2.657920241355896,2.0,0.7980335525831062,0.7299443038370854,0.5,0.2,,
vit_tiny_patch16_224,semantic,1,household_and_people+mammals,2,ties,0.82325,0.961581535947378,0.0645052194595336,0.4491826593875885,0.253571161551804,2.657920241355896,2.0,0.7980335525831062,0.7299443038370854,1.0,0.2,,
vit_tiny_patch16_224,semantic,1,household_and_people+mammals,2,dare,0.7705,0.9002997291558816,0.0645052194595336,0.4491826593875885,0.253571161551804,2.657920241355896,2.0,0.7980335525831062,0.7299443038370854,1.0,0.2,0.9,0.0
vit_tiny_patch16_224,semantic,1,household_and_people+mammals,2,dare,0.779,0.9099881527012454,0.0645052194595336,0.4491826593875885,0.253571161551804,2.657920241355896,2.0,0.7980335525831062,0.7299443038370854,1.0,0.2,0.9,1.0
vit_tiny_patch16_224,semantic,1,household_and_people+mammals,2,dare,0.76225,0.8906036324895628,0.0645052194595336,0.4491826593875885,0.253571161551804,2.657920241355896,2.0,0.7980335525831062,0.7299443038370854,1.0,0.2,0.9,2.0
vit_tiny_patch16_224,semantic,1,household_and_people+outdoor_and_vehicles,2,averaging,0.8534999999999999,0.9693344252723604,0.0800576955080032,0.437421977519989,0.2793006906013175,2.604965329170227,2.0,0.8327484386236741,0.7402422997121878,,,,
vit_tiny_patch16_224,semantic,1,household_and_people+outdoor_and_vehicles,2,task_arithmetic,0.788,0.8947072173897317,0.0800576955080032,0.437421977519989,0.2793006906013175,2.604965329170227,2.0,0.8327484386236741,0.7402422997121878,0.1,,,
vit_tiny_patch16_224,semantic,1,household_and_people+outdoor_and_vehicles,2,task_arithmetic,0.8182499999999999,0.9293613190072312,0.0800576955080032,0.437421977519989,0.2793006906013175,2.604965329170227,2.0,0.8327484386236741,0.7402422997121878,0.2,,,
vit_tiny_patch16_224,semantic,1,household_and_people+outdoor_and_vehicles,2,task_arithmetic,0.83575,0.9492868380873154,0.0800576955080032,0.437421977519989,0.2793006906013175,2.604965329170227,2.0,0.8327484386236741,0.7402422997121878,0.3,,,
vit_tiny_patch16_224,semantic,1,household_and_people+outdoor_and_vehicles,2,task_arithmetic,0.8534999999999999,0.9693344252723604,0.0800576955080032,0.437421977519989,0.2793006906013175,2.604965329170227,2.0,0.8327484386236741,0.7402422997121878,0.5,,,
vit_tiny_patch16_224,semantic,1,household_and_people+outdoor_and_vehicles,2,task_arithmetic,0.8335,0.9464356759214528,0.0800576955080032,0.437421977519989,0.2793006906013175,2.604965329170227,2.0,0.8327484386236741,0.7402422997121878,1.0,,,
vit_tiny_patch16_224,semantic,1,household_and_people+outdoor_and_vehicles,2,ties,0.8315,0.944377310574844,0.0800576955080032,0.437421977519989,0.2793006906013175,2.604965329170227,2.0,0.8327484386236741,0.7402422997121878,0.5,0.2,,
vit_tiny_patch16_224,semantic,1,household_and_people+outdoor_and_vehicles,2,ties,0.856,0.9724807468242916,0.0800576955080032,0.437421977519989,0.2793006906013175,2.604965329170227,2.0,0.8327484386236741,0.7402422997121878,1.0,0.2,,
vit_tiny_patch16_224,semantic,1,household_and_people+outdoor_and_vehicles,2,dare,0.8285,0.9406839430710529,0.0800576955080032,0.437421977519989,0.2793006906013175,2.604965329170227,2.0,0.8327484386236741,0.7402422997121878,1.0,0.2,0.9,0.0
vit_tiny_patch16_224,semantic,1,household_and_people+outdoor_and_vehicles,2,dare,0.82725,0.9392946917812642,0.0800576955080032,0.437421977519989,0.2793006906013175,2.604965329170227,2.0,0.8327484386236741,0.7402422997121878,1.0,0.2,0.9,1.0
vit_tiny_patch16_224,semantic,1,household_and_people+outdoor_and_vehicles,2,dare,0.8240000000000001,0.9355874382232052,0.0800576955080032,0.437421977519989,0.2793006906013175,2.604965329170227,2.0,0.8327484386236741,0.7402422997121878,1.0,0.2,0.9,2.0
vit_tiny_patch16_224,semantic,1,mammals+outdoor_and_vehicles,2,averaging,0.85625,0.9620757470606156,0.0669374912977218,0.4473427832126617,0.2596486589645922,2.628175973892212,2.0,0.7951428139572998,0.7246595546835629,,,,
vit_tiny_patch16_224,semantic,1,mammals+outdoor_and_vehicles,2,task_arithmetic,0.785,0.8816846423880658,0.0669374912977218,0.4473427832126617,0.2596486589645922,2.628175973892212,2.0,0.7951428139572998,0.7246595546835629,0.1,,,
vit_tiny_patch16_224,semantic,1,mammals+outdoor_and_vehicles,2,task_arithmetic,0.81875,0.9199897101004086,0.0669374912977218,0.4473427832126617,0.2596486589645922,2.628175973892212,2.0,0.7951428139572998,0.7246595546835629,0.2,,,
vit_tiny_patch16_224,semantic,1,mammals+outdoor_and_vehicles,2,task_arithmetic,0.837,0.9404626915292889,0.0669374912977218,0.4473427832126617,0.2596486589645922,2.628175973892212,2.0,0.7951428139572998,0.7246595546835629,0.3,,,
vit_tiny_patch16_224,semantic,1,mammals+outdoor_and_vehicles,2,task_arithmetic,0.85625,0.9620757470606156,0.0669374912977218,0.4473427832126617,0.2596486589645922,2.628175973892212,2.0,0.7951428139572998,0.7246595546835629,0.5,,,
vit_tiny_patch16_224,semantic,1,mammals+outdoor_and_vehicles,2,task_arithmetic,0.8434999999999999,0.9472217587132316,0.0669374912977218,0.4473427832126617,0.2596486589645922,2.628175973892212,2.0,0.7951428139572998,0.7246595546835629,1.0,,,
vit_tiny_patch16_224,semantic,1,mammals+outdoor_and_vehicles,2,ties,0.83325,0.9364058290890658,0.0669374912977218,0.4473427832126617,0.2596486589645922,2.628175973892212,2.0,0.7951428139572998,0.7246595546835629,0.5,0.2,,
vit_tiny_patch16_224,semantic,1,mammals+outdoor_and_vehicles,2,ties,0.8605,0.9669402212454824,0.0669374912977218,0.4473427832126617,0.2596486589645922,2.628175973892212,2.0,0.7951428139572998,0.7246595546835629,1.0,0.2,,
vit_tiny_patch16_224,semantic,1,mammals+outdoor_and_vehicles,2,dare,0.82975,0.931702845650242,0.0669374912977218,0.4473427832126617,0.2596486589645922,2.628175973892212,2.0,0.7951428139572998,0.7246595546835629,1.0,0.2,0.9,0.0
vit_tiny_patch16_224,semantic,1,mammals+outdoor_and_vehicles,2,dare,0.8325,0.9348955271803778,0.0669374912977218,0.4473427832126617,0.2596486589645922,2.628175973892212,2.0,0.7951428139572998,0.7246595546835629,1.0,0.2,0.9,1.0
vit_tiny_patch16_224,semantic,1,mammals+outdoor_and_vehicles,2,dare,0.8254999999999999,0.9267923892666486,0.0669374912977218,0.4473427832126617,0.2596486589645922,2.628175973892212,2.0,0.7951428139572998,0.7246595546835629,1.0,0.2,0.9,2.0
vit_tiny_patch16_224,semantic,1,aquatic_life+flora_and_insects+household_and_people,3,averaging,0.8213333333333334,0.9565975848181748,0.0675635312994321,0.4469709595044454,0.2661366945538207,2.6380581855773926,3.0,0.8328697756570166,0.7368852300767582,,,,
vit_tiny_patch16_224,semantic,1,aquatic_life+flora_and_insects+household_and_people,3,task_arithmetic,0.7776666666666666,0.905504032627432,0.0675635312994321,0.4469709595044454,0.2661366945538207,2.6380581855773926,3.0,0.8328697756570166,0.7368852300767582,0.1,,,
vit_tiny_patch16_224,semantic,1,aquatic_life+flora_and_insects+household_and_people,3,task_arithmetic,0.8063333333333333,0.9390273048811512,0.0675635312994321,0.4469709595044454,0.2661366945538207,2.6380581855773926,3.0,0.8328697756570166,0.7368852300767582,0.2,,,
vit_tiny_patch16_224,semantic,1,aquatic_life+flora_and_insects+household_and_people,3,task_arithmetic,0.819,0.9538476339244406,0.0675635312994321,0.4469709595044454,0.2661366945538207,2.6380581855773926,3.0,0.8328697756570166,0.7368852300767582,0.3,,,
vit_tiny_patch16_224,semantic,1,aquatic_life+flora_and_insects+household_and_people,3,task_arithmetic,0.8236666666666667,0.9592779201878816,0.0675635312994321,0.4469709595044454,0.2661366945538207,2.6380581855773926,3.0,0.8328697756570166,0.7368852300767582,0.5,,,
vit_tiny_patch16_224,semantic,1,aquatic_life+flora_and_insects+household_and_people,3,task_arithmetic,0.7371666666666666,0.858003051661647,0.0675635312994321,0.4469709595044454,0.2661366945538207,2.6380581855773926,3.0,0.8328697756570166,0.7368852300767582,1.0,,,
vit_tiny_patch16_224,semantic,1,aquatic_life+flora_and_insects+household_and_people,3,ties,0.8143333333333334,0.9483449492553124,0.0675635312994321,0.4469709595044454,0.2661366945538207,2.6380581855773926,3.0,0.8328697756570166,0.7368852300767582,0.5,0.2,,
vit_tiny_patch16_224,semantic,1,aquatic_life+flora_and_insects+household_and_people,3,ties,0.831,0.9678354798627204,0.0675635312994321,0.4469709595044454,0.2661366945538207,2.6380581855773926,3.0,0.8328697756570166,0.7368852300767582,1.0,0.2,,
vit_tiny_patch16_224,semantic,1,aquatic_life+flora_and_insects+household_and_people,3,dare,0.7248333333333333,0.8437461329540265,0.0675635312994321,0.4469709595044454,0.2661366945538207,2.6380581855773926,3.0,0.8328697756570166,0.7368852300767582,1.0,0.2,0.9,0.0
vit_tiny_patch16_224,semantic,1,aquatic_life+flora_and_insects+household_and_people,3,dare,0.7138333333333332,0.830472857105752,0.0675635312994321,0.4469709595044454,0.2661366945538207,2.6380581855773926,3.0,0.8328697756570166,0.7368852300767582,1.0,0.2,0.9,1.0
vit_tiny_patch16_224,semantic,1,aquatic_life+flora_and_insects+household_and_people,3,dare,0.727,0.8461056441014388,0.0675635312994321,0.4469709595044454,0.2661366945538207,2.6380581855773926,3.0,0.8328697756570166,0.7368852300767582,1.0,0.2,0.9,2.0
vit_tiny_patch16_224,semantic,1,aquatic_life+flora_and_insects+mammals,3,averaging,0.8211666666666666,0.9496966161323708,0.0702793449163436,0.4448259969552358,0.2698210999918958,2.6535319487253823,3.0,0.8358528988529247,0.7264967333910083,,,,
vit_tiny_patch16_224,semantic,1,aquatic_life+flora_and_insects+mammals,3,task_arithmetic,0.7775,0.8989456687922682,0.0702793449163436,0.4448259969552358,0.2698210999918958,2.6535319487253823,3.0,0.8358528988529247,0.7264967333910083,0.1,,,
vit_tiny_patch16_224,semantic,1,aquatic_life+flora_and_insects+mammals,3,task_arithmetic,0.8078333333333333,0.9341208191421356,0.0702793449163436,0.4448259969552358,0.2698210999918958,2.6535319487253823,3.0,0.8358528988529247,0.7264967333910083,0.2,,,
vit_tiny_patch16_224,semantic,1,aquatic_life+flora_and_insects+mammals,3,task_arithmetic,0.82,0.9483314124868468,0.0702793449163436,0.4448259969552358,0.2698210999918958,2.6535319487253823,3.0,0.8358528988529247,0.7264967333910083,0.3,,,
vit_tiny_patch16_224,semantic,1,aquatic_life+flora_and_insects+mammals,3,task_arithmetic,0.8171666666666666,0.9451115360849532,0.0702793449163436,0.4448259969552358,0.2698210999918958,2.6535319487253823,3.0,0.8358528988529247,0.7264967333910083,0.5,,,
vit_tiny_patch16_224,semantic,1,aquatic_life+flora_and_insects+mammals,3,task_arithmetic,0.7091666666666666,0.8199160290073223,0.0702793449163436,0.4448259969552358,0.2698210999918958,2.6535319487253823,3.0,0.8358528988529247,0.7264967333910083,1.0,,,
vit_tiny_patch16_224,semantic,1,aquatic_life+flora_and_insects+mammals,3,ties,0.8155,0.9430690050399466,0.0702793449163436,0.4448259969552358,0.2698210999918958,2.6535319487253823,3.0,0.8358528988529247,0.7264967333910083,0.5,0.2,,
vit_tiny_patch16_224,semantic,1,aquatic_life+flora_and_insects+mammals,3,ties,0.8251666666666667,0.9543518279920334,0.0702793449163436,0.4448259969552358,0.2698210999918958,2.6535319487253823,3.0,0.8358528988529247,0.7264967333910083,1.0,0.2,,
vit_tiny_patch16_224,semantic,1,aquatic_life+flora_and_insects+mammals,3,dare,0.6945,0.8030298477122391,0.0702793449163436,0.4448259969552358,0.2698210999918958,2.6535319487253823,3.0,0.8358528988529247,0.7264967333910083,1.0,0.2,0.9,0.0
vit_tiny_patch16_224,semantic,1,aquatic_life+flora_and_insects+mammals,3,dare,0.7006666666666667,0.8099952367231497,0.0702793449163436,0.4448259969552358,0.2698210999918958,2.6535319487253823,3.0,0.8358528988529247,0.7264967333910083,1.0,0.2,0.9,1.0
vit_tiny_patch16_224,semantic,1,aquatic_life+flora_and_insects+mammals,3,dare,0.6976666666666667,0.8065843431748986,0.0702793449163436,0.4448259969552358,0.2698210999918958,2.6535319487253823,3.0,0.8358528988529247,0.7264967333910083,1.0,0.2,0.9,2.0
vit_tiny_patch16_224,semantic,1,aquatic_life+flora_and_insects+outdoor_and_vehicles,3,averaging,0.8383333333333334,0.951917023099814,0.0679183502991994,0.4466951390107472,0.2669354752454268,2.6182286739349365,3.0,0.8214358688802793,0.73336206397441,,,,
vit_tiny_patch16_224,semantic,1,aquatic_life+flora_and_insects+outdoor_and_vehicles,3,task_arithmetic,0.802,0.9102502284657548,0.0679183502991994,0.4466951390107472,0.2669354752454268,2.6182286739349365,3.0,0.8214358688802793,0.73336206397441,0.1,,,
vit_tiny_patch16_224,semantic,1,aquatic_life+flora_and_insects+outdoor_and_vehicles,3,task_arithmetic,0.8253333333333334,0.9369546679320396,0.0679183502991994,0.4466951390107472,0.2669354752454268,2.6182286739349365,3.0,0.8214358688802793,0.73336206397441,0.2,,,
vit_tiny_patch16_224,semantic,1,aquatic_life+flora_and_insects+outdoor_and_vehicles,3,task_arithmetic,0.8370000000000001,0.9503667159624416,0.0679183502991994,0.4466951390107472,0.2669354752454268,2.6182286739349365,3.0,0.8214358688802793,0.73336206397441,0.3,,,
vit_tiny_patch16_224,semantic,1,aquatic_life+flora_and_insects+outdoor_and_vehicles,3,task_arithmetic,0.8388333333333332,0.9523866700254688,0.0679183502991994,0.4466951390107472,0.2669354752454268,2.6182286739349365,3.0,0.8214358688802793,0.73336206397441,0.5,,,
vit_tiny_patch16_224,semantic,1,aquatic_life+flora_and_insects+outdoor_and_vehicles,3,task_arithmetic,0.7515000000000001,0.8522253072946454,0.0679183502991994,0.4466951390107472,0.2669354752454268,2.6182286739349365,3.0,0.8214358688802793,0.73336206397441,1.0,,,
vit_tiny_patch16_224,semantic,1,aquatic_life+flora_and_insects+outdoor_and_vehicles,3,ties,0.8340000000000001,0.947021103473965,0.0679183502991994,0.4466951390107472,0.2669354752454268,2.6182286739349365,3.0,0.8214358688802793,0.73336206397441,0.5,0.2,,
vit_tiny_patch16_224,semantic,1,aquatic_life+flora_and_insects+outdoor_and_vehicles,3,ties,0.8458333333333333,0.9605239963869042,0.0679183502991994,0.4466951390107472,0.2669354752454268,2.6182286739349365,3.0,0.8214358688802793,0.73336206397441,1.0,0.2,,
vit_tiny_patch16_224,semantic,1,aquatic_life+flora_and_insects+outdoor_and_vehicles,3,dare,0.7431666666666666,0.8431570359774366,0.0679183502991994,0.4466951390107472,0.2669354752454268,2.6182286739349365,3.0,0.8214358688802793,0.73336206397441,1.0,0.2,0.9,0.0
vit_tiny_patch16_224,semantic,1,aquatic_life+flora_and_insects+outdoor_and_vehicles,3,dare,0.7436666666666666,0.8432467047321794,0.0679183502991994,0.4466951390107472,0.2669354752454268,2.6182286739349365,3.0,0.8214358688802793,0.73336206397441,1.0,0.2,0.9,1.0
vit_tiny_patch16_224,semantic,1,aquatic_life+flora_and_insects+outdoor_and_vehicles,3,dare,0.7395,0.8385824082853787,0.0679183502991994,0.4466951390107472,0.2669354752454268,2.6182286739349365,3.0,0.8214358688802793,0.73336206397441,1.0,0.2,0.9,2.0
vit_tiny_patch16_224,semantic,1,aquatic_life+household_and_people+mammals,3,averaging,0.8063333333333333,0.9446360416667892,0.0701097523172696,0.4449332952499389,0.2649246121999813,2.6831241448720298,3.0,0.8171406302439013,0.7258327055080063,,,,
vit_tiny_patch16_224,semantic,1,aquatic_life+household_and_people+mammals,3,task_arithmetic,0.7543333333333333,0.8837494122098627,0.0701097523172696,0.4449332952499389,0.2649246121999813,2.6831241448720298,3.0,0.8171406302439013,0.7258327055080063,0.1,,,
vit_tiny_patch16_224,semantic,1,aquatic_life+household_and_people+mammals,3,task_arithmetic,0.7885,0.9237708619173458,0.0701097523172696,0.4449332952499389,0.2649246121999813,2.6831241448720298,3.0,0.8171406302439013,0.7258327055080063,0.2,,,
vit_tiny_patch16_224,semantic,1,aquatic_life+household_and_people+mammals,3,task_arithmetic,0.8033333333333333,0.9411253103842988,0.0701097523172696,0.4449332952499389,0.2649246121999813,2.6831241448720298,3.0,0.8171406302439013,0.7258327055080063,0.3,,,
vit_tiny_patch16_224,semantic,1,aquatic_life+household_and_people+mammals,3,task_arithmetic,0.8033333333333333,0.9411971920487724,0.0701097523172696,0.4449332952499389,0.2649246121999813,2.6831241448720298,3.0,0.8171406302439013,0.7258327055080063,0.5,,,
vit_tiny_patch16_224,semantic,1,aquatic_life+household_and_people+mammals,3,task_arithmetic,0.7123333333333334,0.8348730076265921,0.0701097523172696,0.4449332952499389,0.2649246121999813,2.6831241448720298,3.0,0.8171406302439013,0.7258327055080063,1.0,,,
vit_tiny_patch16_224,semantic,1,aquatic_life+household_and_people+mammals,3,ties,0.794,0.9301753782271072,0.0701097523172696,0.4449332952499389,0.2649246121999813,2.6831241448720298,3.0,0.8171406302439013,0.7258327055080063,0.5,0.2,,
vit_tiny_patch16_224,semantic,1,aquatic_life+household_and_people+mammals,3,ties,0.8118333333333334,0.9510812266061408,0.0701097523172696,0.4449332952499389,0.2649246121999813,2.6831241448720298,3.0,0.8171406302439013,0.7258327055080063,1.0,0.2,,
vit_tiny_patch16_224,semantic,1,aquatic_life+household_and_people+mammals,3,dare,0.699,0.8193214559159002,0.0701097523172696,0.4449332952499389,0.2649246121999813,2.6831241448720298,3.0,0.8171406302439013,0.7258327055080063,1.0,0.2,0.9,0.0
vit_tiny_patch16_224,semantic,1,aquatic_life+household_and_people+mammals,3,dare,0.6859999999999999,0.8041410285772597,0.0701097523172696,0.4449332952499389,0.2649246121999813,2.6831241448720298,3.0,0.8171406302439013,0.7258327055080063,1.0,0.2,0.9,1.0
vit_tiny_patch16_224,semantic,1,aquatic_life+household_and_people+mammals,3,dare,0.6886666666666666,0.8072403464028682,0.0701097523172696,0.4449332952499389,0.2649246121999813,2.6831241448720298,3.0,0.8171406302439013,0.7258327055080063,1.0,0.2,0.9,2.0
vit_tiny_patch16_224,semantic,1,aquatic_life+household_and_people+outdoor_and_vehicles,3,averaging,0.8235,0.9467222091482436,0.0707738523681958,0.4444959859053294,0.2677481196400624,2.6478208700815835,3.0,0.8154211756136087,0.7326980360914078,,,,
vit_tiny_patch16_224,semantic,1,aquatic_life+household_and_people+outdoor_and_vehicles,3,task_arithmetic,0.7818333333333333,0.8985291468964783,0.0707738523681958,0.4444959859053294,0.2677481196400624,2.6478208700815835,3.0,0.8154211756136087,0.7326980360914078,0.1,,,
vit_tiny_patch16_224,semantic,1,aquatic_life+household_and_people+outdoor_and_vehicles,3,task_arithmetic,0.8079999999999999,0.9287951091549024,0.0707738523681958,0.4444959859053294,0.2677481196400624,2.6478208700815835,3.0,0.8154211756136087,0.7326980360914078,0.2,,,
vit_tiny_patch16_224,semantic,1,aquatic_life+household_and_people+outdoor_and_vehicles,3,task_arithmetic,0.8205,0.9432531136029652,0.0707738523681958,0.4444959859053294,0.2677481196400624,2.6478208700815835,3.0,0.8154211756136087,0.7326980360914078,0.3,,,
vit_tiny_patch16_224,semantic,1,aquatic_life+household_and_people+outdoor_and_vehicles,3,task_arithmetic,0.8246666666666668,0.9479413004690884,0.0707738523681958,0.4444959859053294,0.2677481196400624,2.6478208700815835,3.0,0.8154211756136087,0.7326980360914078,0.5,,,
vit_tiny_patch16_224,semantic,1,aquatic_life+household_and_people+outdoor_and_vehicles,3,task_arithmetic,0.7345,0.8430132482080483,0.0707738523681958,0.4444959859053294,0.2677481196400624,2.6478208700815835,3.0,0.8154211756136087,0.7326980360914078,1.0,,,
vit_tiny_patch16_224,semantic,1,aquatic_life+household_and_people+outdoor_and_vehicles,3,ties,0.816,0.9380306167565692,0.0707738523681958,0.4444959859053294,0.2677481196400624,2.6478208700815835,3.0,0.8154211756136087,0.7326980360914078,0.5,0.2,,
vit_tiny_patch16_224,semantic,1,aquatic_life+household_and_people+outdoor_and_vehicles,3,ties,0.8283333333333333,0.952364317507922,0.0707738523681958,0.4444959859053294,0.2677481196400624,2.6478208700815835,3.0,0.8154211756136087,0.7326980360914078,1.0,0.2,,
vit_tiny_patch16_224,semantic,1,aquatic_life+household_and_people+outdoor_and_vehicles,3,dare,0.7336666666666667,0.8423208139429114,0.0707738523681958,0.4444959859053294,0.2677481196400624,2.6478208700815835,3.0,0.8154211756136087,0.7326980360914078,1.0,0.2,0.9,0.0
vit_tiny_patch16_224,semantic,1,aquatic_life+household_and_people+outdoor_and_vehicles,3,dare,0.7256666666666667,0.8331767220247036,0.0707738523681958,0.4444959859053294,0.2677481196400624,2.6478208700815835,3.0,0.8154211756136087,0.7326980360914078,1.0,0.2,0.9,1.0
vit_tiny_patch16_224,semantic,1,aquatic_life+household_and_people+outdoor_and_vehicles,3,dare,0.7165,0.8222254363219843,0.0707738523681958,0.4444959859053294,0.2677481196400624,2.6478208700815835,3.0,0.8154211756136087,0.7326980360914078,1.0,0.2,0.9,2.0
vit_tiny_patch16_224,semantic,1,aquatic_life+mammals+outdoor_and_vehicles,3,averaging,0.8303333333333334,0.9477659108376998,0.071508303284645,0.443857878446579,0.2689304927721191,2.6632946332295737,3.0,0.8099898440365756,0.722309539405658,,,,
vit_tiny_patch16_224,semantic,1,aquatic_life+mammals+outdoor_and_vehicles,3,task_arithmetic,0.7805,0.8905801116383864,0.071508303284645,0.443857878446579,0.2689304927721191,2.6632946332295737,3.0,0.8099898440365756,0.722309539405658,0.1,,,
vit_tiny_patch16_224,semantic,1,aquatic_life+mammals+outdoor_and_vehicles,3,task_arithmetic,0.8123333333333332,0.9271336261585336,0.071508303284645,0.443857878446579,0.2689304927721191,2.6632946332295737,3.0,0.8099898440365756,0.722309539405658,0.2,,,
vit_tiny_patch16_224,semantic,1,aquatic_life+mammals+outdoor_and_vehicles,3,task_arithmetic,0.828,0.9451094908910634,0.071508303284645,0.443857878446579,0.2689304927721191,2.6632946332295737,3.0,0.8099898440365756,0.722309539405658,0.3,,,
vit_tiny_patch16_224,semantic,1,aquatic_life+mammals+outdoor_and_vehicles,3,task_arithmetic,0.8255,0.9422350635492268,0.071508303284645,0.443857878446579,0.2689304927721191,2.6632946332295737,3.0,0.8099898440365756,0.722309539405658,0.5,,,
vit_tiny_patch16_224,semantic,1,aquatic_life+mammals+outdoor_and_vehicles,3,task_arithmetic,0.7358333333333333,0.8386912582100333,0.071508303284645,0.443857878446579,0.2689304927721191,2.6632946332295737,3.0,0.8099898440365756,0.722309539405658,1.0,,,
vit_tiny_patch16_224,semantic,1,aquatic_life+mammals+outdoor_and_vehicles,3,ties,0.82,0.9360011975595404,0.071508303284645,0.443857878446579,0.2689304927721191,2.6632946332295737,3.0,0.8099898440365756,0.722309539405658,0.5,0.2,,
vit_tiny_patch16_224,semantic,1,aquatic_life+mammals+outdoor_and_vehicles,3,ties,0.8333333333333334,0.951288631372163,0.071508303284645,0.443857878446579,0.2689304927721191,2.6632946332295737,3.0,0.8099898440365756,0.722309539405658,1.0,0.2,,
vit_tiny_patch16_224,semantic,1,aquatic_life+mammals+outdoor_and_vehicles,3,dare,0.7053333333333334,0.8043084906004725,0.071508303284645,0.443857878446579,0.2689304927721191,2.6632946332295737,3.0,0.8099898440365756,0.722309539405658,1.0,0.2,0.9,0.0
vit_tiny_patch16_224,semantic,1,aquatic_life+mammals+outdoor_and_vehicles,3,dare,0.7231666666666667,0.8245121363581861,0.071508303284645,0.443857878446579,0.2689304927721191,2.6632946332295737,3.0,0.8099898440365756,0.722309539405658,1.0,0.2,0.9,1.0
vit_tiny_patch16_224,semantic,1,aquatic_life+mammals+outdoor_and_vehicles,3,dare,0.7183333333333334,0.8186949672354453,0.071508303284645,0.443857878446579,0.2689304927721191,2.6632946332295737,3.0,0.8099898440365756,0.722309539405658,1.0,0.2,0.9,2.0
vit_tiny_patch16_224,semantic,1,flora_and_insects+household_and_people+mammals,3,averaging,0.8133333333333334,0.9411294743105048,0.0666138976812362,0.4476493696371714,0.2610403435860245,2.620591163635254,3.0,0.819388649239619,0.7358025800629623,,,,
vit_tiny_patch16_224,semantic,1,flora_and_insects+household_and_people+mammals,3,task_arithmetic,0.7765,0.8983618867215449,0.0666138976812362,0.4476493696371714,0.2610403435860245,2.620591163635254,3.0,0.819388649239619,0.7358025800629623,0.1,,,
vit_tiny_patch16_224,semantic,1,flora_and_insects+household_and_people+mammals,3,task_arithmetic,0.8081666666666667,0.93511267466581,0.0666138976812362,0.4476493696371714,0.2610403435860245,2.620591163635254,3.0,0.819388649239619,0.7358025800629623,0.2,,,
vit_tiny_patch16_224,semantic,1,flora_and_insects+household_and_people+mammals,3,task_arithmetic,0.8133333333333334,0.9411084442752948,0.0666138976812362,0.4476493696371714,0.2610403435860245,2.620591163635254,3.0,0.819388649239619,0.7358025800629623,0.3,,,
vit_tiny_patch16_224,semantic,1,flora_and_insects+household_and_people+mammals,3,task_arithmetic,0.8104999999999999,0.9379316926268242,0.0666138976812362,0.4476493696371714,0.2610403435860245,2.620591163635254,3.0,0.819388649239619,0.7358025800629623,0.5,,,
vit_tiny_patch16_224,semantic,1,flora_and_insects+household_and_people+mammals,3,task_arithmetic,0.7028333333333334,0.8128640469608643,0.0666138976812362,0.4476493696371714,0.2610403435860245,2.620591163635254,3.0,0.819388649239619,0.7358025800629623,1.0,,,
vit_tiny_patch16_224,semantic,1,flora_and_insects+household_and_people+mammals,3,ties,0.8133333333333334,0.9410821013142976,0.0666138976812362,0.4476493696371714,0.2610403435860245,2.620591163635254,3.0,0.819388649239619,0.7358025800629623,0.5,0.2,,
vit_tiny_patch16_224,semantic,1,flora_and_insects+household_and_people+mammals,3,ties,0.8175,0.945955158337977,0.0666138976812362,0.4476493696371714,0.2610403435860245,2.620591163635254,3.0,0.819388649239619,0.7358025800629623,1.0,0.2,,
vit_tiny_patch16_224,semantic,1,flora_and_insects+household_and_people+mammals,3,dare,0.6856666666666666,0.7929667860717963,0.0666138976812362,0.4476493696371714,0.2610403435860245,2.620591163635254,3.0,0.819388649239619,0.7358025800629623,1.0,0.2,0.9,0.0
vit_tiny_patch16_224,semantic,1,flora_and_insects+household_and_people+mammals,3,dare,0.6875,0.795190541781451,0.0666138976812362,0.4476493696371714,0.2610403435860245,2.620591163635254,3.0,0.819388649239619,0.7358025800629623,1.0,0.2,0.9,1.0
vit_tiny_patch16_224,semantic,1,flora_and_insects+household_and_people+mammals,3,dare,0.6908333333333333,0.7989563575046873,0.0666138976812362,0.4476493696371714,0.2610403435860245,2.620591163635254,3.0,0.819388649239619,0.7358025800629623,1.0,0.2,0.9,2.0
vit_tiny_patch16_224,semantic,1,flora_and_insects+household_and_people+outdoor_and_vehicles,3,averaging,0.8386666666666667,0.9527881959066063,0.0739571203788121,0.4421153664588928,0.2724842307658169,2.585287888844808,3.0,0.8298343312576447,0.7426679106463641,,,,
vit_tiny_patch16_224,semantic,1,flora_and_insects+household_and_people+outdoor_and_vehicles,3,task_arithmetic,0.8063333333333333,0.9158704575379528,0.0739571203788121,0.4421153664588928,0.2724842307658169,2.585287888844808,3.0,0.8298343312576447,0.7426679106463641,0.1,,,
vit_tiny_patch16_224,semantic,1,flora_and_insects+household_and_people+outdoor_and_vehicles,3,task_arithmetic,0.8275,0.9400971711631648,0.0739571203788121,0.4421153664588928,0.2724842307658169,2.585287888844808,3.0,0.8298343312576447,0.7426679106463641,0.2,,,
vit_tiny_patch16_224,semantic,1,flora_and_insects+household_and_people+outdoor_and_vehicles,3,task_arithmetic,0.8391666666666667,0.9532923027340672,0.0739571203788121,0.4421153664588928,0.2724842307658169,2.585287888844808,3.0,0.8298343312576447,0.7426679106463641,0.3,,,
vit_tiny_patch16_224,semantic,1,flora_and_insects+household_and_people+outdoor_and_vehicles,3,task_arithmetic,0.8351666666666667,0.948705948914821,0.0739571203788121,0.4421153664588928,0.2724842307658169,2.585287888844808,3.0,0.8298343312576447,0.7426679106463641,0.5,,,
vit_tiny_patch16_224,semantic,1,flora_and_insects+household_and_people+outdoor_and_vehicles,3,task_arithmetic,0.7621666666666668,0.8653045523868083,0.0739571203788121,0.4421153664588928,0.2724842307658169,2.585287888844808,3.0,0.8298343312576447,0.7426679106463641,1.0,,,
vit_tiny_patch16_224,semantic,1,flora_and_insects+household_and_people+outdoor_and_vehicles,3,ties,0.8336666666666667,0.9471027070701328,0.0739571203788121,0.4421153664588928,0.2724842307658169,2.585287888844808,3.0,0.8298343312576447,0.7426679106463641,0.5,0.2,,
vit_tiny_patch16_224,semantic,1,flora_and_insects+household_and_people+outdoor_and_vehicles,3,ties,0.8448333333333333,0.959985956785738,0.0739571203788121,0.4421153664588928,0.2724842307658169,2.585287888844808,3.0,0.8298343312576447,0.7426679106463641,1.0,0.2,,
vit_tiny_patch16_224,semantic,1,flora_and_insects+household_and_people+outdoor_and_vehicles,3,dare,0.7513333333333333,0.852889677128786,0.0739571203788121,0.4421153664588928,0.2724842307658169,2.585287888844808,3.0,0.8298343312576447,0.7426679106463641,1.0,0.2,0.9,0.0
vit_tiny_patch16_224,semantic,1,flora_and_insects+household_and_people+outdoor_and_vehicles,3,dare,0.7528333333333332,0.8548233048034123,0.0739571203788121,0.4421153664588928,0.2724842307658169,2.585287888844808,3.0,0.8298343312576447,0.7426679106463641,1.0,0.2,0.9,1.0
vit_tiny_patch16_224,semantic,1,flora_and_insects+household_and_people+outdoor_and_vehicles,3,dare,0.7448333333333332,0.8456713993353638,0.0739571203788121,0.4421153664588928,0.2724842307658169,2.585287888844808,3.0,0.8298343312576447,0.7426679106463641,1.0,0.2,0.9,2.0
vit_tiny_patch16_224,semantic,1,flora_and_insects+mammals+outdoor_and_vehicles,3,averaging,0.8316666666666667,0.9379007126201738,0.0671916802724202,0.4472223818302154,0.2618849086473517,2.600761651992798,3.0,0.8131783695863364,0.732279413960614,,,,
vit_tiny_patch16_224,semantic,1,flora_and_insects+mammals+outdoor_and_vehicles,3,task_arithmetic,0.801,0.9032901611099792,0.0671916802724202,0.4472223818302154,0.2618849086473517,2.600761651992798,3.0,0.8131783695863364,0.732279413960614,0.1,,,
vit_tiny_patch16_224,semantic,1,flora_and_insects+mammals+outdoor_and_vehicles,3,task_arithmetic,0.826,0.9315327945922368,0.0671916802724202,0.4472223818302154,0.2618849086473517,2.600761651992798,3.0,0.8131783695863364,0.732279413960614,0.2,,,
vit_tiny_patch16_224,semantic,1,flora_and_insects+mammals+outdoor_and_vehicles,3,task_arithmetic,0.8321666666666667,0.938498849903952,0.0671916802724202,0.4472223818302154,0.2618849086473517,2.600761651992798,3.0,0.8131783695863364,0.732279413960614,0.3,,,
vit_tiny_patch16_224,semantic,1,flora_and_insects+mammals+outdoor_and_vehicles,3,task_arithmetic,0.8273333333333334,0.9329034917109076,0.0671916802724202,0.4472223818302154,0.2618849086473517,2.600761651992798,3.0,0.8131783695863364,0.732279413960614,0.5,,,
vit_tiny_patch16_224,semantic,1,flora_and_insects+mammals+outdoor_and_vehicles,3,task_arithmetic,0.7376666666666667,0.8305334098333853,0.0671916802724202,0.4472223818302154,0.2618849086473517,2.600761651992798,3.0,0.8131783695863364,0.732279413960614,1.0,,,
vit_tiny_patch16_224,semantic,1,flora_and_insects+mammals+outdoor_and_vehicles,3,ties,0.8328333333333333,0.9392902534382886,0.0671916802724202,0.4472223818302154,0.2618849086473517,2.600761651992798,3.0,0.8131783695863364,0.732279413960614,0.5,0.2,,
vit_tiny_patch16_224,semantic,1,flora_and_insects+mammals+outdoor_and_vehicles,3,ties,0.8386666666666667,0.9458852654935446,0.0671916802724202,0.4472223818302154,0.2618849086473517,2.600761651992798,3.0,0.8131783695863364,0.732279413960614,1.0,0.2,,
vit_tiny_patch16_224,semantic,1,flora_and_insects+mammals+outdoor_and_vehicles,3,dare,0.7111666666666667,0.8006393682759354,0.0671916802724202,0.4472223818302154,0.2618849086473517,2.600761651992798,3.0,0.8131783695863364,0.732279413960614,1.0,0.2,0.9,0.0
vit_tiny_patch16_224,semantic,1,flora_and_insects+mammals+outdoor_and_vehicles,3,dare,0.735,0.8277176903971394,0.0671916802724202,0.4472223818302154,0.2618849086473517,2.600761651992798,3.0,0.8131783695863364,0.732279413960614,1.0,0.2,0.9,1.0
vit_tiny_patch16_224,semantic,1,flora_and_insects+mammals+outdoor_and_vehicles,3,dare,0.7161666666666666,0.8061581217922352,0.0671916802724202,0.4472223818302154,0.2618849086473517,2.600761651992798,3.0,0.8131783695863364,0.732279413960614,1.0,0.2,0.9,2.0
vit_tiny_patch16_224,semantic,1,household_and_people+mammals+outdoor_and_vehicles,3,averaging,0.8225000000000001,0.9393336722804392,0.0705001354217529,0.4446491400400797,0.2641735037059046,2.630353848139445,3.0,0.80864160172136,0.7316153860776121,,,,
vit_tiny_patch16_224,semantic,1,household_and_people+mammals+outdoor_and_vehicles,3,task_arithmetic,0.7846666666666667,0.8959841431808235,0.0705001354217529,0.4446491400400797,0.2641735037059046,2.630353848139445,3.0,0.80864160172136,0.7316153860776121,0.1,,,
vit_tiny_patch16_224,semantic,1,household_and_people+mammals+outdoor_and_vehicles,3,task_arithmetic,0.8125,0.927979842325823,0.0705001354217529,0.4446491400400797,0.2641735037059046,2.630353848139445,3.0,0.80864160172136,0.7316153860776121,0.2,,,
vit_tiny_patch16_224,semantic,1,household_and_people+mammals+outdoor_and_vehicles,3,task_arithmetic,0.8223333333333334,0.9392084272210792,0.0705001354217529,0.4446491400400797,0.2641735037059046,2.630353848139445,3.0,0.80864160172136,0.7316153860776121,0.3,,,
vit_tiny_patch16_224,semantic,1,household_and_people+mammals+outdoor_and_vehicles,3,task_arithmetic,0.8211666666666666,0.937664505488464,0.0705001354217529,0.4446491400400797,0.2641735037059046,2.630353848139445,3.0,0.80864160172136,0.7316153860776121,0.5,,,
vit_tiny_patch16_224,semantic,1,household_and_people+mammals+outdoor_and_vehicles,3,task_arithmetic,0.7428333333333333,0.8473229397235432,0.0705001354217529,0.4446491400400797,0.2641735037059046,2.630353848139445,3.0,0.80864160172136,0.7316153860776121,1.0,,,
vit_tiny_patch16_224,semantic,1,household_and_people+mammals+outdoor_and_vehicles,3,ties,0.8171666666666667,0.933440818366897,0.0705001354217529,0.4446491400400797,0.2641735037059046,2.630353848139445,3.0,0.80864160172136,0.7316153860776121,0.5,0.2,,
vit_tiny_patch16_224,semantic,1,household_and_people+mammals+outdoor_and_vehicles,3,ties,0.824,0.9411497076694268,0.0705001354217529,0.4446491400400797,0.2641735037059046,2.630353848139445,3.0,0.80864160172136,0.7316153860776121,1.0,0.2,,
vit_tiny_patch16_224,semantic,1,household_and_people+mammals+outdoor_and_vehicles,3,dare,0.711,0.8110007515457255,0.0705001354217529,0.4446491400400797,0.2641735037059046,2.630353848139445,3.0,0.80864160172136,0.7316153860776121,1.0,0.2,0.9,0.0
vit_tiny_patch16_224,semantic,1,household_and_people+mammals+outdoor_and_vehicles,3,dare,0.7281666666666666,0.8305394077744185,0.0705001354217529,0.4446491400400797,0.2641735037059046,2.630353848139445,3.0,0.80864160172136,0.7316153860776121,1.0,0.2,0.9,1.0
vit_tiny_patch16_224,semantic,1,household_and_people+mammals+outdoor_and_vehicles,3,dare,0.7251666666666666,0.8273532252328383,0.0705001354217529,0.4446491400400797,0.2641735037059046,2.630353848139445,3.0,0.80864160172136,0.7316153860776121,1.0,0.2,0.9,2.0
vit_tiny_patch16_224,semantic,1,aquatic_life+flora_and_insects+household_and_people+mammals+outdoor_and_vehicles,5,averaging,0.8061,0.9255180693170436,0.0696415968239307,0.4453415513038635,0.2664079481108404,2.6341053009033204,5.0,0.8203753145089265,0.7319949599194802,,,,
vit_tiny_patch16_224,semantic,1,aquatic_life+flora_and_insects+household_and_people+mammals+outdoor_and_vehicles,5,task_arithmetic,0.7951,0.912755370018618,0.0696415968239307,0.4453415513038635,0.2664079481108404,2.6341053009033204,5.0,0.8203753145089265,0.7319949599194802,0.1,,,
vit_tiny_patch16_224,semantic,1,aquatic_life+flora_and_insects+household_and_people+mammals+outdoor_and_vehicles,5,task_arithmetic,0.8061,0.9255180693170436,0.0696415968239307,0.4453415513038635,0.2664079481108404,2.6341053009033204,5.0,0.8203753145089265,0.7319949599194802,0.2,,,
vit_tiny_patch16_224,semantic,1,aquatic_life+flora_and_insects+household_and_people+mammals+outdoor_and_vehicles,5,task_arithmetic,0.8038000000000001,0.9229016016266858,0.0696415968239307,0.4453415513038635,0.2664079481108404,2.6341053009033204,5.0,0.8203753145089265,0.7319949599194802,0.3,,,
vit_tiny_patch16_224,semantic,1,aquatic_life+flora_and_insects+household_and_people+mammals+outdoor_and_vehicles,5,task_arithmetic,0.7613000000000001,0.8738096808692,0.0696415968239307,0.4453415513038635,0.2664079481108404,2.6341053009033204,5.0,0.8203753145089265,0.7319949599194802,0.5,,,
vit_tiny_patch16_224,semantic,1,aquatic_life+flora_and_insects+household_and_people+mammals+outdoor_and_vehicles,5,task_arithmetic,0.5095,0.5836510700105321,0.0696415968239307,0.4453415513038635,0.2664079481108404,2.6341053009033204,5.0,0.8203753145089265,0.7319949599194802,1.0,,,
vit_tiny_patch16_224,semantic,1,aquatic_life+flora_and_insects+household_and_people+mammals+outdoor_and_vehicles,5,ties,0.8112,0.9314481885053342,0.0696415968239307,0.4453415513038635,0.2664079481108404,2.6341053009033204,5.0,0.8203753145089265,0.7319949599194802,0.5,0.2,,
vit_tiny_patch16_224,semantic,1,aquatic_life+flora_and_insects+household_and_people+mammals+outdoor_and_vehicles,5,ties,0.8086,0.9284281132645068,0.0696415968239307,0.4453415513038635,0.2664079481108404,2.6341053009033204,5.0,0.8203753145089265,0.7319949599194802,1.0,0.2,,
vit_tiny_patch16_224,semantic,1,aquatic_life+flora_and_insects+household_and_people+mammals+outdoor_and_vehicles,5,dare,0.5335,0.6114243815689756,0.0696415968239307,0.4453415513038635,0.2664079481108404,2.6341053009033204,5.0,0.8203753145089265,0.7319949599194802,1.0,0.2,0.9,0.0
vit_tiny_patch16_224,semantic,1,aquatic_life+flora_and_insects+household_and_people+mammals+outdoor_and_vehicles,5,dare,0.5237,0.6000335991915235,0.0696415968239307,0.4453415513038635,0.2664079481108404,2.6341053009033204,5.0,0.8203753145089265,0.7319949599194802,1.0,0.2,0.9,1.0
vit_tiny_patch16_224,semantic,1,aquatic_life+flora_and_insects+household_and_people+mammals+outdoor_and_vehicles,5,dare,0.5365,0.6149441816936452,0.0696415968239307,0.4453415513038635,0.2664079481108404,2.6341053009033204,5.0,0.8203753145089265,0.7319949599194802,1.0,0.2,0.9,2.0
vit_tiny_patch16_224,mix25,0,mix25_0+mix25_1,2,averaging,0.8832500000000001,0.9830754156994368,0.0816817432641983,0.4360840022563934,0.2843724948520632,2.6339014768600464,2.0,0.8602044152640606,0.7202931163021535,,,,
vit_tiny_patch16_224,mix25,0,mix25_0+mix25_1,2,task_arithmetic,0.82125,0.913554001368859,0.0816817432641983,0.4360840022563934,0.2843724948520632,2.6339014768600464,2.0,0.8602044152640606,0.7202931163021535,0.1,,,
vit_tiny_patch16_224,mix25,0,mix25_0+mix25_1,2,task_arithmetic,0.8535,0.949596385119769,0.0816817432641983,0.4360840022563934,0.2843724948520632,2.6339014768600464,2.0,0.8602044152640606,0.7202931163021535,0.2,,,
vit_tiny_patch16_224,mix25,0,mix25_0+mix25_1,2,task_arithmetic,0.8705,0.96854726566354,0.0816817432641983,0.4360840022563934,0.2843724948520632,2.6339014768600464,2.0,0.8602044152640606,0.7202931163021535,0.3,,,
vit_tiny_patch16_224,mix25,0,mix25_0+mix25_1,2,task_arithmetic,0.8832500000000001,0.9830754156994368,0.0816817432641983,0.4360840022563934,0.2843724948520632,2.6339014768600464,2.0,0.8602044152640606,0.7202931163021535,0.5,,,
vit_tiny_patch16_224,mix25,0,mix25_0+mix25_1,2,task_arithmetic,0.8505,0.9460895367907264,0.0816817432641983,0.4360840022563934,0.2843724948520632,2.6339014768600464,2.0,0.8602044152640606,0.7202931163021535,1.0,,,
vit_tiny_patch16_224,mix25,0,mix25_0+mix25_1,2,ties,0.86525,0.9629081679191788,0.0816817432641983,0.4360840022563934,0.2843724948520632,2.6339014768600464,2.0,0.8602044152640606,0.7202931163021535,0.5,0.2,,
vit_tiny_patch16_224,mix25,0,mix25_0+mix25_1,2,ties,0.8835,0.9834252318094072,0.0816817432641983,0.4360840022563934,0.2843724948520632,2.6339014768600464,2.0,0.8602044152640606,0.7202931163021535,1.0,0.2,,
vit_tiny_patch16_224,mix25,0,mix25_0+mix25_1,2,dare,0.84075,0.9349869474379188,0.0816817432641983,0.4360840022563934,0.2843724948520632,2.6339014768600464,2.0,0.8602044152640606,0.7202931163021535,1.0,0.2,0.9,0.0
vit_tiny_patch16_224,mix25,0,mix25_0+mix25_1,2,dare,0.8362499999999999,0.9301737569970978,0.0816817432641983,0.4360840022563934,0.2843724948520632,2.6339014768600464,2.0,0.8602044152640606,0.7202931163021535,1.0,0.2,0.9,1.0
vit_tiny_patch16_224,mix25,0,mix25_0+mix25_1,2,dare,0.8395,0.9336239832063448,0.0816817432641983,0.4360840022563934,0.2843724948520632,2.6339014768600464,2.0,0.8602044152640606,0.7202931163021535,1.0,0.2,0.9,2.0
vit_tiny_patch16_224,mix25,0,mix25_0+mix25_2,2,averaging,0.837,0.974567944931286,0.0690205246210098,0.4459026455879211,0.263195795135948,2.6796621084213257,2.0,0.8297228706271528,0.738113831304793,,,,
vit_tiny_patch16_224,mix25,0,mix25_0+mix25_2,2,task_arithmetic,0.76225,0.8876204221283797,0.0690205246210098,0.4459026455879211,0.263195795135948,2.6796621084213257,2.0,0.8297228706271528,0.738113831304793,0.1,,,
vit_tiny_patch16_224,mix25,0,mix25_0+mix25_2,2,task_arithmetic,0.79325,0.9237582485089626,0.0690205246210098,0.4459026455879211,0.263195795135948,2.6796621084213257,2.0,0.8297228706271528,0.738113831304793,0.2,,,
vit_tiny_patch16_224,mix25,0,mix25_0+mix25_2,2,task_arithmetic,0.81175,0.945275058787154,0.0690205246210098,0.4459026455879211,0.263195795135948,2.6796621084213257,2.0,0.8297228706271528,0.738113831304793,0.3,,,
vit_tiny_patch16_224,mix25,0,mix25_0+mix25_2,2,task_arithmetic,0.837,0.974567944931286,0.0690205246210098,0.4459026455879211,0.263195795135948,2.6796621084213257,2.0,0.8297228706271528,0.738113831304793,0.5,,,
vit_tiny_patch16_224,mix25,0,mix25_0+mix25_2,2,task_arithmetic,0.83075,0.96728718643461,0.0690205246210098,0.4459026455879211,0.263195795135948,2.6796621084213257,2.0,0.8297228706271528,0.738113831304793,1.0,,,
vit_tiny_patch16_224,mix25,0,mix25_0+mix25_2,2,ties,0.8087500000000001,0.941808854281088,0.0690205246210098,0.4459026455879211,0.263195795135948,2.6796621084213257,2.0,0.8297228706271528,0.738113831304793,0.5,0.2,,
vit_tiny_patch16_224,mix25,0,mix25_0+mix25_2,2,ties,0.8402499999999999,0.9783962294855209,0.0690205246210098,0.4459026455879211,0.263195795135948,2.6796621084213257,2.0,0.8297228706271528,0.738113831304793,1.0,0.2,,
vit_tiny_patch16_224,mix25,0,mix25_0+mix25_2,2,dare,0.81,0.943189030195035,0.0690205246210098,0.4459026455879211,0.263195795135948,2.6796621084213257,2.0,0.8297228706271528,0.738113831304793,1.0,0.2,0.9,0.0
vit_tiny_patch16_224,mix25,0,mix25_0+mix25_2,2,dare,0.80075,0.9323688375196296,0.0690205246210098,0.4459026455879211,0.263195795135948,2.6796621084213257,2.0,0.8297228706271528,0.738113831304793,1.0,0.2,0.9,1.0
vit_tiny_patch16_224,mix25,0,mix25_0+mix25_2,2,dare,0.80675,0.9393561687862588,0.0690205246210098,0.4459026455879211,0.263195795135948,2.6796621084213257,2.0,0.8297228706271528,0.738113831304793,1.0,0.2,0.9,2.0
vit_tiny_patch16_224,mix25,0,mix25_0+mix25_3,2,averaging,0.87275,0.974707100101402,0.0846577212214469,0.4338661134243011,0.2990921727476407,2.6494007110595703,2.0,0.8596358904694225,0.7231165141084059,,,,
vit_tiny_patch16_224,mix25,0,mix25_0+mix25_3,2,task_arithmetic,0.80775,0.9016096971331248,0.0846577212214469,0.4338661134243011,0.2990921727476407,2.6494007110595703,2.0,0.8596358904694225,0.7231165141084059,0.1,,,
vit_tiny_patch16_224,mix25,0,mix25_0+mix25_3,2,task_arithmetic,0.8395,0.937319936668268,0.0846577212214469,0.4338661134243011,0.2990921727476407,2.6494007110595703,2.0,0.8596358904694225,0.7231165141084059,0.2,,,
vit_tiny_patch16_224,mix25,0,mix25_0+mix25_3,2,task_arithmetic,0.85875,0.958868549203344,0.0846577212214469,0.4338661134243011,0.2990921727476407,2.6494007110595703,2.0,0.8596358904694225,0.7231165141084059,0.3,,,
vit_tiny_patch16_224,mix25,0,mix25_0+mix25_3,2,task_arithmetic,0.87275,0.974707100101402,0.0846577212214469,0.4338661134243011,0.2990921727476407,2.6494007110595703,2.0,0.8596358904694225,0.7231165141084059,0.5,,,
vit_tiny_patch16_224,mix25,0,mix25_0+mix25_3,2,task_arithmetic,0.84975,0.9485635662768824,0.0846577212214469,0.4338661134243011,0.2990921727476407,2.6494007110595703,2.0,0.8596358904694225,0.7231165141084059,1.0,,,
vit_tiny_patch16_224,mix25,0,mix25_0+mix25_3,2,ties,0.8554999999999999,0.9552071249135088,0.0846577212214469,0.4338661134243011,0.2990921727476407,2.6494007110595703,2.0,0.8596358904694225,0.7231165141084059,0.5,0.2,,
vit_tiny_patch16_224,mix25,0,mix25_0+mix25_3,2,ties,0.87575,0.9779860434239958,0.0846577212214469,0.4338661134243011,0.2990921727476407,2.6494007110595703,2.0,0.8596358904694225,0.7231165141084059,1.0,0.2,,
vit_tiny_patch16_224,mix25,0,mix25_0+mix25_3,2,dare,0.8405,0.9381757202767343,0.0846577212214469,0.4338661134243011,0.2990921727476407,2.6494007110595703,2.0,0.8596358904694225,0.7231165141084059,1.0,0.2,0.9,0.0
vit_tiny_patch16_224,mix25,0,mix25_0+mix25_3,2,dare,0.8322499999999999,0.928793466831831,0.0846577212214469,0.4338661134243011,0.2990921727476407,2.6494007110595703,2.0,0.8596358904694225,0.7231165141084059,1.0,0.2,0.9,1.0
vit_tiny_patch16_224,mix25,0,mix25_0+mix25_3,2,dare,0.83375,0.9308074608600718,0.0846577212214469,0.4338661134243011,0.2990921727476407,2.6494007110595703,2.0,0.8596358904694225,0.7231165141084059,1.0,0.2,0.9,2.0
vit_tiny_patch16_224,mix25,0,mix25_0+mix25_4,2,averaging,0.875,0.9759698287607774,0.0664920285344123,0.4478086829185486,0.2637464416034603,2.6330578327178955,2.0,0.8280759610282126,0.731903486586934,,,,
vit_tiny_patch16_224,mix25,0,mix25_0+mix25_4,2,task_arithmetic,0.81,0.902876825168444,0.0664920285344123,0.4478086829185486,0.2637464416034603,2.6330578327178955,2.0,0.8280759610282126,0.731903486586934,0.1,,,
vit_tiny_patch16_224,mix25,0,mix25_0+mix25_4,2,task_arithmetic,0.837,0.933300321861847,0.0664920285344123,0.4478086829185486,0.2637464416034603,2.6330578327178955,2.0,0.8280759610282126,0.731903486586934,0.2,,,
vit_tiny_patch16_224,mix25,0,mix25_0+mix25_4,2,task_arithmetic,0.85525,0.953884375763974,0.0664920285344123,0.4478086829185486,0.2637464416034603,2.6330578327178955,2.0,0.8280759610282126,0.731903486586934,0.3,,,
vit_tiny_patch16_224,mix25,0,mix25_0+mix25_4,2,task_arithmetic,0.875,0.9759698287607774,0.0664920285344123,0.4478086829185486,0.2637464416034603,2.6330578327178955,2.0,0.8280759610282126,0.731903486586934,0.5,,,
vit_tiny_patch16_224,mix25,0,mix25_0+mix25_4,2,task_arithmetic,0.8654999999999999,0.9648390457193308,0.0664920285344123,0.4478086829185486,0.2637464416034603,2.6330578327178955,2.0,0.8280759610282126,0.731903486586934,1.0,,,
vit_tiny_patch16_224,mix25,0,mix25_0+mix25_4,2,ties,0.84625,0.9437560825971932,0.0664920285344123,0.4478086829185486,0.2637464416034603,2.6330578327178955,2.0,0.8280759610282126,0.731903486586934,0.5,0.2,,
vit_tiny_patch16_224,mix25,0,mix25_0+mix25_4,2,ties,0.877,0.978242014571762,0.0664920285344123,0.4478086829185486,0.2637464416034603,2.6330578327178955,2.0,0.8280759610282126,0.731903486586934,1.0,0.2,,
vit_tiny_patch16_224,mix25,0,mix25_0+mix25_4,2,dare,0.85025,0.9477791221128586,0.0664920285344123,0.4478086829185486,0.2637464416034603,2.6330578327178955,2.0,0.8280759610282126,0.731903486586934,1.0,0.2,0.9,0.0
vit_tiny_patch16_224,mix25,0,mix25_0+mix25_4,2,dare,0.856,0.9541330518015388,0.0664920285344123,0.4478086829185486,0.2637464416034603,2.6330578327178955,2.0,0.8280759610282126,0.731903486586934,1.0,0.2,0.9,1.0
vit_tiny_patch16_224,mix25,0,mix25_0+mix25_4,2,dare,0.863,0.9621436279295734,0.0664920285344123,0.4478086829185486,0.2637464416034603,2.6330578327178955,2.0,0.8280759610282126,0.731903486586934,1.0,0.2,0.9,2.0
vit_tiny_patch16_224,mix25,0,mix25_1+mix25_2,2,averaging,0.8755,0.9816190375334716,0.0740871205925941,0.442014217376709,0.2759720125473597,2.6119015216827393,2.0,0.8365531453434145,0.7342303278563037,,,,
vit_tiny_patch16_224,mix25,0,mix25_1+mix25_2,2,task_arithmetic,0.8102499999999999,0.9078231922865514,0.0740871205925941,0.442014217376709,0.2759720125473597,2.6119015216827393,2.0,0.8365531453434145,0.7342303278563037,0.1,,,
vit_tiny_patch16_224,mix25,0,mix25_1+mix25_2,2,task_arithmetic,0.84325,0.9449620656268438,0.0740871205925941,0.442014217376709,0.2759720125473597,2.6119015216827393,2.0,0.8365531453434145,0.7342303278563037,0.2,,,
vit_tiny_patch16_224,mix25,0,mix25_1+mix25_2,2,task_arithmetic,0.8625,0.9668338981255956,0.0740871205925941,0.442014217376709,0.2759720125473597,2.6119015216827393,2.0,0.8365531453434145,0.7342303278563037,0.3,,,
vit_tiny_patch16_224,mix25,0,mix25_1+mix25_2,2,task_arithmetic,0.8755,0.9816190375334716,0.0740871205925941,0.442014217376709,0.2759720125473597,2.6119015216827393,2.0,0.8365531453434145,0.7342303278563037,0.5,,,
vit_tiny_patch16_224,mix25,0,mix25_1+mix25_2,2,task_arithmetic,0.85225,0.9548033816936708,0.0740871205925941,0.442014217376709,0.2759720125473597,2.6119015216827393,2.0,0.8365531453434145,0.7342303278563037,1.0,,,
vit_tiny_patch16_224,mix25,0,mix25_1+mix25_2,2,ties,0.8560000000000001,0.959528474102762,0.0740871205925941,0.442014217376709,0.2759720125473597,2.6119015216827393,2.0,0.8365531453434145,0.7342303278563037,0.5,0.2,,
vit_tiny_patch16_224,mix25,0,mix25_1+mix25_2,2,ties,0.87575,0.9817630721673398,0.0740871205925941,0.442014217376709,0.2759720125473597,2.6119015216827393,2.0,0.8365531453434145,0.7342303278563037,1.0,0.2,,
vit_tiny_patch16_224,mix25,0,mix25_1+mix25_2,2,dare,0.8415,0.942708884888277,0.0740871205925941,0.442014217376709,0.2759720125473597,2.6119015216827393,2.0,0.8365531453434145,0.7342303278563037,1.0,0.2,0.9,0.0
vit_tiny_patch16_224,mix25,0,mix25_1+mix25_2,2,dare,0.84325,0.9445387866043378,0.0740871205925941,0.442014217376709,0.2759720125473597,2.6119015216827393,2.0,0.8365531453434145,0.7342303278563037,1.0,0.2,0.9,1.0
vit_tiny_patch16_224,mix25,0,mix25_1+mix25_2,2,dare,0.83575,0.936109451193376,0.0740871205925941,0.442014217376709,0.2759720125473597,2.6119015216827393,2.0,0.8365531453434145,0.7342303278563037,1.0,0.2,0.9,2.0
vit_tiny_patch16_224,mix25,0,mix25_1+mix25_3,2,averaging,0.9075,0.9776131983118248,0.0863043516874313,0.4325819015502929,0.284841748923283,2.581640124320984,2.0,0.8600770851801148,0.7192330106599167,,,,
vit_tiny_patch16_224,mix25,0,mix25_1+mix25_3,2,task_arithmetic,0.8565,0.9226642375793616,0.0863043516874313,0.4325819015502929,0.284841748923283,2.581640124320984,2.0,0.8600770851801148,0.7192330106599167,0.1,,,
vit_tiny_patch16_224,mix25,0,mix25_1+mix25_3,2,task_arithmetic,0.8825000000000001,0.9506837538393332,0.0863043516874313,0.4325819015502929,0.284841748923283,2.581640124320984,2.0,0.8600770851801148,0.7192330106599167,0.2,,,
vit_tiny_patch16_224,mix25,0,mix25_1+mix25_3,2,task_arithmetic,0.898,0.9673851797820552,0.0863043516874313,0.4325819015502929,0.284841748923283,2.581640124320984,2.0,0.8600770851801148,0.7192330106599167,0.3,,,
vit_tiny_patch16_224,mix25,0,mix25_1+mix25_3,2,task_arithmetic,0.9075,0.9776131983118248,0.0863043516874313,0.4325819015502929,0.284841748923283,2.581640124320984,2.0,0.8600770851801148,0.7192330106599167,0.5,,,
vit_tiny_patch16_224,mix25,0,mix25_1+mix25_3,2,task_arithmetic,0.873,0.9403950951702014,0.0863043516874313,0.4325819015502929,0.284841748923283,2.581640124320984,2.0,0.8600770851801148,0.7192330106599167,1.0,,,
vit_tiny_patch16_224,mix25,0,mix25_1+mix25_3,2,ties,0.89225,0.9611834924194024,0.0863043516874313,0.4325819015502929,0.284841748923283,2.581640124320984,2.0,0.8600770851801148,0.7192330106599167,0.5,0.2,,
vit_tiny_patch16_224,mix25,0,mix25_1+mix25_3,2,ties,0.9115,0.9819335906332164,0.0863043516874313,0.4325819015502929,0.284841748923283,2.581640124320984,2.0,0.8600770851801148,0.7192330106599167,1.0,0.2,,
vit_tiny_patch16_224,mix25,0,mix25_1+mix25_3,2,dare,0.8534999999999999,0.9193716811129466,0.0863043516874313,0.4325819015502929,0.284841748923283,2.581640124320984,2.0,0.8600770851801148,0.7192330106599167,1.0,0.2,0.9,0.0
vit_tiny_patch16_224,mix25,0,mix25_1+mix25_3,2,dare,0.875,0.9425608766068913,0.0863043516874313,0.4325819015502929,0.284841748923283,2.581640124320984,2.0,0.8600770851801148,0.7192330106599167,1.0,0.2,0.9,1.0
vit_tiny_patch16_224,mix25,0,mix25_1+mix25_3,2,dare,0.855,0.920986043483332,0.0863043516874313,0.4325819015502929,0.284841748923283,2.581640124320984,2.0,0.8600770851801148,0.7192330106599167,1.0,0.2,0.9,2.0
vit_tiny_patch16_224,mix25,0,mix25_1+mix25_4,2,averaging,0.9065,0.975507164136757,0.0742086544632911,0.4419238865375519,0.2704099090018472,2.565297245979309,2.0,0.8233317597396643,0.7280199831384447,,,,
vit_tiny_patch16_224,mix25,0,mix25_1+mix25_4,2,task_arithmetic,0.85875,0.9241209492734532,0.0742086544632911,0.4419238865375519,0.2704099090018472,2.565297245979309,2.0,0.8233317597396643,0.7280199831384447,0.1,,,
vit_tiny_patch16_224,mix25,0,mix25_1+mix25_4,2,task_arithmetic,0.88575,0.9531666092454856,0.0742086544632911,0.4419238865375519,0.2704099090018472,2.565297245979309,2.0,0.8233317597396643,0.7280199831384447,0.2,,,
vit_tiny_patch16_224,mix25,0,mix25_1+mix25_4,2,task_arithmetic,0.89625,0.9644691242932129,0.0742086544632911,0.4419238865375519,0.2704099090018472,2.565297245979309,2.0,0.8233317597396643,0.7280199831384447,0.3,,,
vit_tiny_patch16_224,mix25,0,mix25_1+mix25_4,2,task_arithmetic,0.9065,0.975507164136757,0.0742086544632911,0.4419238865375519,0.2704099090018472,2.565297245979309,2.0,0.8233317597396643,0.7280199831384447,0.5,,,
vit_tiny_patch16_224,mix25,0,mix25_1+mix25_4,2,task_arithmetic,0.88725,0.9547808199744644,0.0742086544632911,0.4419238865375519,0.2704099090018472,2.565297245979309,2.0,0.8233317597396643,0.7280199831384447,1.0,,,
vit_tiny_patch16_224,mix25,0,mix25_1+mix25_4,2,ties,0.8945,0.9625833451553412,0.0742086544632911,0.4419238865375519,0.2704099090018472,2.565297245979309,2.0,0.8233317597396643,0.7280199831384447,0.5,0.2,,
vit_tiny_patch16_224,mix25,0,mix25_1+mix25_4,2,ties,0.909,0.9781924487769288,0.0742086544632911,0.4419238865375519,0.2704099090018472,2.565297245979309,2.0,0.8233317597396643,0.7280199831384447,1.0,0.2,,
vit_tiny_patch16_224,mix25,0,mix25_1+mix25_4,2,dare,0.87725,0.94402346837444,0.0742086544632911,0.4419238865375519,0.2704099090018472,2.565297245979309,2.0,0.8233317597396643,0.7280199831384447,1.0,0.2,0.9,0.0
vit_tiny_patch16_224,mix25,0,mix25_1+mix25_4,2,dare,0.87225,0.9386427659445108,0.0742086544632911,0.4419238865375519,0.2704099090018472,2.565297245979309,2.0,0.8233317597396643,0.7280199831384447,1.0,0.2,0.9,1.0
vit_tiny_patch16_224,mix25,0,mix25_1+mix25_4,2,dare,0.87175,0.9381178687959792,0.0742086544632911,0.4419238865375519,0.2704099090018472,2.565297245979309,2.0,0.8233317597396643,0.7280199831384447,1.0,0.2,0.9,2.0
vit_tiny_patch16_224,mix25,0,mix25_2+mix25_3,2,averaging,0.8605,0.9682175984051256,0.0715051963925361,0.443944364786148,0.2643042426373498,2.627400755882263,2.0,0.8346720920777437,0.737053725662556,,,,
vit_tiny_patch16_224,mix25,0,mix25_2+mix25_3,2,task_arithmetic,0.7969999999999999,0.8963436208825074,0.0715051963925361,0.443944364786148,0.2643042426373498,2.627400755882263,2.0,0.8346720920777437,0.737053725662556,0.1,,,
vit_tiny_patch16_224,mix25,0,mix25_2+mix25_3,2,task_arithmetic,0.827,0.9304130428165972,0.0715051963925361,0.443944364786148,0.2643042426373498,2.627400755882263,2.0,0.8346720920777437,0.737053725662556,0.2,,,
vit_tiny_patch16_224,mix25,0,mix25_2+mix25_3,2,task_arithmetic,0.8452500000000001,0.9511341414233646,0.0715051963925361,0.443944364786148,0.2643042426373498,2.627400755882263,2.0,0.8346720920777437,0.737053725662556,0.3,,,
vit_tiny_patch16_224,mix25,0,mix25_2+mix25_3,2,task_arithmetic,0.8605,0.9682175984051256,0.0715051963925361,0.443944364786148,0.2643042426373498,2.627400755882263,2.0,0.8346720920777437,0.737053725662556,0.5,,,
vit_tiny_patch16_224,mix25,0,mix25_2+mix25_3,2,task_arithmetic,0.8505,0.9571795983899072,0.0715051963925361,0.443944364786148,0.2643042426373498,2.627400755882263,2.0,0.8346720920777437,0.737053725662556,1.0,,,
vit_tiny_patch16_224,mix25,0,mix25_2+mix25_3,2,ties,0.84,0.9450653814839332,0.0715051963925361,0.443944364786148,0.2643042426373498,2.627400755882263,2.0,0.8346720920777437,0.737053725662556,0.5,0.2,,
vit_tiny_patch16_224,mix25,0,mix25_2+mix25_3,2,ties,0.8652500000000001,0.9736062919929084,0.0715051963925361,0.443944364786148,0.2643042426373498,2.627400755882263,2.0,0.8346720920777437,0.737053725662556,1.0,0.2,,
vit_tiny_patch16_224,mix25,0,mix25_2+mix25_3,2,dare,0.8427500000000001,0.9484328988517818,0.0715051963925361,0.443944364786148,0.2643042426373498,2.627400755882263,2.0,0.8346720920777437,0.737053725662556,1.0,0.2,0.9,0.0
vit_tiny_patch16_224,mix25,0,mix25_2+mix25_3,2,dare,0.843,0.9483068725698328,0.0715051963925361,0.443944364786148,0.2643042426373498,2.627400755882263,2.0,0.8346720920777437,0.737053725662556,1.0,0.2,0.9,1.0
vit_tiny_patch16_224,mix25,0,mix25_2+mix25_3,2,dare,0.8327500000000001,0.9370686572161224,0.0715051963925361,0.443944364786148,0.2643042426373498,2.627400755882263,2.0,0.8346720920777437,0.737053725662556,1.0,0.2,0.9,2.0
vit_tiny_patch16_224,mix25,0,mix25_2+mix25_4,2,averaging,0.866,0.9730559457373168,0.0740534514188766,0.4420301616191864,0.2767086355515925,2.6110578775405884,2.0,0.8459840765364682,0.7458406981410841,,,,
vit_tiny_patch16_224,mix25,0,mix25_2+mix25_4,2,task_arithmetic,0.8009999999999999,0.8995116927982992,0.0740534514188766,0.4420301616191864,0.2767086355515925,2.6110578775405884,2.0,0.8459840765364682,0.7458406981410841,0.1,,,
vit_tiny_patch16_224,mix25,0,mix25_2+mix25_4,2,task_arithmetic,0.83325,0.9360739911165104,0.0740534514188766,0.4420301616191864,0.2767086355515925,2.6110578775405884,2.0,0.8459840765364682,0.7458406981410841,0.2,,,
vit_tiny_patch16_224,mix25,0,mix25_2+mix25_4,2,task_arithmetic,0.85075,0.9558734482365894,0.0740534514188766,0.4420301616191864,0.2767086355515925,2.6110578775405884,2.0,0.8459840765364682,0.7458406981410841,0.3,,,
vit_tiny_patch16_224,mix25,0,mix25_2+mix25_4,2,task_arithmetic,0.866,0.9730559457373168,0.0740534514188766,0.4420301616191864,0.2767086355515925,2.6110578775405884,2.0,0.8459840765364682,0.7458406981410841,0.5,,,
vit_tiny_patch16_224,mix25,0,mix25_2+mix25_4,2,task_arithmetic,0.85825,0.96412689976336,0.0740534514188766,0.4420301616191864,0.2767086355515925,2.6110578775405884,2.0,0.8459840765364682,0.7458406981410841,1.0,,,
vit_tiny_patch16_224,mix25,0,mix25_2+mix25_4,2,ties,0.8445,0.9488960492514836,0.0740534514188766,0.4420301616191864,0.2767086355515925,2.6110578775405884,2.0,0.8459840765364682,0.7458406981410841,0.5,0.2,,
vit_tiny_patch16_224,mix25,0,mix25_2+mix25_4,2,ties,0.8634999999999999,0.9703366424964884,0.0740534514188766,0.4420301616191864,0.2767086355515925,2.6110578775405884,2.0,0.8459840765364682,0.7458406981410841,1.0,0.2,,
vit_tiny_patch16_224,mix25,0,mix25_2+mix25_4,2,dare,0.8480000000000001,0.9526935196082154,0.0740534514188766,0.4420301616191864,0.2767086355515925,2.6110578775405884,2.0,0.8459840765364682,0.7458406981410841,1.0,0.2,0.9,0.0
vit_tiny_patch16_224,mix25,0,mix25_2+mix25_4,2,dare,0.845,0.9490290801412248,0.0740534514188766,0.4420301616191864,0.2767086355515925,2.6110578775405884,2.0,0.8459840765364682,0.7458406981410841,1.0,0.2,0.9,1.0
vit_tiny_patch16_224,mix25,0,mix25_2+mix25_4,2,dare,0.8485,0.95289820685117,0.0740534514188766,0.4420301616191864,0.2767086355515925,2.6110578775405884,2.0,0.8459840765364682,0.7458406981410841,1.0,0.2,0.9,2.0
vit_tiny_patch16_224,mix25,0,mix25_3+mix25_4,2,averaging,0.89725,0.9684240033434248,0.0763954669237136,0.4401387572288513,0.2673223372733239,2.580796480178833,2.0,0.8375834957744249,0.730843380944697,,,,
vit_tiny_patch16_224,mix25,0,mix25_3+mix25_4,2,task_arithmetic,0.842,0.9087882851987924,0.0763954669237136,0.4401387572288513,0.2673223372733239,2.580796480178833,2.0,0.8375834957744249,0.730843380944697,0.1,,,
vit_tiny_patch16_224,mix25,0,mix25_3+mix25_4,2,task_arithmetic,0.8705,0.9395544915620756,0.0763954669237136,0.4401387572288513,0.2673223372733239,2.580796480178833,2.0,0.8375834957744249,0.730843380944697,0.2,,,
vit_tiny_patch16_224,mix25,0,mix25_3+mix25_4,2,task_arithmetic,0.8845,0.954664558095646,0.0763954669237136,0.4401387572288513,0.2673223372733239,2.580796480178833,2.0,0.8375834957744249,0.730843380944697,0.3,,,
vit_tiny_patch16_224,mix25,0,mix25_3+mix25_4,2,task_arithmetic,0.89725,0.9684240033434248,0.0763954669237136,0.4401387572288513,0.2673223372733239,2.580796480178833,2.0,0.8375834957744249,0.730843380944697,0.5,,,
vit_tiny_patch16_224,mix25,0,mix25_3+mix25_4,2,task_arithmetic,0.8845000000000001,0.954649996141082,0.0763954669237136,0.4401387572288513,0.2673223372733239,2.580796480178833,2.0,0.8375834957744249,0.730843380944697,1.0,,,
vit_tiny_patch16_224,mix25,0,mix25_3+mix25_4,2,ties,0.88375,0.9538594276278138,0.0763954669237136,0.4401387572288513,0.2673223372733239,2.580796480178833,2.0,0.8375834957744249,0.730843380944697,0.5,0.2,,
vit_tiny_patch16_224,mix25,0,mix25_3+mix25_4,2,ties,0.90325,0.974904073124311,0.0763954669237136,0.4401387572288513,0.2673223372733239,2.580796480178833,2.0,0.8375834957744249,0.730843380944697,1.0,0.2,,
vit_tiny_patch16_224,mix25,0,mix25_3+mix25_4,2,dare,0.8714999999999999,0.9406169317670494,0.0763954669237136,0.4401387572288513,0.2673223372733239,2.580796480178833,2.0,0.8375834957744249,0.730843380944697,1.0,0.2,0.9,0.0
vit_tiny_patch16_224,mix25,0,mix25_3+mix25_4,2,dare,0.87575,0.9452003069660022,0.0763954669237136,0.4401387572288513,0.2673223372733239,2.580796480178833,2.0,0.8375834957744249,0.730843380944697,1.0,0.2,0.9,1.0
vit_tiny_patch16_224,mix25,0,mix25_3+mix25_4,2,dare,0.8795,0.9492585780833848,0.0763954669237136,0.4401387572288513,0.2673223372733239,2.580796480178833,2.0,0.8375834957744249,0.730843380944697,1.0,0.2,0.9,2.0
vit_tiny_patch16_224,mix25,0,mix25_0+mix25_1+mix25_2,3,averaging,0.8471666666666667,0.9589990348872752,0.0749297961592674,0.4413336217403412,0.274513434178457,2.6418217023213706,3.0,0.8421601437448759,0.7308790918210835,,,,
vit_tiny_patch16_224,mix25,0,mix25_0+mix25_1+mix25_2,3,task_arithmetic,0.8095,0.916184876845837,0.0749297961592674,0.4413336217403412,0.274513434178457,2.6418217023213706,3.0,0.8421601437448759,0.7308790918210835,0.1,,,
vit_tiny_patch16_224,mix25,0,mix25_0+mix25_1+mix25_2,3,task_arithmetic,0.835,0.9450729823837758,0.0749297961592674,0.4413336217403412,0.274513434178457,2.6418217023213706,3.0,0.8421601437448759,0.7308790918210835,0.2,,,
vit_tiny_patch16_224,mix25,0,mix25_0+mix25_1+mix25_2,3,task_arithmetic,0.8453333333333334,0.9569515897415568,0.0749297961592674,0.4413336217403412,0.274513434178457,2.6418217023213706,3.0,0.8421601437448759,0.7308790918210835,0.3,,,
vit_tiny_patch16_224,mix25,0,mix25_0+mix25_1+mix25_2,3,task_arithmetic,0.8485,0.9607174016970156,0.0749297961592674,0.4413336217403412,0.274513434178457,2.6418217023213706,3.0,0.8421601437448759,0.7308790918210835,0.5,,,
vit_tiny_patch16_224,mix25,0,mix25_0+mix25_1+mix25_2,3,task_arithmetic,0.7631666666666668,0.8629096738366927,0.0749297961592674,0.4413336217403412,0.274513434178457,2.6418217023213706,3.0,0.8421601437448759,0.7308790918210835,1.0,,,
vit_tiny_patch16_224,mix25,0,mix25_0+mix25_1+mix25_2,3,ties,0.842,0.9530741332697832,0.0749297961592674,0.4413336217403412,0.274513434178457,2.6418217023213706,3.0,0.8421601437448759,0.7308790918210835,0.5,0.2,,
vit_tiny_patch16_224,mix25,0,mix25_0+mix25_1+mix25_2,3,ties,0.8558333333333333,0.969112840126113,0.0749297961592674,0.4413336217403412,0.274513434178457,2.6418217023213706,3.0,0.8421601437448759,0.7308790918210835,1.0,0.2,,
vit_tiny_patch16_224,mix25,0,mix25_0+mix25_1+mix25_2,3,dare,0.7498333333333332,0.8475635189772976,0.0749297961592674,0.4413336217403412,0.274513434178457,2.6418217023213706,3.0,0.8421601437448759,0.7308790918210835,1.0,0.2,0.9,0.0
vit_tiny_patch16_224,mix25,0,mix25_0+mix25_1+mix25_2,3,dare,0.7466666666666667,0.8439986053908896,0.0749297961592674,0.4413336217403412,0.274513434178457,2.6418217023213706,3.0,0.8421601437448759,0.7308790918210835,1.0,0.2,0.9,1.0
vit_tiny_patch16_224,mix25,0,mix25_0+mix25_1+mix25_2,3,dare,0.757,0.8556833946026255,0.0749297961592674,0.4413336217403412,0.274513434178457,2.6418217023213706,3.0,0.8421601437448759,0.7308790918210835,1.0,0.2,0.9,2.0
vit_tiny_patch16_224,mix25,0,mix25_0+mix25_1+mix25_3,3,averaging,0.8736666666666667,0.962671350322972,0.0842146053910255,0.4341773390769958,0.289435472174329,2.6216474374135337,3.0,0.859972463637866,0.7208808803568254,,,,
vit_tiny_patch16_224,mix25,0,mix25_0+mix25_1+mix25_3,3,task_arithmetic,0.8393333333333333,0.9247142955604156,0.0842146053910255,0.4341773390769958,0.289435472174329,2.6216474374135337,3.0,0.859972463637866,0.7208808803568254,0.1,,,
vit_tiny_patch16_224,mix25,0,mix25_0+mix25_1+mix25_3,3,task_arithmetic,0.8658333333333333,0.9539591214823744,0.0842146053910255,0.4341773390769958,0.289435472174329,2.6216474374135337,3.0,0.859972463637866,0.7208808803568254,0.2,,,
vit_tiny_patch16_224,mix25,0,mix25_0+mix25_1+mix25_3,3,task_arithmetic,0.8738333333333334,0.9628118532001948,0.0842146053910255,0.4341773390769958,0.289435472174329,2.6216474374135337,3.0,0.859972463637866,0.7208808803568254,0.3,,,
vit_tiny_patch16_224,mix25,0,mix25_0+mix25_1+mix25_3,3,task_arithmetic,0.8678333333333333,0.9562136049982612,0.0842146053910255,0.4341773390769958,0.289435472174329,2.6216474374135337,3.0,0.859972463637866,0.7208808803568254,0.5,,,
vit_tiny_patch16_224,mix25,0,mix25_0+mix25_1+mix25_3,3,task_arithmetic,0.7484999999999999,0.823824627298929,0.0842146053910255,0.4341773390769958,0.289435472174329,2.6216474374135337,3.0,0.859972463637866,0.7208808803568254,1.0,,,
vit_tiny_patch16_224,mix25,0,mix25_0+mix25_1+mix25_3,3,ties,0.8741666666666666,0.9633741741291948,0.0842146053910255,0.4341773390769958,0.289435472174329,2.6216474374135337,3.0,0.859972463637866,0.7208808803568254,0.5,0.2,,
vit_tiny_patch16_224,mix25,0,mix25_0+mix25_1+mix25_3,3,ties,0.8761666666666666,0.9654788486983042,0.0842146053910255,0.4341773390769958,0.289435472174329,2.6216474374135337,3.0,0.859972463637866,0.7208808803568254,1.0,0.2,,
vit_tiny_patch16_224,mix25,0,mix25_0+mix25_1+mix25_3,3,dare,0.7398333333333333,0.8140507551042222,0.0842146053910255,0.4341773390769958,0.289435472174329,2.6216474374135337,3.0,0.859972463637866,0.7208808803568254,1.0,0.2,0.9,0.0
vit_tiny_patch16_224,mix25,0,mix25_0+mix25_1+mix25_3,3,dare,0.7471666666666668,0.8220822189763416,0.0842146053910255,0.4341773390769958,0.289435472174329,2.6216474374135337,3.0,0.859972463637866,0.7208808803568254,1.0,0.2,0.9,1.0
vit_tiny_patch16_224,mix25,0,mix25_0+mix25_1+mix25_3,3,dare,0.7476666666666666,0.8227643300731446,0.0842146053910255,0.4341773390769958,0.289435472174329,2.6216474374135337,3.0,0.859972463637866,0.7208808803568254,1.0,0.2,0.9,2.0
vit_tiny_patch16_224,mix25,0,mix25_0+mix25_1+mix25_4,3,averaging,0.8763333333333333,0.9650158569839152,0.0741274754206339,0.441938857237498,0.2728429484857902,2.6107521851857505,3.0,0.8372040453439791,0.7267388620091775,,,,
vit_tiny_patch16_224,mix25,0,mix25_0+mix25_1+mix25_4,3,task_arithmetic,0.839,0.923436928309038,0.0741274754206339,0.441938857237498,0.2728429484857902,2.6107521851857505,3.0,0.8372040453439791,0.7267388620091775,0.1,,,
vit_tiny_patch16_224,mix25,0,mix25_0+mix25_1+mix25_4,3,task_arithmetic,0.863,0.9500887718930618,0.0741274754206339,0.441938857237498,0.2728429484857902,2.6107521851857505,3.0,0.8372040453439791,0.7267388620091775,0.2,,,
vit_tiny_patch16_224,mix25,0,mix25_0+mix25_1+mix25_4,3,task_arithmetic,0.8734999999999999,0.9618770232614692,0.0741274754206339,0.441938857237498,0.2728429484857902,2.6107521851857505,3.0,0.8372040453439791,0.7267388620091775,0.3,,,
vit_tiny_patch16_224,mix25,0,mix25_0+mix25_1+mix25_4,3,task_arithmetic,0.8721666666666666,0.9602579024527096,0.0741274754206339,0.441938857237498,0.2728429484857902,2.6107521851857505,3.0,0.8372040453439791,0.7267388620091775,0.5,,,
vit_tiny_patch16_224,mix25,0,mix25_0+mix25_1+mix25_4,3,task_arithmetic,0.7835000000000001,0.8612652604540044,0.0741274754206339,0.441938857237498,0.2728429484857902,2.6107521851857505,3.0,0.8372040453439791,0.7267388620091775,1.0,,,
vit_tiny_patch16_224,mix25,0,mix25_0+mix25_1+mix25_4,3,ties,0.8704999999999999,0.958477207373753,0.0741274754206339,0.441938857237498,0.2728429484857902,2.6107521851857505,3.0,0.8372040453439791,0.7267388620091775,0.5,0.2,,
vit_tiny_patch16_224,mix25,0,mix25_0+mix25_1+mix25_4,3,ties,0.8769999999999999,0.9658707900144116,0.0741274754206339,0.441938857237498,0.2728429484857902,2.6107521851857505,3.0,0.8372040453439791,0.7267388620091775,1.0,0.2,,
vit_tiny_patch16_224,mix25,0,mix25_0+mix25_1+mix25_4,3,dare,0.7646666666666667,0.840358830339734,0.0741274754206339,0.441938857237498,0.2728429484857902,2.6107521851857505,3.0,0.8372040453439791,0.7267388620091775,1.0,0.2,0.9,0.0
vit_tiny_patch16_224,mix25,0,mix25_0+mix25_1+mix25_4,3,dare,0.7793333333333333,0.8565554177970163,0.0741274754206339,0.441938857237498,0.2728429484857902,2.6107521851857505,3.0,0.8372040453439791,0.7267388620091775,1.0,0.2,0.9,1.0
vit_tiny_patch16_224,mix25,0,mix25_0+mix25_1+mix25_4,3,dare,0.7781666666666668,0.8553124551893997,0.0741274754206339,0.441938857237498,0.2728429484857902,2.6107521851857505,3.0,0.8372040453439791,0.7267388620091775,1.0,0.2,0.9,2.0
vit_tiny_patch16_224,mix25,0,mix25_0+mix25_2+mix25_3,3,averaging,0.8431666666666667,0.9569764656122904,0.0750611474116643,0.4412377079327901,0.2755307368403129,2.652154525121053,3.0,0.841343617724773,0.7327613570252517,,,,
vit_tiny_patch16_224,mix25,0,mix25_0+mix25_2+mix25_3,3,task_arithmetic,0.8001666666666667,0.9079339787487832,0.0750611474116643,0.4412377079327901,0.2755307368403129,2.652154525121053,3.0,0.841343617724773,0.7327613570252517,0.1,,,
vit_tiny_patch16_224,mix25,0,mix25_0+mix25_2+mix25_3,3,task_arithmetic,0.8263333333333334,0.9376734256700646,0.0750611474116643,0.4412377079327901,0.2755307368403129,2.652154525121053,3.0,0.841343617724773,0.7327613570252517,0.2,,,
vit_tiny_patch16_224,mix25,0,mix25_0+mix25_2+mix25_3,3,task_arithmetic,0.8396666666666667,0.9529861061740756,0.0750611474116643,0.4412377079327901,0.2755307368403129,2.652154525121053,3.0,0.841343617724773,0.7327613570252517,0.3,,,
vit_tiny_patch16_224,mix25,0,mix25_0+mix25_2+mix25_3,3,task_arithmetic,0.8438333333333333,0.9576660054676486,0.0750611474116643,0.4412377079327901,0.2755307368403129,2.652154525121053,3.0,0.841343617724773,0.7327613570252517,0.5,,,
vit_tiny_patch16_224,mix25,0,mix25_0+mix25_2+mix25_3,3,task_arithmetic,0.7576666666666667,0.8595052492057104,0.0750611474116643,0.4412377079327901,0.2755307368403129,2.652154525121053,3.0,0.841343617724773,0.7327613570252517,1.0,,,
vit_tiny_patch16_224,mix25,0,mix25_0+mix25_2+mix25_3,3,ties,0.8348333333333334,0.9473927910053408,0.0750611474116643,0.4412377079327901,0.2755307368403129,2.652154525121053,3.0,0.841343617724773,0.7327613570252517,0.5,0.2,,
vit_tiny_patch16_224,mix25,0,mix25_0+mix25_2+mix25_3,3,ties,0.8473333333333333,0.9617154549305388,0.0750611474116643,0.4412377079327901,0.2755307368403129,2.652154525121053,3.0,0.841343617724773,0.7327613570252517,1.0,0.2,,
vit_tiny_patch16_224,mix25,0,mix25_0+mix25_2+mix25_3,3,dare,0.7520000000000001,0.8529718537737553,0.0750611474116643,0.4412377079327901,0.2755307368403129,2.652154525121053,3.0,0.841343617724773,0.7327613570252517,1.0,0.2,0.9,0.0
vit_tiny_patch16_224,mix25,0,mix25_0+mix25_2+mix25_3,3,dare,0.7393333333333333,0.8385390255449354,0.0750611474116643,0.4412377079327901,0.2755307368403129,2.652154525121053,3.0,0.841343617724773,0.7327613570252517,1.0,0.2,0.9,1.0
vit_tiny_patch16_224,mix25,0,mix25_0+mix25_2+mix25_3,3,dare,0.7475,0.8480976913329163,0.0750611474116643,0.4412377079327901,0.2755307368403129,2.652154525121053,3.0,0.841343617724773,0.7327613570252517,1.0,0.2,0.9,2.0
vit_tiny_patch16_224,mix25,0,mix25_0+mix25_2+mix25_4,3,averaging,0.8386666666666667,0.95115930405069,0.0698553348580996,0.4452471633752187,0.2678836240970002,2.64125927289327,3.0,0.8345943027306112,0.7386193386776037,,,,
vit_tiny_patch16_224,mix25,0,mix25_0+mix25_2+mix25_4,3,task_arithmetic,0.7996666666666666,0.9064381905996948,0.0698553348580996,0.4452471633752187,0.2678836240970002,2.64125927289327,3.0,0.8345943027306112,0.7386193386776037,0.1,,,
vit_tiny_patch16_224,mix25,0,mix25_0+mix25_2+mix25_4,3,task_arithmetic,0.8251666666666667,0.9357290109681704,0.0698553348580996,0.4452471633752187,0.2678836240970002,2.64125927289327,3.0,0.8345943027306112,0.7386193386776037,0.2,,,
vit_tiny_patch16_224,mix25,0,mix25_0+mix25_2+mix25_4,3,task_arithmetic,0.8370000000000001,0.9492373535692572,0.0698553348580996,0.4452471633752187,0.2678836240970002,2.64125927289327,3.0,0.8345943027306112,0.7386193386776037,0.3,,,
vit_tiny_patch16_224,mix25,0,mix25_0+mix25_2+mix25_4,3,task_arithmetic,0.8428333333333334,0.9557197477106552,0.0698553348580996,0.4452471633752187,0.2678836240970002,2.64125927289327,3.0,0.8345943027306112,0.7386193386776037,0.5,,,
vit_tiny_patch16_224,mix25,0,mix25_0+mix25_2+mix25_4,3,task_arithmetic,0.7719999999999999,0.8745136554039693,0.0698553348580996,0.4452471633752187,0.2678836240970002,2.64125927289327,3.0,0.8345943027306112,0.7386193386776037,1.0,,,
vit_tiny_patch16_224,mix25,0,mix25_0+mix25_2+mix25_4,3,ties,0.8323333333333333,0.9439233817315164,0.0698553348580996,0.4452471633752187,0.2678836240970002,2.64125927289327,3.0,0.8345943027306112,0.7386193386776037,0.5,0.2,,
vit_tiny_patch16_224,mix25,0,mix25_0+mix25_2+mix25_4,3,ties,0.848,0.961678166071958,0.0698553348580996,0.4452471633752187,0.2678836240970002,2.64125927289327,3.0,0.8345943027306112,0.7386193386776037,1.0,0.2,,
vit_tiny_patch16_224,mix25,0,mix25_0+mix25_2+mix25_4,3,dare,0.7618333333333333,0.8631860461425306,0.0698553348580996,0.4452471633752187,0.2678836240970002,2.64125927289327,3.0,0.8345943027306112,0.7386193386776037,1.0,0.2,0.9,0.0
vit_tiny_patch16_224,mix25,0,mix25_0+mix25_2+mix25_4,3,dare,0.7536666666666667,0.8536048567436579,0.0698553348580996,0.4452471633752187,0.2678836240970002,2.64125927289327,3.0,0.8345943027306112,0.7386193386776037,1.0,0.2,0.9,1.0
vit_tiny_patch16_224,mix25,0,mix25_0+mix25_2+mix25_4,3,dare,0.7613333333333333,0.8627248644229408,0.0698553348580996,0.4452471633752187,0.2678836240970002,2.64125927289327,3.0,0.8345943027306112,0.7386193386776037,1.0,0.2,0.9,2.0
vit_tiny_patch16_224,mix25,0,mix25_0+mix25_3+mix25_4,3,averaging,0.8673333333333333,0.9571487190235964,0.0758484055598576,0.4406045178572337,0.2767203172081416,2.621085007985433,3.0,0.8417651157573532,0.7286211272133457,,,,
vit_tiny_patch16_224,mix25,0,mix25_0+mix25_3+mix25_4,3,task_arithmetic,0.8296666666666667,0.9151972024599212,0.0758484055598576,0.4406045178572337,0.2767203172081416,2.621085007985433,3.0,0.8417651157573532,0.7286211272133457,0.1,,,
vit_tiny_patch16_224,mix25,0,mix25_0+mix25_3+mix25_4,3,task_arithmetic,0.8551666666666667,0.9435867561727004,0.0758484055598576,0.4406045178572337,0.2767203172081416,2.621085007985433,3.0,0.8417651157573532,0.7286211272133457,0.2,,,
vit_tiny_patch16_224,mix25,0,mix25_0+mix25_3+mix25_4,3,task_arithmetic,0.866,0.9555949229710922,0.0758484055598576,0.4406045178572337,0.2767203172081416,2.621085007985433,3.0,0.8417651157573532,0.7286211272133457,0.3,,,
vit_tiny_patch16_224,mix25,0,mix25_0+mix25_3+mix25_4,3,task_arithmetic,0.8671666666666665,0.9568258748545744,0.0758484055598576,0.4406045178572337,0.2767203172081416,2.621085007985433,3.0,0.8417651157573532,0.7286211272133457,0.5,,,
vit_tiny_patch16_224,mix25,0,mix25_0+mix25_3+mix25_4,3,task_arithmetic,0.7818333333333333,0.8616049171273739,0.0758484055598576,0.4406045178572337,0.2767203172081416,2.621085007985433,3.0,0.8417651157573532,0.7286211272133457,1.0,,,
vit_tiny_patch16_224,mix25,0,mix25_0+mix25_3+mix25_4,3,ties,0.8613333333333334,0.9504948429351072,0.0758484055598576,0.4406045178572337,0.2767203172081416,2.621085007985433,3.0,0.8417651157573532,0.7286211272133457,0.5,0.2,,
vit_tiny_patch16_224,mix25,0,mix25_0+mix25_3+mix25_4,3,ties,0.8736666666666667,0.9642002130249908,0.0758484055598576,0.4406045178572337,0.2767203172081416,2.621085007985433,3.0,0.8417651157573532,0.7286211272133457,1.0,0.2,,
vit_tiny_patch16_224,mix25,0,mix25_0+mix25_3+mix25_4,3,dare,0.767,0.8449646018359381,0.0758484055598576,0.4406045178572337,0.2767203172081416,2.621085007985433,3.0,0.8417651157573532,0.7286211272133457,1.0,0.2,0.9,0.0
vit_tiny_patch16_224,mix25,0,mix25_0+mix25_3+mix25_4,3,dare,0.7799999999999999,0.859706288438581,0.0758484055598576,0.4406045178572337,0.2767203172081416,2.621085007985433,3.0,0.8417651157573532,0.7286211272133457,1.0,0.2,0.9,1.0
vit_tiny_patch16_224,mix25,0,mix25_0+mix25_3+mix25_4,3,dare,0.7776666666666667,0.8571800805608548,0.0758484055598576,0.4406045178572337,0.2767203172081416,2.621085007985433,3.0,0.8417651157573532,0.7286211272133457,1.0,0.2,0.9,2.0
vit_tiny_patch16_224,mix25,0,mix25_1+mix25_2+mix25_3,3,averaging,0.8658333333333333,0.9587147197209815,0.0772988895575205,0.43951349457105,0.2750393347026642,2.606980800628662,3.0,0.843767440867091,0.7301723547262587,,,,
vit_tiny_patch16_224,mix25,0,mix25_1+mix25_2+mix25_3,3,task_arithmetic,0.8313333333333333,0.920073218817038,0.0772988895575205,0.43951349457105,0.2750393347026642,2.606980800628662,3.0,0.843767440867091,0.7301723547262587,0.1,,,
vit_tiny_patch16_224,mix25,0,mix25_1+mix25_2+mix25_3,3,task_arithmetic,0.8541666666666666,0.9456351959313728,0.0772988895575205,0.43951349457105,0.2750393347026642,2.606980800628662,3.0,0.843767440867091,0.7301723547262587,0.2,,,
vit_tiny_patch16_224,mix25,0,mix25_1+mix25_2+mix25_3,3,task_arithmetic,0.8648333333333333,0.9575918721949476,0.0772988895575205,0.43951349457105,0.2750393347026642,2.606980800628662,3.0,0.843767440867091,0.7301723547262587,0.3,,,
vit_tiny_patch16_224,mix25,0,mix25_1+mix25_2+mix25_3,3,task_arithmetic,0.863,0.9555675466162916,0.0772988895575205,0.43951349457105,0.2750393347026642,2.606980800628662,3.0,0.843767440867091,0.7301723547262587,0.5,,,
vit_tiny_patch16_224,mix25,0,mix25_1+mix25_2+mix25_3,3,task_arithmetic,0.766,0.8475303063321019,0.0772988895575205,0.43951349457105,0.2750393347026642,2.606980800628662,3.0,0.843767440867091,0.7301723547262587,1.0,,,
vit_tiny_patch16_224,mix25,0,mix25_1+mix25_2+mix25_3,3,ties,0.8605,0.9526583843899278,0.0772988895575205,0.43951349457105,0.2750393347026642,2.606980800628662,3.0,0.843767440867091,0.7301723547262587,0.5,0.2,,
vit_tiny_patch16_224,mix25,0,mix25_1+mix25_2+mix25_3,3,ties,0.8704999999999999,0.963962189872587,0.0772988895575205,0.43951349457105,0.2750393347026642,2.606980800628662,3.0,0.843767440867091,0.7301723547262587,1.0,0.2,,
vit_tiny_patch16_224,mix25,0,mix25_1+mix25_2+mix25_3,3,dare,0.7466666666666667,0.8261748416404494,0.0772988895575205,0.43951349457105,0.2750393347026642,2.606980800628662,3.0,0.843767440867091,0.7301723547262587,1.0,0.2,0.9,0.0
vit_tiny_patch16_224,mix25,0,mix25_1+mix25_2+mix25_3,3,dare,0.7516666666666666,0.8312534315171524,0.0772988895575205,0.43951349457105,0.2750393347026642,2.606980800628662,3.0,0.843767440867091,0.7301723547262587,1.0,0.2,0.9,1.0
vit_tiny_patch16_224,mix25,0,mix25_1+mix25_2+mix25_3,3,dare,0.7494999999999999,0.8294790730057667,0.0772988895575205,0.43951349457105,0.2750393347026642,2.606980800628662,3.0,0.843767440867091,0.7301723547262587,1.0,0.2,0.9,2.0
vit_tiny_patch16_224,mix25,0,mix25_1+mix25_2+mix25_4,3,averaging,0.8681666666666666,0.9605345571006468,0.0741164088249206,0.4419894218444824,0.2743635190335998,2.596085548400879,3.0,0.835289660539849,0.7360303363786108,,,,
vit_tiny_patch16_224,mix25,0,mix25_1+mix25_2+mix25_4,3,task_arithmetic,0.8333333333333334,0.9216356056294894,0.0741164088249206,0.4419894218444824,0.2743635190335998,2.596085548400879,3.0,0.835289660539849,0.7360303363786108,0.1,,,
vit_tiny_patch16_224,mix25,0,mix25_1+mix25_2+mix25_4,3,task_arithmetic,0.8555,0.9463949496699624,0.0741164088249206,0.4419894218444824,0.2743635190335998,2.596085548400879,3.0,0.835289660539849,0.7360303363786108,0.2,,,
vit_tiny_patch16_224,mix25,0,mix25_1+mix25_2+mix25_4,3,task_arithmetic,0.8661666666666666,0.958394822046194,0.0741164088249206,0.4419894218444824,0.2743635190335998,2.596085548400879,3.0,0.835289660539849,0.7360303363786108,0.3,,,
vit_tiny_patch16_224,mix25,0,mix25_1+mix25_2+mix25_4,3,task_arithmetic,0.8650000000000001,0.9570871628789144,0.0741164088249206,0.4419894218444824,0.2743635190335998,2.596085548400879,3.0,0.835289660539849,0.7360303363786108,0.5,,,
vit_tiny_patch16_224,mix25,0,mix25_1+mix25_2+mix25_4,3,task_arithmetic,0.7876666666666666,0.8708142781754762,0.0741164088249206,0.4419894218444824,0.2743635190335998,2.596085548400879,3.0,0.835289660539849,0.7360303363786108,1.0,,,
vit_tiny_patch16_224,mix25,0,mix25_1+mix25_2+mix25_4,3,ties,0.863,0.9548274697284446,0.0741164088249206,0.4419894218444824,0.2743635190335998,2.596085548400879,3.0,0.835289660539849,0.7360303363786108,0.5,0.2,,
vit_tiny_patch16_224,mix25,0,mix25_1+mix25_2+mix25_4,3,ties,0.8694999999999999,0.9621313495956588,0.0741164088249206,0.4419894218444824,0.2743635190335998,2.596085548400879,3.0,0.835289660539849,0.7360303363786108,1.0,0.2,,
vit_tiny_patch16_224,mix25,0,mix25_1+mix25_2+mix25_4,3,dare,0.7645,0.8450144047716573,0.0741164088249206,0.4419894218444824,0.2743635190335998,2.596085548400879,3.0,0.835289660539849,0.7360303363786108,1.0,0.2,0.9,0.0
vit_tiny_patch16_224,mix25,0,mix25_1+mix25_2+mix25_4,3,dare,0.7766666666666667,0.8580485299844653,0.0741164088249206,0.4419894218444824,0.2743635190335998,2.596085548400879,3.0,0.835289660539849,0.7360303363786108,1.0,0.2,0.9,1.0
vit_tiny_patch16_224,mix25,0,mix25_1+mix25_2+mix25_4,3,dare,0.7715,0.8528919176381408,0.0741164088249206,0.4419894218444824,0.2743635190335998,2.596085548400879,3.0,0.835289660539849,0.7360303363786108,1.0,0.2,0.9,2.0
vit_tiny_patch16_224,mix25,0,mix25_1+mix25_3+mix25_4,3,averaging,0.8903333333333333,0.959380132849478,0.078969491024812,0.4382148484388987,0.274191331732818,2.575911283493042,3.0,0.8403307802314014,0.7260321249143528,,,,
vit_tiny_patch16_224,mix25,0,mix25_1+mix25_3+mix25_4,3,task_arithmetic,0.8636666666666667,0.930649924229114,0.078969491024812,0.4382148484388987,0.274191331732818,2.575911283493042,3.0,0.8403307802314014,0.7260321249143528,0.1,,,
vit_tiny_patch16_224,mix25,0,mix25_1+mix25_3+mix25_4,3,task_arithmetic,0.8833333333333333,0.9518381491377648,0.078969491024812,0.4382148484388987,0.274191331732818,2.575911283493042,3.0,0.8403307802314014,0.7260321249143528,0.2,,,
vit_tiny_patch16_224,mix25,0,mix25_1+mix25_3+mix25_4,3,task_arithmetic,0.8891666666666667,0.9581228456632924,0.078969491024812,0.4382148484388987,0.274191331732818,2.575911283493042,3.0,0.8403307802314014,0.7260321249143528,0.3,,,
vit_tiny_patch16_224,mix25,0,mix25_1+mix25_3+mix25_4,3,task_arithmetic,0.888,0.95686652124493,0.078969491024812,0.4382148484388987,0.274191331732818,2.575911283493042,3.0,0.8403307802314014,0.7260321249143528,0.5,,,
vit_tiny_patch16_224,mix25,0,mix25_1+mix25_3+mix25_4,3,task_arithmetic,0.7728333333333334,0.8326590279762481,0.078969491024812,0.4382148484388987,0.274191331732818,2.575911283493042,3.0,0.8403307802314014,0.7260321249143528,1.0,,,
vit_tiny_patch16_224,mix25,0,mix25_1+mix25_3+mix25_4,3,ties,0.8871666666666668,0.95597578290752,0.078969491024812,0.4382148484388987,0.274191331732818,2.575911283493042,3.0,0.8403307802314014,0.7260321249143528,0.5,0.2,,
vit_tiny_patch16_224,mix25,0,mix25_1+mix25_3+mix25_4,3,ties,0.8969999999999999,0.966574142781074,0.078969491024812,0.4382148484388987,0.274191331732818,2.575911283493042,3.0,0.8403307802314014,0.7260321249143528,1.0,0.2,,
vit_tiny_patch16_224,mix25,0,mix25_1+mix25_3+mix25_4,3,dare,0.7586666666666666,0.8173848974845151,0.078969491024812,0.4382148484388987,0.274191331732818,2.575911283493042,3.0,0.8403307802314014,0.7260321249143528,1.0,0.2,0.9,0.0
vit_tiny_patch16_224,mix25,0,mix25_1+mix25_3+mix25_4,3,dare,0.7920000000000001,0.8533480376957837,0.078969491024812,0.4382148484388987,0.274191331732818,2.575911283493042,3.0,0.8403307802314014,0.7260321249143528,1.0,0.2,0.9,1.0
vit_tiny_patch16_224,mix25,0,mix25_1+mix25_3+mix25_4,3,dare,0.7651666666666667,0.8243722440839495,0.078969491024812,0.4382148484388987,0.274191331732818,2.575911283493042,3.0,0.8403307802314014,0.7260321249143528,1.0,0.2,0.9,2.0
vit_tiny_patch16_224,mix25,0,mix25_2+mix25_3+mix25_4,3,averaging,0.8601666666666666,0.9539301366848636,0.0739847049117088,0.4420377612113952,0.2694450718207554,2.6064183712005615,3.0,0.839413221462879,0.7379126015827792,,,,
vit_tiny_patch16_224,mix25,0,mix25_2+mix25_3+mix25_4,3,task_arithmetic,0.826,0.9157310991999792,0.0739847049117088,0.4420377612113952,0.2694450718207554,2.6064183712005615,3.0,0.839413221462879,0.7379126015827792,0.1,,,
vit_tiny_patch16_224,mix25,0,mix25_2+mix25_3+mix25_4,3,task_arithmetic,0.847,0.9392495708991933,0.0739847049117088,0.4420377612113952,0.2694450718207554,2.6064183712005615,3.0,0.839413221462879,0.7379126015827792,0.2,,,
vit_tiny_patch16_224,mix25,0,mix25_2+mix25_3+mix25_4,3,task_arithmetic,0.8591666666666665,0.9529304227828328,0.0739847049117088,0.4420377612113952,0.2694450718207554,2.6064183712005615,3.0,0.839413221462879,0.7379126015827792,0.3,,,
vit_tiny_patch16_224,mix25,0,mix25_2+mix25_3+mix25_4,3,task_arithmetic,0.862,0.9559693059771772,0.0739847049117088,0.4420377612113952,0.2694450718207554,2.6064183712005615,3.0,0.839413221462879,0.7379126015827792,0.5,,,
vit_tiny_patch16_224,mix25,0,mix25_2+mix25_3+mix25_4,3,task_arithmetic,0.7915,0.8773256984800457,0.0739847049117088,0.4420377612113952,0.2694450718207554,2.6064183712005615,3.0,0.839413221462879,0.7379126015827792,1.0,,,
vit_tiny_patch16_224,mix25,0,mix25_2+mix25_3+mix25_4,3,ties,0.8535,0.9465318538004648,0.0739847049117088,0.4420377612113952,0.2694450718207554,2.6064183712005615,3.0,0.839413221462879,0.7379126015827792,0.5,0.2,,
vit_tiny_patch16_224,mix25,0,mix25_2+mix25_3+mix25_4,3,ties,0.8673333333333333,0.9619506161665464,0.0739847049117088,0.4420377612113952,0.2694450718207554,2.6064183712005615,3.0,0.839413221462879,0.7379126015827792,1.0,0.2,,
vit_tiny_patch16_224,mix25,0,mix25_2+mix25_3+mix25_4,3,dare,0.7856666666666667,0.8709827946199772,0.0739847049117088,0.4420377612113952,0.2694450718207554,2.6064183712005615,3.0,0.839413221462879,0.7379126015827792,1.0,0.2,0.9,0.0
vit_tiny_patch16_224,mix25,0,mix25_2+mix25_3+mix25_4,3,dare,0.7838333333333333,0.8687770083664855,0.0739847049117088,0.4420377612113952,0.2694450718207554,2.6064183712005615,3.0,0.839413221462879,0.7379126015827792,1.0,0.2,0.9,1.0
vit_tiny_patch16_224,mix25,0,mix25_2+mix25_3+mix25_4,3,dare,0.7831666666666667,0.8681743581167339,0.0739847049117088,0.4420377612113952,0.2694450718207554,2.6064183712005615,3.0,0.839413221462879,0.7379126015827792,1.0,0.2,0.9,2.0
vit_tiny_patch16_224,mix25,0,mix25_0+mix25_1+mix25_2+mix25_3+mix25_4,5,averaging,0.8488,0.9424878769239952,0.075840625911951,0.4406294733285903,0.2749965790273868,2.6174116134643555,5.0,0.841584079204068,0.7308648074705288,,,,
vit_tiny_patch16_224,mix25,0,mix25_0+mix25_1+mix25_2+mix25_3+mix25_4,5,task_arithmetic,0.8356999999999999,0.9278074351895642,0.075840625911951,0.4406294733285903,0.2749965790273868,2.6174116134643555,5.0,0.841584079204068,0.7308648074705288,0.1,,,
vit_tiny_patch16_224,mix25,0,mix25_0+mix25_1+mix25_2+mix25_3+mix25_4,5,task_arithmetic,0.8488,0.9424878769239952,0.075840625911951,0.4406294733285903,0.2749965790273868,2.6174116134643555,5.0,0.841584079204068,0.7308648074705288,0.2,,,
vit_tiny_patch16_224,mix25,0,mix25_0+mix25_1+mix25_2+mix25_3+mix25_4,5,task_arithmetic,0.8436,0.9366331206918812,0.075840625911951,0.4406294733285903,0.2749965790273868,2.6174116134643555,5.0,0.841584079204068,0.7308648074705288,0.3,,,
vit_tiny_patch16_224,mix25,0,mix25_0+mix25_1+mix25_2+mix25_3+mix25_4,5,task_arithmetic,0.7983,0.8858397608129811,0.075840625911951,0.4406294733285903,0.2749965790273868,2.6174116134643555,5.0,0.841584079204068,0.7308648074705288,0.5,,,
vit_tiny_patch16_224,mix25,0,mix25_0+mix25_1+mix25_2+mix25_3+mix25_4,5,task_arithmetic,0.5128,0.5676100648487858,0.075840625911951,0.4406294733285903,0.2749965790273868,2.6174116134643555,5.0,0.841584079204068,0.7308648074705288,1.0,,,
vit_tiny_patch16_224,mix25,0,mix25_0+mix25_1+mix25_2+mix25_3+mix25_4,5,ties,0.8519,0.9459775882691546,0.075840625911951,0.4406294733285903,0.2749965790273868,2.6174116134643555,5.0,0.841584079204068,0.7308648074705288,0.5,0.2,,
vit_tiny_patch16_224,mix25,0,mix25_0+mix25_1+mix25_2+mix25_3+mix25_4,5,ties,0.8448,0.9380664345415808,0.075840625911951,0.4406294733285903,0.2749965790273868,2.6174116134643555,5.0,0.841584079204068,0.7308648074705288,1.0,0.2,,
vit_tiny_patch16_224,mix25,0,mix25_0+mix25_1+mix25_2+mix25_3+mix25_4,5,dare,0.5505,0.6095043602942914,0.075840625911951,0.4406294733285903,0.2749965790273868,2.6174116134643555,5.0,0.841584079204068,0.7308648074705288,1.0,0.2,0.9,0.0
vit_tiny_patch16_224,mix25,0,mix25_0+mix25_1+mix25_2+mix25_3+mix25_4,5,dare,0.5549999999999999,0.6142943909165618,0.075840625911951,0.4406294733285903,0.2749965790273868,2.6174116134643555,5.0,0.841584079204068,0.7308648074705288,1.0,0.2,0.9,1.0
vit_tiny_patch16_224,mix25,0,mix25_0+mix25_1+mix25_2+mix25_3+mix25_4,5,dare,0.5722,0.6332201390894513,0.075840625911951,0.4406294733285903,0.2749965790273868,2.6174116134643555,5.0,0.841584079204068,0.7308648074705288,1.0,0.2,0.9,2.0
vit_tiny_patch16_224,mix25,1,mix25_0+mix25_1,2,averaging,0.88175,0.982536918251144,0.079382449388504,0.437872439622879,0.28556130493418,2.630364418029785,2.0,0.8586074839771521,0.726155230640872,,,,
vit_tiny_patch16_224,mix25,1,mix25_0+mix25_1,2,task_arithmetic,0.81775,0.9109234905817978,0.079382449388504,0.437872439622879,0.28556130493418,2.630364418029785,2.0,0.8586074839771521,0.726155230640872,0.1,,,
vit_tiny_patch16_224,mix25,1,mix25_0+mix25_1,2,task_arithmetic,0.85075,0.9478170097873146,0.079382449388504,0.437872439622879,0.28556130493418,2.630364418029785,2.0,0.8586074839771521,0.726155230640872,0.2,,,
vit_tiny_patch16_224,mix25,1,mix25_0+mix25_1,2,task_arithmetic,0.868,0.9670617243854112,0.079382449388504,0.437872439622879,0.28556130493418,2.630364418029785,2.0,0.8586074839771521,0.726155230640872,0.3,,,
vit_tiny_patch16_224,mix25,1,mix25_0+mix25_1,2,task_arithmetic,0.88175,0.982536918251144,0.079382449388504,0.437872439622879,0.28556130493418,2.630364418029785,2.0,0.8586074839771521,0.726155230640872,0.5,,,
vit_tiny_patch16_224,mix25,1,mix25_0+mix25_1,2,task_arithmetic,0.8572500000000001,0.9549351416580104,0.079382449388504,0.437872439622879,0.28556130493418,2.630364418029785,2.0,0.8586074839771521,0.726155230640872,1.0,,,
vit_tiny_patch16_224,mix25,1,mix25_0+mix25_1,2,ties,0.86,0.9580732979993262,0.079382449388504,0.437872439622879,0.28556130493418,2.630364418029785,2.0,0.8586074839771521,0.726155230640872,0.5,0.2,,
vit_tiny_patch16_224,mix25,1,mix25_0+mix25_1,2,ties,0.88075,0.9814795112222338,0.079382449388504,0.437872439622879,0.28556130493418,2.630364418029785,2.0,0.8586074839771521,0.726155230640872,1.0,0.2,,
vit_tiny_patch16_224,mix25,1,mix25_0+mix25_1,2,dare,0.8452500000000001,0.9414035048423268,0.079382449388504,0.437872439622879,0.28556130493418,2.630364418029785,2.0,0.8586074839771521,0.726155230640872,1.0,0.2,0.9,0.0
vit_tiny_patch16_224,mix25,1,mix25_0+mix25_1,2,dare,0.84625,0.9425589063443488,0.079382449388504,0.437872439622879,0.28556130493418,2.630364418029785,2.0,0.8586074839771521,0.726155230640872,1.0,0.2,0.9,1.0
vit_tiny_patch16_224,mix25,1,mix25_0+mix25_1,2,dare,0.85025,0.9471805123524366,0.079382449388504,0.437872439622879,0.28556130493418,2.630364418029785,2.0,0.8586074839771521,0.726155230640872,1.0,0.2,0.9,2.0
vit_tiny_patch16_224,mix25,1,mix25_0+mix25_2,2,averaging,0.83175,0.969349765710251,0.0679966881871223,0.4466646909713745,0.2657041504480021,2.664057493209839,2.0,0.8366946133604617,0.740983858696395,,,,
vit_tiny_patch16_224,mix25,1,mix25_0+mix25_2,2,task_arithmetic,0.7565,0.8817180636938002,0.0679966881871223,0.4466646909713745,0.2657041504480021,2.664057493209839,2.0,0.8366946133604617,0.740983858696395,0.1,,,
vit_tiny_patch16_224,mix25,1,mix25_0+mix25_2,2,task_arithmetic,0.7887500000000001,0.9193007069956808,0.0679966881871223,0.4466646909713745,0.2657041504480021,2.664057493209839,2.0,0.8366946133604617,0.740983858696395,0.2,,,
vit_tiny_patch16_224,mix25,1,mix25_0+mix25_2,2,task_arithmetic,0.8102499999999999,0.9443507081673844,0.0679966881871223,0.4466646909713745,0.2657041504480021,2.664057493209839,2.0,0.8366946133604617,0.740983858696395,0.3,,,
vit_tiny_patch16_224,mix25,1,mix25_0+mix25_2,2,task_arithmetic,0.83175,0.969349765710251,0.0679966881871223,0.4466646909713745,0.2657041504480021,2.664057493209839,2.0,0.8366946133604617,0.740983858696395,0.5,,,
vit_tiny_patch16_224,mix25,1,mix25_0+mix25_2,2,task_arithmetic,0.8225,0.9586826792680826,0.0679966881871223,0.4466646909713745,0.2657041504480021,2.664057493209839,2.0,0.8366946133604617,0.740983858696395,1.0,,,
vit_tiny_patch16_224,mix25,1,mix25_0+mix25_2,2,ties,0.802,0.934742230332448,0.0679966881871223,0.4466646909713745,0.2657041504480021,2.664057493209839,2.0,0.8366946133604617,0.740983858696395,0.5,0.2,,
vit_tiny_patch16_224,mix25,1,mix25_0+mix25_2,2,ties,0.83675,0.975172622486314,0.0679966881871223,0.4466646909713745,0.2657041504480021,2.664057493209839,2.0,0.8366946133604617,0.740983858696395,1.0,0.2,,
vit_tiny_patch16_224,mix25,1,mix25_0+mix25_2,2,dare,0.806,0.9393485532518846,0.0679966881871223,0.4466646909713745,0.2657041504480021,2.664057493209839,2.0,0.8366946133604617,0.740983858696395,1.0,0.2,0.9,0.0
vit_tiny_patch16_224,mix25,1,mix25_0+mix25_2,2,dare,0.80725,0.9408895980242022,0.0679966881871223,0.4466646909713745,0.2657041504480021,2.664057493209839,2.0,0.8366946133604617,0.740983858696395,1.0,0.2,0.9,1.0
vit_tiny_patch16_224,mix25,1,mix25_0+mix25_2,2,dare,0.8029999999999999,0.9358670656571676,0.0679966881871223,0.4466646909713745,0.2657041504480021,2.664057493209839,2.0,0.8366946133604617,0.740983858696395,1.0,0.2,0.9,2.0
vit_tiny_patch16_224,mix25,1,mix25_0+mix25_3,2,averaging,0.873,0.9768759836663968,0.0825417265295982,0.435470312833786,0.295789339026577,2.6388206481933594,2.0,0.8613696773613443,0.7250988933720559,,,,
vit_tiny_patch16_224,mix25,1,mix25_0+mix25_3,2,task_arithmetic,0.8095,0.9056495246585438,0.0825417265295982,0.435470312833786,0.295789339026577,2.6388206481933594,2.0,0.8613696773613443,0.7250988933720559,0.1,,,
vit_tiny_patch16_224,mix25,1,mix25_0+mix25_3,2,task_arithmetic,0.83525,0.9346814166864928,0.0825417265295982,0.435470312833786,0.295789339026577,2.6388206481933594,2.0,0.8613696773613443,0.7250988933720559,0.2,,,
vit_tiny_patch16_224,mix25,1,mix25_0+mix25_3,2,task_arithmetic,0.85725,0.9592752316210132,0.0825417265295982,0.435470312833786,0.295789339026577,2.6388206481933594,2.0,0.8613696773613443,0.7250988933720559,0.3,,,
vit_tiny_patch16_224,mix25,1,mix25_0+mix25_3,2,task_arithmetic,0.873,0.9768759836663968,0.0825417265295982,0.435470312833786,0.295789339026577,2.6388206481933594,2.0,0.8613696773613443,0.7250988933720559,0.5,,,
vit_tiny_patch16_224,mix25,1,mix25_0+mix25_3,2,task_arithmetic,0.8625,0.9650953394313204,0.0825417265295982,0.435470312833786,0.295789339026577,2.6388206481933594,2.0,0.8613696773613443,0.7250988933720559,1.0,,,
vit_tiny_patch16_224,mix25,1,mix25_0+mix25_3,2,ties,0.849,0.9500591336118708,0.0825417265295982,0.435470312833786,0.295789339026577,2.6388206481933594,2.0,0.8613696773613443,0.7250988933720559,0.5,0.2,,
vit_tiny_patch16_224,mix25,1,mix25_0+mix25_3,2,ties,0.876,0.9803597417492704,0.0825417265295982,0.435470312833786,0.295789339026577,2.6388206481933594,2.0,0.8613696773613443,0.7250988933720559,1.0,0.2,,
vit_tiny_patch16_224,mix25,1,mix25_0+mix25_3,2,dare,0.84825,0.9488941716796234,0.0825417265295982,0.435470312833786,0.295789339026577,2.6388206481933594,2.0,0.8613696773613443,0.7250988933720559,1.0,0.2,0.9,0.0
vit_tiny_patch16_224,mix25,1,mix25_0+mix25_3,2,dare,0.8505,0.9515640393664035,0.0825417265295982,0.435470312833786,0.295789339026577,2.6388206481933594,2.0,0.8613696773613443,0.7250988933720559,1.0,0.2,0.9,1.0
vit_tiny_patch16_224,mix25,1,mix25_0+mix25_3,2,dare,0.84625,0.9470046545189644,0.0825417265295982,0.435470312833786,0.295789339026577,2.6388206481933594,2.0,0.8613696773613443,0.7250988933720559,1.0,0.2,0.9,2.0
vit_tiny_patch16_224,mix25,1,mix25_0+mix25_4,2,averaging,0.8705,0.9713360039132756,0.070092424750328,0.4449667930603027,0.2693700501108662,2.6303056478500366,2.0,0.8270193572829574,0.734462019370082,,,,
vit_tiny_patch16_224,mix25,1,mix25_0+mix25_4,2,task_arithmetic,0.81175,0.9053579328476656,0.070092424750328,0.4449667930603027,0.2693700501108662,2.6303056478500366,2.0,0.8270193572829574,0.734462019370082,0.1,,,
vit_tiny_patch16_224,mix25,1,mix25_0+mix25_4,2,task_arithmetic,0.8327500000000001,0.9290508342366728,0.070092424750328,0.4449667930603027,0.2693700501108662,2.6303056478500366,2.0,0.8270193572829574,0.734462019370082,0.2,,,
vit_tiny_patch16_224,mix25,1,mix25_0+mix25_4,2,task_arithmetic,0.85425,0.953112241987091,0.070092424750328,0.4449667930603027,0.2693700501108662,2.6303056478500366,2.0,0.8270193572829574,0.734462019370082,0.3,,,
vit_tiny_patch16_224,mix25,1,mix25_0+mix25_4,2,task_arithmetic,0.8705,0.9713360039132756,0.070092424750328,0.4449667930603027,0.2693700501108662,2.6303056478500366,2.0,0.8270193572829574,0.734462019370082,0.5,,,
vit_tiny_patch16_224,mix25,1,mix25_0+mix25_4,2,task_arithmetic,0.8605,0.9598390419084016,0.070092424750328,0.4449667930603027,0.2693700501108662,2.6303056478500366,2.0,0.8270193572829574,0.734462019370082,1.0,,,
vit_tiny_patch16_224,mix25,1,mix25_0+mix25_4,2,ties,0.8465,0.944424127751366,0.070092424750328,0.4449667930603027,0.2693700501108662,2.6303056478500366,2.0,0.8270193572829574,0.734462019370082,0.5,0.2,,
vit_tiny_patch16_224,mix25,1,mix25_0+mix25_4,2,ties,0.8767499999999999,0.9784051219266584,0.070092424750328,0.4449667930603027,0.2693700501108662,2.6303056478500366,2.0,0.8270193572829574,0.734462019370082,1.0,0.2,,
vit_tiny_patch16_224,mix25,1,mix25_0+mix25_4,2,dare,0.8460000000000001,0.943770356313228,0.070092424750328,0.4449667930603027,0.2693700501108662,2.6303056478500366,2.0,0.8270193572829574,0.734462019370082,1.0,0.2,0.9,0.0
vit_tiny_patch16_224,mix25,1,mix25_0+mix25_4,2,dare,0.84625,0.9439260829862608,0.070092424750328,0.4449667930603027,0.2693700501108662,2.6303056478500366,2.0,0.8270193572829574,0.734462019370082,1.0,0.2,0.9,1.0
vit_tiny_patch16_224,mix25,1,mix25_0+mix25_4,2,dare,0.85025,0.9485857243379122,0.070092424750328,0.4449667930603027,0.2693700501108662,2.6303056478500366,2.0,0.8270193572829574,0.734462019370082,1.0,0.2,0.9,2.0
vit_tiny_patch16_224,mix25,1,mix25_1+mix25_2,2,averaging,0.873,0.9810688191589286,0.076257437467575,0.4404106736183166,0.277728407714953,2.605311632156372,2.0,0.8371688257057942,0.7375594461567808,,,,
vit_tiny_patch16_224,mix25,1,mix25_1+mix25_2,2,task_arithmetic,0.80825,0.9075299239542642,0.076257437467575,0.4404106736183166,0.277728407714953,2.605311632156372,2.0,0.8371688257057942,0.7375594461567808,0.1,,,
vit_tiny_patch16_224,mix25,1,mix25_1+mix25_2,2,task_arithmetic,0.8385,0.9418131879090412,0.076257437467575,0.4404106736183166,0.277728407714953,2.605311632156372,2.0,0.8371688257057942,0.7375594461567808,0.2,,,
vit_tiny_patch16_224,mix25,1,mix25_1+mix25_2,2,task_arithmetic,0.85825,0.9642199447440876,0.076257437467575,0.4404106736183166,0.277728407714953,2.605311632156372,2.0,0.8371688257057942,0.7375594461567808,0.3,,,
vit_tiny_patch16_224,mix25,1,mix25_1+mix25_2,2,task_arithmetic,0.873,0.9810688191589286,0.076257437467575,0.4404106736183166,0.277728407714953,2.605311632156372,2.0,0.8371688257057942,0.7375594461567808,0.5,,,
vit_tiny_patch16_224,mix25,1,mix25_1+mix25_2,2,task_arithmetic,0.85975,0.9657613738568684,0.076257437467575,0.4404106736183166,0.277728407714953,2.605311632156372,2.0,0.8371688257057942,0.7375594461567808,1.0,,,
vit_tiny_patch16_224,mix25,1,mix25_1+mix25_2,2,ties,0.847,0.9514862966666952,0.076257437467575,0.4404106736183166,0.277728407714953,2.605311632156372,2.0,0.8371688257057942,0.7375594461567808,0.5,0.2,,
vit_tiny_patch16_224,mix25,1,mix25_1+mix25_2,2,ties,0.872,0.979917733462878,0.076257437467575,0.4404106736183166,0.277728407714953,2.605311632156372,2.0,0.8371688257057942,0.7375594461567808,1.0,0.2,,
vit_tiny_patch16_224,mix25,1,mix25_1+mix25_2,2,dare,0.8494999999999999,0.953956572157972,0.076257437467575,0.4404106736183166,0.277728407714953,2.605311632156372,2.0,0.8371688257057942,0.7375594461567808,1.0,0.2,0.9,0.0
vit_tiny_patch16_224,mix25,1,mix25_1+mix25_2,2,dare,0.841,0.9443575431728366,0.076257437467575,0.4404106736183166,0.277728407714953,2.605311632156372,2.0,0.8371688257057942,0.7375594461567808,1.0,0.2,0.9,1.0
vit_tiny_patch16_224,mix25,1,mix25_1+mix25_2,2,dare,0.84375,0.9477390948401538,0.076257437467575,0.4404106736183166,0.277728407714953,2.605311632156372,2.0,0.8371688257057942,0.7375594461567808,1.0,0.2,0.9,2.0
vit_tiny_patch16_224,mix25,1,mix25_1+mix25_3,2,averaging,0.9075,0.9810419491761898,0.0826703757047653,0.4353730380535126,0.2883499179459984,2.5800747871398926,2.0,0.8681338338490968,0.7216744808324418,,,,
vit_tiny_patch16_224,mix25,1,mix25_1+mix25_3,2,task_arithmetic,0.85425,0.9234745800597292,0.0826703757047653,0.4353730380535126,0.2883499179459984,2.5800747871398926,2.0,0.8681338338490968,0.7216744808324418,0.1,,,
vit_tiny_patch16_224,mix25,1,mix25_1+mix25_3,2,task_arithmetic,0.883,0.9545509928410956,0.0826703757047653,0.4353730380535126,0.2883499179459984,2.5800747871398926,2.0,0.8681338338490968,0.7216744808324418,0.2,,,
vit_tiny_patch16_224,mix25,1,mix25_1+mix25_3,2,task_arithmetic,0.8945000000000001,0.9669856485892714,0.0826703757047653,0.4353730380535126,0.2883499179459984,2.5800747871398926,2.0,0.8681338338490968,0.7216744808324418,0.3,,,
vit_tiny_patch16_224,mix25,1,mix25_1+mix25_3,2,task_arithmetic,0.9075,0.9810419491761898,0.0826703757047653,0.4353730380535126,0.2883499179459984,2.5800747871398926,2.0,0.8681338338490968,0.7216744808324418,0.5,,,
vit_tiny_patch16_224,mix25,1,mix25_1+mix25_3,2,task_arithmetic,0.878,0.949102558371179,0.0826703757047653,0.4353730380535126,0.2883499179459984,2.5800747871398926,2.0,0.8681338338490968,0.7216744808324418,1.0,,,
vit_tiny_patch16_224,mix25,1,mix25_1+mix25_3,2,ties,0.8925,0.96483777269565,0.0826703757047653,0.4353730380535126,0.2883499179459984,2.5800747871398926,2.0,0.8681338338490968,0.7216744808324418,0.5,0.2,,
vit_tiny_patch16_224,mix25,1,mix25_1+mix25_3,2,ties,0.912,0.9859252915527498,0.0826703757047653,0.4353730380535126,0.2883499179459984,2.5800747871398926,2.0,0.8681338338490968,0.7216744808324418,1.0,0.2,,
vit_tiny_patch16_224,mix25,1,mix25_1+mix25_3,2,dare,0.8647499999999999,0.9347524624896018,0.0826703757047653,0.4353730380535126,0.2883499179459984,2.5800747871398926,2.0,0.8681338338490968,0.7216744808324418,1.0,0.2,0.9,0.0
vit_tiny_patch16_224,mix25,1,mix25_1+mix25_3,2,dare,0.8734999999999999,0.94424171449058,0.0826703757047653,0.4353730380535126,0.2883499179459984,2.5800747871398926,2.0,0.8681338338490968,0.7216744808324418,1.0,0.2,0.9,1.0
vit_tiny_patch16_224,mix25,1,mix25_1+mix25_3,2,dare,0.874,0.9448068065839366,0.0826703757047653,0.4353730380535126,0.2883499179459984,2.5800747871398926,2.0,0.8681338338490968,0.7216744808324418,1.0,0.2,0.9,2.0
vit_tiny_patch16_224,mix25,1,mix25_1+mix25_4,2,averaging,0.909,0.9800445856040984,0.0802121311426162,0.437296450138092,0.277321821819086,2.57155978679657,2.0,0.8243747390296817,0.7310376068304678,,,,
vit_tiny_patch16_224,mix25,1,mix25_1+mix25_4,2,task_arithmetic,0.8585,0.92559940785017,0.0802121311426162,0.437296450138092,0.277321821819086,2.57155978679657,2.0,0.8243747390296817,0.7310376068304678,0.1,,,
vit_tiny_patch16_224,mix25,1,mix25_1+mix25_4,2,task_arithmetic,0.88375,0.952821706115714,0.0802121311426162,0.437296450138092,0.277321821819086,2.57155978679657,2.0,0.8243747390296817,0.7310376068304678,0.2,,,
vit_tiny_patch16_224,mix25,1,mix25_1+mix25_4,2,task_arithmetic,0.89425,0.9641407303239358,0.0802121311426162,0.437296450138092,0.277321821819086,2.57155978679657,2.0,0.8243747390296817,0.7310376068304678,0.3,,,
vit_tiny_patch16_224,mix25,1,mix25_1+mix25_4,2,task_arithmetic,0.909,0.9800445856040984,0.0802121311426162,0.437296450138092,0.277321821819086,2.57155978679657,2.0,0.8243747390296817,0.7310376068304678,0.5,,,
vit_tiny_patch16_224,mix25,1,mix25_1+mix25_4,2,task_arithmetic,0.8895,0.9590179775130696,0.0802121311426162,0.437296450138092,0.277321821819086,2.57155978679657,2.0,0.8243747390296817,0.7310376068304678,1.0,,,
vit_tiny_patch16_224,mix25,1,mix25_1+mix25_4,2,ties,0.8915,0.9611743142514968,0.0802121311426162,0.437296450138092,0.277321821819086,2.57155978679657,2.0,0.8243747390296817,0.7310376068304678,0.5,0.2,,
vit_tiny_patch16_224,mix25,1,mix25_1+mix25_4,2,ties,0.909,0.9800469104954606,0.0802121311426162,0.437296450138092,0.277321821819086,2.57155978679657,2.0,0.8243747390296817,0.7310376068304678,1.0,0.2,,
vit_tiny_patch16_224,mix25,1,mix25_1+mix25_4,2,dare,0.87825,0.946883642965271,0.0802121311426162,0.437296450138092,0.277321821819086,2.57155978679657,2.0,0.8243747390296817,0.7310376068304678,1.0,0.2,0.9,0.0
vit_tiny_patch16_224,mix25,1,mix25_1+mix25_4,2,dare,0.88375,0.952821706115714,0.0802121311426162,0.437296450138092,0.277321821819086,2.57155978679657,2.0,0.8243747390296817,0.7310376068304678,1.0,0.2,0.9,1.0
vit_tiny_patch16_224,mix25,1,mix25_1+mix25_4,2,dare,0.87675,0.9452687153028128,0.0802121311426162,0.437296450138092,0.277321821819086,2.57155978679657,2.0,0.8243747390296817,0.7310376068304678,1.0,0.2,0.9,2.0
vit_tiny_patch16_224,mix25,1,mix25_2+mix25_3,2,averaging,0.86425,0.975649796503477,0.0687176138162612,0.4461062848567962,0.2658473908436632,2.6137678623199463,2.0,0.8372355045501849,0.7365031088879648,,,,
vit_tiny_patch16_224,mix25,1,mix25_2+mix25_3,2,task_arithmetic,0.79575,0.8977360991890443,0.0687176138162612,0.4461062848567962,0.2658473908436632,2.6137678623199463,2.0,0.8372355045501849,0.7365031088879648,0.1,,,
vit_tiny_patch16_224,mix25,1,mix25_2+mix25_3,2,task_arithmetic,0.8227500000000001,0.9283950298298884,0.0687176138162612,0.4461062848567962,0.2658473908436632,2.6137678623199463,2.0,0.8372355045501849,0.7365031088879648,0.2,,,
vit_tiny_patch16_224,mix25,1,mix25_2+mix25_3,2,task_arithmetic,0.8440000000000001,0.9525876547037696,0.0687176138162612,0.4461062848567962,0.2658473908436632,2.6137678623199463,2.0,0.8372355045501849,0.7365031088879648,0.3,,,
vit_tiny_patch16_224,mix25,1,mix25_2+mix25_3,2,task_arithmetic,0.86425,0.975649796503477,0.0687176138162612,0.4461062848567962,0.2658473908436632,2.6137678623199463,2.0,0.8372355045501849,0.7365031088879648,0.5,,,
vit_tiny_patch16_224,mix25,1,mix25_2+mix25_3,2,task_arithmetic,0.85025,0.959981569042882,0.0687176138162612,0.4461062848567962,0.2658473908436632,2.6137678623199463,2.0,0.8372355045501849,0.7365031088879648,1.0,,,
vit_tiny_patch16_224,mix25,1,mix25_2+mix25_3,2,ties,0.83575,0.9431366056735322,0.0687176138162612,0.4461062848567962,0.2658473908436632,2.6137678623199463,2.0,0.8372355045501849,0.7365031088879648,0.5,0.2,,
vit_tiny_patch16_224,mix25,1,mix25_2+mix25_3,2,ties,0.86225,0.9732302947772894,0.0687176138162612,0.4461062848567962,0.2658473908436632,2.6137678623199463,2.0,0.8372355045501849,0.7365031088879648,1.0,0.2,,
vit_tiny_patch16_224,mix25,1,mix25_2+mix25_3,2,dare,0.8355,0.9433182676686626,0.0687176138162612,0.4461062848567962,0.2658473908436632,2.6137678623199463,2.0,0.8372355045501849,0.7365031088879648,1.0,0.2,0.9,0.0
vit_tiny_patch16_224,mix25,1,mix25_2+mix25_3,2,dare,0.8355,0.94311443621144,0.0687176138162612,0.4461062848567962,0.2658473908436632,2.6137678623199463,2.0,0.8372355045501849,0.7365031088879648,1.0,0.2,0.9,1.0
vit_tiny_patch16_224,mix25,1,mix25_2+mix25_3,2,dare,0.83075,0.9377786135186508,0.0687176138162612,0.4461062848567962,0.2658473908436632,2.6137678623199463,2.0,0.8372355045501849,0.7365031088879648,1.0,0.2,0.9,2.0
vit_tiny_patch16_224,mix25,1,mix25_2+mix25_4,2,averaging,0.87025,0.979385955310882,0.0780875757336616,0.4389931857585907,0.2792466132294787,2.6052528619766235,2.0,0.851939630261375,0.7458662348859909,,,,
vit_tiny_patch16_224,mix25,1,mix25_2+mix25_4,2,task_arithmetic,0.804,0.90426348362428,0.0780875757336616,0.4389931857585907,0.2792466132294787,2.6052528619766235,2.0,0.851939630261375,0.7458662348859909,0.1,,,
vit_tiny_patch16_224,mix25,1,mix25_2+mix25_4,2,task_arithmetic,0.82975,0.9335270862224152,0.0780875757336616,0.4389931857585907,0.2792466132294787,2.6052528619766235,2.0,0.851939630261375,0.7458662348859909,0.2,,,
vit_tiny_patch16_224,mix25,1,mix25_2+mix25_4,2,task_arithmetic,0.8460000000000001,0.9519342452124128,0.0780875757336616,0.4389931857585907,0.2792466132294787,2.6052528619766235,2.0,0.851939630261375,0.7458662348859909,0.3,,,
vit_tiny_patch16_224,mix25,1,mix25_2+mix25_4,2,task_arithmetic,0.87025,0.979385955310882,0.0780875757336616,0.4389931857585907,0.2792466132294787,2.6052528619766235,2.0,0.851939630261375,0.7458662348859909,0.5,,,
vit_tiny_patch16_224,mix25,1,mix25_2+mix25_4,2,task_arithmetic,0.85875,0.9665396343156132,0.0780875757336616,0.4389931857585907,0.2792466132294787,2.6052528619766235,2.0,0.851939630261375,0.7458662348859909,1.0,,,
vit_tiny_patch16_224,mix25,1,mix25_2+mix25_4,2,ties,0.839,0.9439931369535016,0.0780875757336616,0.4389931857585907,0.2792466132294787,2.6052528619766235,2.0,0.851939630261375,0.7458662348859909,0.5,0.2,,
vit_tiny_patch16_224,mix25,1,mix25_2+mix25_4,2,ties,0.8685,0.9777141346968056,0.0780875757336616,0.4389931857585907,0.2792466132294787,2.6052528619766235,2.0,0.851939630261375,0.7458662348859909,1.0,0.2,,
vit_tiny_patch16_224,mix25,1,mix25_2+mix25_4,2,dare,0.8460000000000001,0.9517895730044198,0.0780875757336616,0.4389931857585907,0.2792466132294787,2.6052528619766235,2.0,0.851939630261375,0.7458662348859909,1.0,0.2,0.9,0.0
vit_tiny_patch16_224,mix25,1,mix25_2+mix25_4,2,dare,0.837,0.9414969068383952,0.0780875757336616,0.4389931857585907,0.2792466132294787,2.6052528619766235,2.0,0.851939630261375,0.7458662348859909,1.0,0.2,0.9,1.0
vit_tiny_patch16_224,mix25,1,mix25_2+mix25_4,2,dare,0.84325,0.9484115086741458,0.0780875757336616,0.4389931857585907,0.2792466132294787,2.6052528619766235,2.0,0.851939630261375,0.7458662348859909,1.0,0.2,0.9,2.0
vit_tiny_patch16_224,mix25,1,mix25_3+mix25_4,2,averaging,0.89575,0.9694166664958556,0.0770653635263443,0.4395914673805237,0.2703785097722081,2.580016016960144,2.0,0.8342426437234384,0.7299812695616519,,,,
vit_tiny_patch16_224,mix25,1,mix25_3+mix25_4,2,task_arithmetic,0.84625,0.915838989376234,0.0770653635263443,0.4395914673805237,0.2703785097722081,2.580016016960144,2.0,0.8342426437234384,0.7299812695616519,0.1,,,
vit_tiny_patch16_224,mix25,1,mix25_3+mix25_4,2,task_arithmetic,0.87175,0.943455627234392,0.0770653635263443,0.4395914673805237,0.2703785097722081,2.580016016960144,2.0,0.8342426437234384,0.7299812695616519,0.2,,,
vit_tiny_patch16_224,mix25,1,mix25_3+mix25_4,2,task_arithmetic,0.882,0.9545348731317782,0.0770653635263443,0.4395914673805237,0.2703785097722081,2.580016016960144,2.0,0.8342426437234384,0.7299812695616519,0.3,,,
vit_tiny_patch16_224,mix25,1,mix25_3+mix25_4,2,task_arithmetic,0.89575,0.9694166664958556,0.0770653635263443,0.4395914673805237,0.2703785097722081,2.580016016960144,2.0,0.8342426437234384,0.7299812695616519,0.5,,,
vit_tiny_patch16_224,mix25,1,mix25_3+mix25_4,2,task_arithmetic,0.882,0.9545231603719856,0.0770653635263443,0.4395914673805237,0.2703785097722081,2.580016016960144,2.0,0.8342426437234384,0.7299812695616519,1.0,,,
vit_tiny_patch16_224,mix25,1,mix25_3+mix25_4,2,ties,0.88225,0.9548134904053464,0.0770653635263443,0.4395914673805237,0.2703785097722081,2.580016016960144,2.0,0.8342426437234384,0.7299812695616519,0.5,0.2,,
vit_tiny_patch16_224,mix25,1,mix25_3+mix25_4,2,ties,0.89775,0.9715928972653342,0.0770653635263443,0.4395914673805237,0.2703785097722081,2.580016016960144,2.0,0.8342426437234384,0.7299812695616519,1.0,0.2,,
vit_tiny_patch16_224,mix25,1,mix25_3+mix25_4,2,dare,0.875,0.946929778198396,0.0770653635263443,0.4395914673805237,0.2703785097722081,2.580016016960144,2.0,0.8342426437234384,0.7299812695616519,1.0,0.2,0.9,0.0
vit_tiny_patch16_224,mix25,1,mix25_3+mix25_4,2,dare,0.879,0.9512719910725344,0.0770653635263443,0.4395914673805237,0.2703785097722081,2.580016016960144,2.0,0.8342426437234384,0.7299812695616519,1.0,0.2,0.9,1.0
vit_tiny_patch16_224,mix25,1,mix25_3+mix25_4,2,dare,0.87375,0.945587935154648,0.0770653635263443,0.4395914673805237,0.2703785097722081,2.580016016960144,2.0,0.8342426437234384,0.7299812695616519,1.0,0.2,0.9,2.0
vit_tiny_patch16_224,mix25,1,mix25_0+mix25_1+mix25_2,3,averaging,0.8491666666666667,0.962706117641083,0.0745455250144004,0.4416492680708567,0.2763312876990451,2.633244514465332,3.0,0.8441569743478027,0.7348995118313493,,,,
vit_tiny_patch16_224,mix25,1,mix25_0+mix25_1+mix25_2,3,task_arithmetic,0.8068333333333334,0.9144161399612564,0.0745455250144004,0.4416492680708567,0.2763312876990451,2.633244514465332,3.0,0.8441569743478027,0.7348995118313493,0.1,,,
vit_tiny_patch16_224,mix25,1,mix25_0+mix25_1+mix25_2,3,task_arithmetic,0.8358333333333334,0.9475691573738726,0.0745455250144004,0.4416492680708567,0.2763312876990451,2.633244514465332,3.0,0.8441569743478027,0.7348995118313493,0.2,,,
vit_tiny_patch16_224,mix25,1,mix25_0+mix25_1+mix25_2,3,task_arithmetic,0.8471666666666667,0.9604238046625748,0.0745455250144004,0.4416492680708567,0.2763312876990451,2.633244514465332,3.0,0.8441569743478027,0.7348995118313493,0.3,,,
vit_tiny_patch16_224,mix25,1,mix25_0+mix25_1+mix25_2,3,task_arithmetic,0.8516666666666666,0.9656155178856142,0.0745455250144004,0.4416492680708567,0.2763312876990451,2.633244514465332,3.0,0.8441569743478027,0.7348995118313493,0.5,,,
vit_tiny_patch16_224,mix25,1,mix25_0+mix25_1+mix25_2,3,task_arithmetic,0.7788333333333334,0.8820866404369362,0.0745455250144004,0.4416492680708567,0.2763312876990451,2.633244514465332,3.0,0.8441569743478027,0.7348995118313493,1.0,,,
vit_tiny_patch16_224,mix25,1,mix25_0+mix25_1+mix25_2,3,ties,0.8388333333333334,0.95092743820003,0.0745455250144004,0.4416492680708567,0.2763312876990451,2.633244514465332,3.0,0.8441569743478027,0.7348995118313493,0.5,0.2,,
vit_tiny_patch16_224,mix25,1,mix25_0+mix25_1+mix25_2,3,ties,0.8555,0.9701166791092845,0.0745455250144004,0.4416492680708567,0.2763312876990451,2.633244514465332,3.0,0.8441569743478027,0.7348995118313493,1.0,0.2,,
vit_tiny_patch16_224,mix25,1,mix25_0+mix25_1+mix25_2,3,dare,0.7656666666666666,0.8672274351490635,0.0745455250144004,0.4416492680708567,0.2763312876990451,2.633244514465332,3.0,0.8441569743478027,0.7348995118313493,1.0,0.2,0.9,0.0
vit_tiny_patch16_224,mix25,1,mix25_0+mix25_1+mix25_2,3,dare,0.7581666666666668,0.8582481045462726,0.0745455250144004,0.4416492680708567,0.2763312876990451,2.633244514465332,3.0,0.8441569743478027,0.7348995118313493,1.0,0.2,0.9,1.0
vit_tiny_patch16_224,mix25,1,mix25_0+mix25_1+mix25_2,3,dare,0.7598333333333334,0.8600656130127319,0.0745455250144004,0.4416492680708567,0.2763312876990451,2.633244514465332,3.0,0.8441569743478027,0.7348995118313493,1.0,0.2,0.9,2.0
vit_tiny_patch16_224,mix25,1,mix25_0+mix25_1+mix25_3,3,averaging,0.8756666666666666,0.9671700889253664,0.0815315172076225,0.4362385968367259,0.2899001873022518,2.616419951121012,3.0,0.862703665062531,0.7243095349484565,,,,
vit_tiny_patch16_224,mix25,1,mix25_0+mix25_1+mix25_3,3,task_arithmetic,0.8396666666666667,0.9271079737255832,0.0815315172076225,0.4362385968367259,0.2899001873022518,2.616419951121012,3.0,0.862703665062531,0.7243095349484565,0.1,,,
vit_tiny_patch16_224,mix25,1,mix25_0+mix25_1+mix25_3,3,task_arithmetic,0.8635,0.9535985254533652,0.0815315172076225,0.4362385968367259,0.2899001873022518,2.616419951121012,3.0,0.862703665062531,0.7243095349484565,0.2,,,
vit_tiny_patch16_224,mix25,1,mix25_0+mix25_1+mix25_3,3,task_arithmetic,0.8744999999999999,0.9658517734791172,0.0815315172076225,0.4362385968367259,0.2899001873022518,2.616419951121012,3.0,0.862703665062531,0.7243095349484565,0.3,,,
vit_tiny_patch16_224,mix25,1,mix25_0+mix25_1+mix25_3,3,task_arithmetic,0.871,0.961951593449271,0.0815315172076225,0.4362385968367259,0.2899001873022518,2.616419951121012,3.0,0.862703665062531,0.7243095349484565,0.5,,,
vit_tiny_patch16_224,mix25,1,mix25_0+mix25_1+mix25_3,3,task_arithmetic,0.7838333333333334,0.8649046858494627,0.0815315172076225,0.4362385968367259,0.2899001873022518,2.616419951121012,3.0,0.862703665062531,0.7243095349484565,1.0,,,
vit_tiny_patch16_224,mix25,1,mix25_0+mix25_1+mix25_3,3,ties,0.8706666666666667,0.9615569147987952,0.0815315172076225,0.4362385968367259,0.2899001873022518,2.616419951121012,3.0,0.862703665062531,0.7243095349484565,0.5,0.2,,
vit_tiny_patch16_224,mix25,1,mix25_0+mix25_1+mix25_3,3,ties,0.879,0.9708562303366912,0.0815315172076225,0.4362385968367259,0.2899001873022518,2.616419951121012,3.0,0.862703665062531,0.7243095349484565,1.0,0.2,,
vit_tiny_patch16_224,mix25,1,mix25_0+mix25_1+mix25_3,3,dare,0.7693333333333333,0.8489330417656408,0.0815315172076225,0.4362385968367259,0.2899001873022518,2.616419951121012,3.0,0.862703665062531,0.7243095349484565,1.0,0.2,0.9,0.0
vit_tiny_patch16_224,mix25,1,mix25_0+mix25_1+mix25_3,3,dare,0.7731666666666667,0.8529002336788855,0.0815315172076225,0.4362385968367259,0.2899001873022518,2.616419951121012,3.0,0.862703665062531,0.7243095349484565,1.0,0.2,0.9,1.0
vit_tiny_patch16_224,mix25,1,mix25_0+mix25_1+mix25_3,3,dare,0.778,0.8584013940350124,0.0815315172076225,0.4362385968367259,0.2899001873022518,2.616419951121012,3.0,0.862703665062531,0.7243095349484565,1.0,0.2,0.9,2.0
vit_tiny_patch16_224,mix25,1,mix25_0+mix25_1+mix25_4,3,averaging,0.8718333333333333,0.9611727686889694,0.0765623350938161,0.4400452276070912,0.2774177256213774,2.610743284225464,3.0,0.8366671934299305,0.7305516189471405,,,,
vit_tiny_patch16_224,mix25,1,mix25_0+mix25_1+mix25_4,3,task_arithmetic,0.8370000000000001,0.9223860713753256,0.0765623350938161,0.4400452276070912,0.2774177256213774,2.610743284225464,3.0,0.8366671934299305,0.7305516189471405,0.1,,,
vit_tiny_patch16_224,mix25,1,mix25_0+mix25_1+mix25_4,3,task_arithmetic,0.8611666666666666,0.9492603960423794,0.0765623350938161,0.4400452276070912,0.2774177256213774,2.610743284225464,3.0,0.8366671934299305,0.7305516189471405,0.2,,,
vit_tiny_patch16_224,mix25,1,mix25_0+mix25_1+mix25_4,3,task_arithmetic,0.8711666666666668,0.9604147919869156,0.0765623350938161,0.4400452276070912,0.2774177256213774,2.610743284225464,3.0,0.8366671934299305,0.7305516189471405,0.3,,,
vit_tiny_patch16_224,mix25,1,mix25_0+mix25_1+mix25_4,3,task_arithmetic,0.8708333333333332,0.9599317179071152,0.0765623350938161,0.4400452276070912,0.2774177256213774,2.610743284225464,3.0,0.8366671934299305,0.7305516189471405,0.5,,,
vit_tiny_patch16_224,mix25,1,mix25_0+mix25_1+mix25_4,3,task_arithmetic,0.8005,0.8815725563360651,0.0765623350938161,0.4400452276070912,0.2774177256213774,2.610743284225464,3.0,0.8366671934299305,0.7305516189471405,1.0,,,
vit_tiny_patch16_224,mix25,1,mix25_0+mix25_1+mix25_4,3,ties,0.868,0.9568474820720836,0.0765623350938161,0.4400452276070912,0.2774177256213774,2.610743284225464,3.0,0.8366671934299305,0.7305516189471405,0.5,0.2,,
vit_tiny_patch16_224,mix25,1,mix25_0+mix25_1+mix25_4,3,ties,0.878,0.9680330471407343,0.0765623350938161,0.4400452276070912,0.2774177256213774,2.610743284225464,3.0,0.8366671934299305,0.7305516189471405,1.0,0.2,,
vit_tiny_patch16_224,mix25,1,mix25_0+mix25_1+mix25_4,3,dare,0.783,0.8622547497759275,0.0765623350938161,0.4400452276070912,0.2774177256213774,2.610743284225464,3.0,0.8366671934299305,0.7305516189471405,1.0,0.2,0.9,0.0
vit_tiny_patch16_224,mix25,1,mix25_0+mix25_1+mix25_4,3,dare,0.7886666666666667,0.868344050903714,0.0765623350938161,0.4400452276070912,0.2774177256213774,2.610743284225464,3.0,0.8366671934299305,0.7305516189471405,1.0,0.2,0.9,1.0
vit_tiny_patch16_224,mix25,1,mix25_0+mix25_1+mix25_4,3,dare,0.7926666666666667,0.8728158404289096,0.0765623350938161,0.4400452276070912,0.2774177256213774,2.610743284225464,3.0,0.8366671934299305,0.7305516189471405,1.0,0.2,0.9,2.0
vit_tiny_patch16_224,mix25,1,mix25_0+mix25_2+mix25_3,3,averaging,0.8418333333333333,0.9574294593646888,0.0730853428443272,0.4427470962206523,0.2757802934394142,2.6388820012410483,3.0,0.8450999317573302,0.734195286985472,,,,
vit_tiny_patch16_224,mix25,1,mix25_0+mix25_2+mix25_3,3,task_arithmetic,0.7988333333333334,0.90832072550388,0.0730853428443272,0.4427470962206523,0.2757802934394142,2.6388820012410483,3.0,0.8450999317573302,0.734195286985472,0.1,,,
vit_tiny_patch16_224,mix25,1,mix25_0+mix25_2+mix25_3,3,task_arithmetic,0.8248333333333333,0.9381285546019524,0.0730853428443272,0.4427470962206523,0.2757802934394142,2.6388820012410483,3.0,0.8450999317573302,0.734195286985472,0.2,,,
vit_tiny_patch16_224,mix25,1,mix25_0+mix25_2+mix25_3,3,task_arithmetic,0.8401666666666667,0.9555589058754222,0.0730853428443272,0.4427470962206523,0.2757802934394142,2.6388820012410483,3.0,0.8450999317573302,0.734195286985472,0.3,,,
vit_tiny_patch16_224,mix25,1,mix25_0+mix25_2+mix25_3,3,task_arithmetic,0.844,0.9599415043527328,0.0730853428443272,0.4427470962206523,0.2757802934394142,2.6388820012410483,3.0,0.8450999317573302,0.734195286985472,0.5,,,
vit_tiny_patch16_224,mix25,1,mix25_0+mix25_2+mix25_3,3,task_arithmetic,0.7746666666666666,0.8809833108021429,0.0730853428443272,0.4427470962206523,0.2757802934394142,2.6388820012410483,3.0,0.8450999317573302,0.734195286985472,1.0,,,
vit_tiny_patch16_224,mix25,1,mix25_0+mix25_2+mix25_3,3,ties,0.8308333333333332,0.94488919301231,0.0730853428443272,0.4427470962206523,0.2757802934394142,2.6388820012410483,3.0,0.8450999317573302,0.734195286985472,0.5,0.2,,
vit_tiny_patch16_224,mix25,1,mix25_0+mix25_2+mix25_3,3,ties,0.8471666666666667,0.9635617723802644,0.0730853428443272,0.4427470962206523,0.2757802934394142,2.6388820012410483,3.0,0.8450999317573302,0.734195286985472,1.0,0.2,,
vit_tiny_patch16_224,mix25,1,mix25_0+mix25_2+mix25_3,3,dare,0.7561666666666667,0.8596926271365376,0.0730853428443272,0.4427470962206523,0.2757802934394142,2.6388820012410483,3.0,0.8450999317573302,0.734195286985472,1.0,0.2,0.9,0.0
vit_tiny_patch16_224,mix25,1,mix25_0+mix25_2+mix25_3,3,dare,0.7561666666666667,0.8595401272131572,0.0730853428443272,0.4427470962206523,0.2757802934394142,2.6388820012410483,3.0,0.8450999317573302,0.734195286985472,1.0,0.2,0.9,1.0
vit_tiny_patch16_224,mix25,1,mix25_0+mix25_2+mix25_3,3,dare,0.7605,0.86443323945179,0.0730853428443272,0.4427470962206523,0.2757802934394142,2.6388820012410483,3.0,0.8450999317573302,0.734195286985472,1.0,0.2,0.9,2.0
vit_tiny_patch16_224,mix25,1,mix25_0+mix25_2+mix25_4,3,averaging,0.8381666666666666,0.9514809913431052,0.072058896223704,0.443541556596756,0.2714402712627823,2.6332053343454995,3.0,0.8385512003015979,0.740437370984156,,,,
vit_tiny_patch16_224,mix25,1,mix25_0+mix25_2+mix25_4,3,task_arithmetic,0.8001666666666667,0.9079429367493748,0.072058896223704,0.443541556596756,0.2714402712627823,2.6332053343454995,3.0,0.8385512003015979,0.740437370984156,0.1,,,
vit_tiny_patch16_224,mix25,1,mix25_0+mix25_2+mix25_4,3,task_arithmetic,0.8238333333333333,0.9350617294544398,0.072058896223704,0.443541556596756,0.2714402712627823,2.6332053343454995,3.0,0.8385512003015979,0.740437370984156,0.2,,,
vit_tiny_patch16_224,mix25,1,mix25_0+mix25_2+mix25_4,3,task_arithmetic,0.835,0.947850066537832,0.072058896223704,0.443541556596756,0.2714402712627823,2.6332053343454995,3.0,0.8385512003015979,0.740437370984156,0.3,,,
vit_tiny_patch16_224,mix25,1,mix25_0+mix25_2+mix25_4,3,task_arithmetic,0.8443333333333333,0.9584345848037056,0.072058896223704,0.443541556596756,0.2714402712627823,2.6332053343454995,3.0,0.8385512003015979,0.740437370984156,0.5,,,
vit_tiny_patch16_224,mix25,1,mix25_0+mix25_2+mix25_4,3,task_arithmetic,0.7761666666666667,0.880288235030721,0.072058896223704,0.443541556596756,0.2714402712627823,2.6332053343454995,3.0,0.8385512003015979,0.740437370984156,1.0,,,
vit_tiny_patch16_224,mix25,1,mix25_0+mix25_2+mix25_4,3,ties,0.8306666666666667,0.9428557753061724,0.072058896223704,0.443541556596756,0.2714402712627823,2.6332053343454995,3.0,0.8385512003015979,0.740437370984156,0.5,0.2,,
vit_tiny_patch16_224,mix25,1,mix25_0+mix25_2+mix25_4,3,ties,0.8486666666666666,0.9635099261666664,0.072058896223704,0.443541556596756,0.2714402712627823,2.6332053343454995,3.0,0.8385512003015979,0.740437370984156,1.0,0.2,,
vit_tiny_patch16_224,mix25,1,mix25_0+mix25_2+mix25_4,3,dare,0.7598333333333334,0.8616541586018361,0.072058896223704,0.443541556596756,0.2714402712627823,2.6332053343454995,3.0,0.8385512003015979,0.740437370984156,1.0,0.2,0.9,0.0
vit_tiny_patch16_224,mix25,1,mix25_0+mix25_2+mix25_4,3,dare,0.7616666666666667,0.86372326409971,0.072058896223704,0.443541556596756,0.2714402712627823,2.6332053343454995,3.0,0.8385512003015979,0.740437370984156,1.0,0.2,0.9,1.0
vit_tiny_patch16_224,mix25,1,mix25_0+mix25_2+mix25_4,3,dare,0.759,0.8608468616329947,0.072058896223704,0.443541556596756,0.2714402712627823,2.6332053343454995,3.0,0.8385512003015979,0.740437370984156,1.0,0.2,0.9,2.0
vit_tiny_patch16_224,mix25,1,mix25_0+mix25_3+mix25_4,3,averaging,0.8648333333333333,0.9561117422132956,0.0765665049354235,0.4400095244248708,0.2785126329698837,2.61638077100118,3.0,0.8408772261225801,0.7298473941012632,,,,
vit_tiny_patch16_224,mix25,1,mix25_0+mix25_3+mix25_4,3,task_arithmetic,0.8298333333333333,0.9170731130348968,0.0765665049354235,0.4400095244248708,0.2785126329698837,2.61638077100118,3.0,0.8408772261225801,0.7298473941012632,0.1,,,
vit_tiny_patch16_224,mix25,1,mix25_0+mix25_3+mix25_4,3,task_arithmetic,0.8530000000000001,0.9429641566588892,0.0765665049354235,0.4400095244248708,0.2785126329698837,2.61638077100118,3.0,0.8408772261225801,0.7298473941012632,0.2,,,
vit_tiny_patch16_224,mix25,1,mix25_0+mix25_3+mix25_4,3,task_arithmetic,0.8628333333333332,0.9538848080276532,0.0765665049354235,0.4400095244248708,0.2785126329698837,2.61638077100118,3.0,0.8408772261225801,0.7298473941012632,0.3,,,
vit_tiny_patch16_224,mix25,1,mix25_0+mix25_3+mix25_4,3,task_arithmetic,0.8685,0.9600302875029508,0.0765665049354235,0.4400095244248708,0.2785126329698837,2.61638077100118,3.0,0.8408772261225801,0.7298473941012632,0.5,,,
vit_tiny_patch16_224,mix25,1,mix25_0+mix25_3+mix25_4,3,task_arithmetic,0.805,0.8891373931430883,0.0765665049354235,0.4400095244248708,0.2785126329698837,2.61638077100118,3.0,0.8408772261225801,0.7298473941012632,1.0,,,
vit_tiny_patch16_224,mix25,1,mix25_0+mix25_3+mix25_4,3,ties,0.8603333333333333,0.9512098753842388,0.0765665049354235,0.4400095244248708,0.2785126329698837,2.61638077100118,3.0,0.8408772261225801,0.7298473941012632,0.5,0.2,,
vit_tiny_patch16_224,mix25,1,mix25_0+mix25_3+mix25_4,3,ties,0.872,0.9641161323568554,0.0765665049354235,0.4400095244248708,0.2785126329698837,2.61638077100118,3.0,0.8408772261225801,0.7298473941012632,1.0,0.2,,
vit_tiny_patch16_224,mix25,1,mix25_0+mix25_3+mix25_4,3,dare,0.7879999999999999,0.8704064326018467,0.0765665049354235,0.4400095244248708,0.2785126329698837,2.61638077100118,3.0,0.8408772261225801,0.7298473941012632,1.0,0.2,0.9,0.0
vit_tiny_patch16_224,mix25,1,mix25_0+mix25_3+mix25_4,3,dare,0.8013333333333333,0.885453892358027,0.0765665049354235,0.4400095244248708,0.2785126329698837,2.61638077100118,3.0,0.8408772261225801,0.7298473941012632,1.0,0.2,0.9,1.0
vit_tiny_patch16_224,mix25,1,mix25_0+mix25_3+mix25_4,3,dare,0.7995000000000001,0.8832878499190082,0.0765665049354235,0.4400095244248708,0.2785126329698837,2.61638077100118,3.0,0.8408772261225801,0.7298473941012632,1.0,0.2,0.9,2.0
vit_tiny_patch16_224,mix25,1,mix25_1+mix25_2+mix25_3,3,averaging,0.8675,0.9633793776114586,0.0758818089962005,0.4406299988428752,0.2773085721682048,2.5997180938720703,3.0,0.8475127213683585,0.7319123452923958,,,,
vit_tiny_patch16_224,mix25,1,mix25_1+mix25_2+mix25_3,3,task_arithmetic,0.8305000000000001,0.9218886296842352,0.0758818089962005,0.4406299988428752,0.2773085721682048,2.5997180938720703,3.0,0.8475127213683585,0.7319123452923958,0.1,,,
vit_tiny_patch16_224,mix25,1,mix25_1+mix25_2+mix25_3,3,task_arithmetic,0.8571666666666666,0.9518457790942108,0.0758818089962005,0.4406299988428752,0.2773085721682048,2.5997180938720703,3.0,0.8475127213683585,0.7319123452923958,0.2,,,
vit_tiny_patch16_224,mix25,1,mix25_1+mix25_2+mix25_3,3,task_arithmetic,0.8666666666666667,0.9625120699281036,0.0758818089962005,0.4406299988428752,0.2773085721682048,2.5997180938720703,3.0,0.8475127213683585,0.7319123452923958,0.3,,,
vit_tiny_patch16_224,mix25,1,mix25_1+mix25_2+mix25_3,3,task_arithmetic,0.8681666666666666,0.9643252245026042,0.0758818089962005,0.4406299988428752,0.2773085721682048,2.5997180938720703,3.0,0.8475127213683585,0.7319123452923958,0.5,,,
vit_tiny_patch16_224,mix25,1,mix25_1+mix25_2+mix25_3,3,task_arithmetic,0.7813333333333334,0.8672046145909825,0.0758818089962005,0.4406299988428752,0.2773085721682048,2.5997180938720703,3.0,0.8475127213683585,0.7319123452923958,1.0,,,
vit_tiny_patch16_224,mix25,1,mix25_1+mix25_2+mix25_3,3,ties,0.8603333333333333,0.9552602888585396,0.0758818089962005,0.4406299988428752,0.2773085721682048,2.5997180938720703,3.0,0.8475127213683585,0.7319123452923958,0.5,0.2,,
vit_tiny_patch16_224,mix25,1,mix25_1+mix25_2+mix25_3,3,ties,0.8676666666666666,0.9636919395172892,0.0758818089962005,0.4406299988428752,0.2773085721682048,2.5997180938720703,3.0,0.8475127213683585,0.7319123452923958,1.0,0.2,,
vit_tiny_patch16_224,mix25,1,mix25_1+mix25_2+mix25_3,3,dare,0.7663333333333333,0.8507221439955579,0.0758818089962005,0.4406299988428752,0.2773085721682048,2.5997180938720703,3.0,0.8475127213683585,0.7319123452923958,1.0,0.2,0.9,0.0
vit_tiny_patch16_224,mix25,1,mix25_1+mix25_2+mix25_3,3,dare,0.7638333333333334,0.8473502906251379,0.0758818089962005,0.4406299988428752,0.2773085721682048,2.5997180938720703,3.0,0.8475127213683585,0.7319123452923958,1.0,0.2,0.9,1.0
vit_tiny_patch16_224,mix25,1,mix25_1+mix25_2+mix25_3,3,dare,0.7753333333333333,0.8603363793097051,0.0758818089962005,0.4406299988428752,0.2773085721682048,2.5997180938720703,3.0,0.8475127213683585,0.7319123452923958,1.0,0.2,0.9,2.0
vit_tiny_patch16_224,mix25,1,mix25_1+mix25_2+mix25_4,3,averaging,0.8673333333333333,0.961525922804954,0.0781857147812843,0.4389001031716664,0.2780989475878392,2.594041426976522,3.0,0.837827731665617,0.7381544292910798,,,,
vit_tiny_patch16_224,mix25,1,mix25_1+mix25_2+mix25_4,3,task_arithmetic,0.8338333333333333,0.923896255788447,0.0781857147812843,0.4389001031716664,0.2780989475878392,2.594041426976522,3.0,0.837827731665617,0.7381544292910798,0.1,,,
vit_tiny_patch16_224,mix25,1,mix25_1+mix25_2+mix25_4,3,task_arithmetic,0.8543333333333333,0.9469248454629052,0.0781857147812843,0.4389001031716664,0.2780989475878392,2.594041426976522,3.0,0.837827731665617,0.7381544292910798,0.2,,,
vit_tiny_patch16_224,mix25,1,mix25_1+mix25_2+mix25_4,3,task_arithmetic,0.8668333333333335,0.960937645846282,0.0781857147812843,0.4389001031716664,0.2780989475878392,2.594041426976522,3.0,0.837827731665617,0.7381544292910798,0.3,,,
vit_tiny_patch16_224,mix25,1,mix25_1+mix25_2+mix25_4,3,task_arithmetic,0.8676666666666666,0.9620177845985116,0.0781857147812843,0.4389001031716664,0.2780989475878392,2.594041426976522,3.0,0.837827731665617,0.7381544292910798,0.5,,,
vit_tiny_patch16_224,mix25,1,mix25_1+mix25_2+mix25_4,3,task_arithmetic,0.8028333333333334,0.8895377924127433,0.0781857147812843,0.4389001031716664,0.2780989475878392,2.594041426976522,3.0,0.837827731665617,0.7381544292910798,1.0,,,
vit_tiny_patch16_224,mix25,1,mix25_1+mix25_2+mix25_4,3,ties,0.8596666666666666,0.9529506713829492,0.0781857147812843,0.4389001031716664,0.2780989475878392,2.594041426976522,3.0,0.837827731665617,0.7381544292910798,0.5,0.2,,
vit_tiny_patch16_224,mix25,1,mix25_1+mix25_2+mix25_4,3,ties,0.8694999999999999,0.9640440068646956,0.0781857147812843,0.4389001031716664,0.2780989475878392,2.594041426976522,3.0,0.837827731665617,0.7381544292910798,1.0,0.2,,
vit_tiny_patch16_224,mix25,1,mix25_1+mix25_2+mix25_4,3,dare,0.778,0.8618584396915563,0.0781857147812843,0.4389001031716664,0.2780989475878392,2.594041426976522,3.0,0.837827731665617,0.7381544292910798,1.0,0.2,0.9,0.0
vit_tiny_patch16_224,mix25,1,mix25_1+mix25_2+mix25_4,3,dare,0.7826666666666666,0.8667076457471614,0.0781857147812843,0.4389001031716664,0.2780989475878392,2.594041426976522,3.0,0.837827731665617,0.7381544292910798,1.0,0.2,0.9,1.0
vit_tiny_patch16_224,mix25,1,mix25_1+mix25_2+mix25_4,3,dare,0.781,0.8652399418985525,0.0781857147812843,0.4389001031716664,0.2780989475878392,2.594041426976522,3.0,0.837827731665617,0.7381544292910798,1.0,0.2,0.9,2.0
vit_tiny_patch16_224,mix25,1,mix25_1+mix25_3+mix25_4,3,averaging,0.8930000000000001,0.96485079507276,0.0799826234579086,0.4374203185240428,0.2786834165124308,2.577216863632202,3.0,0.8422504055340724,0.7275644524081871,,,,
vit_tiny_patch16_224,mix25,1,mix25_1+mix25_3+mix25_4,3,task_arithmetic,0.8623333333333333,0.9317265080265996,0.0799826234579086,0.4374203185240428,0.2786834165124308,2.577216863632202,3.0,0.8422504055340724,0.7275644524081871,0.1,,,
vit_tiny_patch16_224,mix25,1,mix25_1+mix25_3+mix25_4,3,task_arithmetic,0.8813333333333334,0.9522518973028192,0.0799826234579086,0.4374203185240428,0.2786834165124308,2.577216863632202,3.0,0.8422504055340724,0.7275644524081871,0.2,,,
vit_tiny_patch16_224,mix25,1,mix25_1+mix25_3+mix25_4,3,task_arithmetic,0.8926666666666666,0.9644956973515134,0.0799826234579086,0.4374203185240428,0.2786834165124308,2.577216863632202,3.0,0.8422504055340724,0.7275644524081871,0.3,,,
vit_tiny_patch16_224,mix25,1,mix25_1+mix25_3+mix25_4,3,task_arithmetic,0.887,0.95836951295059,0.0799826234579086,0.4374203185240428,0.2786834165124308,2.577216863632202,3.0,0.8422504055340724,0.7275644524081871,0.5,,,
vit_tiny_patch16_224,mix25,1,mix25_1+mix25_3+mix25_4,3,task_arithmetic,0.7931666666666667,0.8568619587126817,0.0799826234579086,0.4374203185240428,0.2786834165124308,2.577216863632202,3.0,0.8422504055340724,0.7275644524081871,1.0,,,
vit_tiny_patch16_224,mix25,1,mix25_1+mix25_3+mix25_4,3,ties,0.886,0.9572915309637416,0.0799826234579086,0.4374203185240428,0.2786834165124308,2.577216863632202,3.0,0.8422504055340724,0.7275644524081871,0.5,0.2,,
vit_tiny_patch16_224,mix25,1,mix25_1+mix25_3+mix25_4,3,ties,0.8923333333333333,0.9641452641301548,0.0799826234579086,0.4374203185240428,0.2786834165124308,2.577216863632202,3.0,0.8422504055340724,0.7275644524081871,1.0,0.2,,
vit_tiny_patch16_224,mix25,1,mix25_1+mix25_3+mix25_4,3,dare,0.7691666666666667,0.8309009611323278,0.0799826234579086,0.4374203185240428,0.2786834165124308,2.577216863632202,3.0,0.8422504055340724,0.7275644524081871,1.0,0.2,0.9,0.0
vit_tiny_patch16_224,mix25,1,mix25_1+mix25_3+mix25_4,3,dare,0.7978333333333333,0.8619355534901372,0.0799826234579086,0.4374203185240428,0.2786834165124308,2.577216863632202,3.0,0.8422504055340724,0.7275644524081871,1.0,0.2,0.9,1.0
vit_tiny_patch16_224,mix25,1,mix25_1+mix25_3+mix25_4,3,dare,0.7875,0.8507425773206436,0.0799826234579086,0.4374203185240428,0.2786834165124308,2.577216863632202,3.0,0.8422504055340724,0.7275644524081871,1.0,0.2,0.9,2.0
vit_tiny_patch16_224,mix25,1,mix25_2+mix25_3+mix25_4,3,averaging,0.8593333333333333,0.9555073459578982,0.074623517692089,0.4415636459986369,0.2718241712817833,2.599678913752238,3.0,0.8411392595116661,0.7374502044452025,,,,
vit_tiny_patch16_224,mix25,1,mix25_2+mix25_3+mix25_4,3,task_arithmetic,0.8261666666666666,0.9180854178332736,0.074623517692089,0.4415636459986369,0.2718241712817833,2.599678913752238,3.0,0.8411392595116661,0.7374502044452025,0.1,,,
vit_tiny_patch16_224,mix25,1,mix25_2+mix25_3+mix25_4,3,task_arithmetic,0.8443333333333333,0.93868702425663,0.074623517692089,0.4415636459986369,0.2718241712817833,2.599678913752238,3.0,0.8411392595116661,0.7374502044452025,0.2,,,
vit_tiny_patch16_224,mix25,1,mix25_2+mix25_3+mix25_4,3,task_arithmetic,0.8581666666666666,0.954179923661482,0.074623517692089,0.4415636459986369,0.2718241712817833,2.599678913752238,3.0,0.8411392595116661,0.7374502044452025,0.3,,,
vit_tiny_patch16_224,mix25,1,mix25_2+mix25_3+mix25_4,3,task_arithmetic,0.86,0.9563827664156844,0.074623517692089,0.4415636459986369,0.2718241712817833,2.599678913752238,3.0,0.8411392595116661,0.7374502044452025,0.5,,,
vit_tiny_patch16_224,mix25,1,mix25_2+mix25_3+mix25_4,3,task_arithmetic,0.7848333333333333,0.8721463831899485,0.074623517692089,0.4415636459986369,0.2718241712817833,2.599678913752238,3.0,0.8411392595116661,0.7374502044452025,1.0,,,
vit_tiny_patch16_224,mix25,1,mix25_2+mix25_3+mix25_4,3,ties,0.8503333333333334,0.9453978154360368,0.074623517692089,0.4415636459986369,0.2718241712817833,2.599678913752238,3.0,0.8411392595116661,0.7374502044452025,0.5,0.2,,
vit_tiny_patch16_224,mix25,1,mix25_2+mix25_3+mix25_4,3,ties,0.8628333333333332,0.9594715860307376,0.074623517692089,0.4415636459986369,0.2718241712817833,2.599678913752238,3.0,0.8411392595116661,0.7374502044452025,1.0,0.2,,
vit_tiny_patch16_224,mix25,1,mix25_2+mix25_3+mix25_4,3,dare,0.7713333333333333,0.8574038728847468,0.074623517692089,0.4415636459986369,0.2718241712817833,2.599678913752238,3.0,0.8411392595116661,0.7374502044452025,1.0,0.2,0.9,0.0
vit_tiny_patch16_224,mix25,1,mix25_2+mix25_3+mix25_4,3,dare,0.7726666666666667,0.8581114748344781,0.074623517692089,0.4415636459986369,0.2718241712817833,2.599678913752238,3.0,0.8411392595116661,0.7374502044452025,1.0,0.2,0.9,1.0
vit_tiny_patch16_224,mix25,1,mix25_2+mix25_3+mix25_4,3,dare,0.7781666666666668,0.8650584869358422,0.074623517692089,0.4415636459986369,0.2718241712817833,2.599678913752238,3.0,0.8411392595116661,0.7374502044452025,1.0,0.2,0.9,2.0
vit_tiny_patch16_224,mix25,1,mix25_0+mix25_1+mix25_2+mix25_3+mix25_4,5,averaging,0.8525,0.9485727630339646,0.0763023786246776,0.4402745336294174,0.2775297505845013,2.611953115463257,5.0,0.8436786309101487,0.7329322149234703,,,,
vit_tiny_patch16_224,mix25,1,mix25_0+mix25_1+mix25_2+mix25_3+mix25_4,5,task_arithmetic,0.8361000000000001,0.9301480471014472,0.0763023786246776,0.4402745336294174,0.2775297505845013,2.611953115463257,5.0,0.8436786309101487,0.7329322149234703,0.1,,,
vit_tiny_patch16_224,mix25,1,mix25_0+mix25_1+mix25_2+mix25_3+mix25_4,5,task_arithmetic,0.8525,0.9485727630339646,0.0763023786246776,0.4402745336294174,0.2775297505845013,2.611953115463257,5.0,0.8436786309101487,0.7329322149234703,0.2,,,
vit_tiny_patch16_224,mix25,1,mix25_0+mix25_1+mix25_2+mix25_3+mix25_4,5,task_arithmetic,0.8472,0.942754534620407,0.0763023786246776,0.4402745336294174,0.2775297505845013,2.611953115463257,5.0,0.8436786309101487,0.7329322149234703,0.3,,,
vit_tiny_patch16_224,mix25,1,mix25_0+mix25_1+mix25_2+mix25_3+mix25_4,5,task_arithmetic,0.8119,0.90325108947212,0.0763023786246776,0.4402745336294174,0.2775297505845013,2.611953115463257,5.0,0.8436786309101487,0.7329322149234703,0.5,,,
vit_tiny_patch16_224,mix25,1,mix25_0+mix25_1+mix25_2+mix25_3+mix25_4,5,task_arithmetic,0.5564,0.6174655818445601,0.0763023786246776,0.4402745336294174,0.2775297505845013,2.611953115463257,5.0,0.8436786309101487,0.7329322149234703,1.0,,,
vit_tiny_patch16_224,mix25,1,mix25_0+mix25_1+mix25_2+mix25_3+mix25_4,5,ties,0.8522000000000001,0.9482463643819734,0.0763023786246776,0.4402745336294174,0.2775297505845013,2.611953115463257,5.0,0.8436786309101487,0.7329322149234703,0.5,0.2,,
vit_tiny_patch16_224,mix25,1,mix25_0+mix25_1+mix25_2+mix25_3+mix25_4,5,ties,0.8457000000000001,0.9411343602051898,0.0763023786246776,0.4402745336294174,0.2775297505845013,2.611953115463257,5.0,0.8436786309101487,0.7329322149234703,1.0,0.2,,
vit_tiny_patch16_224,mix25,1,mix25_0+mix25_1+mix25_2+mix25_3+mix25_4,5,dare,0.5906,0.6557287939389245,0.0763023786246776,0.4402745336294174,0.2775297505845013,2.611953115463257,5.0,0.8436786309101487,0.7329322149234703,1.0,0.2,0.9,0.0
vit_tiny_patch16_224,mix25,1,mix25_0+mix25_1+mix25_2+mix25_3+mix25_4,5,dare,0.5859,0.6500696202474753,0.0763023786246776,0.4402745336294174,0.2775297505845013,2.611953115463257,5.0,0.8436786309101487,0.7329322149234703,1.0,0.2,0.9,1.0
vit_tiny_patch16_224,mix25,1,mix25_0+mix25_1+mix25_2+mix25_3+mix25_4,5,dare,0.6064999999999999,0.673089299681281,0.0763023786246776,0.4402745336294174,0.2775297505845013,2.611953115463257,5.0,0.8436786309101487,0.7329322149234703,1.0,0.2,0.9,2.0
vit_tiny_patch16_224,mix50,0,mix50_0+mix50_1,2,averaging,0.8835,0.9811276196395584,0.0797277092933654,0.4376726746559143,0.2769841030820786,2.5840208530426025,2.0,0.8438359916043361,0.7390547608481248,,,,
vit_tiny_patch16_224,mix50,0,mix50_0+mix50_1,2,task_arithmetic,0.8320000000000001,0.9239490611596584,0.0797277092933654,0.4376726746559143,0.2769841030820786,2.5840208530426025,2.0,0.8438359916043361,0.7390547608481248,0.1,,,
vit_tiny_patch16_224,mix50,0,mix50_0+mix50_1,2,task_arithmetic,0.8555,0.9500412507676712,0.0797277092933654,0.4376726746559143,0.2769841030820786,2.5840208530426025,2.0,0.8438359916043361,0.7390547608481248,0.2,,,
vit_tiny_patch16_224,mix50,0,mix50_0+mix50_1,2,task_arithmetic,0.87075,0.9669771881404968,0.0797277092933654,0.4376726746559143,0.2769841030820786,2.5840208530426025,2.0,0.8438359916043361,0.7390547608481248,0.3,,,
vit_tiny_patch16_224,mix50,0,mix50_0+mix50_1,2,task_arithmetic,0.8835,0.9811276196395584,0.0797277092933654,0.4376726746559143,0.2769841030820786,2.5840208530426025,2.0,0.8438359916043361,0.7390547608481248,0.5,,,
vit_tiny_patch16_224,mix50,0,mix50_0+mix50_1,2,task_arithmetic,0.8634999999999999,0.9589807669066488,0.0797277092933654,0.4376726746559143,0.2769841030820786,2.5840208530426025,2.0,0.8438359916043361,0.7390547608481248,1.0,,,
vit_tiny_patch16_224,mix50,0,mix50_0+mix50_1,2,ties,0.8652500000000001,0.9608755891645516,0.0797277092933654,0.4376726746559143,0.2769841030820786,2.5840208530426025,2.0,0.8438359916043361,0.7390547608481248,0.5,0.2,,
vit_tiny_patch16_224,mix50,0,mix50_0+mix50_1,2,ties,0.88625,0.9841868974243242,0.0797277092933654,0.4376726746559143,0.2769841030820786,2.5840208530426025,2.0,0.8438359916043361,0.7390547608481248,1.0,0.2,,
vit_tiny_patch16_224,mix50,0,mix50_0+mix50_1,2,dare,0.85675,0.9515041423416624,0.0797277092933654,0.4376726746559143,0.2769841030820786,2.5840208530426025,2.0,0.8438359916043361,0.7390547608481248,1.0,0.2,0.9,0.0
vit_tiny_patch16_224,mix50,0,mix50_0+mix50_1,2,dare,0.857,0.9517671236931092,0.0797277092933654,0.4376726746559143,0.2769841030820786,2.5840208530426025,2.0,0.8438359916043361,0.7390547608481248,1.0,0.2,0.9,1.0
vit_tiny_patch16_224,mix50,0,mix50_0+mix50_1,2,dare,0.84575,0.9392824462876777,0.0797277092933654,0.4376726746559143,0.2769841030820786,2.5840208530426025,2.0,0.8438359916043361,0.7390547608481248,1.0,0.2,0.9,2.0
vit_tiny_patch16_224,mix50,0,mix50_0+mix50_2,2,averaging,0.895,0.985955339128324,0.0905659273266792,0.4293909668922424,0.2930317974753547,2.605146288871765,2.0,0.8587181382534995,0.7312202171745792,,,,
vit_tiny_patch16_224,mix50,0,mix50_0+mix50_2,2,task_arithmetic,0.831,0.9154321212397032,0.0905659273266792,0.4293909668922424,0.2930317974753547,2.605146288871765,2.0,0.8587181382534995,0.7312202171745792,0.1,,,
vit_tiny_patch16_224,mix50,0,mix50_0+mix50_2,2,task_arithmetic,0.8632500000000001,0.9509504088350856,0.0905659273266792,0.4293909668922424,0.2930317974753547,2.605146288871765,2.0,0.8587181382534995,0.7312202171745792,0.2,,,
vit_tiny_patch16_224,mix50,0,mix50_0+mix50_2,2,task_arithmetic,0.8805000000000001,0.9699409881824664,0.0905659273266792,0.4293909668922424,0.2930317974753547,2.605146288871765,2.0,0.8587181382534995,0.7312202171745792,0.3,,,
vit_tiny_patch16_224,mix50,0,mix50_0+mix50_2,2,task_arithmetic,0.895,0.985955339128324,0.0905659273266792,0.4293909668922424,0.2930317974753547,2.605146288871765,2.0,0.8587181382534995,0.7312202171745792,0.5,,,
vit_tiny_patch16_224,mix50,0,mix50_0+mix50_2,2,task_arithmetic,0.86825,0.9564932720459958,0.0905659273266792,0.4293909668922424,0.2930317974753547,2.605146288871765,2.0,0.8587181382534995,0.7312202171745792,1.0,,,
vit_tiny_patch16_224,mix50,0,mix50_0+mix50_2,2,ties,0.8725,0.9611306300156252,0.0905659273266792,0.4293909668922424,0.2930317974753547,2.605146288871765,2.0,0.8587181382534995,0.7312202171745792,0.5,0.2,,
vit_tiny_patch16_224,mix50,0,mix50_0+mix50_2,2,ties,0.8919999999999999,0.9826330799921116,0.0905659273266792,0.4293909668922424,0.2930317974753547,2.605146288871765,2.0,0.8587181382534995,0.7312202171745792,1.0,0.2,,
vit_tiny_patch16_224,mix50,0,mix50_0+mix50_2,2,dare,0.86075,0.9482481530363022,0.0905659273266792,0.4293909668922424,0.2930317974753547,2.605146288871765,2.0,0.8587181382534995,0.7312202171745792,1.0,0.2,0.9,0.0
vit_tiny_patch16_224,mix50,0,mix50_0+mix50_2,2,dare,0.8620000000000001,0.9495891927972208,0.0905659273266792,0.4293909668922424,0.2930317974753547,2.605146288871765,2.0,0.8587181382534995,0.7312202171745792,1.0,0.2,0.9,1.0
vit_tiny_patch16_224,mix50,0,mix50_0+mix50_2,2,dare,0.84475,0.9306303190278978,0.0905659273266792,0.4293909668922424,0.2930317974753547,2.605146288871765,2.0,0.8587181382534995,0.7312202171745792,1.0,0.2,0.9,2.0
vit_tiny_patch16_224,mix50,0,mix50_0+mix50_3,2,averaging,0.89375,0.9881154063350276,0.0973619669675827,0.4242253303527832,0.3064089479360024,2.628309726715088,2.0,0.8816031457351203,0.7296821465221242,,,,
vit_tiny_patch16_224,mix50,0,mix50_0+mix50_3,2,task_arithmetic,0.8295,0.9170819490586932,0.0973619669675827,0.4242253303527832,0.3064089479360024,2.628309726715088,2.0,0.8816031457351203,0.7296821465221242,0.1,,,
vit_tiny_patch16_224,mix50,0,mix50_0+mix50_3,2,task_arithmetic,0.8565,0.9469309439469612,0.0973619669675827,0.4242253303527832,0.3064089479360024,2.628309726715088,2.0,0.8816031457351203,0.7296821465221242,0.2,,,
vit_tiny_patch16_224,mix50,0,mix50_0+mix50_3,2,task_arithmetic,0.877,0.9695899613503186,0.0973619669675827,0.4242253303527832,0.3064089479360024,2.628309726715088,2.0,0.8816031457351203,0.7296821465221242,0.3,,,
vit_tiny_patch16_224,mix50,0,mix50_0+mix50_3,2,task_arithmetic,0.89375,0.9881154063350276,0.0973619669675827,0.4242253303527832,0.3064089479360024,2.628309726715088,2.0,0.8816031457351203,0.7296821465221242,0.5,,,
vit_tiny_patch16_224,mix50,0,mix50_0+mix50_3,2,task_arithmetic,0.86025,0.9510911017726048,0.0973619669675827,0.4242253303527832,0.3064089479360024,2.628309726715088,2.0,0.8816031457351203,0.7296821465221242,1.0,,,
vit_tiny_patch16_224,mix50,0,mix50_0+mix50_3,2,ties,0.871,0.9629536937214436,0.0973619669675827,0.4242253303527832,0.3064089479360024,2.628309726715088,2.0,0.8816031457351203,0.7296821465221242,0.5,0.2,,
vit_tiny_patch16_224,mix50,0,mix50_0+mix50_3,2,ties,0.893,0.987287591765491,0.0973619669675827,0.4242253303527832,0.3064089479360024,2.628309726715088,2.0,0.8816031457351203,0.7296821465221242,1.0,0.2,,
vit_tiny_patch16_224,mix50,0,mix50_0+mix50_3,2,dare,0.851,0.9408548033413272,0.0973619669675827,0.4242253303527832,0.3064089479360024,2.628309726715088,2.0,0.8816031457351203,0.7296821465221242,1.0,0.2,0.9,0.0
vit_tiny_patch16_224,mix50,0,mix50_0+mix50_3,2,dare,0.8532500000000001,0.9433318298827308,0.0973619669675827,0.4242253303527832,0.3064089479360024,2.628309726715088,2.0,0.8816031457351203,0.7296821465221242,1.0,0.2,0.9,1.0
vit_tiny_patch16_224,mix50,0,mix50_0+mix50_3,2,dare,0.84625,0.9356101442579188,0.0973619669675827,0.4242253303527832,0.3064089479360024,2.628309726715088,2.0,0.8816031457351203,0.7296821465221242,1.0,0.2,0.9,2.0
vit_tiny_patch16_224,mix50,0,mix50_0+mix50_4,2,averaging,0.91075,0.9806938283250002,0.0866540223360061,0.4324293732643127,0.2820143064800653,2.5854430198669434,2.0,0.847026336672093,0.7357497381123015,,,,
vit_tiny_patch16_224,mix50,0,mix50_0+mix50_4,2,task_arithmetic,0.85675,0.9222524940147706,0.0866540223360061,0.4324293732643127,0.2820143064800653,2.5854430198669434,2.0,0.847026336672093,0.7357497381123015,0.1,,,
vit_tiny_patch16_224,mix50,0,mix50_0+mix50_4,2,task_arithmetic,0.8807499999999999,0.9482181216560596,0.0866540223360061,0.4324293732643127,0.2820143064800653,2.5854430198669434,2.0,0.847026336672093,0.7357497381123015,0.2,,,
vit_tiny_patch16_224,mix50,0,mix50_0+mix50_4,2,task_arithmetic,0.8975,0.9664088971805176,0.0866540223360061,0.4324293732643127,0.2820143064800653,2.5854430198669434,2.0,0.847026336672093,0.7357497381123015,0.3,,,
vit_tiny_patch16_224,mix50,0,mix50_0+mix50_4,2,task_arithmetic,0.91075,0.9806938283250002,0.0866540223360061,0.4324293732643127,0.2820143064800653,2.5854430198669434,2.0,0.847026336672093,0.7357497381123015,0.5,,,
vit_tiny_patch16_224,mix50,0,mix50_0+mix50_4,2,task_arithmetic,0.89775,0.9664766243944432,0.0866540223360061,0.4324293732643127,0.2820143064800653,2.5854430198669434,2.0,0.847026336672093,0.7357497381123015,1.0,,,
vit_tiny_patch16_224,mix50,0,mix50_0+mix50_4,2,ties,0.8905000000000001,0.95873164766534,0.0866540223360061,0.4324293732643127,0.2820143064800653,2.5854430198669434,2.0,0.847026336672093,0.7357497381123015,0.5,0.2,,
vit_tiny_patch16_224,mix50,0,mix50_0+mix50_4,2,ties,0.91075,0.980649015243409,0.0866540223360061,0.4324293732643127,0.2820143064800653,2.5854430198669434,2.0,0.847026336672093,0.7357497381123015,1.0,0.2,,
vit_tiny_patch16_224,mix50,0,mix50_0+mix50_4,2,dare,0.88825,0.9560308255990886,0.0866540223360061,0.4324293732643127,0.2820143064800653,2.5854430198669434,2.0,0.847026336672093,0.7357497381123015,1.0,0.2,0.9,0.0
vit_tiny_patch16_224,mix50,0,mix50_0+mix50_4,2,dare,0.88575,0.953426590951412,0.0866540223360061,0.4324293732643127,0.2820143064800653,2.5854430198669434,2.0,0.847026336672093,0.7357497381123015,1.0,0.2,0.9,1.0
vit_tiny_patch16_224,mix50,0,mix50_0+mix50_4,2,dare,0.88475,0.9523042335454776,0.0866540223360061,0.4324293732643127,0.2820143064800653,2.5854430198669434,2.0,0.847026336672093,0.7357497381123015,1.0,0.2,0.9,2.0
vit_tiny_patch16_224,mix50,0,mix50_1+mix50_2,2,averaging,0.894,0.987529670195564,0.0835348665714263,0.4349012970924377,0.2799984665953638,2.5595277547836304,2.0,0.8484142741194353,0.7368574928270366,,,,
vit_tiny_patch16_224,mix50,0,mix50_1+mix50_2,2,task_arithmetic,0.83475,0.9221425084663026,0.0835348665714263,0.4349012970924377,0.2799984665953638,2.5595277547836304,2.0,0.8484142741194353,0.7368574928270366,0.1,,,
vit_tiny_patch16_224,mix50,0,mix50_1+mix50_2,2,task_arithmetic,0.86275,0.9530220886597308,0.0835348665714263,0.4349012970924377,0.2799984665953638,2.5595277547836304,2.0,0.8484142741194353,0.7368574928270366,0.2,,,
vit_tiny_patch16_224,mix50,0,mix50_1+mix50_2,2,task_arithmetic,0.8815,0.9737248680477164,0.0835348665714263,0.4349012970924377,0.2799984665953638,2.5595277547836304,2.0,0.8484142741194353,0.7368574928270366,0.3,,,
vit_tiny_patch16_224,mix50,0,mix50_1+mix50_2,2,task_arithmetic,0.894,0.987529670195564,0.0835348665714263,0.4349012970924377,0.2799984665953638,2.5595277547836304,2.0,0.8484142741194353,0.7368574928270366,0.5,,,
vit_tiny_patch16_224,mix50,0,mix50_1+mix50_2,2,task_arithmetic,0.86225,0.9525626201299692,0.0835348665714263,0.4349012970924377,0.2799984665953638,2.5595277547836304,2.0,0.8484142741194353,0.7368574928270366,1.0,,,
vit_tiny_patch16_224,mix50,0,mix50_1+mix50_2,2,ties,0.873,0.9643876803856364,0.0835348665714263,0.4349012970924377,0.2799984665953638,2.5595277547836304,2.0,0.8484142741194353,0.7368574928270366,0.5,0.2,,
vit_tiny_patch16_224,mix50,0,mix50_1+mix50_2,2,ties,0.8935,0.9869773011562986,0.0835348665714263,0.4349012970924377,0.2799984665953638,2.5595277547836304,2.0,0.8484142741194353,0.7368574928270366,1.0,0.2,,
vit_tiny_patch16_224,mix50,0,mix50_1+mix50_2,2,dare,0.8614999999999999,0.9517716691582512,0.0835348665714263,0.4349012970924377,0.2799984665953638,2.5595277547836304,2.0,0.8484142741194353,0.7368574928270366,1.0,0.2,0.9,0.0
vit_tiny_patch16_224,mix50,0,mix50_1+mix50_2,2,dare,0.85075,0.9399156420660828,0.0835348665714263,0.4349012970924377,0.2799984665953638,2.5595277547836304,2.0,0.8484142741194353,0.7368574928270366,1.0,0.2,0.9,1.0
vit_tiny_patch16_224,mix50,0,mix50_1+mix50_2,2,dare,0.8552500000000001,0.9449090825884005,0.0835348665714263,0.4349012970924377,0.2799984665953638,2.5595277547836304,2.0,0.8484142741194353,0.7368574928270366,1.0,0.2,0.9,2.0
vit_tiny_patch16_224,mix50,0,mix50_1+mix50_3,2,averaging,0.882,0.9778413644252372,0.0790546387434005,0.4382018148899078,0.2729859190386974,2.582691192626953,2.0,0.8483304737102791,0.7353194221745817,,,,
vit_tiny_patch16_224,mix50,0,mix50_1+mix50_3,2,task_arithmetic,0.831,0.9213066072754268,0.0790546387434005,0.4382018148899078,0.2729859190386974,2.582691192626953,2.0,0.8483304737102791,0.7353194221745817,0.1,,,
vit_tiny_patch16_224,mix50,0,mix50_1+mix50_3,2,task_arithmetic,0.8552500000000001,0.9481783162976838,0.0790546387434005,0.4382018148899078,0.2729859190386974,2.582691192626953,2.0,0.8483304737102791,0.7353194221745817,0.2,,,
vit_tiny_patch16_224,mix50,0,mix50_1+mix50_3,2,task_arithmetic,0.86875,0.963160100689784,0.0790546387434005,0.4382018148899078,0.2729859190386974,2.582691192626953,2.0,0.8483304737102791,0.7353194221745817,0.3,,,
vit_tiny_patch16_224,mix50,0,mix50_1+mix50_3,2,task_arithmetic,0.882,0.9778413644252372,0.0790546387434005,0.4382018148899078,0.2729859190386974,2.582691192626953,2.0,0.8483304737102791,0.7353194221745817,0.5,,,
vit_tiny_patch16_224,mix50,0,mix50_1+mix50_3,2,task_arithmetic,0.8495,0.9419079435783222,0.0790546387434005,0.4382018148899078,0.2729859190386974,2.582691192626953,2.0,0.8483304737102791,0.7353194221745817,1.0,,,
vit_tiny_patch16_224,mix50,0,mix50_1+mix50_3,2,ties,0.867,0.9612137838807848,0.0790546387434005,0.4382018148899078,0.2729859190386974,2.582691192626953,2.0,0.8483304737102791,0.7353194221745817,0.5,0.2,,
vit_tiny_patch16_224,mix50,0,mix50_1+mix50_3,2,ties,0.8845000000000001,0.980600746323692,0.0790546387434005,0.4382018148899078,0.2729859190386974,2.582691192626953,2.0,0.8483304737102791,0.7353194221745817,1.0,0.2,,
vit_tiny_patch16_224,mix50,0,mix50_1+mix50_3,2,dare,0.839,0.9303037901247314,0.0790546387434005,0.4382018148899078,0.2729859190386974,2.582691192626953,2.0,0.8483304737102791,0.7353194221745817,1.0,0.2,0.9,0.0
vit_tiny_patch16_224,mix50,0,mix50_1+mix50_3,2,dare,0.84325,0.9349799898720236,0.0790546387434005,0.4382018148899078,0.2729859190386974,2.582691192626953,2.0,0.8483304737102791,0.7353194221745817,1.0,0.2,0.9,1.0
vit_tiny_patch16_224,mix50,0,mix50_1+mix50_3,2,dare,0.83975,0.9311266882009076,0.0790546387434005,0.4382018148899078,0.2729859190386974,2.582691192626953,2.0,0.8483304737102791,0.7353194221745817,1.0,0.2,0.9,2.0
vit_tiny_patch16_224,mix50,0,mix50_1+mix50_4,2,averaging,0.905,0.97712730460916,0.0974724367260932,0.4242401719093323,0.2986385131700932,2.5398244857788086,2.0,0.8653686788733482,0.7413870137647589,,,,
vit_tiny_patch16_224,mix50,0,mix50_1+mix50_4,2,task_arithmetic,0.8594999999999999,0.927975239779686,0.0974724367260932,0.4242401719093323,0.2986385131700932,2.5398244857788086,2.0,0.8653686788733482,0.7413870137647589,0.1,,,
vit_tiny_patch16_224,mix50,0,mix50_1+mix50_4,2,task_arithmetic,0.88175,0.951945041714257,0.0974724367260932,0.4242401719093323,0.2986385131700932,2.5398244857788086,2.0,0.8653686788733482,0.7413870137647589,0.2,,,
vit_tiny_patch16_224,mix50,0,mix50_1+mix50_4,2,task_arithmetic,0.8967499999999999,0.9682038894417604,0.0974724367260932,0.4242401719093323,0.2986385131700932,2.5398244857788086,2.0,0.8653686788733482,0.7413870137647589,0.3,,,
vit_tiny_patch16_224,mix50,0,mix50_1+mix50_4,2,task_arithmetic,0.905,0.97712730460916,0.0974724367260932,0.4242401719093323,0.2986385131700932,2.5398244857788086,2.0,0.8653686788733482,0.7413870137647589,0.5,,,
vit_tiny_patch16_224,mix50,0,mix50_1+mix50_4,2,task_arithmetic,0.894,0.96525688305658,0.0974724367260932,0.4242401719093323,0.2986385131700932,2.5398244857788086,2.0,0.8653686788733482,0.7413870137647589,1.0,,,
vit_tiny_patch16_224,mix50,0,mix50_1+mix50_4,2,ties,0.89175,0.9628501903420792,0.0974724367260932,0.4242401719093323,0.2986385131700932,2.5398244857788086,2.0,0.8653686788733482,0.7413870137647589,0.5,0.2,,
vit_tiny_patch16_224,mix50,0,mix50_1+mix50_4,2,ties,0.9105,0.9831531509984938,0.0974724367260932,0.4242401719093323,0.2986385131700932,2.5398244857788086,2.0,0.8653686788733482,0.7413870137647589,1.0,0.2,,
vit_tiny_patch16_224,mix50,0,mix50_1+mix50_4,2,dare,0.88625,0.9569067399646032,0.0974724367260932,0.4242401719093323,0.2986385131700932,2.5398244857788086,2.0,0.8653686788733482,0.7413870137647589,1.0,0.2,0.9,0.0
vit_tiny_patch16_224,mix50,0,mix50_1+mix50_4,2,dare,0.88425,0.9547619644842564,0.0974724367260932,0.4242401719093323,0.2986385131700932,2.5398244857788086,2.0,0.8653686788733482,0.7413870137647589,1.0,0.2,0.9,1.0
vit_tiny_patch16_224,mix50,0,mix50_1+mix50_4,2,dare,0.88525,0.9558920294327304,0.0974724367260932,0.4242401719093323,0.2986385131700932,2.5398244857788086,2.0,0.8653686788733482,0.7413870137647589,1.0,0.2,0.9,2.0
vit_tiny_patch16_224,mix50,0,mix50_2+mix50_3,2,averaging,0.8947499999999999,0.9840368623181832,0.0964111238718032,0.4248817861080169,0.3021846394150137,2.6038166284561157,2.0,0.8747623802390677,0.7274848785010362,,,,
vit_tiny_patch16_224,mix50,0,mix50_2+mix50_3,2,task_arithmetic,0.83725,0.9208010523450966,0.0964111238718032,0.4248817861080169,0.3021846394150137,2.6038166284561157,2.0,0.8747623802390677,0.7274848785010362,0.1,,,
vit_tiny_patch16_224,mix50,0,mix50_2+mix50_3,2,task_arithmetic,0.87175,0.958725241162418,0.0964111238718032,0.4248817861080169,0.3021846394150137,2.6038166284561157,2.0,0.8747623802390677,0.7274848785010362,0.2,,,
vit_tiny_patch16_224,mix50,0,mix50_2+mix50_3,2,task_arithmetic,0.8867499999999999,0.9752323928755028,0.0964111238718032,0.4248817861080169,0.3021846394150137,2.6038166284561157,2.0,0.8747623802390677,0.7274848785010362,0.3,,,
vit_tiny_patch16_224,mix50,0,mix50_2+mix50_3,2,task_arithmetic,0.8947499999999999,0.9840368623181832,0.0964111238718032,0.4248817861080169,0.3021846394150137,2.6038166284561157,2.0,0.8747623802390677,0.7274848785010362,0.5,,,
vit_tiny_patch16_224,mix50,0,mix50_2+mix50_3,2,task_arithmetic,0.87225,0.9592771175421088,0.0964111238718032,0.4248817861080169,0.3021846394150137,2.6038166284561157,2.0,0.8747623802390677,0.7274848785010362,1.0,,,
vit_tiny_patch16_224,mix50,0,mix50_2+mix50_3,2,ties,0.88325,0.971377120566089,0.0964111238718032,0.4248817861080169,0.3021846394150137,2.6038166284561157,2.0,0.8747623802390677,0.7274848785010362,0.5,0.2,,
vit_tiny_patch16_224,mix50,0,mix50_2+mix50_3,2,ties,0.89925,0.9889840938643444,0.0964111238718032,0.4248817861080169,0.3021846394150137,2.6038166284561157,2.0,0.8747623802390677,0.7274848785010362,1.0,0.2,,
vit_tiny_patch16_224,mix50,0,mix50_2+mix50_3,2,dare,0.863,0.949100819498624,0.0964111238718032,0.4248817861080169,0.3021846394150137,2.6038166284561157,2.0,0.8747623802390677,0.7274848785010362,1.0,0.2,0.9,0.0
vit_tiny_patch16_224,mix50,0,mix50_2+mix50_3,2,dare,0.8592500000000001,0.944977471347788,0.0964111238718032,0.4248817861080169,0.3021846394150137,2.6038166284561157,2.0,0.8747623802390677,0.7274848785010362,1.0,0.2,0.9,1.0
vit_tiny_patch16_224,mix50,0,mix50_2+mix50_3,2,dare,0.864,0.9501849163869484,0.0964111238718032,0.4248817861080169,0.3021846394150137,2.6038166284561157,2.0,0.8747623802390677,0.7274848785010362,1.0,0.2,0.9,2.0
vit_tiny_patch16_224,mix50,0,mix50_2+mix50_4,2,averaging,0.917,0.9824602998055356,0.0947962403297424,0.426298052072525,0.2838484700011885,2.560949921607971,2.0,0.8603709742476863,0.7335524700912133,,,,
vit_tiny_patch16_224,mix50,0,mix50_2+mix50_4,2,task_arithmetic,0.863,0.9243672007864692,0.0947962403297424,0.426298052072525,0.2838484700011885,2.560949921607971,2.0,0.8603709742476863,0.7335524700912133,0.1,,,
vit_tiny_patch16_224,mix50,0,mix50_2+mix50_4,2,task_arithmetic,0.891,0.9546181390242328,0.0947962403297424,0.426298052072525,0.2838484700011885,2.560949921607971,2.0,0.8603709742476863,0.7335524700912133,0.2,,,
vit_tiny_patch16_224,mix50,0,mix50_2+mix50_4,2,task_arithmetic,0.908,0.9728142827414484,0.0947962403297424,0.426298052072525,0.2838484700011885,2.560949921607971,2.0,0.8603709742476863,0.7335524700912133,0.3,,,
vit_tiny_patch16_224,mix50,0,mix50_2+mix50_4,2,task_arithmetic,0.917,0.9824602998055356,0.0947962403297424,0.426298052072525,0.2838484700011885,2.560949921607971,2.0,0.8603709742476863,0.7335524700912133,0.5,,,
vit_tiny_patch16_224,mix50,0,mix50_2+mix50_4,2,task_arithmetic,0.8935,0.9570323700998156,0.0947962403297424,0.426298052072525,0.2838484700011885,2.560949921607971,2.0,0.8603709742476863,0.7335524700912133,1.0,,,
vit_tiny_patch16_224,mix50,0,mix50_2+mix50_4,2,ties,0.90375,0.9681205823891156,0.0947962403297424,0.426298052072525,0.2838484700011885,2.560949921607971,2.0,0.8603709742476863,0.7335524700912133,0.5,0.2,,
vit_tiny_patch16_224,mix50,0,mix50_2+mix50_4,2,ties,0.91975,0.9854739984356724,0.0947962403297424,0.426298052072525,0.2838484700011885,2.560949921607971,2.0,0.8603709742476863,0.7335524700912133,1.0,0.2,,
vit_tiny_patch16_224,mix50,0,mix50_2+mix50_4,2,dare,0.88575,0.9486959392064984,0.0947962403297424,0.426298052072525,0.2838484700011885,2.560949921607971,2.0,0.8603709742476863,0.7335524700912133,1.0,0.2,0.9,0.0
vit_tiny_patch16_224,mix50,0,mix50_2+mix50_4,2,dare,0.88,0.942599510609442,0.0947962403297424,0.426298052072525,0.2838484700011885,2.560949921607971,2.0,0.8603709742476863,0.7335524700912133,1.0,0.2,0.9,1.0
vit_tiny_patch16_224,mix50,0,mix50_2+mix50_4,2,dare,0.8825000000000001,0.9451463507394676,0.0947962403297424,0.426298052072525,0.2838484700011885,2.560949921607971,2.0,0.8603709742476863,0.7335524700912133,1.0,0.2,0.9,2.0
vit_tiny_patch16_224,mix50,0,mix50_3+mix50_4,2,averaging,0.9115,0.9798794949449396,0.0839013159275055,0.4344910979270935,0.2839120310784792,2.584113359451294,2.0,0.8530728101940456,0.7320143994387583,,,,
vit_tiny_patch16_224,mix50,0,mix50_3+mix50_4,2,task_arithmetic,0.8565,0.9204770420582415,0.0839013159275055,0.4344910979270935,0.2839120310784792,2.584113359451294,2.0,0.8530728101940456,0.7320143994387583,0.1,,,
vit_tiny_patch16_224,mix50,0,mix50_3+mix50_4,2,task_arithmetic,0.88425,0.9504752381249733,0.0839013159275055,0.4344910979270935,0.2839120310784792,2.584113359451294,2.0,0.8530728101940456,0.7320143994387583,0.2,,,
vit_tiny_patch16_224,mix50,0,mix50_3+mix50_4,2,task_arithmetic,0.8985000000000001,0.9658531910538786,0.0839013159275055,0.4344910979270935,0.2839120310784792,2.584113359451294,2.0,0.8530728101940456,0.7320143994387583,0.3,,,
vit_tiny_patch16_224,mix50,0,mix50_3+mix50_4,2,task_arithmetic,0.9115,0.9798794949449396,0.0839013159275055,0.4344910979270935,0.2839120310784792,2.584113359451294,2.0,0.8530728101940456,0.7320143994387583,0.5,,,
vit_tiny_patch16_224,mix50,0,mix50_3+mix50_4,2,task_arithmetic,0.8847499999999999,0.9506485487009946,0.0839013159275055,0.4344910979270935,0.2839120310784792,2.584113359451294,2.0,0.8530728101940456,0.7320143994387583,1.0,,,
vit_tiny_patch16_224,mix50,0,mix50_3+mix50_4,2,ties,0.894,0.9609844503265004,0.0839013159275055,0.4344910979270935,0.2839120310784792,2.584113359451294,2.0,0.8530728101940456,0.7320143994387583,0.5,0.2,,
vit_tiny_patch16_224,mix50,0,mix50_3+mix50_4,2,ties,0.91175,0.9801414121790936,0.0839013159275055,0.4344910979270935,0.2839120310784792,2.584113359451294,2.0,0.8530728101940456,0.7320143994387583,1.0,0.2,,
vit_tiny_patch16_224,mix50,0,mix50_3+mix50_4,2,dare,0.8792500000000001,0.9447040971256172,0.0839013159275055,0.4344910979270935,0.2839120310784792,2.584113359451294,2.0,0.8530728101940456,0.7320143994387583,1.0,0.2,0.9,0.0
vit_tiny_patch16_224,mix50,0,mix50_3+mix50_4,2,dare,0.8785000000000001,0.9439463873345384,0.0839013159275055,0.4344910979270935,0.2839120310784792,2.584113359451294,2.0,0.8530728101940456,0.7320143994387583,1.0,0.2,0.9,1.0
vit_tiny_patch16_224,mix50,0,mix50_3+mix50_4,2,dare,0.87,0.9347046984367068,0.0839013159275055,0.4344910979270935,0.2839120310784792,2.584113359451294,2.0,0.8530728101940456,0.7320143994387583,1.0,0.2,0.9,2.0
vit_tiny_patch16_224,mix50,0,mix50_0+mix50_1+mix50_2,3,averaging,0.884,0.9773328909330616,0.0846095010638237,0.4339883128801982,0.2833381223842657,2.5828982988993325,3.0,0.850322801325757,0.7357108236165802,,,,
vit_tiny_patch16_224,mix50,0,mix50_0+mix50_1+mix50_2,3,task_arithmetic,0.8426666666666667,0.9316440114187968,0.0846095010638237,0.4339883128801982,0.2833381223842657,2.5828982988993325,3.0,0.850322801325757,0.7357108236165802,0.1,,,
vit_tiny_patch16_224,mix50,0,mix50_0+mix50_1+mix50_2,3,task_arithmetic,0.8698333333333333,0.9616639765301938,0.0846095010638237,0.4339883128801982,0.2833381223842657,2.5828982988993325,3.0,0.850322801325757,0.7357108236165802,0.2,,,
vit_tiny_patch16_224,mix50,0,mix50_0+mix50_1+mix50_2,3,task_arithmetic,0.8836666666666666,0.9769566911171595,0.0846095010638237,0.4339883128801982,0.2833381223842657,2.5828982988993325,3.0,0.850322801325757,0.7357108236165802,0.3,,,
vit_tiny_patch16_224,mix50,0,mix50_0+mix50_1+mix50_2,3,task_arithmetic,0.8801666666666667,0.9731280007961898,0.0846095010638237,0.4339883128801982,0.2833381223842657,2.5828982988993325,3.0,0.850322801325757,0.7357108236165802,0.5,,,
vit_tiny_patch16_224,mix50,0,mix50_0+mix50_1+mix50_2,3,task_arithmetic,0.7784999999999999,0.8609133471977312,0.0846095010638237,0.4339883128801982,0.2833381223842657,2.5828982988993325,3.0,0.850322801325757,0.7357108236165802,1.0,,,
vit_tiny_patch16_224,mix50,0,mix50_0+mix50_1+mix50_2,3,ties,0.8736666666666667,0.9659233390447138,0.0846095010638237,0.4339883128801982,0.2833381223842657,2.5828982988993325,3.0,0.850322801325757,0.7357108236165802,0.5,0.2,,
vit_tiny_patch16_224,mix50,0,mix50_0+mix50_1+mix50_2,3,ties,0.883,0.9762280190600388,0.0846095010638237,0.4339883128801982,0.2833381223842657,2.5828982988993325,3.0,0.850322801325757,0.7357108236165802,1.0,0.2,,
vit_tiny_patch16_224,mix50,0,mix50_0+mix50_1+mix50_2,3,dare,0.7783333333333333,0.8607173817390993,0.0846095010638237,0.4339883128801982,0.2833381223842657,2.5828982988993325,3.0,0.850322801325757,0.7357108236165802,1.0,0.2,0.9,0.0
vit_tiny_patch16_224,mix50,0,mix50_0+mix50_1+mix50_2,3,dare,0.7735,0.8554159749024057,0.0846095010638237,0.4339883128801982,0.2833381223842657,2.5828982988993325,3.0,0.850322801325757,0.7357108236165802,1.0,0.2,0.9,1.0
vit_tiny_patch16_224,mix50,0,mix50_0+mix50_1+mix50_2,3,dare,0.774,0.8559413540000325,0.0846095010638237,0.4339883128801982,0.2833381223842657,2.5828982988993325,3.0,0.850322801325757,0.7357108236165802,1.0,0.2,0.9,2.0
vit_tiny_patch16_224,mix50,0,mix50_0+mix50_1+mix50_3,3,averaging,0.8748333333333335,0.969531021959678,0.0853814383347829,0.4333666066328684,0.2854596566855928,2.5983405907948813,3.0,0.8579232036832453,0.7346854431816102,,,,
vit_tiny_patch16_224,mix50,0,mix50_0+mix50_1+mix50_3,3,task_arithmetic,0.8408333333333333,0.9318473730334782,0.0853814383347829,0.4333666066328684,0.2854596566855928,2.5983405907948813,3.0,0.8579232036832453,0.7346854431816102,0.1,,,
vit_tiny_patch16_224,mix50,0,mix50_0+mix50_1+mix50_3,3,task_arithmetic,0.866,0.9597409279685756,0.0853814383347829,0.4333666066328684,0.2854596566855928,2.5983405907948813,3.0,0.8579232036832453,0.7346854431816102,0.2,,,
vit_tiny_patch16_224,mix50,0,mix50_0+mix50_1+mix50_3,3,task_arithmetic,0.8723333333333333,0.9667624454563928,0.0853814383347829,0.4333666066328684,0.2854596566855928,2.5983405907948813,3.0,0.8579232036832453,0.7346854431816102,0.3,,,
vit_tiny_patch16_224,mix50,0,mix50_0+mix50_1+mix50_3,3,task_arithmetic,0.8715,0.9658627067541308,0.0853814383347829,0.4333666066328684,0.2854596566855928,2.5983405907948813,3.0,0.8579232036832453,0.7346854431816102,0.5,,,
vit_tiny_patch16_224,mix50,0,mix50_0+mix50_1+mix50_3,3,task_arithmetic,0.7831666666666667,0.868088400576017,0.0853814383347829,0.4333666066328684,0.2854596566855928,2.5983405907948813,3.0,0.8579232036832453,0.7346854431816102,1.0,,,
vit_tiny_patch16_224,mix50,0,mix50_0+mix50_1+mix50_3,3,ties,0.8705000000000002,0.9647229541563238,0.0853814383347829,0.4333666066328684,0.2854596566855928,2.5983405907948813,3.0,0.8579232036832453,0.7346854431816102,0.5,0.2,,
vit_tiny_patch16_224,mix50,0,mix50_0+mix50_1+mix50_3,3,ties,0.8788333333333332,0.973960560608954,0.0853814383347829,0.4333666066328684,0.2854596566855928,2.5983405907948813,3.0,0.8579232036832453,0.7346854431816102,1.0,0.2,,
vit_tiny_patch16_224,mix50,0,mix50_0+mix50_1+mix50_3,3,dare,0.7753333333333333,0.8594138074766863,0.0853814383347829,0.4333666066328684,0.2854596566855928,2.5983405907948813,3.0,0.8579232036832453,0.7346854431816102,1.0,0.2,0.9,0.0
vit_tiny_patch16_224,mix50,0,mix50_0+mix50_1+mix50_3,3,dare,0.7711666666666667,0.8547818119320855,0.0853814383347829,0.4333666066328684,0.2854596566855928,2.5983405907948813,3.0,0.8579232036832453,0.7346854431816102,1.0,0.2,0.9,1.0
vit_tiny_patch16_224,mix50,0,mix50_0+mix50_1+mix50_3,3,dare,0.7756666666666666,0.8597751152924499,0.0853814383347829,0.4333666066328684,0.2854596566855928,2.5983405907948813,3.0,0.8579232036832453,0.7346854431816102,1.0,0.2,0.9,2.0
vit_tiny_patch16_224,mix50,0,mix50_0+mix50_1+mix50_4,3,averaging,0.894,0.97346579769872,0.0879513894518216,0.4314474066098531,0.2858789742440791,2.5697627862294516,3.0,0.852077002383259,0.7387305042417284,,,,
vit_tiny_patch16_224,mix50,0,mix50_0+mix50_1+mix50_4,3,task_arithmetic,0.8566666666666668,0.9326772562658382,0.0879513894518216,0.4314474066098531,0.2858789742440791,2.5697627862294516,3.0,0.852077002383259,0.7387305042417284,0.1,,,
vit_tiny_patch16_224,mix50,0,mix50_0+mix50_1+mix50_4,3,task_arithmetic,0.8811666666666667,0.9594181397858144,0.0879513894518216,0.4314474066098531,0.2858789742440791,2.5697627862294516,3.0,0.852077002383259,0.7387305042417284,0.2,,,
vit_tiny_patch16_224,mix50,0,mix50_0+mix50_1+mix50_4,3,task_arithmetic,0.8925000000000001,0.9718592805443756,0.0879513894518216,0.4314474066098531,0.2858789742440791,2.5697627862294516,3.0,0.852077002383259,0.7387305042417284,0.3,,,
vit_tiny_patch16_224,mix50,0,mix50_0+mix50_1+mix50_4,3,task_arithmetic,0.8895,0.9685239799285714,0.0879513894518216,0.4314474066098531,0.2858789742440791,2.5697627862294516,3.0,0.852077002383259,0.7387305042417284,0.5,,,
vit_tiny_patch16_224,mix50,0,mix50_0+mix50_1+mix50_4,3,task_arithmetic,0.8126666666666665,0.884148612253087,0.0879513894518216,0.4314474066098531,0.2858789742440791,2.5697627862294516,3.0,0.852077002383259,0.7387305042417284,1.0,,,
vit_tiny_patch16_224,mix50,0,mix50_0+mix50_1+mix50_4,3,ties,0.8853333333333334,0.9639629976088894,0.0879513894518216,0.4314474066098531,0.2858789742440791,2.5697627862294516,3.0,0.852077002383259,0.7387305042417284,0.5,0.2,,
vit_tiny_patch16_224,mix50,0,mix50_0+mix50_1+mix50_4,3,ties,0.894,0.973420825486724,0.0879513894518216,0.4314474066098531,0.2858789742440791,2.5697627862294516,3.0,0.852077002383259,0.7387305042417284,1.0,0.2,,
vit_tiny_patch16_224,mix50,0,mix50_0+mix50_1+mix50_4,3,dare,0.7996666666666666,0.8701384806919451,0.0879513894518216,0.4314474066098531,0.2858789742440791,2.5697627862294516,3.0,0.852077002383259,0.7387305042417284,1.0,0.2,0.9,0.0
vit_tiny_patch16_224,mix50,0,mix50_0+mix50_1+mix50_4,3,dare,0.8024999999999999,0.8732154643182605,0.0879513894518216,0.4314474066098531,0.2858789742440791,2.5697627862294516,3.0,0.852077002383259,0.7387305042417284,1.0,0.2,0.9,1.0
vit_tiny_patch16_224,mix50,0,mix50_0+mix50_1+mix50_4,3,dare,0.8008333333333333,0.87124576140716,0.0879513894518216,0.4314474066098531,0.2858789742440791,2.5697627862294516,3.0,0.852077002383259,0.7387305042417284,1.0,0.2,0.9,2.0
vit_tiny_patch16_224,mix50,0,mix50_0+mix50_2+mix50_3,3,averaging,0.8846666666666666,0.9751807806001258,0.0947796727220217,0.4261660277843475,0.3005417949421236,2.6124242146809897,3.0,0.8716945547425624,0.7294624140659133,,,,
vit_tiny_patch16_224,mix50,0,mix50_0+mix50_2+mix50_3,3,task_arithmetic,0.8464999999999999,0.933104825920714,0.0947796727220217,0.4261660277843475,0.3005417949421236,2.6124242146809897,3.0,0.8716945547425624,0.7294624140659133,0.1,,,
vit_tiny_patch16_224,mix50,0,mix50_0+mix50_2+mix50_3,3,task_arithmetic,0.8725,0.961759050600163,0.0947796727220217,0.4261660277843475,0.3005417949421236,2.6124242146809897,3.0,0.8716945547425624,0.7294624140659133,0.2,,,
vit_tiny_patch16_224,mix50,0,mix50_0+mix50_2+mix50_3,3,task_arithmetic,0.8856666666666667,0.9762799029526738,0.0947796727220217,0.4261660277843475,0.3005417949421236,2.6124242146809897,3.0,0.8716945547425624,0.7294624140659133,0.3,,,
vit_tiny_patch16_224,mix50,0,mix50_0+mix50_2+mix50_3,3,task_arithmetic,0.8845000000000001,0.975007393011967,0.0947796727220217,0.4261660277843475,0.3005417949421236,2.6124242146809897,3.0,0.8716945547425624,0.7294624140659133,0.5,,,
vit_tiny_patch16_224,mix50,0,mix50_0+mix50_2+mix50_3,3,task_arithmetic,0.7821666666666666,0.8622046670629655,0.0947796727220217,0.4261660277843475,0.3005417949421236,2.6124242146809897,3.0,0.8716945547425624,0.7294624140659133,1.0,,,
vit_tiny_patch16_224,mix50,0,mix50_0+mix50_2+mix50_3,3,ties,0.8775,0.9672806059694574,0.0947796727220217,0.4261660277843475,0.3005417949421236,2.6124242146809897,3.0,0.8716945547425624,0.7294624140659133,0.5,0.2,,
vit_tiny_patch16_224,mix50,0,mix50_0+mix50_2+mix50_3,3,ties,0.8856666666666667,0.9762873302899968,0.0947796727220217,0.4261660277843475,0.3005417949421236,2.6124242146809897,3.0,0.8716945547425624,0.7294624140659133,1.0,0.2,,
vit_tiny_patch16_224,mix50,0,mix50_0+mix50_2+mix50_3,3,dare,0.7786666666666666,0.858368610255405,0.0947796727220217,0.4261660277843475,0.3005417949421236,2.6124242146809897,3.0,0.8716945547425624,0.7294624140659133,1.0,0.2,0.9,0.0
vit_tiny_patch16_224,mix50,0,mix50_0+mix50_2+mix50_3,3,dare,0.7755000000000001,0.8548913090106872,0.0947796727220217,0.4261660277843475,0.3005417949421236,2.6124242146809897,3.0,0.8716945547425624,0.7294624140659133,1.0,0.2,0.9,1.0
vit_tiny_patch16_224,mix50,0,mix50_0+mix50_2+mix50_3,3,dare,0.7685,0.8471457414774243,0.0947796727220217,0.4261660277843475,0.3005417949421236,2.6124242146809897,3.0,0.8716945547425624,0.7294624140659133,1.0,0.2,0.9,2.0
vit_tiny_patch16_224,mix50,0,mix50_0+mix50_2+mix50_4,3,averaging,0.9003333333333333,0.9752522885703234,0.0906720633308092,0.4293727974096934,0.2862981913188696,2.58384641011556,3.0,0.8553718163910929,0.7335074751260313,,,,
vit_tiny_patch16_224,mix50,0,mix50_0+mix50_2+mix50_4,3,task_arithmetic,0.8628333333333332,0.9343557795861308,0.0906720633308092,0.4293727974096934,0.2862981913188696,2.58384641011556,3.0,0.8553718163910929,0.7335074751260313,0.1,,,
vit_tiny_patch16_224,mix50,0,mix50_0+mix50_2+mix50_4,3,task_arithmetic,0.887,0.960723941952952,0.0906720633308092,0.4293727974096934,0.2862981913188696,2.58384641011556,3.0,0.8553718163910929,0.7335074751260313,0.2,,,
vit_tiny_patch16_224,mix50,0,mix50_0+mix50_2+mix50_4,3,task_arithmetic,0.899,0.9738194059049028,0.0906720633308092,0.4293727974096934,0.2862981913188696,2.58384641011556,3.0,0.8553718163910929,0.7335074751260313,0.3,,,
vit_tiny_patch16_224,mix50,0,mix50_0+mix50_2+mix50_4,3,task_arithmetic,0.895,0.96935233346009,0.0906720633308092,0.4293727974096934,0.2862981913188696,2.58384641011556,3.0,0.8553718163910929,0.7335074751260313,0.5,,,
vit_tiny_patch16_224,mix50,0,mix50_0+mix50_2+mix50_4,3,task_arithmetic,0.8046666666666668,0.870651730821721,0.0906720633308092,0.4293727974096934,0.2862981913188696,2.58384641011556,3.0,0.8553718163910929,0.7335074751260313,1.0,,,
vit_tiny_patch16_224,mix50,0,mix50_0+mix50_2+mix50_4,3,ties,0.8901666666666667,0.964073707901798,0.0906720633308092,0.4293727974096934,0.2862981913188696,2.58384641011556,3.0,0.8553718163910929,0.7335074751260313,0.5,0.2,,
vit_tiny_patch16_224,mix50,0,mix50_0+mix50_2+mix50_4,3,ties,0.9011666666666668,0.9760093368553152,0.0906720633308092,0.4293727974096934,0.2862981913188696,2.58384641011556,3.0,0.8553718163910929,0.7335074751260313,1.0,0.2,,
vit_tiny_patch16_224,mix50,0,mix50_0+mix50_2+mix50_4,3,dare,0.7943333333333333,0.8594652095540645,0.0906720633308092,0.4293727974096934,0.2862981913188696,2.58384641011556,3.0,0.8553718163910929,0.7335074751260313,1.0,0.2,0.9,0.0
vit_tiny_patch16_224,mix50,0,mix50_0+mix50_2+mix50_4,3,dare,0.8083333333333332,0.8746958452295507,0.0906720633308092,0.4293727974096934,0.2862981913188696,2.58384641011556,3.0,0.8553718163910929,0.7335074751260313,1.0,0.2,0.9,1.0
vit_tiny_patch16_224,mix50,0,mix50_0+mix50_2+mix50_4,3,dare,0.7949999999999999,0.8602475170244347,0.0906720633308092,0.4293727974096934,0.2862981913188696,2.58384641011556,3.0,0.8553718163910929,0.7335074751260313,1.0,0.2,0.9,2.0
vit_tiny_patch16_224,mix50,0,mix50_0+mix50_3+mix50_4,3,averaging,0.8929999999999999,0.969604426508634,0.0893057684103647,0.4303819338480631,0.2907784284981823,2.5992887020111084,3.0,0.8605674308670862,0.7324820946910613,,,,
vit_tiny_patch16_224,mix50,0,mix50_0+mix50_3+mix50_4,3,task_arithmetic,0.858,0.931291356632924,0.0893057684103647,0.4303819338480631,0.2907784284981823,2.5992887020111084,3.0,0.8605674308670862,0.7324820946910613,0.1,,,
vit_tiny_patch16_224,mix50,0,mix50_0+mix50_3+mix50_4,3,task_arithmetic,0.879,0.9542140118953024,0.0893057684103647,0.4303819338480631,0.2907784284981823,2.5992887020111084,3.0,0.8605674308670862,0.7324820946910613,0.2,,,
vit_tiny_patch16_224,mix50,0,mix50_0+mix50_3+mix50_4,3,task_arithmetic,0.8938333333333333,0.9705173178061174,0.0893057684103647,0.4303819338480631,0.2907784284981823,2.5992887020111084,3.0,0.8605674308670862,0.7324820946910613,0.3,,,
vit_tiny_patch16_224,mix50,0,mix50_0+mix50_3+mix50_4,3,task_arithmetic,0.8906666666666667,0.9669686414691734,0.0893057684103647,0.4303819338480631,0.2907784284981823,2.5992887020111084,3.0,0.8605674308670862,0.7324820946910613,0.5,,,
vit_tiny_patch16_224,mix50,0,mix50_0+mix50_3+mix50_4,3,task_arithmetic,0.8135,0.8825259265688645,0.0893057684103647,0.4303819338480631,0.2907784284981823,2.5992887020111084,3.0,0.8605674308670862,0.7324820946910613,1.0,,,
vit_tiny_patch16_224,mix50,0,mix50_0+mix50_3+mix50_4,3,ties,0.8858333333333334,0.9617205867568408,0.0893057684103647,0.4303819338480631,0.2907784284981823,2.5992887020111084,3.0,0.8605674308670862,0.7324820946910613,0.5,0.2,,
vit_tiny_patch16_224,mix50,0,mix50_0+mix50_3+mix50_4,3,ties,0.8971666666666667,0.9741105344602304,0.0893057684103647,0.4303819338480631,0.2907784284981823,2.5992887020111084,3.0,0.8605674308670862,0.7324820946910613,1.0,0.2,,
vit_tiny_patch16_224,mix50,0,mix50_0+mix50_3+mix50_4,3,dare,0.801,0.8687157515054698,0.0893057684103647,0.4303819338480631,0.2907784284981823,2.5992887020111084,3.0,0.8605674308670862,0.7324820946910613,1.0,0.2,0.9,0.0
vit_tiny_patch16_224,mix50,0,mix50_0+mix50_3+mix50_4,3,dare,0.8130000000000001,0.882084204436289,0.0893057684103647,0.4303819338480631,0.2907784284981823,2.5992887020111084,3.0,0.8605674308670862,0.7324820946910613,1.0,0.2,0.9,1.0
vit_tiny_patch16_224,mix50,0,mix50_0+mix50_3+mix50_4,3,dare,0.802,0.8700960765039202,0.0893057684103647,0.4303819338480631,0.2907784284981823,2.5992887020111084,3.0,0.8605674308670862,0.7324820946910613,1.0,0.2,0.9,2.0
vit_tiny_patch16_224,mix50,0,mix50_1+mix50_2+mix50_3,3,averaging,0.8841666666666667,0.9764129437306436,0.08633354306221,0.4326616326967875,0.285056341683025,2.582011858622233,3.0,0.857169042689594,0.7332205978342182,,,,
vit_tiny_patch16_224,mix50,0,mix50_1+mix50_2+mix50_3,3,task_arithmetic,0.8464999999999999,0.9348444227310546,0.08633354306221,0.4326616326967875,0.285056341683025,2.582011858622233,3.0,0.857169042689594,0.7332205978342182,0.1,,,
vit_tiny_patch16_224,mix50,0,mix50_1+mix50_2+mix50_3,3,task_arithmetic,0.8688333333333333,0.9594624966182272,0.08633354306221,0.4326616326967875,0.285056341683025,2.582011858622233,3.0,0.857169042689594,0.7332205978342182,0.2,,,
vit_tiny_patch16_224,mix50,0,mix50_1+mix50_2+mix50_3,3,task_arithmetic,0.8821666666666667,0.974195276785443,0.08633354306221,0.4326616326967875,0.285056341683025,2.582011858622233,3.0,0.857169042689594,0.7332205978342182,0.3,,,
vit_tiny_patch16_224,mix50,0,mix50_1+mix50_2+mix50_3,3,task_arithmetic,0.875,0.9662847101344396,0.08633354306221,0.4326616326967875,0.285056341683025,2.582011858622233,3.0,0.857169042689594,0.7332205978342182,0.5,,,
vit_tiny_patch16_224,mix50,0,mix50_1+mix50_2+mix50_3,3,task_arithmetic,0.7776666666666667,0.8590148507957637,0.08633354306221,0.4326616326967875,0.285056341683025,2.582011858622233,3.0,0.857169042689594,0.7332205978342182,1.0,,,
vit_tiny_patch16_224,mix50,0,mix50_1+mix50_2+mix50_3,3,ties,0.8758333333333334,0.9671986022880822,0.08633354306221,0.4326616326967875,0.285056341683025,2.582011858622233,3.0,0.857169042689594,0.7332205978342182,0.5,0.2,,
vit_tiny_patch16_224,mix50,0,mix50_1+mix50_2+mix50_3,3,ties,0.8833333333333333,0.9754820030189064,0.08633354306221,0.4326616326967875,0.285056341683025,2.582011858622233,3.0,0.857169042689594,0.7332205978342182,1.0,0.2,,
vit_tiny_patch16_224,mix50,0,mix50_1+mix50_2+mix50_3,3,dare,0.7803333333333334,0.8619801531714425,0.08633354306221,0.4326616326967875,0.285056341683025,2.582011858622233,3.0,0.857169042689594,0.7332205978342182,1.0,0.2,0.9,0.0
vit_tiny_patch16_224,mix50,0,mix50_1+mix50_2+mix50_3,3,dare,0.7633333333333333,0.8432209140084432,0.08633354306221,0.4326616326967875,0.285056341683025,2.582011858622233,3.0,0.857169042689594,0.7332205978342182,1.0,0.2,0.9,1.0
vit_tiny_patch16_224,mix50,0,mix50_1+mix50_2+mix50_3,3,dare,0.7773333333333333,0.8586502041366207,0.08633354306221,0.4326616326967875,0.285056341683025,2.582011858622233,3.0,0.857169042689594,0.7332205978342182,1.0,0.2,0.9,2.0
vit_tiny_patch16_224,mix50,0,mix50_1+mix50_2+mix50_4,3,averaging,0.8971666666666667,0.9735636692053016,0.0919345145424207,0.4284798403580983,0.2874951499222152,2.5534340540568032,3.0,0.8580513090801566,0.7372656588943363,,,,
vit_tiny_patch16_224,mix50,0,mix50_1+mix50_2+mix50_4,3,task_arithmetic,0.8636666666666667,0.9371448049400758,0.0919345145424207,0.4284798403580983,0.2874951499222152,2.5534340540568032,3.0,0.8580513090801566,0.7372656588943363,0.1,,,
vit_tiny_patch16_224,mix50,0,mix50_1+mix50_2+mix50_4,3,task_arithmetic,0.8856666666666667,0.961026775649338,0.0919345145424207,0.4284798403580983,0.2874951499222152,2.5534340540568032,3.0,0.8580513090801566,0.7372656588943363,0.2,,,
vit_tiny_patch16_224,mix50,0,mix50_1+mix50_2+mix50_4,3,task_arithmetic,0.8958333333333334,0.9721046204580324,0.0919345145424207,0.4284798403580983,0.2874951499222152,2.5534340540568032,3.0,0.8580513090801566,0.7372656588943363,0.3,,,
vit_tiny_patch16_224,mix50,0,mix50_1+mix50_2+mix50_4,3,task_arithmetic,0.8883333333333333,0.96387843937741,0.0919345145424207,0.4284798403580983,0.2874951499222152,2.5534340540568032,3.0,0.8580513090801566,0.7372656588943363,0.5,,,
vit_tiny_patch16_224,mix50,0,mix50_1+mix50_2+mix50_4,3,task_arithmetic,0.7948333333333334,0.8620247596076793,0.0919345145424207,0.4284798403580983,0.2874951499222152,2.5534340540568032,3.0,0.8580513090801566,0.7372656588943363,1.0,,,
vit_tiny_patch16_224,mix50,0,mix50_1+mix50_2+mix50_4,3,ties,0.8901666666666667,0.9659615255193784,0.0919345145424207,0.4284798403580983,0.2874951499222152,2.5534340540568032,3.0,0.8580513090801566,0.7372656588943363,0.5,0.2,,
vit_tiny_patch16_224,mix50,0,mix50_1+mix50_2+mix50_4,3,ties,0.899,0.975491915544508,0.0919345145424207,0.4284798403580983,0.2874951499222152,2.5534340540568032,3.0,0.8580513090801566,0.7372656588943363,1.0,0.2,,
vit_tiny_patch16_224,mix50,0,mix50_1+mix50_2+mix50_4,3,dare,0.797,0.8644019148951688,0.0919345145424207,0.4284798403580983,0.2874951499222152,2.5534340540568032,3.0,0.8580513090801566,0.7372656588943363,1.0,0.2,0.9,0.0
vit_tiny_patch16_224,mix50,0,mix50_1+mix50_2+mix50_4,3,dare,0.7988333333333334,0.8663831766003834,0.0919345145424207,0.4284798403580983,0.2874951499222152,2.5534340540568032,3.0,0.8580513090801566,0.7372656588943363,1.0,0.2,0.9,1.0
vit_tiny_patch16_224,mix50,0,mix50_1+mix50_2+mix50_4,3,dare,0.7983333333333333,0.8657896653448837,0.0919345145424207,0.4284798403580983,0.2874951499222152,2.5534340540568032,3.0,0.8580513090801566,0.7372656588943363,1.0,0.2,0.9,2.0
vit_tiny_patch16_224,mix50,0,mix50_1+mix50_3+mix50_4,3,averaging,0.8868333333333333,0.9645213627298156,0.0868094637989997,0.4323110282421112,0.2851788210957566,2.568876345952352,3.0,0.8555906542592243,0.7362402784593662,,,,
vit_tiny_patch16_224,mix50,0,mix50_1+mix50_3+mix50_4,3,task_arithmetic,0.8588333333333332,0.9339079321623052,0.0868094637989997,0.4323110282421112,0.2851788210957566,2.568876345952352,3.0,0.8555906542592243,0.7362402784593662,0.1,,,
vit_tiny_patch16_224,mix50,0,mix50_1+mix50_3+mix50_4,3,task_arithmetic,0.8791666666666668,0.9561430800747848,0.0868094637989997,0.4323110282421112,0.2851788210957566,2.568876345952352,3.0,0.8555906542592243,0.7362402784593662,0.2,,,
vit_tiny_patch16_224,mix50,0,mix50_1+mix50_3+mix50_4,3,task_arithmetic,0.8865,0.9641034309621432,0.0868094637989997,0.4323110282421112,0.2851788210957566,2.568876345952352,3.0,0.8555906542592243,0.7362402784593662,0.3,,,
vit_tiny_patch16_224,mix50,0,mix50_1+mix50_3+mix50_4,3,task_arithmetic,0.8756666666666666,0.9522402499053833,0.0868094637989997,0.4323110282421112,0.2851788210957566,2.568876345952352,3.0,0.8555906542592243,0.7362402784593662,0.5,,,
vit_tiny_patch16_224,mix50,0,mix50_1+mix50_3+mix50_4,3,task_arithmetic,0.7966666666666667,0.8659663105563905,0.0868094637989997,0.4323110282421112,0.2851788210957566,2.568876345952352,3.0,0.8555906542592243,0.7362402784593662,1.0,,,
vit_tiny_patch16_224,mix50,0,mix50_1+mix50_3+mix50_4,3,ties,0.8856666666666667,0.963209554393328,0.0868094637989997,0.4323110282421112,0.2851788210957566,2.568876345952352,3.0,0.8555906542592243,0.7362402784593662,0.5,0.2,,
vit_tiny_patch16_224,mix50,0,mix50_1+mix50_3+mix50_4,3,ties,0.8873333333333333,0.9650050160036322,0.0868094637989997,0.4323110282421112,0.2851788210957566,2.568876345952352,3.0,0.8555906542592243,0.7362402784593662,1.0,0.2,,
vit_tiny_patch16_224,mix50,0,mix50_1+mix50_3+mix50_4,3,dare,0.7873333333333333,0.8555998544742002,0.0868094637989997,0.4323110282421112,0.2851788210957566,2.568876345952352,3.0,0.8555906542592243,0.7362402784593662,1.0,0.2,0.9,0.0
vit_tiny_patch16_224,mix50,0,mix50_1+mix50_3+mix50_4,3,dare,0.7996666666666666,0.8693269155504804,0.0868094637989997,0.4323110282421112,0.2851788210957566,2.568876345952352,3.0,0.8555906542592243,0.7362402784593662,1.0,0.2,0.9,1.0
vit_tiny_patch16_224,mix50,0,mix50_1+mix50_3+mix50_4,3,dare,0.7986666666666666,0.8682541784641368,0.0868094637989997,0.4323110282421112,0.2851788210957566,2.568876345952352,3.0,0.8555906542592243,0.7362402784593662,1.0,0.2,0.9,2.0
vit_tiny_patch16_224,mix50,0,mix50_2+mix50_3+mix50_4,3,averaging,0.8983333333333333,0.971989499306768,0.0917028933763504,0.4285569787025451,0.2899817134982271,2.5829599698384604,3.0,0.8627353882269332,0.7310172493436693,,,,
vit_tiny_patch16_224,mix50,0,mix50_2+mix50_3+mix50_4,3,task_arithmetic,0.8648333333333333,0.935568594153312,0.0917028933763504,0.4285569787025451,0.2899817134982271,2.5829599698384604,3.0,0.8627353882269332,0.7310172493436693,0.1,,,
vit_tiny_patch16_224,mix50,0,mix50_2+mix50_3+mix50_4,3,task_arithmetic,0.8868333333333333,0.959463895786304,0.0917028933763504,0.4285569787025451,0.2899817134982271,2.5829599698384604,3.0,0.8627353882269332,0.7310172493436693,0.2,,,
vit_tiny_patch16_224,mix50,0,mix50_2+mix50_3+mix50_4,3,task_arithmetic,0.8983333333333333,0.971989499306768,0.0917028933763504,0.4285569787025451,0.2899817134982271,2.5829599698384604,3.0,0.8627353882269332,0.7310172493436693,0.3,,,
vit_tiny_patch16_224,mix50,0,mix50_2+mix50_3+mix50_4,3,task_arithmetic,0.8893333333333334,0.9621888583803244,0.0917028933763504,0.4285569787025451,0.2899817134982271,2.5829599698384604,3.0,0.8627353882269332,0.7310172493436693,0.5,,,
vit_tiny_patch16_224,mix50,0,mix50_2+mix50_3+mix50_4,3,task_arithmetic,0.8085,0.8741115771483262,0.0917028933763504,0.4285569787025451,0.2899817134982271,2.5829599698384604,3.0,0.8627353882269332,0.7310172493436693,1.0,,,
vit_tiny_patch16_224,mix50,0,mix50_2+mix50_3+mix50_4,3,ties,0.8905,0.9634121000698452,0.0917028933763504,0.4285569787025451,0.2899817134982271,2.5829599698384604,3.0,0.8627353882269332,0.7310172493436693,0.5,0.2,,
vit_tiny_patch16_224,mix50,0,mix50_2+mix50_3+mix50_4,3,ties,0.9006666666666666,0.974490143981638,0.0917028933763504,0.4285569787025451,0.2899817134982271,2.5829599698384604,3.0,0.8627353882269332,0.7310172493436693,1.0,0.2,,
vit_tiny_patch16_224,mix50,0,mix50_2+mix50_3+mix50_4,3,dare,0.7966666666666667,0.8610389723139383,0.0917028933763504,0.4285569787025451,0.2899817134982271,2.5829599698384604,3.0,0.8627353882269332,0.7310172493436693,1.0,0.2,0.9,0.0
vit_tiny_patch16_224,mix50,0,mix50_2+mix50_3+mix50_4,3,dare,0.7996666666666666,0.8646108192708883,0.0917028933763504,0.4285569787025451,0.2899817134982271,2.5829599698384604,3.0,0.8627353882269332,0.7310172493436693,1.0,0.2,0.9,1.0
vit_tiny_patch16_224,mix50,0,mix50_2+mix50_3+mix50_4,3,dare,0.8029999999999999,0.868204559009942,0.0917028933763504,0.4285569787025451,0.2899817134982271,2.5829599698384604,3.0,0.8627353882269332,0.7310172493436693,1.0,0.2,0.9,2.0
vit_tiny_patch16_224,mix50,0,mix50_0+mix50_1+mix50_2+mix50_3+mix50_4,5,averaging,0.8783,0.9601988093286492,0.0889480248093605,0.4306732565164566,0.2880007194272337,2.583384323120117,5.0,0.858150320364891,0.7342322539454514,,,,
vit_tiny_patch16_224,mix50,0,mix50_0+mix50_1+mix50_2+mix50_3+mix50_4,5,task_arithmetic,0.8618,0.9420708374321032,0.0889480248093605,0.4306732565164566,0.2880007194272337,2.583384323120117,5.0,0.858150320364891,0.7342322539454514,0.1,,,
vit_tiny_patch16_224,mix50,0,mix50_0+mix50_1+mix50_2+mix50_3+mix50_4,5,task_arithmetic,0.8783,0.9601988093286492,0.0889480248093605,0.4306732565164566,0.2880007194272337,2.583384323120117,5.0,0.858150320364891,0.7342322539454514,0.2,,,
vit_tiny_patch16_224,mix50,0,mix50_0+mix50_1+mix50_2+mix50_3+mix50_4,5,task_arithmetic,0.8742000000000001,0.9556634949082692,0.0889480248093605,0.4306732565164566,0.2880007194272337,2.583384323120117,5.0,0.858150320364891,0.7342322539454514,0.3,,,
vit_tiny_patch16_224,mix50,0,mix50_0+mix50_1+mix50_2+mix50_3+mix50_4,5,task_arithmetic,0.8304,0.9075736024413128,0.0889480248093605,0.4306732565164566,0.2880007194272337,2.583384323120117,5.0,0.858150320364891,0.7342322539454514,0.5,,,
vit_tiny_patch16_224,mix50,0,mix50_0+mix50_1+mix50_2+mix50_3+mix50_4,5,task_arithmetic,0.5519000000000001,0.6022091492995993,0.0889480248093605,0.4306732565164566,0.2880007194272337,2.583384323120117,5.0,0.858150320364891,0.7342322539454514,1.0,,,
vit_tiny_patch16_224,mix50,0,mix50_0+mix50_1+mix50_2+mix50_3+mix50_4,5,ties,0.8798999999999999,0.9619653446690958,0.0889480248093605,0.4306732565164566,0.2880007194272337,2.583384323120117,5.0,0.858150320364891,0.7342322539454514,0.5,0.2,,
vit_tiny_patch16_224,mix50,0,mix50_0+mix50_1+mix50_2+mix50_3+mix50_4,5,ties,0.8724000000000001,0.9536901825336196,0.0889480248093605,0.4306732565164566,0.2880007194272337,2.583384323120117,5.0,0.858150320364891,0.7342322539454514,1.0,0.2,,
vit_tiny_patch16_224,mix50,0,mix50_0+mix50_1+mix50_2+mix50_3+mix50_4,5,dare,0.6016,0.6565863745058731,0.0889480248093605,0.4306732565164566,0.2880007194272337,2.583384323120117,5.0,0.858150320364891,0.7342322539454514,1.0,0.2,0.9,0.0
vit_tiny_patch16_224,mix50,0,mix50_0+mix50_1+mix50_2+mix50_3+mix50_4,5,dare,0.5865,0.6400573156009928,0.0889480248093605,0.4306732565164566,0.2880007194272337,2.583384323120117,5.0,0.858150320364891,0.7342322539454514,1.0,0.2,0.9,1.0
vit_tiny_patch16_224,mix50,0,mix50_0+mix50_1+mix50_2+mix50_3+mix50_4,5,dare,0.6006,0.6554960350517949,0.0889480248093605,0.4306732565164566,0.2880007194272337,2.583384323120117,5.0,0.858150320364891,0.7342322539454514,1.0,0.2,0.9,2.0
vit_tiny_patch16_224,mix50,1,mix50_0+mix50_1,2,averaging,0.8859999999999999,0.983109289375287,0.0774517804384231,0.439391940832138,0.2752402313438143,2.5770649909973145,2.0,0.8365529227919738,0.7378954681356824,,,,
vit_tiny_patch16_224,mix50,1,mix50_0+mix50_1,2,task_arithmetic,0.826,0.9165595540174014,0.0774517804384231,0.439391940832138,0.2752402313438143,2.5770649909973145,2.0,0.8365529227919738,0.7378954681356824,0.1,,,
vit_tiny_patch16_224,mix50,1,mix50_0+mix50_1,2,task_arithmetic,0.85375,0.9473495159616316,0.0774517804384231,0.439391940832138,0.2752402313438143,2.5770649909973145,2.0,0.8365529227919738,0.7378954681356824,0.2,,,
vit_tiny_patch16_224,mix50,1,mix50_0+mix50_1,2,task_arithmetic,0.8714999999999999,0.9670463933201106,0.0774517804384231,0.439391940832138,0.2752402313438143,2.5770649909973145,2.0,0.8365529227919738,0.7378954681356824,0.3,,,
vit_tiny_patch16_224,mix50,1,mix50_0+mix50_1,2,task_arithmetic,0.8859999999999999,0.983109289375287,0.0774517804384231,0.439391940832138,0.2752402313438143,2.5770649909973145,2.0,0.8365529227919738,0.7378954681356824,0.5,,,
vit_tiny_patch16_224,mix50,1,mix50_0+mix50_1,2,task_arithmetic,0.8614999999999999,0.9560234859873262,0.0774517804384231,0.439391940832138,0.2752402313438143,2.5770649909973145,2.0,0.8365529227919738,0.7378954681356824,1.0,,,
vit_tiny_patch16_224,mix50,1,mix50_0+mix50_1,2,ties,0.8685,0.9637175907287232,0.0774517804384231,0.439391940832138,0.2752402313438143,2.5770649909973145,2.0,0.8365529227919738,0.7378954681356824,0.5,0.2,,
vit_tiny_patch16_224,mix50,1,mix50_0+mix50_1,2,ties,0.889,0.9864380919666744,0.0774517804384231,0.439391940832138,0.2752402313438143,2.5770649909973145,2.0,0.8365529227919738,0.7378954681356824,1.0,0.2,,
vit_tiny_patch16_224,mix50,1,mix50_0+mix50_1,2,dare,0.85175,0.9452268079568692,0.0774517804384231,0.439391940832138,0.2752402313438143,2.5770649909973145,2.0,0.8365529227919738,0.7378954681356824,1.0,0.2,0.9,0.0
vit_tiny_patch16_224,mix50,1,mix50_0+mix50_1,2,dare,0.85375,0.9474606299454956,0.0774517804384231,0.439391940832138,0.2752402313438143,2.5770649909973145,2.0,0.8365529227919738,0.7378954681356824,1.0,0.2,0.9,1.0
vit_tiny_patch16_224,mix50,1,mix50_0+mix50_1,2,dare,0.8552500000000001,0.9490987147713268,0.0774517804384231,0.439391940832138,0.2752402313438143,2.5770649909973145,2.0,0.8365529227919738,0.7378954681356824,1.0,0.2,0.9,2.0
vit_tiny_patch16_224,mix50,1,mix50_0+mix50_2,2,averaging,0.899,0.9852008253524442,0.0888768583536148,0.4306564033031463,0.2942028789990371,2.6107544898986816,2.0,0.8674947107554702,0.7345489647687877,,,,
vit_tiny_patch16_224,mix50,1,mix50_0+mix50_2,2,task_arithmetic,0.8302499999999999,0.9098447780123804,0.0888768583536148,0.4306564033031463,0.2942028789990371,2.6107544898986816,2.0,0.8674947107554702,0.7345489647687877,0.1,,,
vit_tiny_patch16_224,mix50,1,mix50_0+mix50_2,2,task_arithmetic,0.86175,0.9443475608144952,0.0888768583536148,0.4306564033031463,0.2942028789990371,2.6107544898986816,2.0,0.8674947107554702,0.7345489647687877,0.2,,,
vit_tiny_patch16_224,mix50,1,mix50_0+mix50_2,2,task_arithmetic,0.879,0.9632701948321792,0.0888768583536148,0.4306564033031463,0.2942028789990371,2.6107544898986816,2.0,0.8674947107554702,0.7345489647687877,0.3,,,
vit_tiny_patch16_224,mix50,1,mix50_0+mix50_2,2,task_arithmetic,0.899,0.9852008253524442,0.0888768583536148,0.4306564033031463,0.2942028789990371,2.6107544898986816,2.0,0.8674947107554702,0.7345489647687877,0.5,,,
vit_tiny_patch16_224,mix50,1,mix50_0+mix50_2,2,task_arithmetic,0.87025,0.9537177491610758,0.0888768583536148,0.4306564033031463,0.2942028789990371,2.6107544898986816,2.0,0.8674947107554702,0.7345489647687877,1.0,,,
vit_tiny_patch16_224,mix50,1,mix50_0+mix50_2,2,ties,0.8732500000000001,0.9569431333126754,0.0888768583536148,0.4306564033031463,0.2942028789990371,2.6107544898986816,2.0,0.8674947107554702,0.7345489647687877,0.5,0.2,,
vit_tiny_patch16_224,mix50,1,mix50_0+mix50_2,2,ties,0.8967499999999999,0.9827368984907772,0.0888768583536148,0.4306564033031463,0.2942028789990371,2.6107544898986816,2.0,0.8674947107554702,0.7345489647687877,1.0,0.2,,
vit_tiny_patch16_224,mix50,1,mix50_0+mix50_2,2,dare,0.863,0.9458053191514916,0.0888768583536148,0.4306564033031463,0.2942028789990371,2.6107544898986816,2.0,0.8674947107554702,0.7345489647687877,1.0,0.2,0.9,0.0
vit_tiny_patch16_224,mix50,1,mix50_0+mix50_2,2,dare,0.86625,0.9492949313847714,0.0888768583536148,0.4306564033031463,0.2942028789990371,2.6107544898986816,2.0,0.8674947107554702,0.7345489647687877,1.0,0.2,0.9,1.0
vit_tiny_patch16_224,mix50,1,mix50_0+mix50_2,2,dare,0.8552500000000001,0.9372746554826126,0.0888768583536148,0.4306564033031463,0.2942028789990371,2.6107544898986816,2.0,0.8674947107554702,0.7345489647687877,1.0,0.2,0.9,2.0
vit_tiny_patch16_224,mix50,1,mix50_0+mix50_3,2,averaging,0.889,0.9812362030905076,0.0936965644359588,0.4270021021366119,0.3044373224176857,2.6319634914398193,2.0,0.8863856419541379,0.7276416185729648,,,,
vit_tiny_patch16_224,mix50,1,mix50_0+mix50_3,2,task_arithmetic,0.8285,0.9144591611479028,0.0936965644359588,0.4270021021366119,0.3044373224176857,2.6319634914398193,2.0,0.8863856419541379,0.7276416185729648,0.1,,,
vit_tiny_patch16_224,mix50,1,mix50_0+mix50_3,2,task_arithmetic,0.8612500000000001,0.95060706401766,0.0936965644359588,0.4270021021366119,0.3044373224176857,2.6319634914398193,2.0,0.8863856419541379,0.7276416185729648,0.2,,,
vit_tiny_patch16_224,mix50,1,mix50_0+mix50_3,2,task_arithmetic,0.8775,0.968543046357616,0.0936965644359588,0.4270021021366119,0.3044373224176857,2.6319634914398193,2.0,0.8863856419541379,0.7276416185729648,0.3,,,
vit_tiny_patch16_224,mix50,1,mix50_0+mix50_3,2,task_arithmetic,0.889,0.9812362030905076,0.0936965644359588,0.4270021021366119,0.3044373224176857,2.6319634914398193,2.0,0.8863856419541379,0.7276416185729648,0.5,,,
vit_tiny_patch16_224,mix50,1,mix50_0+mix50_3,2,task_arithmetic,0.86175,0.951158940397351,0.0936965644359588,0.4270021021366119,0.3044373224176857,2.6319634914398193,2.0,0.8863856419541379,0.7276416185729648,1.0,,,
vit_tiny_patch16_224,mix50,1,mix50_0+mix50_3,2,ties,0.87075,0.961092715231788,0.0936965644359588,0.4270021021366119,0.3044373224176857,2.6319634914398193,2.0,0.8863856419541379,0.7276416185729648,0.5,0.2,,
vit_tiny_patch16_224,mix50,1,mix50_0+mix50_3,2,ties,0.89225,0.9848233995584988,0.0936965644359588,0.4270021021366119,0.3044373224176857,2.6319634914398193,2.0,0.8863856419541379,0.7276416185729648,1.0,0.2,,
vit_tiny_patch16_224,mix50,1,mix50_0+mix50_3,2,dare,0.849,0.9370860927152316,0.0936965644359588,0.4270021021366119,0.3044373224176857,2.6319634914398193,2.0,0.8863856419541379,0.7276416185729648,1.0,0.2,0.9,0.0
vit_tiny_patch16_224,mix50,1,mix50_0+mix50_3,2,dare,0.85675,0.9456401766004414,0.0936965644359588,0.4270021021366119,0.3044373224176857,2.6319634914398193,2.0,0.8863856419541379,0.7276416185729648,1.0,0.2,0.9,1.0
vit_tiny_patch16_224,mix50,1,mix50_0+mix50_3,2,dare,0.8545,0.9431567328918322,0.0936965644359588,0.4270021021366119,0.3044373224176857,2.6319634914398193,2.0,0.8863856419541379,0.7276416185729648,1.0,0.2,0.9,2.0
vit_tiny_patch16_224,mix50,1,mix50_0+mix50_4,2,averaging,0.90975,0.9805749104617628,0.0864859223365783,0.4325029253959656,0.2795018772087475,2.5895094871520996,2.0,0.8526432525613163,0.7341906046136693,,,,
vit_tiny_patch16_224,mix50,1,mix50_0+mix50_4,2,task_arithmetic,0.85575,0.9220594492047052,0.0864859223365783,0.4325029253959656,0.2795018772087475,2.5895094871520996,2.0,0.8526432525613163,0.7341906046136693,0.1,,,
vit_tiny_patch16_224,mix50,1,mix50_0+mix50_4,2,task_arithmetic,0.8832500000000001,0.9518816979309432,0.0864859223365783,0.4325029253959656,0.2795018772087475,2.5895094871520996,2.0,0.8526432525613163,0.7341906046136693,0.2,,,
vit_tiny_patch16_224,mix50,1,mix50_0+mix50_4,2,task_arithmetic,0.8975,0.9672562066476256,0.0864859223365783,0.4325029253959656,0.2795018772087475,2.5895094871520996,2.0,0.8526432525613163,0.7341906046136693,0.3,,,
vit_tiny_patch16_224,mix50,1,mix50_0+mix50_4,2,task_arithmetic,0.90975,0.9805749104617628,0.0864859223365783,0.4325029253959656,0.2795018772087475,2.5895094871520996,2.0,0.8526432525613163,0.7341906046136693,0.5,,,
vit_tiny_patch16_224,mix50,1,mix50_0+mix50_4,2,task_arithmetic,0.8945000000000001,0.9639702318055164,0.0864859223365783,0.4325029253959656,0.2795018772087475,2.5895094871520996,2.0,0.8526432525613163,0.7341906046136693,1.0,,,
vit_tiny_patch16_224,mix50,1,mix50_0+mix50_4,2,ties,0.89175,0.9610107620253252,0.0864859223365783,0.4325029253959656,0.2795018772087475,2.5895094871520996,2.0,0.8526432525613163,0.7341906046136693,0.5,0.2,,
vit_tiny_patch16_224,mix50,1,mix50_0+mix50_4,2,ties,0.911,0.9819040345389174,0.0864859223365783,0.4325029253959656,0.2795018772087475,2.5895094871520996,2.0,0.8526432525613163,0.7341906046136693,1.0,0.2,,
vit_tiny_patch16_224,mix50,1,mix50_0+mix50_4,2,dare,0.88225,0.9506894531454336,0.0864859223365783,0.4325029253959656,0.2795018772087475,2.5895094871520996,2.0,0.8526432525613163,0.7341906046136693,1.0,0.2,0.9,0.0
vit_tiny_patch16_224,mix50,1,mix50_0+mix50_4,2,dare,0.88375,0.9523450822845064,0.0864859223365783,0.4325029253959656,0.2795018772087475,2.5895094871520996,2.0,0.8526432525613163,0.7341906046136693,1.0,0.2,0.9,1.0
vit_tiny_patch16_224,mix50,1,mix50_0+mix50_4,2,dare,0.884,0.9526463039103884,0.0864859223365783,0.4325029253959656,0.2795018772087475,2.5895094871520996,2.0,0.8526432525613163,0.7341906046136693,1.0,0.2,0.9,2.0
vit_tiny_patch16_224,mix50,1,mix50_1+mix50_2,2,averaging,0.8907499999999999,0.9812421901882972,0.0788075178861618,0.4384758472442627,0.2836110841507205,2.553701877593994,2.0,0.8453872055309912,0.7406976673547653,,,,
vit_tiny_patch16_224,mix50,1,mix50_1+mix50_2,2,task_arithmetic,0.8360000000000001,0.9210657514078144,0.0788075178861618,0.4384758472442627,0.2836110841507205,2.553701877593994,2.0,0.8453872055309912,0.7406976673547653,0.1,,,
vit_tiny_patch16_224,mix50,1,mix50_1+mix50_2,2,task_arithmetic,0.86175,0.9493038154059404,0.0788075178861618,0.4384758472442627,0.2836110841507205,2.553701877593994,2.0,0.8453872055309912,0.7406976673547653,0.2,,,
vit_tiny_patch16_224,mix50,1,mix50_1+mix50_2,2,task_arithmetic,0.877,0.9661368992096576,0.0788075178861618,0.4384758472442627,0.2836110841507205,2.553701877593994,2.0,0.8453872055309912,0.7406976673547653,0.3,,,
vit_tiny_patch16_224,mix50,1,mix50_1+mix50_2,2,task_arithmetic,0.8907499999999999,0.9812421901882972,0.0788075178861618,0.4384758472442627,0.2836110841507205,2.553701877593994,2.0,0.8453872055309912,0.7406976673547653,0.5,,,
vit_tiny_patch16_224,mix50,1,mix50_1+mix50_2,2,task_arithmetic,0.865,0.9530792278277208,0.0788075178861618,0.4384758472442627,0.2836110841507205,2.553701877593994,2.0,0.8453872055309912,0.7406976673547653,1.0,,,
vit_tiny_patch16_224,mix50,1,mix50_1+mix50_2,2,ties,0.8752500000000001,0.9641985183584816,0.0788075178861618,0.4384758472442627,0.2836110841507205,2.553701877593994,2.0,0.8453872055309912,0.7406976673547653,0.5,0.2,,
vit_tiny_patch16_224,mix50,1,mix50_1+mix50_2,2,ties,0.8955,0.9865542276304842,0.0788075178861618,0.4384758472442627,0.2836110841507205,2.553701877593994,2.0,0.8453872055309912,0.7406976673547653,1.0,0.2,,
vit_tiny_patch16_224,mix50,1,mix50_1+mix50_2,2,dare,0.85575,0.94291152814688,0.0788075178861618,0.4384758472442627,0.2836110841507205,2.553701877593994,2.0,0.8453872055309912,0.7406976673547653,1.0,0.2,0.9,0.0
vit_tiny_patch16_224,mix50,1,mix50_1+mix50_2,2,dare,0.8592500000000001,0.9467336704764692,0.0788075178861618,0.4384758472442627,0.2836110841507205,2.553701877593994,2.0,0.8453872055309912,0.7406976673547653,1.0,0.2,0.9,1.0
vit_tiny_patch16_224,mix50,1,mix50_1+mix50_2,2,dare,0.85175,0.9385043516468043,0.0788075178861618,0.4384758472442627,0.2836110841507205,2.553701877593994,2.0,0.8453872055309912,0.7406976673547653,1.0,0.2,0.9,2.0
vit_tiny_patch16_224,mix50,1,mix50_1+mix50_3,2,averaging,0.87725,0.9733958957387632,0.0735180750489234,0.4424706995487213,0.2769684679060703,2.574910879135132,2.0,0.8377409391255289,0.7337903211589424,,,,
vit_tiny_patch16_224,mix50,1,mix50_1+mix50_3,2,task_arithmetic,0.827,0.9176662308289903,0.0735180750489234,0.4424706995487213,0.2769684679060703,2.574910879135132,2.0,0.8377409391255289,0.7337903211589424,0.1,,,
vit_tiny_patch16_224,mix50,1,mix50_1+mix50_3,2,task_arithmetic,0.856,0.949818339409206,0.0735180750489234,0.4424706995487213,0.2769684679060703,2.574910879135132,2.0,0.8377409391255289,0.7337903211589424,0.2,,,
vit_tiny_patch16_224,mix50,1,mix50_1+mix50_3,2,task_arithmetic,0.87025,0.9656491580576414,0.0735180750489234,0.4424706995487213,0.2769684679060703,2.574910879135132,2.0,0.8377409391255289,0.7337903211589424,0.3,,,
vit_tiny_patch16_224,mix50,1,mix50_1+mix50_3,2,task_arithmetic,0.87725,0.9733958957387632,0.0735180750489234,0.4424706995487213,0.2769684679060703,2.574910879135132,2.0,0.8377409391255289,0.7337903211589424,0.5,,,
vit_tiny_patch16_224,mix50,1,mix50_1+mix50_3,2,task_arithmetic,0.8480000000000001,0.9410731148481524,0.0735180750489234,0.4424706995487213,0.2769684679060703,2.574910879135132,2.0,0.8377409391255289,0.7337903211589424,1.0,,,
vit_tiny_patch16_224,mix50,1,mix50_1+mix50_3,2,ties,0.86825,0.9634328803822568,0.0735180750489234,0.4424706995487213,0.2769684679060703,2.574910879135132,2.0,0.8377409391255289,0.7337903211589424,0.5,0.2,,
vit_tiny_patch16_224,mix50,1,mix50_1+mix50_3,2,ties,0.8825,0.9792227622997948,0.0735180750489234,0.4424706995487213,0.2769684679060703,2.574910879135132,2.0,0.8377409391255289,0.7337903211589424,1.0,0.2,,
vit_tiny_patch16_224,mix50,1,mix50_1+mix50_3,2,dare,0.8375,0.929507103292298,0.0735180750489234,0.4424706995487213,0.2769684679060703,2.574910879135132,2.0,0.8377409391255289,0.7337903211589424,1.0,0.2,0.9,0.0
vit_tiny_patch16_224,mix50,1,mix50_1+mix50_3,2,dare,0.84975,0.9430193024381056,0.0735180750489234,0.4424706995487213,0.2769684679060703,2.574910879135132,2.0,0.8377409391255289,0.7337903211589424,1.0,0.2,0.9,1.0
vit_tiny_patch16_224,mix50,1,mix50_1+mix50_3,2,dare,0.846,0.938903622008079,0.0735180750489234,0.4424706995487213,0.2769684679060703,2.574910879135132,2.0,0.8377409391255289,0.7337903211589424,1.0,0.2,0.9,2.0
vit_tiny_patch16_224,mix50,1,mix50_1+mix50_4,2,averaging,0.907,0.9827443157772005,0.0977867841720581,0.4240365326404571,0.3008085998806774,2.532456874847412,2.0,0.8679081143536302,0.7403393071996468,,,,
vit_tiny_patch16_224,mix50,1,mix50_1+mix50_4,2,task_arithmetic,0.86125,0.9330823132614194,0.0977867841720581,0.4240365326404571,0.3008085998806774,2.532456874847412,2.0,0.8679081143536302,0.7403393071996468,0.1,,,
vit_tiny_patch16_224,mix50,1,mix50_1+mix50_4,2,task_arithmetic,0.88025,0.9536999101590734,0.0977867841720581,0.4240365326404571,0.3008085998806774,2.532456874847412,2.0,0.8679081143536302,0.7403393071996468,0.2,,,
vit_tiny_patch16_224,mix50,1,mix50_1+mix50_4,2,task_arithmetic,0.8975,0.9723654713623604,0.0977867841720581,0.4240365326404571,0.3008085998806774,2.532456874847412,2.0,0.8679081143536302,0.7403393071996468,0.3,,,
vit_tiny_patch16_224,mix50,1,mix50_1+mix50_4,2,task_arithmetic,0.907,0.9827443157772005,0.0977867841720581,0.4240365326404571,0.3008085998806774,2.532456874847412,2.0,0.8679081143536302,0.7403393071996468,0.5,,,
vit_tiny_patch16_224,mix50,1,mix50_1+mix50_4,2,task_arithmetic,0.8945000000000001,0.9690969533088568,0.0977867841720581,0.4240365326404571,0.3008085998806774,2.532456874847412,2.0,0.8679081143536302,0.7403393071996468,1.0,,,
vit_tiny_patch16_224,mix50,1,mix50_1+mix50_4,2,ties,0.8955,0.9702279680472918,0.0977867841720581,0.4240365326404571,0.3008085998806774,2.532456874847412,2.0,0.8679081143536302,0.7403393071996468,0.5,0.2,,
vit_tiny_patch16_224,mix50,1,mix50_1+mix50_4,2,ties,0.908,0.9838286332049596,0.0977867841720581,0.4240365326404571,0.3008085998806774,2.532456874847412,2.0,0.8679081143536302,0.7403393071996468,1.0,0.2,,
vit_tiny_patch16_224,mix50,1,mix50_1+mix50_4,2,dare,0.888,0.9623135081222484,0.0977867841720581,0.4240365326404571,0.3008085998806774,2.532456874847412,2.0,0.8679081143536302,0.7403393071996468,1.0,0.2,0.9,0.0
vit_tiny_patch16_224,mix50,1,mix50_1+mix50_4,2,dare,0.8855,0.9593380964590222,0.0977867841720581,0.4240365326404571,0.3008085998806774,2.532456874847412,2.0,0.8679081143536302,0.7403393071996468,1.0,0.2,0.9,1.0
vit_tiny_patch16_224,mix50,1,mix50_1+mix50_4,2,dare,0.8935,0.968152727813124,0.0977867841720581,0.4240365326404571,0.3008085998806774,2.532456874847412,2.0,0.8679081143536302,0.7403393071996468,1.0,0.2,0.9,2.0
vit_tiny_patch16_224,mix50,1,mix50_2+mix50_3,2,averaging,0.89425,0.9799775165923224,0.0949200764298439,0.426039844751358,0.3038481807166309,2.608600378036499,2.0,0.8776031742517615,0.7304438177920478,,,,
vit_tiny_patch16_224,mix50,1,mix50_2+mix50_3,2,task_arithmetic,0.83375,0.9137157194089938,0.0949200764298439,0.426039844751358,0.3038481807166309,2.608600378036499,2.0,0.8776031742517615,0.7304438177920478,0.1,,,
vit_tiny_patch16_224,mix50,1,mix50_2+mix50_3,2,task_arithmetic,0.8660000000000001,0.9490307033030912,0.0949200764298439,0.426039844751358,0.3038481807166309,2.608600378036499,2.0,0.8776031742517615,0.7304438177920478,0.2,,,
vit_tiny_patch16_224,mix50,1,mix50_2+mix50_3,2,task_arithmetic,0.88525,0.9701061956681006,0.0949200764298439,0.426039844751358,0.3038481807166309,2.608600378036499,2.0,0.8776031742517615,0.7304438177920478,0.3,,,
vit_tiny_patch16_224,mix50,1,mix50_2+mix50_3,2,task_arithmetic,0.89425,0.9799775165923224,0.0949200764298439,0.426039844751358,0.3038481807166309,2.608600378036499,2.0,0.8776031742517615,0.7304438177920478,0.5,,,
vit_tiny_patch16_224,mix50,1,mix50_2+mix50_3,2,task_arithmetic,0.869,0.9523224447342946,0.0949200764298439,0.426039844751358,0.3038481807166309,2.608600378036499,2.0,0.8776031742517615,0.7304438177920478,1.0,,,
vit_tiny_patch16_224,mix50,1,mix50_2+mix50_3,2,ties,0.879,0.9632662914627907,0.0949200764298439,0.426039844751358,0.3038481807166309,2.608600378036499,2.0,0.8776031742517615,0.7304438177920478,0.5,0.2,,
vit_tiny_patch16_224,mix50,1,mix50_2+mix50_3,2,ties,0.8979999999999999,0.9840853624848968,0.0949200764298439,0.426039844751358,0.3038481807166309,2.608600378036499,2.0,0.8776031742517615,0.7304438177920478,1.0,0.2,,
vit_tiny_patch16_224,mix50,1,mix50_2+mix50_3,2,dare,0.86,0.9424511238100728,0.0949200764298439,0.426039844751358,0.3038481807166309,2.608600378036499,2.0,0.8776031742517615,0.7304438177920478,1.0,0.2,0.9,0.0
vit_tiny_patch16_224,mix50,1,mix50_2+mix50_3,2,dare,0.861,0.9435626833082316,0.0949200764298439,0.426039844751358,0.3038481807166309,2.608600378036499,2.0,0.8776031742517615,0.7304438177920478,1.0,0.2,0.9,1.0
vit_tiny_patch16_224,mix50,1,mix50_2+mix50_3,2,dare,0.8534999999999999,0.9353547982618596,0.0949200764298439,0.426039844751358,0.3038481807166309,2.608600378036499,2.0,0.8776031742517615,0.7304438177920478,1.0,0.2,0.9,2.0
vit_tiny_patch16_224,mix50,1,mix50_2+mix50_4,2,averaging,0.915,0.9794640212104072,0.0970732569694519,0.4245505928993225,0.2978293160928132,2.5661463737487793,2.0,0.8670411450905207,0.7369928038327522,,,,
vit_tiny_patch16_224,mix50,1,mix50_2+mix50_4,2,task_arithmetic,0.8634999999999999,0.9241064393893812,0.0970732569694519,0.4245505928993225,0.2978293160928132,2.5661463737487793,2.0,0.8670411450905207,0.7369928038327522,0.1,,,
vit_tiny_patch16_224,mix50,1,mix50_2+mix50_4,2,task_arithmetic,0.8907499999999999,0.953434915919896,0.0970732569694519,0.4245505928993225,0.2978293160928132,2.5661463737487793,2.0,0.8670411450905207,0.7369928038327522,0.2,,,
vit_tiny_patch16_224,mix50,1,mix50_2+mix50_4,2,task_arithmetic,0.90725,0.9711095869139076,0.0970732569694519,0.4245505928993225,0.2978293160928132,2.5661463737487793,2.0,0.8670411450905207,0.7369928038327522,0.3,,,
vit_tiny_patch16_224,mix50,1,mix50_2+mix50_4,2,task_arithmetic,0.915,0.9794640212104072,0.0970732569694519,0.4245505928993225,0.2978293160928132,2.5661463737487793,2.0,0.8670411450905207,0.7369928038327522,0.5,,,
vit_tiny_patch16_224,mix50,1,mix50_2+mix50_4,2,task_arithmetic,0.89225,0.9548224510810052,0.0970732569694519,0.4245505928993225,0.2978293160928132,2.5661463737487793,2.0,0.8670411450905207,0.7369928038327522,1.0,,,
vit_tiny_patch16_224,mix50,1,mix50_2+mix50_4,2,ties,0.90125,0.9646681347092364,0.0970732569694519,0.4245505928993225,0.2978293160928132,2.5661463737487793,2.0,0.8670411450905207,0.7369928038327522,0.5,0.2,,
vit_tiny_patch16_224,mix50,1,mix50_2+mix50_4,2,ties,0.91725,0.9818249511082232,0.0970732569694519,0.4245505928993225,0.2978293160928132,2.5661463737487793,2.0,0.8670411450905207,0.7369928038327522,1.0,0.2,,
vit_tiny_patch16_224,mix50,1,mix50_2+mix50_4,2,dare,0.8885000000000001,0.950811835563188,0.0970732569694519,0.4245505928993225,0.2978293160928132,2.5661463737487793,2.0,0.8670411450905207,0.7369928038327522,1.0,0.2,0.9,0.0
vit_tiny_patch16_224,mix50,1,mix50_2+mix50_4,2,dare,0.88275,0.9446336798303444,0.0970732569694519,0.4245505928993225,0.2978293160928132,2.5661463737487793,2.0,0.8670411450905207,0.7369928038327522,1.0,0.2,0.9,1.0
vit_tiny_patch16_224,mix50,1,mix50_2+mix50_4,2,dare,0.88225,0.9440633951435408,0.0970732569694519,0.4245505928993225,0.2978293160928132,2.5661463737487793,2.0,0.8670411450905207,0.7369928038327522,1.0,0.2,0.9,2.0
vit_tiny_patch16_224,mix50,1,mix50_3+mix50_4,2,averaging,0.90775,0.978304196352908,0.0886126980185508,0.4308327436447143,0.2882077449342942,2.587355375289917,2.0,0.8607071457886669,0.7300854576369293,,,,
vit_tiny_patch16_224,mix50,1,mix50_3+mix50_4,2,task_arithmetic,0.8565,0.9229378306463144,0.0886126980185508,0.4308327436447143,0.2882077449342942,2.587355375289917,2.0,0.8607071457886669,0.7300854576369293,0.1,,,
vit_tiny_patch16_224,mix50,1,mix50_3+mix50_4,2,task_arithmetic,0.8825000000000001,0.951142375387534,0.0886126980185508,0.4308327436447143,0.2882077449342942,2.587355375289917,2.0,0.8607071457886669,0.7300854576369293,0.2,,,
vit_tiny_patch16_224,mix50,1,mix50_3+mix50_4,2,task_arithmetic,0.896,0.9656005775085528,0.0886126980185508,0.4308327436447143,0.2882077449342942,2.587355375289917,2.0,0.8607071457886669,0.7300854576369293,0.3,,,
vit_tiny_patch16_224,mix50,1,mix50_3+mix50_4,2,task_arithmetic,0.90775,0.978304196352908,0.0886126980185508,0.4308327436447143,0.2882077449342942,2.587355375289917,2.0,0.8607071457886669,0.7300854576369293,0.5,,,
vit_tiny_patch16_224,mix50,1,mix50_3+mix50_4,2,task_arithmetic,0.8805000000000001,0.9486314686363336,0.0886126980185508,0.4308327436447143,0.2882077449342942,2.587355375289917,2.0,0.8607071457886669,0.7300854576369293,1.0,,,
vit_tiny_patch16_224,mix50,1,mix50_3+mix50_4,2,ties,0.893,0.9624157364105892,0.0886126980185508,0.4308327436447143,0.2882077449342942,2.587355375289917,2.0,0.8607071457886669,0.7300854576369293,0.5,0.2,,
vit_tiny_patch16_224,mix50,1,mix50_3+mix50_4,2,ties,0.91025,0.9810509365333444,0.0886126980185508,0.4308327436447143,0.2882077449342942,2.587355375289917,2.0,0.8607071457886669,0.7300854576369293,1.0,0.2,,
vit_tiny_patch16_224,mix50,1,mix50_3+mix50_4,2,dare,0.87375,0.9414339718708696,0.0886126980185508,0.4308327436447143,0.2882077449342942,2.587355375289917,2.0,0.8607071457886669,0.7300854576369293,1.0,0.2,0.9,0.0
vit_tiny_patch16_224,mix50,1,mix50_3+mix50_4,2,dare,0.8745,0.9421606526962604,0.0886126980185508,0.4308327436447143,0.2882077449342942,2.587355375289917,2.0,0.8607071457886669,0.7300854576369293,1.0,0.2,0.9,1.0
vit_tiny_patch16_224,mix50,1,mix50_3+mix50_4,2,dare,0.8775,0.9454087023843152,0.0886126980185508,0.4308327436447143,0.2882077449342942,2.587355375289917,2.0,0.8607071457886669,0.7300854576369293,1.0,0.2,0.9,2.0
vit_tiny_patch16_224,mix50,1,mix50_0+mix50_1+mix50_2,3,averaging,0.8815,0.971727697188704,0.0817120522260665,0.436174730459849,0.284351398164524,2.5805071194966636,3.0,0.8498116130261452,0.7377140334197452,,,,
vit_tiny_patch16_224,mix50,1,mix50_0+mix50_1+mix50_2,3,task_arithmetic,0.8414999999999999,0.9276720688164728,0.0817120522260665,0.436174730459849,0.284351398164524,2.5805071194966636,3.0,0.8498116130261452,0.7377140334197452,0.1,,,
vit_tiny_patch16_224,mix50,1,mix50_0+mix50_1+mix50_2,3,task_arithmetic,0.8683333333333333,0.9571865577701864,0.0817120522260665,0.436174730459849,0.284351398164524,2.5805071194966636,3.0,0.8498116130261452,0.7377140334197452,0.2,,,
vit_tiny_patch16_224,mix50,1,mix50_0+mix50_1+mix50_2,3,task_arithmetic,0.8799999999999999,0.9700714244377352,0.0817120522260665,0.436174730459849,0.284351398164524,2.5805071194966636,3.0,0.8498116130261452,0.7377140334197452,0.3,,,
vit_tiny_patch16_224,mix50,1,mix50_0+mix50_1+mix50_2,3,task_arithmetic,0.876,0.9657338186436308,0.0817120522260665,0.436174730459849,0.284351398164524,2.5805071194966636,3.0,0.8498116130261452,0.7377140334197452,0.5,,,
vit_tiny_patch16_224,mix50,1,mix50_0+mix50_1+mix50_2,3,task_arithmetic,0.7811666666666667,0.8614192919124776,0.0817120522260665,0.436174730459849,0.284351398164524,2.5805071194966636,3.0,0.8498116130261452,0.7377140334197452,1.0,,,
vit_tiny_patch16_224,mix50,1,mix50_0+mix50_1+mix50_2,3,ties,0.875,0.964557883665794,0.0817120522260665,0.436174730459849,0.284351398164524,2.5805071194966636,3.0,0.8498116130261452,0.7377140334197452,0.5,0.2,,
vit_tiny_patch16_224,mix50,1,mix50_0+mix50_1+mix50_2,3,ties,0.8823333333333333,0.9726669941024604,0.0817120522260665,0.436174730459849,0.284351398164524,2.5805071194966636,3.0,0.8498116130261452,0.7377140334197452,1.0,0.2,,
vit_tiny_patch16_224,mix50,1,mix50_0+mix50_1+mix50_2,3,dare,0.775,0.8546492480105816,0.0817120522260665,0.436174730459849,0.284351398164524,2.5805071194966636,3.0,0.8498116130261452,0.7377140334197452,1.0,0.2,0.9,0.0
vit_tiny_patch16_224,mix50,1,mix50_0+mix50_1+mix50_2,3,dare,0.7646666666666667,0.8432926111635514,0.0817120522260665,0.436174730459849,0.284351398164524,2.5805071194966636,3.0,0.8498116130261452,0.7377140334197452,1.0,0.2,0.9,1.0
vit_tiny_patch16_224,mix50,1,mix50_0+mix50_1+mix50_2,3,dare,0.7803333333333334,0.8604520324342187,0.0817120522260665,0.436174730459849,0.284351398164524,2.5805071194966636,3.0,0.8498116130261452,0.7377140334197452,1.0,0.2,0.9,2.0
vit_tiny_patch16_224,mix50,1,mix50_0+mix50_1+mix50_3,3,averaging,0.874,0.9680991034137744,0.0815554733077685,0.4362882475058238,0.2855486738891901,2.594646453857422,3.0,0.8535598346238803,0.7331091359558632,,,,
vit_tiny_patch16_224,mix50,1,mix50_0+mix50_1+mix50_3,3,task_arithmetic,0.838,0.9282353457789202,0.0815554733077685,0.4362882475058238,0.2855486738891901,2.594646453857422,3.0,0.8535598346238803,0.7331091359558632,0.1,,,
vit_tiny_patch16_224,mix50,1,mix50_0+mix50_1+mix50_3,3,task_arithmetic,0.8658333333333333,0.9590519832871436,0.0815554733077685,0.4362882475058238,0.2855486738891901,2.594646453857422,3.0,0.8535598346238803,0.7331091359558632,0.2,,,
vit_tiny_patch16_224,mix50,1,mix50_0+mix50_1+mix50_3,3,task_arithmetic,0.8744999999999999,0.9686392835846376,0.0815554733077685,0.4362882475058238,0.2855486738891901,2.594646453857422,3.0,0.8535598346238803,0.7331091359558632,0.3,,,
vit_tiny_patch16_224,mix50,1,mix50_0+mix50_1+mix50_3,3,task_arithmetic,0.871,0.9647858957674909,0.0815554733077685,0.4362882475058238,0.2855486738891901,2.594646453857422,3.0,0.8535598346238803,0.7331091359558632,0.5,,,
vit_tiny_patch16_224,mix50,1,mix50_0+mix50_1+mix50_3,3,task_arithmetic,0.777,0.8608713388301411,0.0815554733077685,0.4362882475058238,0.2855486738891901,2.594646453857422,3.0,0.8535598346238803,0.7331091359558632,1.0,,,
vit_tiny_patch16_224,mix50,1,mix50_0+mix50_1+mix50_3,3,ties,0.871,0.9647625033498354,0.0815554733077685,0.4362882475058238,0.2855486738891901,2.594646453857422,3.0,0.8535598346238803,0.7331091359558632,0.5,0.2,,
vit_tiny_patch16_224,mix50,1,mix50_0+mix50_1+mix50_3,3,ties,0.8771666666666667,0.9715943204851504,0.0815554733077685,0.4362882475058238,0.2855486738891901,2.594646453857422,3.0,0.8535598346238803,0.7331091359558632,1.0,0.2,,
vit_tiny_patch16_224,mix50,1,mix50_0+mix50_1+mix50_3,3,dare,0.7768333333333333,0.8606834813006348,0.0815554733077685,0.4362882475058238,0.2855486738891901,2.594646453857422,3.0,0.8535598346238803,0.7331091359558632,1.0,0.2,0.9,0.0
vit_tiny_patch16_224,mix50,1,mix50_0+mix50_1+mix50_3,3,dare,0.773,0.8564485303200616,0.0815554733077685,0.4362882475058238,0.2855486738891901,2.594646453857422,3.0,0.8535598346238803,0.7331091359558632,1.0,0.2,0.9,1.0
vit_tiny_patch16_224,mix50,1,mix50_0+mix50_1+mix50_3,3,dare,0.7798333333333334,0.8639479547434693,0.0815554733077685,0.4362882475058238,0.2855486738891901,2.594646453857422,3.0,0.8535598346238803,0.7331091359558632,1.0,0.2,0.9,2.0
vit_tiny_patch16_224,mix50,1,mix50_0+mix50_1+mix50_4,3,averaging,0.8925000000000001,0.9729225481641604,0.0872414956490198,0.4319771329561869,0.2851835694777464,2.5663437843322754,3.0,0.8523680965689735,0.7374751266496662,,,,
vit_tiny_patch16_224,mix50,1,mix50_0+mix50_1+mix50_4,3,task_arithmetic,0.8581666666666666,0.935472788707112,0.0872414956490198,0.4319771329561869,0.2851835694777464,2.5663437843322754,3.0,0.8523680965689735,0.7374751266496662,0.1,,,
vit_tiny_patch16_224,mix50,1,mix50_0+mix50_1+mix50_4,3,task_arithmetic,0.882,0.96147761932402,0.0872414956490198,0.4319771329561869,0.2851835694777464,2.5663437843322754,3.0,0.8523680965689735,0.7374751266496662,0.2,,,
vit_tiny_patch16_224,mix50,1,mix50_0+mix50_1+mix50_4,3,task_arithmetic,0.8918333333333334,0.9722262723437016,0.0872414956490198,0.4319771329561869,0.2851835694777464,2.5663437843322754,3.0,0.8523680965689735,0.7374751266496662,0.3,,,
vit_tiny_patch16_224,mix50,1,mix50_0+mix50_1+mix50_4,3,task_arithmetic,0.8888333333333334,0.9689266519246263,0.0872414956490198,0.4319771329561869,0.2851835694777464,2.5663437843322754,3.0,0.8523680965689735,0.7374751266496662,0.5,,,
vit_tiny_patch16_224,mix50,1,mix50_0+mix50_1+mix50_4,3,task_arithmetic,0.8051666666666666,0.8771565495672684,0.0872414956490198,0.4319771329561869,0.2851835694777464,2.5663437843322754,3.0,0.8523680965689735,0.7374751266496662,1.0,,,
vit_tiny_patch16_224,mix50,1,mix50_0+mix50_1+mix50_4,3,ties,0.8876666666666667,0.9676856085078112,0.0872414956490198,0.4319771329561869,0.2851835694777464,2.5663437843322754,3.0,0.8523680965689735,0.7374751266496662,0.5,0.2,,
vit_tiny_patch16_224,mix50,1,mix50_0+mix50_1+mix50_4,3,ties,0.8923333333333333,0.972791735950601,0.0872414956490198,0.4319771329561869,0.2851835694777464,2.5663437843322754,3.0,0.8523680965689735,0.7374751266496662,1.0,0.2,,
vit_tiny_patch16_224,mix50,1,mix50_0+mix50_1+mix50_4,3,dare,0.798,0.8694933077143148,0.0872414956490198,0.4319771329561869,0.2851835694777464,2.5663437843322754,3.0,0.8523680965689735,0.7374751266496662,1.0,0.2,0.9,0.0
vit_tiny_patch16_224,mix50,1,mix50_0+mix50_1+mix50_4,3,dare,0.799,0.8706035389175709,0.0872414956490198,0.4319771329561869,0.2851835694777464,2.5663437843322754,3.0,0.8523680965689735,0.7374751266496662,1.0,0.2,0.9,1.0
vit_tiny_patch16_224,mix50,1,mix50_0+mix50_1+mix50_4,3,dare,0.7996666666666666,0.8710754738607607,0.0872414956490198,0.4319771329561869,0.2851835694777464,2.5663437843322754,3.0,0.8523680965689735,0.7374751266496662,1.0,0.2,0.9,2.0
vit_tiny_patch16_224,mix50,1,mix50_0+mix50_2+mix50_3,3,averaging,0.8853333333333332,0.9725180776045882,0.0924978330731391,0.4278994500637054,0.3008294607111179,2.6171061197916665,3.0,0.8771611756537899,0.7308781337112668,,,,
vit_tiny_patch16_224,mix50,1,mix50_0+mix50_2+mix50_3,3,task_arithmetic,0.844,0.927133101293036,0.0924978330731391,0.4278994500637054,0.3008294607111179,2.6171061197916665,3.0,0.8771611756537899,0.7308781337112668,0.1,,,
vit_tiny_patch16_224,mix50,1,mix50_0+mix50_2+mix50_3,3,task_arithmetic,0.8708333333333332,0.9566047412126149,0.0924978330731391,0.4278994500637054,0.3008294607111179,2.6171061197916665,3.0,0.8771611756537899,0.7308781337112668,0.2,,,
vit_tiny_patch16_224,mix50,1,mix50_0+mix50_2+mix50_3,3,task_arithmetic,0.886,0.9732565150237684,0.0924978330731391,0.4278994500637054,0.3008294607111179,2.6171061197916665,3.0,0.8771611756537899,0.7308781337112668,0.3,,,
vit_tiny_patch16_224,mix50,1,mix50_0+mix50_2+mix50_3,3,task_arithmetic,0.8795000000000001,0.9661419737517424,0.0924978330731391,0.4278994500637054,0.3008294607111179,2.6171061197916665,3.0,0.8771611756537899,0.7308781337112668,0.5,,,
vit_tiny_patch16_224,mix50,1,mix50_0+mix50_2+mix50_3,3,task_arithmetic,0.782,0.8590439267175426,0.0924978330731391,0.4278994500637054,0.3008294607111179,2.6171061197916665,3.0,0.8771611756537899,0.7308781337112668,1.0,,,
vit_tiny_patch16_224,mix50,1,mix50_0+mix50_2+mix50_3,3,ties,0.8778333333333332,0.9642971813269212,0.0924978330731391,0.4278994500637054,0.3008294607111179,2.6171061197916665,3.0,0.8771611756537899,0.7308781337112668,0.5,0.2,,
vit_tiny_patch16_224,mix50,1,mix50_0+mix50_2+mix50_3,3,ties,0.8863333333333333,0.973627034856488,0.0924978330731391,0.4278994500637054,0.3008294607111179,2.6171061197916665,3.0,0.8771611756537899,0.7308781337112668,1.0,0.2,,
vit_tiny_patch16_224,mix50,1,mix50_0+mix50_2+mix50_3,3,dare,0.7788333333333334,0.8555409029073896,0.0924978330731391,0.4278994500637054,0.3008294607111179,2.6171061197916665,3.0,0.8771611756537899,0.7308781337112668,1.0,0.2,0.9,0.0
vit_tiny_patch16_224,mix50,1,mix50_0+mix50_2+mix50_3,3,dare,0.7818333333333333,0.8588521611855353,0.0924978330731391,0.4278994500637054,0.3008294607111179,2.6171061197916665,3.0,0.8771611756537899,0.7308781337112668,1.0,0.2,0.9,1.0
vit_tiny_patch16_224,mix50,1,mix50_0+mix50_2+mix50_3,3,dare,0.7735,0.8497426978968244,0.0924978330731391,0.4278994500637054,0.3008294607111179,2.6171061197916665,3.0,0.8771611756537899,0.7308781337112668,1.0,0.2,0.9,2.0
vit_tiny_patch16_224,mix50,1,mix50_0+mix50_2+mix50_4,3,averaging,0.8983333333333333,0.9713694772860318,0.090812012553215,0.4292366405328114,0.2905113574335325,2.58880345026652,3.0,0.862393036135769,0.7352441244050697,,,,
vit_tiny_patch16_224,mix50,1,mix50_0+mix50_2+mix50_4,3,task_arithmetic,0.8624999999999999,0.9324686070595916,0.090812012553215,0.4292366405328114,0.2905113574335325,2.58880345026652,3.0,0.862393036135769,0.7352441244050697,0.1,,,
vit_tiny_patch16_224,mix50,1,mix50_0+mix50_2+mix50_4,3,task_arithmetic,0.8868333333333333,0.9588152458446996,0.090812012553215,0.4292366405328114,0.2905113574335325,2.58880345026652,3.0,0.862393036135769,0.7352441244050697,0.2,,,
vit_tiny_patch16_224,mix50,1,mix50_0+mix50_2+mix50_4,3,task_arithmetic,0.8955000000000001,0.9682636168444234,0.090812012553215,0.4292366405328114,0.2905113574335325,2.58880345026652,3.0,0.862393036135769,0.7352441244050697,0.3,,,
vit_tiny_patch16_224,mix50,1,mix50_0+mix50_2+mix50_4,3,task_arithmetic,0.8966666666666666,0.9695668239212716,0.090812012553215,0.4292366405328114,0.2905113574335325,2.58880345026652,3.0,0.862393036135769,0.7352441244050697,0.5,,,
vit_tiny_patch16_224,mix50,1,mix50_0+mix50_2+mix50_4,3,task_arithmetic,0.8151666666666667,0.8806751507648637,0.090812012553215,0.4292366405328114,0.2905113574335325,2.58880345026652,3.0,0.862393036135769,0.7352441244050697,1.0,,,
vit_tiny_patch16_224,mix50,1,mix50_0+mix50_2+mix50_4,3,ties,0.8901666666666667,0.9624328247789622,0.090812012553215,0.4292366405328114,0.2905113574335325,2.58880345026652,3.0,0.862393036135769,0.7352441244050697,0.5,0.2,,
vit_tiny_patch16_224,mix50,1,mix50_0+mix50_2+mix50_4,3,ties,0.899,0.9721305958949896,0.090812012553215,0.4292366405328114,0.2905113574335325,2.58880345026652,3.0,0.862393036135769,0.7352441244050697,1.0,0.2,,
vit_tiny_patch16_224,mix50,1,mix50_0+mix50_2+mix50_4,3,dare,0.8028333333333334,0.8672285079197583,0.090812012553215,0.4292366405328114,0.2905113574335325,2.58880345026652,3.0,0.862393036135769,0.7352441244050697,1.0,0.2,0.9,0.0
vit_tiny_patch16_224,mix50,1,mix50_0+mix50_2+mix50_4,3,dare,0.818,0.8838064125958267,0.090812012553215,0.4292366405328114,0.2905113574335325,2.58880345026652,3.0,0.862393036135769,0.7352441244050697,1.0,0.2,0.9,1.0
vit_tiny_patch16_224,mix50,1,mix50_0+mix50_2+mix50_4,3,dare,0.8065000000000001,0.8713015058800968,0.090812012553215,0.4292366405328114,0.2905113574335325,2.58880345026652,3.0,0.862393036135769,0.7352441244050697,1.0,0.2,0.9,2.0
vit_tiny_patch16_224,mix50,1,mix50_0+mix50_3+mix50_4,3,averaging,0.8923333333333333,0.9693829214167556,0.0895983949303627,0.4301125903924306,0.2907156481869091,2.602942784627279,3.0,0.8665786801013736,0.7306392269411878,,,,
vit_tiny_patch16_224,mix50,1,mix50_0+mix50_3+mix50_4,3,task_arithmetic,0.8573333333333334,0.9311561098149718,0.0895983949303627,0.4301125903924306,0.2907156481869091,2.602942784627279,3.0,0.8665786801013736,0.7306392269411878,0.1,,,
vit_tiny_patch16_224,mix50,1,mix50_0+mix50_3+mix50_4,3,task_arithmetic,0.8791666666666668,0.9549934495557671,0.0895983949303627,0.4301125903924306,0.2907156481869091,2.602942784627279,3.0,0.8665786801013736,0.7306392269411878,0.2,,,
vit_tiny_patch16_224,mix50,1,mix50_0+mix50_3+mix50_4,3,task_arithmetic,0.8913333333333333,0.9682623130333496,0.0895983949303627,0.4301125903924306,0.2907156481869091,2.602942784627279,3.0,0.8665786801013736,0.7306392269411878,0.3,,,
vit_tiny_patch16_224,mix50,1,mix50_0+mix50_3+mix50_4,3,task_arithmetic,0.8866666666666667,0.9632126005670464,0.0895983949303627,0.4301125903924306,0.2907156481869091,2.602942784627279,3.0,0.8665786801013736,0.7306392269411878,0.5,,,
vit_tiny_patch16_224,mix50,1,mix50_0+mix50_3+mix50_4,3,task_arithmetic,0.8146666666666667,0.8844250546645324,0.0895983949303627,0.4301125903924306,0.2907156481869091,2.602942784627279,3.0,0.8665786801013736,0.7306392269411878,1.0,,,
vit_tiny_patch16_224,mix50,1,mix50_0+mix50_3+mix50_4,3,ties,0.8876666666666667,0.9643500645744768,0.0895983949303627,0.4301125903924306,0.2907156481869091,2.602942784627279,3.0,0.8665786801013736,0.7306392269411878,0.5,0.2,,
vit_tiny_patch16_224,mix50,1,mix50_0+mix50_3+mix50_4,3,ties,0.8941666666666667,0.9713980403302772,0.0895983949303627,0.4301125903924306,0.2907156481869091,2.602942784627279,3.0,0.8665786801013736,0.7306392269411878,1.0,0.2,,
vit_tiny_patch16_224,mix50,1,mix50_0+mix50_3+mix50_4,3,dare,0.8011666666666667,0.8696339539690344,0.0895983949303627,0.4301125903924306,0.2907156481869091,2.602942784627279,3.0,0.8665786801013736,0.7306392269411878,1.0,0.2,0.9,0.0
vit_tiny_patch16_224,mix50,1,mix50_0+mix50_3+mix50_4,3,dare,0.8166666666666668,0.8866915548673812,0.0895983949303627,0.4301125903924306,0.2907156481869091,2.602942784627279,3.0,0.8665786801013736,0.7306392269411878,1.0,0.2,0.9,1.0
vit_tiny_patch16_224,mix50,1,mix50_0+mix50_3+mix50_4,3,dare,0.8058333333333333,0.874826939239544,0.0895983949303627,0.4301125903924306,0.2907156481869091,2.602942784627279,3.0,0.8665786801013736,0.7306392269411878,1.0,0.2,0.9,2.0
vit_tiny_patch16_224,mix50,1,mix50_1+mix50_2+mix50_3,3,averaging,0.8778333333333334,0.9676051756610272,0.082415223121643,0.4356621305147807,0.2881425775911406,2.579071044921875,3.0,0.8535771063027605,0.7349772687685853,,,,
vit_tiny_patch16_224,mix50,1,mix50_1+mix50_2+mix50_3,3,task_arithmetic,0.842,0.9281810312984534,0.082415223121643,0.4356621305147807,0.2881425775911406,2.579071044921875,3.0,0.8535771063027605,0.7349772687685853,0.1,,,
vit_tiny_patch16_224,mix50,1,mix50_1+mix50_2+mix50_3,3,task_arithmetic,0.8678333333333333,0.9566164749329076,0.082415223121643,0.4356621305147807,0.2881425775911406,2.579071044921875,3.0,0.8535771063027605,0.7349772687685853,0.2,,,
vit_tiny_patch16_224,mix50,1,mix50_1+mix50_2+mix50_3,3,task_arithmetic,0.8763333333333333,0.9659521580344382,0.082415223121643,0.4356621305147807,0.2881425775911406,2.579071044921875,3.0,0.8535771063027605,0.7349772687685853,0.3,,,
vit_tiny_patch16_224,mix50,1,mix50_1+mix50_2+mix50_3,3,task_arithmetic,0.8715,0.9606804505528704,0.082415223121643,0.4356621305147807,0.2881425775911406,2.579071044921875,3.0,0.8535771063027605,0.7349772687685853,0.5,,,
vit_tiny_patch16_224,mix50,1,mix50_1+mix50_2+mix50_3,3,task_arithmetic,0.7775,0.8572408915869207,0.082415223121643,0.4356621305147807,0.2881425775911406,2.579071044921875,3.0,0.8535771063027605,0.7349772687685853,1.0,,,
vit_tiny_patch16_224,mix50,1,mix50_1+mix50_2+mix50_3,3,ties,0.8758333333333334,0.9654399496943028,0.082415223121643,0.4356621305147807,0.2881425775911406,2.579071044921875,3.0,0.8535771063027605,0.7349772687685853,0.5,0.2,,
vit_tiny_patch16_224,mix50,1,mix50_1+mix50_2+mix50_3,3,ties,0.8763333333333333,0.9660119818997196,0.082415223121643,0.4356621305147807,0.2881425775911406,2.579071044921875,3.0,0.8535771063027605,0.7349772687685853,1.0,0.2,,
vit_tiny_patch16_224,mix50,1,mix50_1+mix50_2+mix50_3,3,dare,0.7715,0.8506541072690087,0.082415223121643,0.4356621305147807,0.2881425775911406,2.579071044921875,3.0,0.8535771063027605,0.7349772687685853,1.0,0.2,0.9,0.0
vit_tiny_patch16_224,mix50,1,mix50_1+mix50_2+mix50_3,3,dare,0.7736666666666666,0.8530573604520809,0.082415223121643,0.4356621305147807,0.2881425775911406,2.579071044921875,3.0,0.8535771063027605,0.7349772687685853,1.0,0.2,0.9,1.0
vit_tiny_patch16_224,mix50,1,mix50_1+mix50_2+mix50_3,3,dare,0.7626666666666667,0.8409668285340426,0.082415223121643,0.4356621305147807,0.2881425775911406,2.579071044921875,3.0,0.8535771063027605,0.7349772687685853,1.0,0.2,0.9,2.0
vit_tiny_patch16_224,mix50,1,mix50_1+mix50_2+mix50_4,3,averaging,0.8905,0.9662814633937796,0.0912225196758906,0.4290209909280141,0.2940830000414037,2.5507683753967285,3.0,0.860112154991714,0.739343259462388,,,,
vit_tiny_patch16_224,mix50,1,mix50_1+mix50_2+mix50_4,3,task_arithmetic,0.863,0.9362558400199452,0.0912225196758906,0.4290209909280141,0.2940830000414037,2.5507683753967285,3.0,0.860112154991714,0.739343259462388,0.1,,,
vit_tiny_patch16_224,mix50,1,mix50_1+mix50_2+mix50_4,3,task_arithmetic,0.8851666666666667,0.9603156552930636,0.0912225196758906,0.4290209909280141,0.2940830000414037,2.5507683753967285,3.0,0.860112154991714,0.739343259462388,0.2,,,
vit_tiny_patch16_224,mix50,1,mix50_1+mix50_2+mix50_4,3,task_arithmetic,0.8913333333333333,0.9671525629737892,0.0912225196758906,0.4290209909280141,0.2940830000414037,2.5507683753967285,3.0,0.860112154991714,0.739343259462388,0.3,,,
vit_tiny_patch16_224,mix50,1,mix50_1+mix50_2+mix50_4,3,task_arithmetic,0.8923333333333333,0.9682803928338336,0.0912225196758906,0.4290209909280141,0.2940830000414037,2.5507683753967285,3.0,0.860112154991714,0.739343259462388,0.5,,,
vit_tiny_patch16_224,mix50,1,mix50_1+mix50_2+mix50_4,3,task_arithmetic,0.8151666666666667,0.8842501840070082,0.0912225196758906,0.4290209909280141,0.2940830000414037,2.5507683753967285,3.0,0.860112154991714,0.739343259462388,1.0,,,
vit_tiny_patch16_224,mix50,1,mix50_1+mix50_2+mix50_4,3,ties,0.8901666666666667,0.9658506616531832,0.0912225196758906,0.4290209909280141,0.2940830000414037,2.5507683753967285,3.0,0.860112154991714,0.739343259462388,0.5,0.2,,
vit_tiny_patch16_224,mix50,1,mix50_1+mix50_2+mix50_4,3,ties,0.8966666666666666,0.9729497882893916,0.0912225196758906,0.4290209909280141,0.2940830000414037,2.5507683753967285,3.0,0.860112154991714,0.739343259462388,1.0,0.2,,
vit_tiny_patch16_224,mix50,1,mix50_1+mix50_2+mix50_4,3,dare,0.8041666666666667,0.8724825429965755,0.0912225196758906,0.4290209909280141,0.2940830000414037,2.5507683753967285,3.0,0.860112154991714,0.739343259462388,1.0,0.2,0.9,0.0
vit_tiny_patch16_224,mix50,1,mix50_1+mix50_2+mix50_4,3,dare,0.8109999999999999,0.8797237284715616,0.0912225196758906,0.4290209909280141,0.2940830000414037,2.5507683753967285,3.0,0.860112154991714,0.739343259462388,1.0,0.2,0.9,1.0
vit_tiny_patch16_224,mix50,1,mix50_1+mix50_2+mix50_4,3,dare,0.7993333333333333,0.8670429692177861,0.0912225196758906,0.4290209909280141,0.2940830000414037,2.5507683753967285,3.0,0.860112154991714,0.739343259462388,1.0,0.2,0.9,2.0
vit_tiny_patch16_224,mix50,1,mix50_1+mix50_3+mix50_4,3,averaging,0.8843333333333333,0.9639383214578904,0.0866391857465108,0.4324466586112976,0.2886616042403473,2.564907709757487,3.0,0.8554520664226087,0.7347383619985063,,,,
vit_tiny_patch16_224,mix50,1,mix50_1+mix50_3+mix50_4,3,task_arithmetic,0.8563333333333333,0.9334025154960244,0.0866391857465108,0.4324466586112976,0.2886616042403473,2.564907709757487,3.0,0.8554520664226087,0.7347383619985063,0.1,,,
vit_tiny_patch16_224,mix50,1,mix50_1+mix50_3+mix50_4,3,task_arithmetic,0.8766666666666666,0.9556168517161464,0.0866391857465108,0.4324466586112976,0.2886616042403473,2.564907709757487,3.0,0.8554520664226087,0.7347383619985063,0.2,,,
vit_tiny_patch16_224,mix50,1,mix50_1+mix50_3+mix50_4,3,task_arithmetic,0.884,0.9635574469836812,0.0866391857465108,0.4324466586112976,0.2886616042403473,2.564907709757487,3.0,0.8554520664226087,0.7347383619985063,0.3,,,
vit_tiny_patch16_224,mix50,1,mix50_1+mix50_3+mix50_4,3,task_arithmetic,0.874,0.9526949540739792,0.0866391857465108,0.4324466586112976,0.2886616042403473,2.564907709757487,3.0,0.8554520664226087,0.7347383619985063,0.5,,,
vit_tiny_patch16_224,mix50,1,mix50_1+mix50_3+mix50_4,3,task_arithmetic,0.7918333333333333,0.862525956897588,0.0866391857465108,0.4324466586112976,0.2886616042403473,2.564907709757487,3.0,0.8554520664226087,0.7347383619985063,1.0,,,
vit_tiny_patch16_224,mix50,1,mix50_1+mix50_3+mix50_4,3,ties,0.8846666666666666,0.9643289427727892,0.0866391857465108,0.4324466586112976,0.2886616042403473,2.564907709757487,3.0,0.8554520664226087,0.7347383619985063,0.5,0.2,,
vit_tiny_patch16_224,mix50,1,mix50_1+mix50_3+mix50_4,3,ties,0.8833333333333333,0.9629072089595592,0.0866391857465108,0.4324466586112976,0.2886616042403473,2.564907709757487,3.0,0.8554520664226087,0.7347383619985063,1.0,0.2,,
vit_tiny_patch16_224,mix50,1,mix50_1+mix50_3+mix50_4,3,dare,0.7795,0.849200929185392,0.0866391857465108,0.4324466586112976,0.2886616042403473,2.564907709757487,3.0,0.8554520664226087,0.7347383619985063,1.0,0.2,0.9,0.0
vit_tiny_patch16_224,mix50,1,mix50_1+mix50_3+mix50_4,3,dare,0.7976666666666666,0.8690883521332329,0.0866391857465108,0.4324466586112976,0.2886616042403473,2.564907709757487,3.0,0.8554520664226087,0.7347383619985063,1.0,0.2,0.9,1.0
vit_tiny_patch16_224,mix50,1,mix50_1+mix50_3+mix50_4,3,dare,0.7838333333333334,0.8540038651307058,0.0866391857465108,0.4324466586112976,0.2886616042403473,2.564907709757487,3.0,0.8554520664226087,0.7347383619985063,1.0,0.2,0.9,2.0
vit_tiny_patch16_224,mix50,1,mix50_2+mix50_3+mix50_4,3,averaging,0.896,0.968784887342242,0.0935353438059489,0.4271410604317983,0.2966284139145794,2.587367375691732,3.0,0.868450488376983,0.7325073597539098,,,,
vit_tiny_patch16_224,mix50,1,mix50_2+mix50_3+mix50_4,3,task_arithmetic,0.8649999999999999,0.9351909364371856,0.0935353438059489,0.4271410604317983,0.2966284139145794,2.587367375691732,3.0,0.868450488376983,0.7325073597539098,0.1,,,
vit_tiny_patch16_224,mix50,1,mix50_2+mix50_3+mix50_4,3,task_arithmetic,0.8873333333333333,0.9593826177486264,0.0935353438059489,0.4271410604317983,0.2966284139145794,2.587367375691732,3.0,0.868450488376983,0.7325073597539098,0.2,,,
vit_tiny_patch16_224,mix50,1,mix50_2+mix50_3+mix50_4,3,task_arithmetic,0.8978333333333334,0.9707591093421732,0.0935353438059489,0.4271410604317983,0.2966284139145794,2.587367375691732,3.0,0.868450488376983,0.7325073597539098,0.3,,,
vit_tiny_patch16_224,mix50,1,mix50_2+mix50_3+mix50_4,3,task_arithmetic,0.8905,0.9628906101446612,0.0935353438059489,0.4271410604317983,0.2966284139145794,2.587367375691732,3.0,0.868450488376983,0.7325073597539098,0.5,,,
vit_tiny_patch16_224,mix50,1,mix50_2+mix50_3+mix50_4,3,task_arithmetic,0.8135,0.8790766281081002,0.0935353438059489,0.4271410604317983,0.2966284139145794,2.587367375691732,3.0,0.868450488376983,0.7325073597539098,1.0,,,
vit_tiny_patch16_224,mix50,1,mix50_2+mix50_3+mix50_4,3,ties,0.8923333333333333,0.9648221899646144,0.0935353438059489,0.4271410604317983,0.2966284139145794,2.587367375691732,3.0,0.868450488376983,0.7325073597539098,0.5,0.2,,
vit_tiny_patch16_224,mix50,1,mix50_2+mix50_3+mix50_4,3,ties,0.8975,0.9704340698423264,0.0935353438059489,0.4271410604317983,0.2966284139145794,2.587367375691732,3.0,0.868450488376983,0.7325073597539098,1.0,0.2,,
vit_tiny_patch16_224,mix50,1,mix50_2+mix50_3+mix50_4,3,dare,0.7948333333333334,0.8586763677344672,0.0935353438059489,0.4271410604317983,0.2966284139145794,2.587367375691732,3.0,0.868450488376983,0.7325073597539098,1.0,0.2,0.9,0.0
vit_tiny_patch16_224,mix50,1,mix50_2+mix50_3+mix50_4,3,dare,0.8073333333333332,0.8723384322345469,0.0935353438059489,0.4271410604317983,0.2966284139145794,2.587367375691732,3.0,0.868450488376983,0.7325073597539098,1.0,0.2,0.9,1.0
vit_tiny_patch16_224,mix50,1,mix50_2+mix50_3+mix50_4,3,dare,0.7936666666666667,0.8574757724548715,0.0935353438059489,0.4271410604317983,0.2966284139145794,2.587367375691732,3.0,0.868450488376983,0.7325073597539098,1.0,0.2,0.9,2.0
vit_tiny_patch16_224,mix50,1,mix50_0+mix50_1+mix50_2+mix50_3+mix50_4,5,averaging,0.875,0.9558571330368072,0.0877229534089565,0.4315959632396698,0.2904655703650491,2.583246421813965,5.0,0.8599464252203998,0.7346626031066188,,,,
vit_tiny_patch16_224,mix50,1,mix50_0+mix50_1+mix50_2+mix50_3+mix50_4,5,task_arithmetic,0.8622,0.9418193409447222,0.0877229534089565,0.4315959632396698,0.2904655703650491,2.583246421813965,5.0,0.8599464252203998,0.7346626031066188,0.1,,,
vit_tiny_patch16_224,mix50,1,mix50_0+mix50_1+mix50_2+mix50_3+mix50_4,5,task_arithmetic,0.875,0.9558571330368072,0.0877229534089565,0.4315959632396698,0.2904655703650491,2.583246421813965,5.0,0.8599464252203998,0.7346626031066188,0.2,,,
vit_tiny_patch16_224,mix50,1,mix50_0+mix50_1+mix50_2+mix50_3+mix50_4,5,task_arithmetic,0.8709,0.9513881863424948,0.0877229534089565,0.4315959632396698,0.2904655703650491,2.583246421813965,5.0,0.8599464252203998,0.7346626031066188,0.3,,,
vit_tiny_patch16_224,mix50,1,mix50_0+mix50_1+mix50_2+mix50_3+mix50_4,5,task_arithmetic,0.8312000000000002,0.9078400662576694,0.0877229534089565,0.4315959632396698,0.2904655703650491,2.583246421813965,5.0,0.8599464252203998,0.7346626031066188,0.5,,,
vit_tiny_patch16_224,mix50,1,mix50_0+mix50_1+mix50_2+mix50_3+mix50_4,5,task_arithmetic,0.5386,0.5875778854949145,0.0877229534089565,0.4315959632396698,0.2904655703650491,2.583246421813965,5.0,0.8599464252203998,0.7346626031066188,1.0,,,
vit_tiny_patch16_224,mix50,1,mix50_0+mix50_1+mix50_2+mix50_3+mix50_4,5,ties,0.8804000000000001,0.9618014166234274,0.0877229534089565,0.4315959632396698,0.2904655703650491,2.583246421813965,5.0,0.8599464252203998,0.7346626031066188,0.5,0.2,,
vit_tiny_patch16_224,mix50,1,mix50_0+mix50_1+mix50_2+mix50_3+mix50_4,5,ties,0.8703,0.9507392168861154,0.0877229534089565,0.4315959632396698,0.2904655703650491,2.583246421813965,5.0,0.8599464252203998,0.7346626031066188,1.0,0.2,,
vit_tiny_patch16_224,mix50,1,mix50_0+mix50_1+mix50_2+mix50_3+mix50_4,5,dare,0.592,0.6460751678064959,0.0877229534089565,0.4315959632396698,0.2904655703650491,2.583246421813965,5.0,0.8599464252203998,0.7346626031066188,1.0,0.2,0.9,0.0
vit_tiny_patch16_224,mix50,1,mix50_0+mix50_1+mix50_2+mix50_3+mix50_4,5,dare,0.5856,0.6389661867556369,0.0877229534089565,0.4315959632396698,0.2904655703650491,2.583246421813965,5.0,0.8599464252203998,0.7346626031066188,1.0,0.2,0.9,1.0
vit_tiny_patch16_224,mix50,1,mix50_0+mix50_1+mix50_2+mix50_3+mix50_4,5,dare,0.6121000000000001,0.6680818318383456,0.0877229534089565,0.4315959632396698,0.2904655703650491,2.583246421813965,5.0,0.8599464252203998,0.7346626031066188,1.0,0.2,0.9,2.0
vit_tiny_patch16_224,mix75,0,mix75_0+mix75_1,2,averaging,0.91,0.9766002351083628,0.0920463800430297,0.4283633530139923,0.3014786248963482,2.585629940032959,2.0,0.8825658996446906,0.7356537859093129,,,,
vit_tiny_patch16_224,mix75,0,mix75_0+mix75_1,2,task_arithmetic,0.8694999999999999,0.932972075119427,0.0920463800430297,0.4283633530139923,0.3014786248963482,2.585629940032959,2.0,0.8825658996446906,0.7356537859093129,0.1,,,
vit_tiny_patch16_224,mix75,0,mix75_0+mix75_1,2,task_arithmetic,0.892,0.9572210825357128,0.0920463800430297,0.4283633530139923,0.3014786248963482,2.585629940032959,2.0,0.8825658996446906,0.7356537859093129,0.2,,,
vit_tiny_patch16_224,mix75,0,mix75_0+mix75_1,2,task_arithmetic,0.90625,0.9725670894391396,0.0920463800430297,0.4283633530139923,0.3014786248963482,2.585629940032959,2.0,0.8825658996446906,0.7356537859093129,0.3,,,
vit_tiny_patch16_224,mix75,0,mix75_0+mix75_1,2,task_arithmetic,0.91,0.9766002351083628,0.0920463800430297,0.4283633530139923,0.3014786248963482,2.585629940032959,2.0,0.8825658996446906,0.7356537859093129,0.5,,,
vit_tiny_patch16_224,mix75,0,mix75_0+mix75_1,2,task_arithmetic,0.8825000000000001,0.946794055446389,0.0920463800430297,0.4283633530139923,0.3014786248963482,2.585629940032959,2.0,0.8825658996446906,0.7356537859093129,1.0,,,
vit_tiny_patch16_224,mix75,0,mix75_0+mix75_1,2,ties,0.9015,0.9673723759198328,0.0920463800430297,0.4283633530139923,0.3014786248963482,2.585629940032959,2.0,0.8825658996446906,0.7356537859093129,0.5,0.2,,
vit_tiny_patch16_224,mix75,0,mix75_0+mix75_1,2,ties,0.917,0.984117075897359,0.0920463800430297,0.4283633530139923,0.3014786248963482,2.585629940032959,2.0,0.8825658996446906,0.7356537859093129,1.0,0.2,,
vit_tiny_patch16_224,mix75,0,mix75_0+mix75_1,2,dare,0.879,0.9430231017016544,0.0920463800430297,0.4283633530139923,0.3014786248963482,2.585629940032959,2.0,0.8825658996446906,0.7356537859093129,1.0,0.2,0.9,0.0
vit_tiny_patch16_224,mix75,0,mix75_0+mix75_1,2,dare,0.87425,0.9379411883344762,0.0920463800430297,0.4283633530139923,0.3014786248963482,2.585629940032959,2.0,0.8825658996446906,0.7356537859093129,1.0,0.2,0.9,1.0
vit_tiny_patch16_224,mix75,0,mix75_0+mix75_1,2,dare,0.8692500000000001,0.932434149489734,0.0920463800430297,0.4283633530139923,0.3014786248963482,2.585629940032959,2.0,0.8825658996446906,0.7356537859093129,1.0,0.2,0.9,2.0
vit_tiny_patch16_224,mix75,0,mix75_0+mix75_2,2,averaging,0.909,0.9853558206499382,0.0910907089710235,0.4290483891963959,0.2945708415873407,2.594984769821167,2.0,0.8732778667830853,0.7402819933251024,,,,
vit_tiny_patch16_224,mix75,0,mix75_0+mix75_2,2,task_arithmetic,0.85575,0.9276106246694482,0.0910907089710235,0.4290483891963959,0.2945708415873407,2.594984769821167,2.0,0.8732778667830853,0.7402819933251024,0.1,,,
vit_tiny_patch16_224,mix75,0,mix75_0+mix75_2,2,task_arithmetic,0.8825000000000001,0.9566169124992654,0.0910907089710235,0.4290483891963959,0.2945708415873407,2.594984769821167,2.0,0.8732778667830853,0.7402819933251024,0.2,,,
vit_tiny_patch16_224,mix75,0,mix75_0+mix75_2,2,task_arithmetic,0.89975,0.9753672797790444,0.0910907089710235,0.4290483891963959,0.2945708415873407,2.594984769821167,2.0,0.8732778667830853,0.7402819933251024,0.3,,,
vit_tiny_patch16_224,mix75,0,mix75_0+mix75_2,2,task_arithmetic,0.909,0.9853558206499382,0.0910907089710235,0.4290483891963959,0.2945708415873407,2.594984769821167,2.0,0.8732778667830853,0.7402819933251024,0.5,,,
vit_tiny_patch16_224,mix75,0,mix75_0+mix75_2,2,task_arithmetic,0.8827499999999999,0.956854909796086,0.0910907089710235,0.4290483891963959,0.2945708415873407,2.594984769821167,2.0,0.8732778667830853,0.7402819933251024,1.0,,,
vit_tiny_patch16_224,mix75,0,mix75_0+mix75_2,2,ties,0.89125,0.9661294587765176,0.0910907089710235,0.4290483891963959,0.2945708415873407,2.594984769821167,2.0,0.8732778667830853,0.7402819933251024,0.5,0.2,,
vit_tiny_patch16_224,mix75,0,mix75_0+mix75_2,2,ties,0.91075,0.987227478403949,0.0910907089710235,0.4290483891963959,0.2945708415873407,2.594984769821167,2.0,0.8732778667830853,0.7402819933251024,1.0,0.2,,
vit_tiny_patch16_224,mix75,0,mix75_0+mix75_2,2,dare,0.87425,0.9476170887935592,0.0910907089710235,0.4290483891963959,0.2945708415873407,2.594984769821167,2.0,0.8732778667830853,0.7402819933251024,1.0,0.2,0.9,0.0
vit_tiny_patch16_224,mix75,0,mix75_0+mix75_2,2,dare,0.8725,0.945723394252806,0.0910907089710235,0.4290483891963959,0.2945708415873407,2.594984769821167,2.0,0.8732778667830853,0.7402819933251024,1.0,0.2,0.9,1.0
vit_tiny_patch16_224,mix75,0,mix75_0+mix75_2,2,dare,0.86775,0.9405770699888346,0.0910907089710235,0.4290483891963959,0.2945708415873407,2.594984769821167,2.0,0.8732778667830853,0.7402819933251024,1.0,0.2,0.9,2.0
vit_tiny_patch16_224,mix75,0,mix75_0+mix75_3,2,averaging,0.89825,0.9814126937701082,0.0886929482221603,0.4308785498142242,0.298738435717515,2.6081565618515015,2.0,0.8697934017874853,0.7337479999394871,,,,
vit_tiny_patch16_224,mix75,0,mix75_0+mix75_3,2,task_arithmetic,0.837,0.9145405924873604,0.0886929482221603,0.4308785498142242,0.298738435717515,2.6081565618515015,2.0,0.8697934017874853,0.7337479999394871,0.1,,,
vit_tiny_patch16_224,mix75,0,mix75_0+mix75_3,2,task_arithmetic,0.87425,0.9551926210671458,0.0886929482221603,0.4308785498142242,0.298738435717515,2.6081565618515015,2.0,0.8697934017874853,0.7337479999394871,0.2,,,
vit_tiny_patch16_224,mix75,0,mix75_0+mix75_3,2,task_arithmetic,0.88725,0.969393724146576,0.0886929482221603,0.4308785498142242,0.298738435717515,2.6081565618515015,2.0,0.8697934017874853,0.7337479999394871,0.3,,,
vit_tiny_patch16_224,mix75,0,mix75_0+mix75_3,2,task_arithmetic,0.89825,0.9814126937701082,0.0886929482221603,0.4308785498142242,0.298738435717515,2.6081565618515015,2.0,0.8697934017874853,0.7337479999394871,0.5,,,
vit_tiny_patch16_224,mix75,0,mix75_0+mix75_3,2,task_arithmetic,0.869,0.9494421927882004,0.0886929482221603,0.4308785498142242,0.298738435717515,2.6081565618515015,2.0,0.8697934017874853,0.7337479999394871,1.0,,,
vit_tiny_patch16_224,mix75,0,mix75_0+mix75_3,2,ties,0.8827499999999999,0.9644988091756151,0.0886929482221603,0.4308785498142242,0.298738435717515,2.6081565618515015,2.0,0.8697934017874853,0.7337479999394871,0.5,0.2,,
vit_tiny_patch16_224,mix75,0,mix75_0+mix75_3,2,ties,0.8975,0.980601052939456,0.0886929482221603,0.4308785498142242,0.298738435717515,2.6081565618515015,2.0,0.8697934017874853,0.7337479999394871,1.0,0.2,,
vit_tiny_patch16_224,mix75,0,mix75_0+mix75_3,2,dare,0.8595,0.9391060460452096,0.0886929482221603,0.4308785498142242,0.298738435717515,2.6081565618515015,2.0,0.8697934017874853,0.7337479999394871,1.0,0.2,0.9,0.0
vit_tiny_patch16_224,mix75,0,mix75_0+mix75_3,2,dare,0.86075,0.9404922074123596,0.0886929482221603,0.4308785498142242,0.298738435717515,2.6081565618515015,2.0,0.8697934017874853,0.7337479999394871,1.0,0.2,0.9,1.0
vit_tiny_patch16_224,mix75,0,mix75_0+mix75_3,2,dare,0.858,0.9374420256549534,0.0886929482221603,0.4308785498142242,0.298738435717515,2.6081565618515015,2.0,0.8697934017874853,0.7337479999394871,1.0,0.2,0.9,2.0
vit_tiny_patch16_224,mix75,0,mix75_0+mix75_4,2,averaging,0.8995,0.9838420561474454,0.0922629088163375,0.4281470477581024,0.3011146753944797,2.5879735946655273,2.0,0.8736816513962259,0.7344010549304749,,,,
vit_tiny_patch16_224,mix75,0,mix75_0+mix75_4,2,task_arithmetic,0.849,0.92861195690537,0.0922629088163375,0.4281470477581024,0.3011146753944797,2.5879735946655273,2.0,0.8736816513962259,0.7344010549304749,0.1,,,
vit_tiny_patch16_224,mix75,0,mix75_0+mix75_4,2,task_arithmetic,0.871,0.9526759168974738,0.0922629088163375,0.4281470477581024,0.3011146753944797,2.5879735946655273,2.0,0.8736816513962259,0.7344010549304749,0.2,,,
vit_tiny_patch16_224,mix75,0,mix75_0+mix75_4,2,task_arithmetic,0.887,0.970174436342101,0.0922629088163375,0.4281470477581024,0.3011146753944797,2.5879735946655273,2.0,0.8736816513962259,0.7344010549304749,0.3,,,
vit_tiny_patch16_224,mix75,0,mix75_0+mix75_4,2,task_arithmetic,0.8995,0.9838420561474454,0.0922629088163375,0.4281470477581024,0.3011146753944797,2.5879735946655273,2.0,0.8736816513962259,0.7344010549304749,0.5,,,
vit_tiny_patch16_224,mix75,0,mix75_0+mix75_4,2,task_arithmetic,0.8734999999999999,0.955341813874748,0.0922629088163375,0.4281470477581024,0.3011146753944797,2.5879735946655273,2.0,0.8736816513962259,0.7344010549304749,1.0,,,
vit_tiny_patch16_224,mix75,0,mix75_0+mix75_4,2,ties,0.8792500000000001,0.9617138849174778,0.0922629088163375,0.4281470477581024,0.3011146753944797,2.5879735946655273,2.0,0.8736816513962259,0.7344010549304749,0.5,0.2,,
vit_tiny_patch16_224,mix75,0,mix75_0+mix75_4,2,ties,0.901,0.9854853230601732,0.0922629088163375,0.4281470477581024,0.3011146753944797,2.5879735946655273,2.0,0.8736816513962259,0.7344010549304749,1.0,0.2,,
vit_tiny_patch16_224,mix75,0,mix75_0+mix75_4,2,dare,0.8605,0.9411374553590122,0.0922629088163375,0.4281470477581024,0.3011146753944797,2.5879735946655273,2.0,0.8736816513962259,0.7344010549304749,1.0,0.2,0.9,0.0
vit_tiny_patch16_224,mix75,0,mix75_0+mix75_4,2,dare,0.87125,0.9528947100803388,0.0922629088163375,0.4281470477581024,0.3011146753944797,2.5879735946655273,2.0,0.8736816513962259,0.7344010549304749,1.0,0.2,0.9,1.0
vit_tiny_patch16_224,mix75,0,mix75_0+mix75_4,2,dare,0.86375,0.944706341562629,0.0922629088163375,0.4281470477581024,0.3011146753944797,2.5879735946655273,2.0,0.8736816513962259,0.7344010549304749,1.0,0.2,0.9,2.0
vit_tiny_patch16_224,mix75,0,mix75_1+mix75_2,2,averaging,0.9285,0.9833470271361632,0.0931548178195953,0.4275656640529632,0.2991125248647223,2.570624351501465,2.0,0.8756455451671905,0.7362028948313348,,,,
vit_tiny_patch16_224,mix75,0,mix75_1+mix75_2,2,task_arithmetic,0.8812500000000001,0.9332169126410158,0.0931548178195953,0.4275656640529632,0.2991125248647223,2.570624351501465,2.0,0.8756455451671905,0.7362028948313348,0.1,,,
vit_tiny_patch16_224,mix75,0,mix75_1+mix75_2,2,task_arithmetic,0.907,0.9605183828787272,0.0931548178195953,0.4275656640529632,0.2991125248647223,2.570624351501465,2.0,0.8756455451671905,0.7362028948313348,0.2,,,
vit_tiny_patch16_224,mix75,0,mix75_1+mix75_2,2,task_arithmetic,0.92,0.9743391221197446,0.0931548178195953,0.4275656640529632,0.2991125248647223,2.570624351501465,2.0,0.8756455451671905,0.7362028948313348,0.3,,,
vit_tiny_patch16_224,mix75,0,mix75_1+mix75_2,2,task_arithmetic,0.9285,0.9833470271361632,0.0931548178195953,0.4275656640529632,0.2991125248647223,2.570624351501465,2.0,0.8756455451671905,0.7362028948313348,0.5,,,
vit_tiny_patch16_224,mix75,0,mix75_1+mix75_2,2,task_arithmetic,0.8927499999999999,0.9455008146176904,0.0931548178195953,0.4275656640529632,0.2991125248647223,2.570624351501465,2.0,0.8756455451671905,0.7362028948313348,1.0,,,
vit_tiny_patch16_224,mix75,0,mix75_1+mix75_2,2,ties,0.917,0.9711357537246676,0.0931548178195953,0.4275656640529632,0.2991125248647223,2.570624351501465,2.0,0.8756455451671905,0.7362028948313348,0.5,0.2,,
vit_tiny_patch16_224,mix75,0,mix75_1+mix75_2,2,ties,0.92975,0.9846735500225736,0.0931548178195953,0.4275656640529632,0.2991125248647223,2.570624351501465,2.0,0.8756455451671905,0.7362028948313348,1.0,0.2,,
vit_tiny_patch16_224,mix75,0,mix75_1+mix75_2,2,dare,0.8887499999999999,0.9413005560712152,0.0931548178195953,0.4275656640529632,0.2991125248647223,2.570624351501465,2.0,0.8756455451671905,0.7362028948313348,1.0,0.2,0.9,0.0
vit_tiny_patch16_224,mix75,0,mix75_1+mix75_2,2,dare,0.886,0.938297126544759,0.0931548178195953,0.4275656640529632,0.2991125248647223,2.570624351501465,2.0,0.8756455451671905,0.7362028948313348,1.0,0.2,0.9,1.0
vit_tiny_patch16_224,mix75,0,mix75_1+mix75_2,2,dare,0.88725,0.9397066535056602,0.0931548178195953,0.4275656640529632,0.2991125248647223,2.570624351501465,2.0,0.8756455451671905,0.7362028948313348,1.0,0.2,0.9,2.0
vit_tiny_patch16_224,mix75,0,mix75_1+mix75_3,2,averaging,0.92425,0.9863462237954054,0.090119868516922,0.4298264682292938,0.2965945890132115,2.5837961435317993,2.0,0.8592787581071624,0.7296689014457196,,,,
vit_tiny_patch16_224,mix75,0,mix75_1+mix75_3,2,task_arithmetic,0.87,0.9281910295326944,0.090119868516922,0.4298264682292938,0.2965945890132115,2.5837961435317993,2.0,0.8592787581071624,0.7296689014457196,0.1,,,
vit_tiny_patch16_224,mix75,0,mix75_1+mix75_3,2,task_arithmetic,0.90225,0.9627657559401924,0.090119868516922,0.4298264682292938,0.2965945890132115,2.5837961435317993,2.0,0.8592787581071624,0.7296689014457196,0.2,,,
vit_tiny_patch16_224,mix75,0,mix75_1+mix75_3,2,task_arithmetic,0.914,0.975314366835698,0.090119868516922,0.4298264682292938,0.2965945890132115,2.5837961435317993,2.0,0.8592787581071624,0.7296689014457196,0.3,,,
vit_tiny_patch16_224,mix75,0,mix75_1+mix75_3,2,task_arithmetic,0.92425,0.9863462237954054,0.090119868516922,0.4298264682292938,0.2965945890132115,2.5837961435317993,2.0,0.8592787581071624,0.7296689014457196,0.5,,,
vit_tiny_patch16_224,mix75,0,mix75_1+mix75_3,2,task_arithmetic,0.90125,0.9617169882422374,0.090119868516922,0.4298264682292938,0.2965945890132115,2.5837961435317993,2.0,0.8592787581071624,0.7296689014457196,1.0,,,
vit_tiny_patch16_224,mix75,0,mix75_1+mix75_3,2,ties,0.9115,0.9726924475908107,0.090119868516922,0.4298264682292938,0.2965945890132115,2.5837961435317993,2.0,0.8592787581071624,0.7296689014457196,0.5,0.2,,
vit_tiny_patch16_224,mix75,0,mix75_1+mix75_3,2,ties,0.925,0.9871609983744384,0.090119868516922,0.4298264682292938,0.2965945890132115,2.5837961435317993,2.0,0.8592787581071624,0.7296689014457196,1.0,0.2,,
vit_tiny_patch16_224,mix75,0,mix75_1+mix75_3,2,dare,0.893,0.9528202650858624,0.090119868516922,0.4298264682292938,0.2965945890132115,2.5837961435317993,2.0,0.8592787581071624,0.7296689014457196,1.0,0.2,0.9,0.0
vit_tiny_patch16_224,mix75,0,mix75_1+mix75_3,2,dare,0.8945000000000001,0.9544498142439288,0.090119868516922,0.4298264682292938,0.2965945890132115,2.5837961435317993,2.0,0.8592787581071624,0.7296689014457196,1.0,0.2,0.9,1.0
vit_tiny_patch16_224,mix75,0,mix75_1+mix75_3,2,dare,0.892,0.9517808969897632,0.090119868516922,0.4298264682292938,0.2965945890132115,2.5837961435317993,2.0,0.8592787581071624,0.7296689014457196,1.0,0.2,0.9,2.0
vit_tiny_patch16_224,mix75,0,mix75_1+mix75_4,2,averaging,0.91825,0.9810346889764352,0.0927859842777252,0.4279055595397949,0.2986489494449092,2.563613176345825,2.0,0.868039979318277,0.7303219564367073,,,,
vit_tiny_patch16_224,mix75,0,mix75_1+mix75_4,2,task_arithmetic,0.876,0.9358250653196158,0.0927859842777252,0.4279055595397949,0.2986489494449092,2.563613176345825,2.0,0.868039979318277,0.7303219564367073,0.1,,,
vit_tiny_patch16_224,mix75,0,mix75_1+mix75_4,2,task_arithmetic,0.89925,0.9606485175237548,0.0927859842777252,0.4279055595397949,0.2986489494449092,2.563613176345825,2.0,0.868039979318277,0.7303219564367073,0.2,,,
vit_tiny_patch16_224,mix75,0,mix75_1+mix75_4,2,task_arithmetic,0.913,0.9754387397203496,0.0927859842777252,0.4279055595397949,0.2986489494449092,2.563613176345825,2.0,0.868039979318277,0.7303219564367073,0.3,,,
vit_tiny_patch16_224,mix75,0,mix75_1+mix75_4,2,task_arithmetic,0.91825,0.9810346889764352,0.0927859842777252,0.4279055595397949,0.2986489494449092,2.563613176345825,2.0,0.868039979318277,0.7303219564367073,0.5,,,
vit_tiny_patch16_224,mix75,0,mix75_1+mix75_4,2,task_arithmetic,0.8965000000000001,0.9577843883192284,0.0927859842777252,0.4279055595397949,0.2986489494449092,2.563613176345825,2.0,0.868039979318277,0.7303219564367073,1.0,,,
vit_tiny_patch16_224,mix75,0,mix75_1+mix75_4,2,ties,0.9095,0.9716581519708356,0.0927859842777252,0.4279055595397949,0.2986489494449092,2.563613176345825,2.0,0.868039979318277,0.7303219564367073,0.5,0.2,,
vit_tiny_patch16_224,mix75,0,mix75_1+mix75_4,2,ties,0.92325,0.986308500413484,0.0927859842777252,0.4279055595397949,0.2986489494449092,2.563613176345825,2.0,0.868039979318277,0.7303219564367073,1.0,0.2,,
vit_tiny_patch16_224,mix75,0,mix75_1+mix75_4,2,dare,0.888,0.9486900252029667,0.0927859842777252,0.4279055595397949,0.2986489494449092,2.563613176345825,2.0,0.868039979318277,0.7303219564367073,1.0,0.2,0.9,0.0
vit_tiny_patch16_224,mix75,0,mix75_1+mix75_4,2,dare,0.8907499999999999,0.9516540642317406,0.0927859842777252,0.4279055595397949,0.2986489494449092,2.563613176345825,2.0,0.868039979318277,0.7303219564367073,1.0,0.2,0.9,1.0
vit_tiny_patch16_224,mix75,0,mix75_1+mix75_4,2,dare,0.88175,0.9419953533368026,0.0927859842777252,0.4279055595397949,0.2986489494449092,2.563613176345825,2.0,0.868039979318277,0.7303219564367073,1.0,0.2,0.9,2.0
vit_tiny_patch16_224,mix75,0,mix75_2+mix75_3,2,averaging,0.91,0.980801238573549,0.0958133488893508,0.4255262017250061,0.2976123409219006,2.5931509733200073,2.0,0.8685183092473163,0.7342971088615091,,,,
vit_tiny_patch16_224,mix75,0,mix75_2+mix75_3,2,task_arithmetic,0.85225,0.9185732294991968,0.0958133488893508,0.4255262017250061,0.2976123409219006,2.5931509733200073,2.0,0.8685183092473163,0.7342971088615091,0.1,,,
vit_tiny_patch16_224,mix75,0,mix75_2+mix75_3,2,task_arithmetic,0.8845000000000001,0.953351613718422,0.0958133488893508,0.4255262017250061,0.2976123409219006,2.5931509733200073,2.0,0.8685183092473163,0.7342971088615091,0.2,,,
vit_tiny_patch16_224,mix75,0,mix75_2+mix75_3,2,task_arithmetic,0.8995,0.969495478799885,0.0958133488893508,0.4255262017250061,0.2976123409219006,2.5931509733200073,2.0,0.8685183092473163,0.7342971088615091,0.3,,,
vit_tiny_patch16_224,mix75,0,mix75_2+mix75_3,2,task_arithmetic,0.91,0.980801238573549,0.0958133488893508,0.4255262017250061,0.2976123409219006,2.5931509733200073,2.0,0.8685183092473163,0.7342971088615091,0.5,,,
vit_tiny_patch16_224,mix75,0,mix75_2+mix75_3,2,task_arithmetic,0.878,0.9462775984918682,0.0958133488893508,0.4255262017250061,0.2976123409219006,2.5931509733200073,2.0,0.8685183092473163,0.7342971088615091,1.0,,,
vit_tiny_patch16_224,mix75,0,mix75_2+mix75_3,2,ties,0.89575,0.9654721480711193,0.0958133488893508,0.4255262017250061,0.2976123409219006,2.5931509733200073,2.0,0.8685183092473163,0.7342971088615091,0.5,0.2,,
vit_tiny_patch16_224,mix75,0,mix75_2+mix75_3,2,ties,0.909,0.9796896013849716,0.0958133488893508,0.4255262017250061,0.2976123409219006,2.5931509733200073,2.0,0.8685183092473163,0.7342971088615091,1.0,0.2,,
vit_tiny_patch16_224,mix75,0,mix75_2+mix75_3,2,dare,0.86575,0.9330327914089936,0.0958133488893508,0.4255262017250061,0.2976123409219006,2.5931509733200073,2.0,0.8685183092473163,0.7342971088615091,1.0,0.2,0.9,0.0
vit_tiny_patch16_224,mix75,0,mix75_2+mix75_3,2,dare,0.86975,0.9373782558305036,0.0958133488893508,0.4255262017250061,0.2976123409219006,2.5931509733200073,2.0,0.8685183092473163,0.7342971088615091,1.0,0.2,0.9,1.0
vit_tiny_patch16_224,mix75,0,mix75_2+mix75_3,2,dare,0.87275,0.9406036593690364,0.0958133488893508,0.4255262017250061,0.2976123409219006,2.5931509733200073,2.0,0.8685183092473163,0.7342971088615091,1.0,0.2,0.9,2.0
vit_tiny_patch16_224,mix75,0,mix75_2+mix75_4,2,averaging,0.91375,0.9859521598514202,0.0929772555828094,0.4278014004230499,0.294586804532392,2.572968006134033,2.0,0.8740635369176847,0.7349501638524968,,,,
vit_tiny_patch16_224,mix75,0,mix75_2+mix75_4,2,task_arithmetic,0.85875,0.9266531108905184,0.0929772555828094,0.4278014004230499,0.294586804532392,2.572968006134033,2.0,0.8740635369176847,0.7349501638524968,0.1,,,
vit_tiny_patch16_224,mix75,0,mix75_2+mix75_4,2,task_arithmetic,0.88725,0.9573889653847384,0.0929772555828094,0.4278014004230499,0.294586804532392,2.572968006134033,2.0,0.8740635369176847,0.7349501638524968,0.2,,,
vit_tiny_patch16_224,mix75,0,mix75_2+mix75_4,2,task_arithmetic,0.903,0.9743875884594448,0.0929772555828094,0.4278014004230499,0.294586804532392,2.572968006134033,2.0,0.8740635369176847,0.7349501638524968,0.3,,,
vit_tiny_patch16_224,mix75,0,mix75_2+mix75_4,2,task_arithmetic,0.91375,0.9859521598514202,0.0929772555828094,0.4278014004230499,0.294586804532392,2.572968006134033,2.0,0.8740635369176847,0.7349501638524968,0.5,,,
vit_tiny_patch16_224,mix75,0,mix75_2+mix75_4,2,task_arithmetic,0.8935,0.9641839316020366,0.0929772555828094,0.4278014004230499,0.294586804532392,2.572968006134033,2.0,0.8740635369176847,0.7349501638524968,1.0,,,
vit_tiny_patch16_224,mix75,0,mix75_2+mix75_4,2,ties,0.8955,0.9662989528963464,0.0929772555828094,0.4278014004230499,0.294586804532392,2.572968006134033,2.0,0.8740635369176847,0.7349501638524968,0.5,0.2,,
vit_tiny_patch16_224,mix75,0,mix75_2+mix75_4,2,ties,0.915,0.9873274840692944,0.0929772555828094,0.4278014004230499,0.294586804532392,2.572968006134033,2.0,0.8740635369176847,0.7349501638524968,1.0,0.2,,
vit_tiny_patch16_224,mix75,0,mix75_2+mix75_4,2,dare,0.8835,0.9533398443754202,0.0929772555828094,0.4278014004230499,0.294586804532392,2.572968006134033,2.0,0.8740635369176847,0.7349501638524968,1.0,0.2,0.9,0.0
vit_tiny_patch16_224,mix75,0,mix75_2+mix75_4,2,dare,0.8847499999999999,0.9547151685932946,0.0929772555828094,0.4278014004230499,0.294586804532392,2.572968006134033,2.0,0.8740635369176847,0.7349501638524968,1.0,0.2,0.9,1.0
vit_tiny_patch16_224,mix75,0,mix75_2+mix75_4,2,dare,0.88375,0.953636043421179,0.0929772555828094,0.4278014004230499,0.294586804532392,2.572968006134033,2.0,0.8740635369176847,0.7349501638524968,1.0,0.2,0.9,2.0
vit_tiny_patch16_224,mix75,0,mix75_3+mix75_4,2,averaging,0.8987499999999999,0.9774377963740684,0.0950063169002533,0.4261764585971832,0.304322401950403,2.5861397981643677,2.0,0.8772281752814183,0.7284161704668815,,,,
vit_tiny_patch16_224,mix75,0,mix75_3+mix75_4,2,task_arithmetic,0.8485,0.9227976322304776,0.0950063169002533,0.4261764585971832,0.304322401950403,2.5861397981643677,2.0,0.8772281752814183,0.7284161704668815,0.1,,,
vit_tiny_patch16_224,mix75,0,mix75_3+mix75_4,2,task_arithmetic,0.8765000000000001,0.9532383556426725,0.0950063169002533,0.4261764585971832,0.304322401950403,2.5861397981643677,2.0,0.8772281752814183,0.7284161704668815,0.2,,,
vit_tiny_patch16_224,mix75,0,mix75_3+mix75_4,2,task_arithmetic,0.891,0.9690030831625968,0.0950063169002533,0.4261764585971832,0.304322401950403,2.5861397981643677,2.0,0.8772281752814183,0.7284161704668815,0.3,,,
vit_tiny_patch16_224,mix75,0,mix75_3+mix75_4,2,task_arithmetic,0.8987499999999999,0.9774377963740684,0.0950063169002533,0.4261764585971832,0.304322401950403,2.5861397981643677,2.0,0.8772281752814183,0.7284161704668815,0.5,,,
vit_tiny_patch16_224,mix75,0,mix75_3+mix75_4,2,task_arithmetic,0.86975,0.94590183614796,0.0950063169002533,0.4261764585971832,0.304322401950403,2.5861397981643677,2.0,0.8772281752814183,0.7284161704668815,1.0,,,
vit_tiny_patch16_224,mix75,0,mix75_3+mix75_4,2,ties,0.88575,0.9632949300648124,0.0950063169002533,0.4261764585971832,0.304322401950403,2.5861397981643677,2.0,0.8772281752814183,0.7284161704668815,0.5,0.2,,
vit_tiny_patch16_224,mix75,0,mix75_3+mix75_4,2,ties,0.901,0.9798827114917368,0.0950063169002533,0.4261764585971832,0.304322401950403,2.5861397981643677,2.0,0.8772281752814183,0.7284161704668815,1.0,0.2,,
vit_tiny_patch16_224,mix75,0,mix75_3+mix75_4,2,dare,0.853,0.927692193510367,0.0950063169002533,0.4261764585971832,0.304322401950403,2.5861397981643677,2.0,0.8772281752814183,0.7284161704668815,1.0,0.2,0.9,0.0
vit_tiny_patch16_224,mix75,0,mix75_3+mix75_4,2,dare,0.86225,0.9377393058434018,0.0950063169002533,0.4261764585971832,0.304322401950403,2.5861397981643677,2.0,0.8772281752814183,0.7284161704668815,1.0,0.2,0.9,1.0
vit_tiny_patch16_224,mix75,0,mix75_3+mix75_4,2,dare,0.85025,0.9246893108257832,0.0950063169002533,0.4261764585971832,0.304322401950403,2.5861397981643677,2.0,0.8772281752814183,0.7284161704668815,1.0,0.2,0.9,2.0
vit_tiny_patch16_224,mix75,0,mix75_0+mix75_1+mix75_2,3,averaging,0.9063333333333334,0.9715748988767896,0.0920973022778828,0.4283258020877838,0.2983873304494704,2.583746353785197,3.0,0.8771631038649889,0.7373795580219168,,,,
vit_tiny_patch16_224,mix75,0,mix75_0+mix75_1+mix75_2,3,task_arithmetic,0.8791666666666668,0.9424062103416804,0.0920973022778828,0.4283258020877838,0.2983873304494704,2.583746353785197,3.0,0.8771631038649889,0.7373795580219168,0.1,,,
vit_tiny_patch16_224,mix75,0,mix75_0+mix75_1+mix75_2,3,task_arithmetic,0.9015,0.9664047012345848,0.0920973022778828,0.4283258020877838,0.2983873304494704,2.583746353785197,3.0,0.8771631038649889,0.7373795580219168,0.2,,,
vit_tiny_patch16_224,mix75,0,mix75_0+mix75_1+mix75_2,3,task_arithmetic,0.907,0.9723060610487736,0.0920973022778828,0.4283258020877838,0.2983873304494704,2.583746353785197,3.0,0.8771631038649889,0.7373795580219168,0.3,,,
vit_tiny_patch16_224,mix75,0,mix75_0+mix75_1+mix75_2,3,task_arithmetic,0.8995000000000001,0.9641608055208104,0.0920973022778828,0.4283258020877838,0.2983873304494704,2.583746353785197,3.0,0.8771631038649889,0.7373795580219168,0.5,,,
vit_tiny_patch16_224,mix75,0,mix75_0+mix75_1+mix75_2,3,task_arithmetic,0.7791666666666667,0.8352314809407871,0.0920973022778828,0.4283258020877838,0.2983873304494704,2.583746353785197,3.0,0.8771631038649889,0.7373795580219168,1.0,,,
vit_tiny_patch16_224,mix75,0,mix75_0+mix75_1+mix75_2,3,ties,0.9048333333333334,0.9699951061205264,0.0920973022778828,0.4283258020877838,0.2983873304494704,2.583746353785197,3.0,0.8771631038649889,0.7373795580219168,0.5,0.2,,
vit_tiny_patch16_224,mix75,0,mix75_0+mix75_1+mix75_2,3,ties,0.9088333333333332,0.9742449315801364,0.0920973022778828,0.4283258020877838,0.2983873304494704,2.583746353785197,3.0,0.8771631038649889,0.7373795580219168,1.0,0.2,,
vit_tiny_patch16_224,mix75,0,mix75_0+mix75_1+mix75_2,3,dare,0.7803333333333334,0.8364729171524569,0.0920973022778828,0.4283258020877838,0.2983873304494704,2.583746353785197,3.0,0.8771631038649889,0.7373795580219168,1.0,0.2,0.9,0.0
vit_tiny_patch16_224,mix75,0,mix75_0+mix75_1+mix75_2,3,dare,0.7733333333333334,0.8288062575424924,0.0920973022778828,0.4283258020877838,0.2983873304494704,2.583746353785197,3.0,0.8771631038649889,0.7373795580219168,1.0,0.2,0.9,1.0
vit_tiny_patch16_224,mix75,0,mix75_0+mix75_1+mix75_2,3,dare,0.7703333333333333,0.8255959572471494,0.0920973022778828,0.4283258020877838,0.2983873304494704,2.583746353785197,3.0,0.8771631038649889,0.7373795580219168,1.0,0.2,0.9,2.0
vit_tiny_patch16_224,mix75,0,mix75_0+mix75_1+mix75_3,3,averaging,0.9013333333333332,0.9712265628833766,0.0902863989273707,0.4296894570191701,0.2989372165423583,2.5925275484720864,3.0,0.870546019846446,0.7330235624315066,,,,
vit_tiny_patch16_224,mix75,0,mix75_0+mix75_1+mix75_3,3,task_arithmetic,0.8694999999999999,0.9367775702099316,0.0902863989273707,0.4296894570191701,0.2989372165423583,2.5925275484720864,3.0,0.870546019846446,0.7330235624315066,0.1,,,
vit_tiny_patch16_224,mix75,0,mix75_0+mix75_1+mix75_3,3,task_arithmetic,0.8935,0.9627020665167098,0.0902863989273707,0.4296894570191701,0.2989372165423583,2.5925275484720864,3.0,0.870546019846446,0.7330235624315066,0.2,,,
vit_tiny_patch16_224,mix75,0,mix75_0+mix75_1+mix75_3,3,task_arithmetic,0.8991666666666666,0.9688706793939468,0.0902863989273707,0.4296894570191701,0.2989372165423583,2.5925275484720864,3.0,0.870546019846446,0.7330235624315066,0.3,,,
vit_tiny_patch16_224,mix75,0,mix75_0+mix75_1+mix75_3,3,task_arithmetic,0.8969999999999999,0.9664667494781084,0.0902863989273707,0.4296894570191701,0.2989372165423583,2.5925275484720864,3.0,0.870546019846446,0.7330235624315066,0.5,,,
vit_tiny_patch16_224,mix75,0,mix75_0+mix75_1+mix75_3,3,task_arithmetic,0.7965,0.8577965337204363,0.0902863989273707,0.4296894570191701,0.2989372165423583,2.5925275484720864,3.0,0.870546019846446,0.7330235624315066,1.0,,,
vit_tiny_patch16_224,mix75,0,mix75_0+mix75_1+mix75_3,3,ties,0.8995000000000001,0.9691972921872372,0.0902863989273707,0.4296894570191701,0.2989372165423583,2.5925275484720864,3.0,0.870546019846446,0.7330235624315066,0.5,0.2,,
vit_tiny_patch16_224,mix75,0,mix75_0+mix75_1+mix75_3,3,ties,0.9036666666666666,0.973669510276288,0.0902863989273707,0.4296894570191701,0.2989372165423583,2.5925275484720864,3.0,0.870546019846446,0.7330235624315066,1.0,0.2,,
vit_tiny_patch16_224,mix75,0,mix75_0+mix75_1+mix75_3,3,dare,0.8035,0.8654178185469745,0.0902863989273707,0.4296894570191701,0.2989372165423583,2.5925275484720864,3.0,0.870546019846446,0.7330235624315066,1.0,0.2,0.9,0.0
vit_tiny_patch16_224,mix75,0,mix75_0+mix75_1+mix75_3,3,dare,0.7871666666666667,0.8476988923799852,0.0902863989273707,0.4296894570191701,0.2989372165423583,2.5925275484720864,3.0,0.870546019846446,0.7330235624315066,1.0,0.2,0.9,1.0
vit_tiny_patch16_224,mix75,0,mix75_0+mix75_1+mix75_3,3,dare,0.7773333333333333,0.8369389965036182,0.0902863989273707,0.4296894570191701,0.2989372165423583,2.5925275484720864,3.0,0.870546019846446,0.7330235624315066,1.0,0.2,0.9,2.0
vit_tiny_patch16_224,mix75,0,mix75_0+mix75_1+mix75_4,3,averaging,0.9015,0.9720739246393234,0.0923650910456975,0.4281386534372965,0.3004140832452457,2.5790722370147705,3.0,0.8747625101197313,0.7334589324254983,,,,
vit_tiny_patch16_224,mix75,0,mix75_0+mix75_1+mix75_4,3,task_arithmetic,0.875,0.9434541125266124,0.0923650910456975,0.4281386534372965,0.3004140832452457,2.5790722370147705,3.0,0.8747625101197313,0.7334589324254983,0.1,,,
vit_tiny_patch16_224,mix75,0,mix75_0+mix75_1+mix75_4,3,task_arithmetic,0.894,0.9639864323943464,0.0923650910456975,0.4281386534372965,0.3004140832452457,2.5790722370147705,3.0,0.8747625101197313,0.7334589324254983,0.2,,,
vit_tiny_patch16_224,mix75,0,mix75_0+mix75_1+mix75_4,3,task_arithmetic,0.8991666666666666,0.9695753286755864,0.0923650910456975,0.4281386534372965,0.3004140832452457,2.5790722370147705,3.0,0.8747625101197313,0.7334589324254983,0.3,,,
vit_tiny_patch16_224,mix75,0,mix75_0+mix75_1+mix75_4,3,task_arithmetic,0.8948333333333333,0.9648901999344272,0.0923650910456975,0.4281386534372965,0.3004140832452457,2.5790722370147705,3.0,0.8747625101197313,0.7334589324254983,0.5,,,
vit_tiny_patch16_224,mix75,0,mix75_0+mix75_1+mix75_4,3,task_arithmetic,0.7856666666666667,0.847105493974106,0.0923650910456975,0.4281386534372965,0.3004140832452457,2.5790722370147705,3.0,0.8747625101197313,0.7334589324254983,1.0,,,
vit_tiny_patch16_224,mix75,0,mix75_0+mix75_1+mix75_4,3,ties,0.8981666666666667,0.968503189189033,0.0923650910456975,0.4281386534372965,0.3004140832452457,2.5790722370147705,3.0,0.8747625101197313,0.7334589324254983,0.5,0.2,,
vit_tiny_patch16_224,mix75,0,mix75_0+mix75_1+mix75_4,3,ties,0.9048333333333334,0.9756665749514348,0.0923650910456975,0.4281386534372965,0.3004140832452457,2.5790722370147705,3.0,0.8747625101197313,0.7334589324254983,1.0,0.2,,
vit_tiny_patch16_224,mix75,0,mix75_0+mix75_1+mix75_4,3,dare,0.7789999999999999,0.8399560244843459,0.0923650910456975,0.4281386534372965,0.3004140832452457,2.5790722370147705,3.0,0.8747625101197313,0.7334589324254983,1.0,0.2,0.9,0.0
vit_tiny_patch16_224,mix75,0,mix75_0+mix75_1+mix75_4,3,dare,0.7835000000000001,0.8447466944400711,0.0923650910456975,0.4281386534372965,0.3004140832452457,2.5790722370147705,3.0,0.8747625101197313,0.7334589324254983,1.0,0.2,0.9,1.0
vit_tiny_patch16_224,mix75,0,mix75_0+mix75_1+mix75_4,3,dare,0.7843333333333332,0.8455406206697541,0.0923650910456975,0.4281386534372965,0.3004140832452457,2.5790722370147705,3.0,0.8747625101197313,0.7334589324254983,1.0,0.2,0.9,2.0
vit_tiny_patch16_224,mix75,0,mix75_0+mix75_2+mix75_3,3,averaging,0.8951666666666668,0.971039465268944,0.0918656686941782,0.4284843802452087,0.2969738727422521,2.598764101664225,3.0,0.8705298592726289,0.7361090340420328,,,,
vit_tiny_patch16_224,mix75,0,mix75_0+mix75_2+mix75_3,3,task_arithmetic,0.8595,0.9323567582793708,0.0918656686941782,0.4284843802452087,0.2969738727422521,2.598764101664225,3.0,0.8705298592726289,0.7361090340420328,0.1,,,
vit_tiny_patch16_224,mix75,0,mix75_0+mix75_2+mix75_3,3,task_arithmetic,0.8856666666666667,0.9607404151801378,0.0918656686941782,0.4284843802452087,0.2969738727422521,2.598764101664225,3.0,0.8705298592726289,0.7361090340420328,0.2,,,
vit_tiny_patch16_224,mix75,0,mix75_0+mix75_2+mix75_3,3,task_arithmetic,0.8946666666666667,0.9705075138087884,0.0918656686941782,0.4284843802452087,0.2969738727422521,2.598764101664225,3.0,0.8705298592726289,0.7361090340420328,0.3,,,
vit_tiny_patch16_224,mix75,0,mix75_0+mix75_2+mix75_3,3,task_arithmetic,0.8865,0.961616922554073,0.0918656686941782,0.4284843802452087,0.2969738727422521,2.598764101664225,3.0,0.8705298592726289,0.7361090340420328,0.5,,,
vit_tiny_patch16_224,mix75,0,mix75_0+mix75_2+mix75_3,3,task_arithmetic,0.7836666666666666,0.8499515395511817,0.0918656686941782,0.4284843802452087,0.2969738727422521,2.598764101664225,3.0,0.8705298592726289,0.7361090340420328,1.0,,,
vit_tiny_patch16_224,mix75,0,mix75_0+mix75_2+mix75_3,3,ties,0.8913333333333333,0.9669047123755244,0.0918656686941782,0.4284843802452087,0.2969738727422521,2.598764101664225,3.0,0.8705298592726289,0.7361090340420328,0.5,0.2,,
vit_tiny_patch16_224,mix75,0,mix75_0+mix75_2+mix75_3,3,ties,0.8966666666666666,0.9726633315986928,0.0918656686941782,0.4284843802452087,0.2969738727422521,2.598764101664225,3.0,0.8705298592726289,0.7361090340420328,1.0,0.2,,
vit_tiny_patch16_224,mix75,0,mix75_0+mix75_2+mix75_3,3,dare,0.7918333333333333,0.8587537155307229,0.0918656686941782,0.4284843802452087,0.2969738727422521,2.598764101664225,3.0,0.8705298592726289,0.7361090340420328,1.0,0.2,0.9,0.0
vit_tiny_patch16_224,mix75,0,mix75_0+mix75_2+mix75_3,3,dare,0.7836666666666666,0.8498744229005916,0.0918656686941782,0.4284843802452087,0.2969738727422521,2.598764101664225,3.0,0.8705298592726289,0.7361090340420328,1.0,0.2,0.9,1.0
vit_tiny_patch16_224,mix75,0,mix75_0+mix75_2+mix75_3,3,dare,0.7628333333333334,0.8273094533886303,0.0918656686941782,0.4284843802452087,0.2969738727422521,2.598764101664225,3.0,0.8705298592726289,0.7361090340420328,1.0,0.2,0.9,2.0
vit_tiny_patch16_224,mix75,0,mix75_0+mix75_2+mix75_4,3,averaging,0.8973333333333334,0.974098626511448,0.0921102911233902,0.4283322791258494,0.2967574405047374,2.585308790206909,3.0,0.8736743516989987,0.7365444040360246,,,,
vit_tiny_patch16_224,mix75,0,mix75_0+mix75_2+mix75_4,3,task_arithmetic,0.866,0.9401116378044874,0.0921102911233902,0.4283322791258494,0.2967574405047374,2.585308790206909,3.0,0.8736743516989987,0.7365444040360246,0.1,,,
vit_tiny_patch16_224,mix75,0,mix75_0+mix75_2+mix75_4,3,task_arithmetic,0.8888333333333334,0.964876435059598,0.0921102911233902,0.4283322791258494,0.2967574405047374,2.585308790206909,3.0,0.8736743516989987,0.7365444040360246,0.2,,,
vit_tiny_patch16_224,mix75,0,mix75_0+mix75_2+mix75_4,3,task_arithmetic,0.8956666666666666,0.9723078084296822,0.0921102911233902,0.4283322791258494,0.2967574405047374,2.585308790206909,3.0,0.8736743516989987,0.7365444040360246,0.3,,,
vit_tiny_patch16_224,mix75,0,mix75_0+mix75_2+mix75_4,3,task_arithmetic,0.8913333333333333,0.9675769809619756,0.0921102911233902,0.4283322791258494,0.2967574405047374,2.585308790206909,3.0,0.8736743516989987,0.7365444040360246,0.5,,,
vit_tiny_patch16_224,mix75,0,mix75_0+mix75_2+mix75_4,3,task_arithmetic,0.7838333333333334,0.8508224603856869,0.0921102911233902,0.4283322791258494,0.2967574405047374,2.585308790206909,3.0,0.8736743516989987,0.7365444040360246,1.0,,,
vit_tiny_patch16_224,mix75,0,mix75_0+mix75_2+mix75_4,3,ties,0.8908333333333333,0.9670557808986832,0.0921102911233902,0.4283322791258494,0.2967574405047374,2.585308790206909,3.0,0.8736743516989987,0.7365444040360246,0.5,0.2,,
vit_tiny_patch16_224,mix75,0,mix75_0+mix75_2+mix75_4,3,ties,0.9026666666666668,0.9799115936312132,0.0921102911233902,0.4283322791258494,0.2967574405047374,2.585308790206909,3.0,0.8736743516989987,0.7365444040360246,1.0,0.2,,
vit_tiny_patch16_224,mix75,0,mix75_0+mix75_2+mix75_4,3,dare,0.7816666666666666,0.8484778577064592,0.0921102911233902,0.4283322791258494,0.2967574405047374,2.585308790206909,3.0,0.8736743516989987,0.7365444040360246,1.0,0.2,0.9,0.0
vit_tiny_patch16_224,mix75,0,mix75_0+mix75_2+mix75_4,3,dare,0.7885,0.8558999999648115,0.0921102911233902,0.4283322791258494,0.2967574405047374,2.585308790206909,3.0,0.8736743516989987,0.7365444040360246,1.0,0.2,0.9,1.0
vit_tiny_patch16_224,mix75,0,mix75_0+mix75_2+mix75_4,3,dare,0.7875,0.8548647548295311,0.0921102911233902,0.4283322791258494,0.2967574405047374,2.585308790206909,3.0,0.8736743516989987,0.7365444040360246,1.0,0.2,0.9,2.0
vit_tiny_patch16_224,mix75,0,mix75_0+mix75_3+mix75_4,3,averaging,0.8885,0.9696261041084702,0.091987391312917,0.4284006853898366,0.3013918376874659,2.594089984893799,3.0,0.8735677428217098,0.7321884084456145,,,,
vit_tiny_patch16_224,mix75,0,mix75_0+mix75_3+mix75_4,3,task_arithmetic,0.8583333333333334,0.936702335558236,0.091987391312917,0.4284006853898366,0.3013918376874659,2.594089984893799,3.0,0.8735677428217098,0.7321884084456145,0.1,,,
vit_tiny_patch16_224,mix75,0,mix75_0+mix75_3+mix75_4,3,task_arithmetic,0.8776666666666667,0.9577857894175827,0.091987391312917,0.4284006853898366,0.3013918376874659,2.594089984893799,3.0,0.8735677428217098,0.7321884084456145,0.2,,,
vit_tiny_patch16_224,mix75,0,mix75_0+mix75_3+mix75_4,3,task_arithmetic,0.8881666666666667,0.9692581088302952,0.091987391312917,0.4284006853898366,0.3013918376874659,2.594089984893799,3.0,0.8735677428217098,0.7321884084456145,0.3,,,
vit_tiny_patch16_224,mix75,0,mix75_0+mix75_3+mix75_4,3,task_arithmetic,0.8786666666666667,0.9588668349932892,0.091987391312917,0.4284006853898366,0.3013918376874659,2.594089984893799,3.0,0.8735677428217098,0.7321884084456145,0.5,,,
vit_tiny_patch16_224,mix75,0,mix75_0+mix75_3+mix75_4,3,task_arithmetic,0.7673333333333333,0.8373430679730628,0.091987391312917,0.4284006853898366,0.3013918376874659,2.594089984893799,3.0,0.8735677428217098,0.7321884084456145,1.0,,,
vit_tiny_patch16_224,mix75,0,mix75_0+mix75_3+mix75_4,3,ties,0.8841666666666667,0.9648949841169964,0.091987391312917,0.4284006853898366,0.3013918376874659,2.594089984893799,3.0,0.8735677428217098,0.7321884084456145,0.5,0.2,,
vit_tiny_patch16_224,mix75,0,mix75_0+mix75_3+mix75_4,3,ties,0.8863333333333333,0.9672659254863668,0.091987391312917,0.4284006853898366,0.3013918376874659,2.594089984893799,3.0,0.8735677428217098,0.7321884084456145,1.0,0.2,,
vit_tiny_patch16_224,mix75,0,mix75_0+mix75_3+mix75_4,3,dare,0.7553333333333333,0.8243110077084713,0.091987391312917,0.4284006853898366,0.3013918376874659,2.594089984893799,3.0,0.8735677428217098,0.7321884084456145,1.0,0.2,0.9,0.0
vit_tiny_patch16_224,mix75,0,mix75_0+mix75_3+mix75_4,3,dare,0.7706666666666667,0.8409917643962862,0.091987391312917,0.4284006853898366,0.3013918376874659,2.594089984893799,3.0,0.8735677428217098,0.7321884084456145,1.0,0.2,0.9,1.0
vit_tiny_patch16_224,mix75,0,mix75_0+mix75_3+mix75_4,3,dare,0.7703333333333333,0.8407053239103967,0.091987391312917,0.4284006853898366,0.3013918376874659,2.594089984893799,3.0,0.8735677428217098,0.7321884084456145,1.0,0.2,0.9,2.0
vit_tiny_patch16_224,mix75,0,mix75_1+mix75_2+mix75_3,3,averaging,0.9113333333333332,0.9732643260595876,0.0930293450752894,0.4276394446690877,0.2977731515999448,2.582523822784424,3.0,0.8678142041738898,0.7333896350461878,,,,
vit_tiny_patch16_224,mix75,0,mix75_1+mix75_2+mix75_3,3,task_arithmetic,0.8793333333333333,0.9389687761031984,0.0930293450752894,0.4276394446690877,0.2977731515999448,2.582523822784424,3.0,0.8678142041738898,0.7333896350461878,0.1,,,
vit_tiny_patch16_224,mix75,0,mix75_1+mix75_2+mix75_3,3,task_arithmetic,0.9028333333333332,0.9641477349289754,0.0930293450752894,0.4276394446690877,0.2977731515999448,2.582523822784424,3.0,0.8678142041738898,0.7333896350461878,0.2,,,
vit_tiny_patch16_224,mix75,0,mix75_1+mix75_2+mix75_3,3,task_arithmetic,0.9126666666666666,0.9746918577032168,0.0930293450752894,0.4276394446690877,0.2977731515999448,2.582523822784424,3.0,0.8678142041738898,0.7333896350461878,0.3,,,
vit_tiny_patch16_224,mix75,0,mix75_1+mix75_2+mix75_3,3,task_arithmetic,0.907,0.968582216164403,0.0930293450752894,0.4276394446690877,0.2977731515999448,2.582523822784424,3.0,0.8678142041738898,0.7333896350461878,0.5,,,
vit_tiny_patch16_224,mix75,0,mix75_1+mix75_2+mix75_3,3,task_arithmetic,0.7863333333333333,0.8396723164244722,0.0930293450752894,0.4276394446690877,0.2977731515999448,2.582523822784424,3.0,0.8678142041738898,0.7333896350461878,1.0,,,
vit_tiny_patch16_224,mix75,0,mix75_1+mix75_2+mix75_3,3,ties,0.9101666666666668,0.9719789558161578,0.0930293450752894,0.4276394446690877,0.2977731515999448,2.582523822784424,3.0,0.8678142041738898,0.7333896350461878,0.5,0.2,,
vit_tiny_patch16_224,mix75,0,mix75_1+mix75_2+mix75_3,3,ties,0.9133333333333334,0.9753471713598604,0.0930293450752894,0.4276394446690877,0.2977731515999448,2.582523822784424,3.0,0.8678142041738898,0.7333896350461878,1.0,0.2,,
vit_tiny_patch16_224,mix75,0,mix75_1+mix75_2+mix75_3,3,dare,0.8003333333333332,0.854606405020511,0.0930293450752894,0.4276394446690877,0.2977731515999448,2.582523822784424,3.0,0.8678142041738898,0.7333896350461878,1.0,0.2,0.9,0.0
vit_tiny_patch16_224,mix75,0,mix75_1+mix75_2+mix75_3,3,dare,0.7863333333333333,0.8394116958221799,0.0930293450752894,0.4276394446690877,0.2977731515999448,2.582523822784424,3.0,0.8678142041738898,0.7333896350461878,1.0,0.2,0.9,1.0
vit_tiny_patch16_224,mix75,0,mix75_1+mix75_2+mix75_3,3,dare,0.7885,0.8417780901934035,0.0930293450752894,0.4276394446690877,0.2977731515999448,2.582523822784424,3.0,0.8678142041738898,0.7333896350461878,1.0,0.2,0.9,2.0
vit_tiny_patch16_224,mix75,0,mix75_1+mix75_2+mix75_4,3,averaging,0.9105,0.9731149144495684,0.0929726858933766,0.4277575413386027,0.2974494262806745,2.569068511327108,3.0,0.8725830204677174,0.7338250050401797,,,,
vit_tiny_patch16_224,mix75,0,mix75_1+mix75_2+mix75_4,3,task_arithmetic,0.8815,0.9420674977451304,0.0929726858933766,0.4277575413386027,0.2974494262806745,2.569068511327108,3.0,0.8725830204677174,0.7338250050401797,0.1,,,
vit_tiny_patch16_224,mix75,0,mix75_1+mix75_2+mix75_4,3,task_arithmetic,0.9016666666666668,0.9636318931614826,0.0929726858933766,0.4277575413386027,0.2974494262806745,2.569068511327108,3.0,0.8725830204677174,0.7338250050401797,0.2,,,
vit_tiny_patch16_224,mix75,0,mix75_1+mix75_2+mix75_4,3,task_arithmetic,0.9095,0.972092533020155,0.0929726858933766,0.4277575413386027,0.2974494262806745,2.569068511327108,3.0,0.8725830204677174,0.7338250050401797,0.3,,,
vit_tiny_patch16_224,mix75,0,mix75_1+mix75_2+mix75_4,3,task_arithmetic,0.905,0.9672943018617444,0.0929726858933766,0.4277575413386027,0.2974494262806745,2.569068511327108,3.0,0.8725830204677174,0.7338250050401797,0.5,,,
vit_tiny_patch16_224,mix75,0,mix75_1+mix75_2+mix75_4,3,task_arithmetic,0.7793333333333333,0.8330559601530291,0.0929726858933766,0.4277575413386027,0.2974494262806745,2.569068511327108,3.0,0.8725830204677174,0.7338250050401797,1.0,,,
vit_tiny_patch16_224,mix75,0,mix75_1+mix75_2+mix75_4,3,ties,0.9071666666666666,0.9695173178400006,0.0929726858933766,0.4277575413386027,0.2974494262806745,2.569068511327108,3.0,0.8725830204677174,0.7338250050401797,0.5,0.2,,
vit_tiny_patch16_224,mix75,0,mix75_1+mix75_2+mix75_4,3,ties,0.9126666666666666,0.975453081957529,0.0929726858933766,0.4277575413386027,0.2974494262806745,2.569068511327108,3.0,0.8725830204677174,0.7338250050401797,1.0,0.2,,
vit_tiny_patch16_224,mix75,0,mix75_1+mix75_2+mix75_4,3,dare,0.7825000000000001,0.8364329066153955,0.0929726858933766,0.4277575413386027,0.2974494262806745,2.569068511327108,3.0,0.8725830204677174,0.7338250050401797,1.0,0.2,0.9,0.0
vit_tiny_patch16_224,mix75,0,mix75_1+mix75_2+mix75_4,3,dare,0.7868333333333334,0.8410182951455876,0.0929726858933766,0.4277575413386027,0.2974494262806745,2.569068511327108,3.0,0.8725830204677174,0.7338250050401797,1.0,0.2,0.9,1.0
vit_tiny_patch16_224,mix75,0,mix75_1+mix75_2+mix75_4,3,dare,0.7811666666666667,0.8348358813780786,0.0929726858933766,0.4277575413386027,0.2974494262806745,2.569068511327108,3.0,0.8725830204677174,0.7338250050401797,1.0,0.2,0.9,2.0
vit_tiny_patch16_224,mix75,0,mix75_1+mix75_3+mix75_4,3,averaging,0.9043333333333332,0.9714504375829788,0.0926373898983001,0.427969495455424,0.2998553134695079,2.5778497060139975,3.0,0.8681823042356193,0.7294690094497694,,,,
vit_tiny_patch16_224,mix75,0,mix75_1+mix75_3+mix75_4,3,task_arithmetic,0.8763333333333333,0.9413305250531806,0.0926373898983001,0.427969495455424,0.2998553134695079,2.5778497060139975,3.0,0.8681823042356193,0.7294690094497694,0.1,,,
vit_tiny_patch16_224,mix75,0,mix75_1+mix75_3+mix75_4,3,task_arithmetic,0.8976666666666667,0.9642663241019932,0.0926373898983001,0.427969495455424,0.2998553134695079,2.5778497060139975,3.0,0.8681823042356193,0.7294690094497694,0.2,,,
vit_tiny_patch16_224,mix75,0,mix75_1+mix75_3+mix75_4,3,task_arithmetic,0.905,0.9721825250693183,0.0926373898983001,0.427969495455424,0.2998553134695079,2.5778497060139975,3.0,0.8681823042356193,0.7294690094497694,0.3,,,
vit_tiny_patch16_224,mix75,0,mix75_1+mix75_3+mix75_4,3,task_arithmetic,0.9006666666666666,0.96750508785773,0.0926373898983001,0.427969495455424,0.2998553134695079,2.5778497060139975,3.0,0.8681823042356193,0.7294690094497694,0.5,,,
vit_tiny_patch16_224,mix75,0,mix75_1+mix75_3+mix75_4,3,task_arithmetic,0.7991666666666667,0.8582582329925473,0.0926373898983001,0.427969495455424,0.2998553134695079,2.5778497060139975,3.0,0.8681823042356193,0.7294690094497694,1.0,,,
vit_tiny_patch16_224,mix75,0,mix75_1+mix75_3+mix75_4,3,ties,0.9015,0.9683908052344078,0.0926373898983001,0.427969495455424,0.2998553134695079,2.5778497060139975,3.0,0.8681823042356193,0.7294690094497694,0.5,0.2,,
vit_tiny_patch16_224,mix75,0,mix75_1+mix75_3+mix75_4,3,ties,0.9065,0.973750198722439,0.0926373898983001,0.427969495455424,0.2998553134695079,2.5778497060139975,3.0,0.8681823042356193,0.7294690094497694,1.0,0.2,,
vit_tiny_patch16_224,mix75,0,mix75_1+mix75_3+mix75_4,3,dare,0.7838333333333333,0.8417454517963051,0.0926373898983001,0.427969495455424,0.2998553134695079,2.5778497060139975,3.0,0.8681823042356193,0.7294690094497694,1.0,0.2,0.9,0.0
vit_tiny_patch16_224,mix75,0,mix75_1+mix75_3+mix75_4,3,dare,0.8003333333333332,0.8595033542865284,0.0926373898983001,0.427969495455424,0.2998553134695079,2.5778497060139975,3.0,0.8681823042356193,0.7294690094497694,1.0,0.2,0.9,1.0
vit_tiny_patch16_224,mix75,0,mix75_1+mix75_3+mix75_4,3,dare,0.8019999999999999,0.8612462168096875,0.0926373898983001,0.427969495455424,0.2998553134695079,2.5778497060139975,3.0,0.8681823042356193,0.7294690094497694,1.0,0.2,0.9,2.0
vit_tiny_patch16_224,mix75,0,mix75_2+mix75_3+mix75_4,3,averaging,0.8975,0.9705656178862752,0.0945989737908045,0.4265013535817464,0.2988405158015652,2.584086259206136,3.0,0.8732700071488063,0.7325544810602959,,,,
vit_tiny_patch16_224,mix75,0,mix75_2+mix75_3+mix75_4,3,task_arithmetic,0.8666666666666667,0.9372602574336436,0.0945989737908045,0.4265013535817464,0.2988405158015652,2.584086259206136,3.0,0.8732700071488063,0.7325544810602959,0.1,,,
vit_tiny_patch16_224,mix75,0,mix75_2+mix75_3+mix75_4,3,task_arithmetic,0.8888333333333334,0.9611911307965856,0.0945989737908045,0.4265013535817464,0.2988405158015652,2.584086259206136,3.0,0.8732700071488063,0.7325544810602959,0.2,,,
vit_tiny_patch16_224,mix75,0,mix75_2+mix75_3+mix75_4,3,task_arithmetic,0.8973333333333334,0.9703841626149996,0.0945989737908045,0.4265013535817464,0.2988405158015652,2.584086259206136,3.0,0.8732700071488063,0.7325544810602959,0.3,,,
vit_tiny_patch16_224,mix75,0,mix75_2+mix75_3+mix75_4,3,task_arithmetic,0.89,0.9624812709918724,0.0945989737908045,0.4265013535817464,0.2988405158015652,2.584086259206136,3.0,0.8732700071488063,0.7325544810602959,0.5,,,
vit_tiny_patch16_224,mix75,0,mix75_2+mix75_3+mix75_4,3,task_arithmetic,0.7721666666666667,0.8349988349512897,0.0945989737908045,0.4265013535817464,0.2988405158015652,2.584086259206136,3.0,0.8732700071488063,0.7325544810602959,1.0,,,
vit_tiny_patch16_224,mix75,0,mix75_2+mix75_3+mix75_4,3,ties,0.8931666666666667,0.9659006403996404,0.0945989737908045,0.4265013535817464,0.2988405158015652,2.584086259206136,3.0,0.8732700071488063,0.7325544810602959,0.5,0.2,,
vit_tiny_patch16_224,mix75,0,mix75_2+mix75_3+mix75_4,3,ties,0.8983333333333333,0.9714736827500788,0.0945989737908045,0.4265013535817464,0.2988405158015652,2.584086259206136,3.0,0.8732700071488063,0.7325544810602959,1.0,0.2,,
vit_tiny_patch16_224,mix75,0,mix75_2+mix75_3+mix75_4,3,dare,0.7528333333333332,0.8140879658999759,0.0945989737908045,0.4265013535817464,0.2988405158015652,2.584086259206136,3.0,0.8732700071488063,0.7325544810602959,1.0,0.2,0.9,0.0
vit_tiny_patch16_224,mix75,0,mix75_2+mix75_3+mix75_4,3,dare,0.778,0.8413082377162269,0.0945989737908045,0.4265013535817464,0.2988405158015652,2.584086259206136,3.0,0.8732700071488063,0.7325544810602959,1.0,0.2,0.9,1.0
vit_tiny_patch16_224,mix75,0,mix75_2+mix75_3+mix75_4,3,dare,0.7843333333333334,0.8481924026764562,0.0945989737908045,0.4265013535817464,0.2988405158015652,2.584086259206136,3.0,0.8732700071488063,0.7325544810602959,1.0,0.2,0.9,2.0
vit_tiny_patch16_224,mix75,0,mix75_0+mix75_1+mix75_2+mix75_3+mix75_4,5,averaging,0.8907,0.9602629245938974,0.0923950538039207,0.4281239092350006,0.2986780188323222,2.584703731536865,5.0,0.8722093123650536,0.7337942029999026,,,,
vit_tiny_patch16_224,mix75,0,mix75_0+mix75_1+mix75_2+mix75_3+mix75_4,5,task_arithmetic,0.8808,0.9495790407740556,0.0923950538039207,0.4281239092350006,0.2986780188323222,2.584703731536865,5.0,0.8722093123650536,0.7337942029999026,0.1,,,
vit_tiny_patch16_224,mix75,0,mix75_0+mix75_1+mix75_2+mix75_3+mix75_4,5,task_arithmetic,0.8907,0.9602629245938974,0.0923950538039207,0.4281239092350006,0.2986780188323222,2.584703731536865,5.0,0.8722093123650536,0.7337942029999026,0.2,,,
vit_tiny_patch16_224,mix75,0,mix75_0+mix75_1+mix75_2+mix75_3+mix75_4,5,task_arithmetic,0.8824,0.9512557438744746,0.0923950538039207,0.4281239092350006,0.2986780188323222,2.584703731536865,5.0,0.8722093123650536,0.7337942029999026,0.3,,,
vit_tiny_patch16_224,mix75,0,mix75_0+mix75_1+mix75_2+mix75_3+mix75_4,5,task_arithmetic,0.8257999999999999,0.890213405287116,0.0923950538039207,0.4281239092350006,0.2986780188323222,2.584703731536865,5.0,0.8722093123650536,0.7337942029999026,0.5,,,
vit_tiny_patch16_224,mix75,0,mix75_0+mix75_1+mix75_2+mix75_3+mix75_4,5,task_arithmetic,0.4723,0.5084992364362747,0.0923950538039207,0.4281239092350006,0.2986780188323222,2.584703731536865,5.0,0.8722093123650536,0.7337942029999026,1.0,,,
vit_tiny_patch16_224,mix75,0,mix75_0+mix75_1+mix75_2+mix75_3+mix75_4,5,ties,0.8956,0.9655460293919752,0.0923950538039207,0.4281239092350006,0.2986780188323222,2.584703731536865,5.0,0.8722093123650536,0.7337942029999026,0.5,0.2,,
vit_tiny_patch16_224,mix75,0,mix75_0+mix75_1+mix75_2+mix75_3+mix75_4,5,ties,0.8871,0.9563001147713512,0.0923950538039207,0.4281239092350006,0.2986780188323222,2.584703731536865,5.0,0.8722093123650536,0.7337942029999026,1.0,0.2,,
vit_tiny_patch16_224,mix75,0,mix75_0+mix75_1+mix75_2+mix75_3+mix75_4,5,dare,0.5396,0.5811803590046862,0.0923950538039207,0.4281239092350006,0.2986780188323222,2.584703731536865,5.0,0.8722093123650536,0.7337942029999026,1.0,0.2,0.9,0.0
vit_tiny_patch16_224,mix75,0,mix75_0+mix75_1+mix75_2+mix75_3+mix75_4,5,dare,0.5751,0.6194641389439277,0.0923950538039207,0.4281239092350006,0.2986780188323222,2.584703731536865,5.0,0.8722093123650536,0.7337942029999026,1.0,0.2,0.9,1.0
vit_tiny_patch16_224,mix75,0,mix75_0+mix75_1+mix75_2+mix75_3+mix75_4,5,dare,0.5323,0.5733768574958382,0.0923950538039207,0.4281239092350006,0.2986780188323222,2.584703731536865,5.0,0.8722093123650536,0.7337942029999026,1.0,0.2,0.9,2.0
vit_tiny_patch16_224,mix75,1,mix75_0+mix75_1,2,averaging,0.9175,0.9847167958337631,0.0972513109445571,0.4243739545345306,0.3033537173587597,2.574475646018982,2.0,0.8810921880017949,0.7319735025318495,,,,
vit_tiny_patch16_224,mix75,1,mix75_0+mix75_1,2,task_arithmetic,0.86775,0.9310781106005392,0.0972513109445571,0.4243739545345306,0.3033537173587597,2.574475646018982,2.0,0.8810921880017949,0.7319735025318495,0.1,,,
vit_tiny_patch16_224,mix75,1,mix75_0+mix75_1,2,task_arithmetic,0.89375,0.9591734669824236,0.0972513109445571,0.4243739545345306,0.3033537173587597,2.574475646018982,2.0,0.8810921880017949,0.7319735025318495,0.2,,,
vit_tiny_patch16_224,mix75,1,mix75_0+mix75_1,2,task_arithmetic,0.907,0.9734397216053798,0.0972513109445571,0.4243739545345306,0.3033537173587597,2.574475646018982,2.0,0.8810921880017949,0.7319735025318495,0.3,,,
vit_tiny_patch16_224,mix75,1,mix75_0+mix75_1,2,task_arithmetic,0.9175,0.9847167958337631,0.0972513109445571,0.4243739545345306,0.3033537173587597,2.574475646018982,2.0,0.8810921880017949,0.7319735025318495,0.5,,,
vit_tiny_patch16_224,mix75,1,mix75_0+mix75_1,2,task_arithmetic,0.89275,0.95795681609783,0.0972513109445571,0.4243739545345306,0.3033537173587597,2.574475646018982,2.0,0.8810921880017949,0.7319735025318495,1.0,,,
vit_tiny_patch16_224,mix75,1,mix75_0+mix75_1,2,ties,0.908,0.9744994642932272,0.0972513109445571,0.4243739545345306,0.3033537173587597,2.574475646018982,2.0,0.8810921880017949,0.7319735025318495,0.5,0.2,,
vit_tiny_patch16_224,mix75,1,mix75_0+mix75_1,2,ties,0.91675,0.9838756295779298,0.0972513109445571,0.4243739545345306,0.3033537173587597,2.574475646018982,2.0,0.8810921880017949,0.7319735025318495,1.0,0.2,,
vit_tiny_patch16_224,mix75,1,mix75_0+mix75_1,2,dare,0.886,0.9508285156225236,0.0972513109445571,0.4243739545345306,0.3033537173587597,2.574475646018982,2.0,0.8810921880017949,0.7319735025318495,1.0,0.2,0.9,0.0
vit_tiny_patch16_224,mix75,1,mix75_0+mix75_1,2,dare,0.88275,0.947273802930221,0.0972513109445571,0.4243739545345306,0.3033537173587597,2.574475646018982,2.0,0.8810921880017949,0.7319735025318495,1.0,0.2,0.9,1.0
vit_tiny_patch16_224,mix75,1,mix75_0+mix75_1,2,dare,0.8785000000000001,0.9426878763131156,0.0972513109445571,0.4243739545345306,0.3033537173587597,2.574475646018982,2.0,0.8810921880017949,0.7319735025318495,1.0,0.2,0.9,2.0
vit_tiny_patch16_224,mix75,1,mix75_0+mix75_2,2,averaging,0.90925,0.9902172926725552,0.0913103520870208,0.4288628995418548,0.2911483568971423,2.584589719772339,2.0,0.8721692178926734,0.7437307847881094,,,,
vit_tiny_patch16_224,mix75,1,mix75_0+mix75_2,2,task_arithmetic,0.85375,0.929720457644298,0.0913103520870208,0.4288628995418548,0.2911483568971423,2.584589719772339,2.0,0.8721692178926734,0.7437307847881094,0.1,,,
vit_tiny_patch16_224,mix75,1,mix75_0+mix75_2,2,task_arithmetic,0.88,0.958301727108444,0.0913103520870208,0.4288628995418548,0.2911483568971423,2.584589719772339,2.0,0.8721692178926734,0.7437307847881094,0.2,,,
vit_tiny_patch16_224,mix75,1,mix75_0+mix75_2,2,task_arithmetic,0.8965000000000001,0.9763200924255966,0.0913103520870208,0.4288628995418548,0.2911483568971423,2.584589719772339,2.0,0.8721692178926734,0.7437307847881094,0.3,,,
vit_tiny_patch16_224,mix75,1,mix75_0+mix75_2,2,task_arithmetic,0.90925,0.9902172926725552,0.0913103520870208,0.4288628995418548,0.2911483568971423,2.584589719772339,2.0,0.8721692178926734,0.7437307847881094,0.5,,,
vit_tiny_patch16_224,mix75,1,mix75_0+mix75_2,2,task_arithmetic,0.88775,0.9668063469055752,0.0913103520870208,0.4288628995418548,0.2911483568971423,2.584589719772339,2.0,0.8721692178926734,0.7437307847881094,1.0,,,
vit_tiny_patch16_224,mix75,1,mix75_0+mix75_2,2,ties,0.8905000000000001,0.9697582546365516,0.0913103520870208,0.4288628995418548,0.2911483568971423,2.584589719772339,2.0,0.8721692178926734,0.7437307847881094,0.5,0.2,,
vit_tiny_patch16_224,mix75,1,mix75_0+mix75_2,2,ties,0.91025,0.9913064842036092,0.0913103520870208,0.4288628995418548,0.2911483568971423,2.584589719772339,2.0,0.8721692178926734,0.7437307847881094,1.0,0.2,,
vit_tiny_patch16_224,mix75,1,mix75_0+mix75_2,2,dare,0.8827499999999999,0.9614070943050672,0.0913103520870208,0.4288628995418548,0.2911483568971423,2.584589719772339,2.0,0.8721692178926734,0.7437307847881094,1.0,0.2,0.9,0.0
vit_tiny_patch16_224,mix75,1,mix75_0+mix75_2,2,dare,0.87475,0.9526735456045948,0.0913103520870208,0.4288628995418548,0.2911483568971423,2.584589719772339,2.0,0.8721692178926734,0.7437307847881094,1.0,0.2,0.9,1.0
vit_tiny_patch16_224,mix75,1,mix75_0+mix75_2,2,dare,0.88175,0.960217820513809,0.0913103520870208,0.4288628995418548,0.2911483568971423,2.584589719772339,2.0,0.8721692178926734,0.7437307847881094,1.0,0.2,0.9,2.0
vit_tiny_patch16_224,mix75,1,mix75_0+mix75_3,2,averaging,0.899,0.9814446199231204,0.0931707993149757,0.4274634420871734,0.3054836977148448,2.593640446662903,2.0,0.8711626037539711,0.7330766026519595,,,,
vit_tiny_patch16_224,mix75,1,mix75_0+mix75_3,2,task_arithmetic,0.83975,0.9168756518370632,0.0931707993149757,0.4274634420871734,0.3054836977148448,2.593640446662903,2.0,0.8711626037539711,0.7330766026519595,0.1,,,
vit_tiny_patch16_224,mix75,1,mix75_0+mix75_3,2,task_arithmetic,0.8734999999999999,0.9536785959057184,0.0931707993149757,0.4274634420871734,0.3054836977148448,2.593640446662903,2.0,0.8711626037539711,0.7330766026519595,0.2,,,
vit_tiny_patch16_224,mix75,1,mix75_0+mix75_3,2,task_arithmetic,0.8885000000000001,0.9700020858786018,0.0931707993149757,0.4274634420871734,0.3054836977148448,2.593640446662903,2.0,0.8711626037539711,0.7330766026519595,0.3,,,
vit_tiny_patch16_224,mix75,1,mix75_0+mix75_3,2,task_arithmetic,0.899,0.9814446199231204,0.0931707993149757,0.4274634420871734,0.3054836977148448,2.593640446662903,2.0,0.8711626037539711,0.7330766026519595,0.5,,,
vit_tiny_patch16_224,mix75,1,mix75_0+mix75_3,2,task_arithmetic,0.875,0.955214398522006,0.0931707993149757,0.4274634420871734,0.3054836977148448,2.593640446662903,2.0,0.8711626037539711,0.7330766026519595,1.0,,,
vit_tiny_patch16_224,mix75,1,mix75_0+mix75_3,2,ties,0.8835,0.9645698620340296,0.0931707993149757,0.4274634420871734,0.3054836977148448,2.593640446662903,2.0,0.8711626037539711,0.7330766026519595,0.5,0.2,,
vit_tiny_patch16_224,mix75,1,mix75_0+mix75_3,2,ties,0.90025,0.982812062337972,0.0931707993149757,0.4274634420871734,0.3054836977148448,2.593640446662903,2.0,0.8711626037539711,0.7330766026519595,1.0,0.2,,
vit_tiny_patch16_224,mix75,1,mix75_0+mix75_3,2,dare,0.86775,0.9473121964301676,0.0931707993149757,0.4274634420871734,0.3054836977148448,2.593640446662903,2.0,0.8711626037539711,0.7330766026519595,1.0,0.2,0.9,0.0
vit_tiny_patch16_224,mix75,1,mix75_0+mix75_3,2,dare,0.865,0.9442963139545276,0.0931707993149757,0.4274634420871734,0.3054836977148448,2.593640446662903,2.0,0.8711626037539711,0.7330766026519595,1.0,0.2,0.9,1.0
vit_tiny_patch16_224,mix75,1,mix75_0+mix75_3,2,dare,0.862,0.9410530707112844,0.0931707993149757,0.4274634420871734,0.3054836977148448,2.593640446662903,2.0,0.8711626037539711,0.7330766026519595,1.0,0.2,0.9,2.0
vit_tiny_patch16_224,mix75,1,mix75_0+mix75_4,2,averaging,0.89525,0.9835011879265386,0.0949945747852325,0.4260804653167724,0.3027656717704224,2.584960341453552,2.0,0.8761829522217952,0.7306214634560773,,,,
vit_tiny_patch16_224,mix75,1,mix75_0+mix75_4,2,task_arithmetic,0.84475,0.9280349456184912,0.0949945747852325,0.4260804653167724,0.3027656717704224,2.584960341453552,2.0,0.8761829522217952,0.7306214634560773,0.1,,,
vit_tiny_patch16_224,mix75,1,mix75_0+mix75_4,2,task_arithmetic,0.8714999999999999,0.9574120641679476,0.0949945747852325,0.4260804653167724,0.3027656717704224,2.584960341453552,2.0,0.8761829522217952,0.7306214634560773,0.2,,,
vit_tiny_patch16_224,mix75,1,mix75_0+mix75_4,2,task_arithmetic,0.88825,0.9758148174298424,0.0949945747852325,0.4260804653167724,0.3027656717704224,2.584960341453552,2.0,0.8761829522217952,0.7306214634560773,0.3,,,
vit_tiny_patch16_224,mix75,1,mix75_0+mix75_4,2,task_arithmetic,0.89525,0.9835011879265386,0.0949945747852325,0.4260804653167724,0.3027656717704224,2.584960341453552,2.0,0.8761829522217952,0.7306214634560773,0.5,,,
vit_tiny_patch16_224,mix75,1,mix75_0+mix75_4,2,task_arithmetic,0.8747499999999999,0.9609698091050028,0.0949945747852325,0.4260804653167724,0.3027656717704224,2.584960341453552,2.0,0.8761829522217952,0.7306214634560773,1.0,,,
vit_tiny_patch16_224,mix75,1,mix75_0+mix75_4,2,ties,0.88225,0.9692290214949226,0.0949945747852325,0.4260804653167724,0.3027656717704224,2.584960341453552,2.0,0.8761829522217952,0.7306214634560773,0.5,0.2,,
vit_tiny_patch16_224,mix75,1,mix75_0+mix75_4,2,ties,0.8967499999999999,0.9851530304045226,0.0949945747852325,0.4260804653167724,0.3027656717704224,2.584960341453552,2.0,0.8761829522217952,0.7306214634560773,1.0,0.2,,
vit_tiny_patch16_224,mix75,1,mix75_0+mix75_4,2,dare,0.871,0.956862757522378,0.0949945747852325,0.4260804653167724,0.3027656717704224,2.584960341453552,2.0,0.8761829522217952,0.7306214634560773,1.0,0.2,0.9,0.0
vit_tiny_patch16_224,mix75,1,mix75_0+mix75_4,2,dare,0.87175,0.9576700466903104,0.0949945747852325,0.4260804653167724,0.3027656717704224,2.584960341453552,2.0,0.8761829522217952,0.7306214634560773,1.0,0.2,0.9,1.0
vit_tiny_patch16_224,mix75,1,mix75_0+mix75_4,2,dare,0.8705,0.9563173734180844,0.0949945747852325,0.4260804653167724,0.3027656717704224,2.584960341453552,2.0,0.8761829522217952,0.7306214634560773,1.0,0.2,0.9,2.0
vit_tiny_patch16_224,mix75,1,mix75_1+mix75_2,2,averaging,0.92575,0.981821246829892,0.093508243560791,0.4272800385951996,0.2900303757665332,2.5677117109298706,2.0,0.8745304696091178,0.7385881376053218,,,,
vit_tiny_patch16_224,mix75,1,mix75_1+mix75_2,2,task_arithmetic,0.8835,0.9368298274567124,0.093508243560791,0.4272800385951996,0.2900303757665332,2.5677117109298706,2.0,0.8745304696091178,0.7385881376053218,0.1,,,
vit_tiny_patch16_224,mix75,1,mix75_1+mix75_2,2,task_arithmetic,0.90875,0.9637520186195244,0.093508243560791,0.4272800385951996,0.2900303757665332,2.5677117109298706,2.0,0.8745304696091178,0.7385881376053218,0.2,,,
vit_tiny_patch16_224,mix75,1,mix75_1+mix75_2,2,task_arithmetic,0.91875,0.974358646299617,0.093508243560791,0.4272800385951996,0.2900303757665332,2.5677117109298706,2.0,0.8745304696091178,0.7385881376053218,0.3,,,
vit_tiny_patch16_224,mix75,1,mix75_1+mix75_2,2,task_arithmetic,0.92575,0.981821246829892,0.093508243560791,0.4272800385951996,0.2900303757665332,2.5677117109298706,2.0,0.8745304696091178,0.7385881376053218,0.5,,,
vit_tiny_patch16_224,mix75,1,mix75_1+mix75_2,2,task_arithmetic,0.9025,0.9571646335890978,0.093508243560791,0.4272800385951996,0.2900303757665332,2.5677117109298706,2.0,0.8745304696091178,0.7385881376053218,1.0,,,
vit_tiny_patch16_224,mix75,1,mix75_1+mix75_2,2,ties,0.9165,0.9719455822636488,0.093508243560791,0.4272800385951996,0.2900303757665332,2.5677117109298706,2.0,0.8745304696091178,0.7385881376053218,0.5,0.2,,
vit_tiny_patch16_224,mix75,1,mix75_1+mix75_2,2,ties,0.928,0.9841356118649134,0.093508243560791,0.4272800385951996,0.2900303757665332,2.5677117109298706,2.0,0.8745304696091178,0.7385881376053218,1.0,0.2,,
vit_tiny_patch16_224,mix75,1,mix75_1+mix75_2,2,dare,0.89825,0.9526833896330056,0.093508243560791,0.4272800385951996,0.2900303757665332,2.5677117109298706,2.0,0.8745304696091178,0.7385881376053218,1.0,0.2,0.9,0.0
vit_tiny_patch16_224,mix75,1,mix75_1+mix75_2,2,dare,0.8907499999999999,0.9446600887953576,0.093508243560791,0.4272800385951996,0.2900303757665332,2.5677117109298706,2.0,0.8745304696091178,0.7385881376053218,1.0,0.2,0.9,1.0
vit_tiny_patch16_224,mix75,1,mix75_1+mix75_2,2,dare,0.89625,0.9506076174820396,0.093508243560791,0.4272800385951996,0.2900303757665332,2.5677117109298706,2.0,0.8745304696091178,0.7385881376053218,1.0,0.2,0.9,2.0
vit_tiny_patch16_224,mix75,1,mix75_1+mix75_3,2,averaging,0.92075,0.9786186971079808,0.0930561274290084,0.427593469619751,0.2961295414955359,2.5767624378204346,2.0,0.8576006513914045,0.727933955469172,,,,
vit_tiny_patch16_224,mix75,1,mix75_1+mix75_3,2,task_arithmetic,0.8674999999999999,0.921816589197666,0.0930561274290084,0.427593469619751,0.2961295414955359,2.5767624378204346,2.0,0.8576006513914045,0.727933955469172,0.1,,,
vit_tiny_patch16_224,mix75,1,mix75_1+mix75_3,2,task_arithmetic,0.899,0.9554434099546488,0.0930561274290084,0.427593469619751,0.2961295414955359,2.5767624378204346,2.0,0.8576006513914045,0.727933955469172,0.2,,,
vit_tiny_patch16_224,mix75,1,mix75_1+mix75_3,2,task_arithmetic,0.9085,0.9655445670448284,0.0930561274290084,0.427593469619751,0.2961295414955359,2.5767624378204346,2.0,0.8576006513914045,0.727933955469172,0.3,,,
vit_tiny_patch16_224,mix75,1,mix75_1+mix75_3,2,task_arithmetic,0.92075,0.9786186971079808,0.0930561274290084,0.427593469619751,0.2961295414955359,2.5767624378204346,2.0,0.8576006513914045,0.727933955469172,0.5,,,
vit_tiny_patch16_224,mix75,1,mix75_1+mix75_3,2,task_arithmetic,0.907,0.9639763495853406,0.0930561274290084,0.427593469619751,0.2961295414955359,2.5767624378204346,2.0,0.8576006513914045,0.727933955469172,1.0,,,
vit_tiny_patch16_224,mix75,1,mix75_1+mix75_3,2,ties,0.908,0.9649773244232208,0.0930561274290084,0.427593469619751,0.2961295414955359,2.5767624378204346,2.0,0.8576006513914045,0.727933955469172,0.5,0.2,,
vit_tiny_patch16_224,mix75,1,mix75_1+mix75_3,2,ties,0.922,0.9798988429098204,0.0930561274290084,0.427593469619751,0.2961295414955359,2.5767624378204346,2.0,0.8576006513914045,0.727933955469172,1.0,0.2,,
vit_tiny_patch16_224,mix75,1,mix75_1+mix75_3,2,dare,0.8995,0.9560462553510122,0.0930561274290084,0.427593469619751,0.2961295414955359,2.5767624378204346,2.0,0.8576006513914045,0.727933955469172,1.0,0.2,0.9,0.0
vit_tiny_patch16_224,mix75,1,mix75_1+mix75_3,2,dare,0.89625,0.9525327418374988,0.0930561274290084,0.427593469619751,0.2961295414955359,2.5767624378204346,2.0,0.8576006513914045,0.727933955469172,1.0,0.2,0.9,1.0
vit_tiny_patch16_224,mix75,1,mix75_1+mix75_3,2,dare,0.9015,0.9581016091889064,0.0930561274290084,0.427593469619751,0.2961295414955359,2.5767624378204346,2.0,0.8576006513914045,0.727933955469172,1.0,0.2,0.9,2.0
vit_tiny_patch16_224,mix75,1,mix75_1+mix75_4,2,averaging,0.9185,0.982478939506176,0.0997752249240875,0.4224788844585418,0.2943131638899185,2.568082332611084,2.0,0.8689412230322767,0.7254788162732897,,,,
vit_tiny_patch16_224,mix75,1,mix75_1+mix75_4,2,task_arithmetic,0.87575,0.9365175214896722,0.0997752249240875,0.4224788844585418,0.2943131638899185,2.568082332611084,2.0,0.8689412230322767,0.7254788162732897,0.1,,,
vit_tiny_patch16_224,mix75,1,mix75_1+mix75_4,2,task_arithmetic,0.89925,0.9617260234543072,0.0997752249240875,0.4224788844585418,0.2943131638899185,2.568082332611084,2.0,0.8689412230322767,0.7254788162732897,0.2,,,
vit_tiny_patch16_224,mix75,1,mix75_1+mix75_4,2,task_arithmetic,0.9105,0.9737706259508088,0.0997752249240875,0.4224788844585418,0.2943131638899185,2.568082332611084,2.0,0.8689412230322767,0.7254788162732897,0.3,,,
vit_tiny_patch16_224,mix75,1,mix75_1+mix75_4,2,task_arithmetic,0.9185,0.982478939506176,0.0997752249240875,0.4224788844585418,0.2943131638899185,2.568082332611084,2.0,0.8689412230322767,0.7254788162732897,0.5,,,
vit_tiny_patch16_224,mix75,1,mix75_1+mix75_4,2,task_arithmetic,0.89,0.9519323180119544,0.0997752249240875,0.4224788844585418,0.2943131638899185,2.568082332611084,2.0,0.8689412230322767,0.7254788162732897,1.0,,,
vit_tiny_patch16_224,mix75,1,mix75_1+mix75_4,2,ties,0.90925,0.9724514749570178,0.0997752249240875,0.4224788844585418,0.2943131638899185,2.568082332611084,2.0,0.8689412230322767,0.7254788162732897,0.5,0.2,,
vit_tiny_patch16_224,mix75,1,mix75_1+mix75_4,2,ties,0.91725,0.9810490605144244,0.0997752249240875,0.4224788844585418,0.2943131638899185,2.568082332611084,2.0,0.8689412230322767,0.7254788162732897,1.0,0.2,,
vit_tiny_patch16_224,mix75,1,mix75_1+mix75_4,2,dare,0.87575,0.9366774619311706,0.0997752249240875,0.4224788844585418,0.2943131638899185,2.568082332611084,2.0,0.8689412230322767,0.7254788162732897,1.0,0.2,0.9,0.0
vit_tiny_patch16_224,mix75,1,mix75_1+mix75_4,2,dare,0.88075,0.9420770970151796,0.0997752249240875,0.4224788844585418,0.2943131638899185,2.568082332611084,2.0,0.8689412230322767,0.7254788162732897,1.0,0.2,0.9,1.0
vit_tiny_patch16_224,mix75,1,mix75_1+mix75_4,2,dare,0.87325,0.9340760692762422,0.0997752249240875,0.4224788844585418,0.2943131638899185,2.568082332611084,2.0,0.8689412230322767,0.7254788162732897,1.0,0.2,0.9,2.0
vit_tiny_patch16_224,mix75,1,mix75_2+mix75_3,2,averaging,0.90725,0.978401930709623,0.0932395160198211,0.4274293482303619,0.2977038785887437,2.5868765115737915,2.0,0.8744407978828462,0.7396912377254319,,,,
vit_tiny_patch16_224,mix75,1,mix75_2+mix75_3,2,task_arithmetic,0.849,0.9155755055755056,0.0932395160198211,0.4274293482303619,0.2977038785887437,2.5868765115737915,2.0,0.8744407978828462,0.7396912377254319,0.1,,,
vit_tiny_patch16_224,mix75,1,mix75_2+mix75_3,2,task_arithmetic,0.88425,0.9536064143756452,0.0932395160198211,0.4274293482303619,0.2977038785887437,2.5868765115737915,2.0,0.8744407978828462,0.7396912377254319,0.2,,,
vit_tiny_patch16_224,mix75,1,mix75_2+mix75_3,2,task_arithmetic,0.8999999999999999,0.9705928790544176,0.0932395160198211,0.4274293482303619,0.2977038785887437,2.5868765115737915,2.0,0.8744407978828462,0.7396912377254319,0.3,,,
vit_tiny_patch16_224,mix75,1,mix75_2+mix75_3,2,task_arithmetic,0.90725,0.978401930709623,0.0932395160198211,0.4274293482303619,0.2977038785887437,2.5868765115737915,2.0,0.8744407978828462,0.7396912377254319,0.5,,,
vit_tiny_patch16_224,mix75,1,mix75_2+mix75_3,2,task_arithmetic,0.877,0.9457620342235726,0.0932395160198211,0.4274293482303619,0.2977038785887437,2.5868765115737915,2.0,0.8744407978828462,0.7396912377254319,1.0,,,
vit_tiny_patch16_224,mix75,1,mix75_2+mix75_3,2,ties,0.89425,0.9643858220781296,0.0932395160198211,0.4274293482303619,0.2977038785887437,2.5868765115737915,2.0,0.8744407978828462,0.7396912377254319,0.5,0.2,,
vit_tiny_patch16_224,mix75,1,mix75_2+mix75_3,2,ties,0.9085,0.9797519735981276,0.0932395160198211,0.4274293482303619,0.2977038785887437,2.5868765115737915,2.0,0.8744407978828462,0.7396912377254319,1.0,0.2,,
vit_tiny_patch16_224,mix75,1,mix75_2+mix75_3,2,dare,0.87,0.9382219443757904,0.0932395160198211,0.4274293482303619,0.2977038785887437,2.5868765115737915,2.0,0.8744407978828462,0.7396912377254319,1.0,0.2,0.9,0.0
vit_tiny_patch16_224,mix75,1,mix75_2+mix75_3,2,dare,0.8625,0.9301151447305294,0.0932395160198211,0.4274293482303619,0.2977038785887437,2.5868765115737915,2.0,0.8744407978828462,0.7396912377254319,1.0,0.2,0.9,1.0
vit_tiny_patch16_224,mix75,1,mix75_2+mix75_3,2,dare,0.8654999999999999,0.933351845659538,0.0932395160198211,0.4274293482303619,0.2977038785887437,2.5868765115737915,2.0,0.8744407978828462,0.7396912377254319,1.0,0.2,0.9,2.0
vit_tiny_patch16_224,mix75,1,mix75_2+mix75_4,2,averaging,0.9075,0.9847355709424674,0.0964755490422248,0.4250958561897278,0.3065064676138936,2.578196406364441,2.0,0.8779540138123085,0.7372360985295496,,,,
vit_tiny_patch16_224,mix75,1,mix75_2+mix75_4,2,task_arithmetic,0.8585,0.9316233427639264,0.0964755490422248,0.4250958561897278,0.3065064676138936,2.578196406364441,2.0,0.8779540138123085,0.7372360985295496,0.1,,,
vit_tiny_patch16_224,mix75,1,mix75_2+mix75_4,2,task_arithmetic,0.88725,0.9627989163798184,0.0964755490422248,0.4250958561897278,0.3065064676138936,2.578196406364441,2.0,0.8779540138123085,0.7372360985295496,0.2,,,
vit_tiny_patch16_224,mix75,1,mix75_2+mix75_4,2,task_arithmetic,0.8955,0.9717264757052556,0.0964755490422248,0.4250958561897278,0.3065064676138936,2.578196406364441,2.0,0.8779540138123085,0.7372360985295496,0.3,,,
vit_tiny_patch16_224,mix75,1,mix75_2+mix75_4,2,task_arithmetic,0.9075,0.9847355709424674,0.0964755490422248,0.4250958561897278,0.3065064676138936,2.578196406364441,2.0,0.8779540138123085,0.7372360985295496,0.5,,,
vit_tiny_patch16_224,mix75,1,mix75_2+mix75_4,2,task_arithmetic,0.888,0.9635728256417913,0.0964755490422248,0.4250958561897278,0.3065064676138936,2.578196406364441,2.0,0.8779540138123085,0.7372360985295496,1.0,,,
vit_tiny_patch16_224,mix75,1,mix75_2+mix75_4,2,ties,0.8925,0.9684706687359208,0.0964755490422248,0.4250958561897278,0.3065064676138936,2.578196406364441,2.0,0.8779540138123085,0.7372360985295496,0.5,0.2,,
vit_tiny_patch16_224,mix75,1,mix75_2+mix75_4,2,ties,0.91175,0.9893597413491312,0.0964755490422248,0.4250958561897278,0.3065064676138936,2.578196406364441,2.0,0.8779540138123085,0.7372360985295496,1.0,0.2,,
vit_tiny_patch16_224,mix75,1,mix75_2+mix75_4,2,dare,0.8785000000000001,0.95326748111894,0.0964755490422248,0.4250958561897278,0.3065064676138936,2.578196406364441,2.0,0.8779540138123085,0.7372360985295496,1.0,0.2,0.9,0.0
vit_tiny_patch16_224,mix75,1,mix75_2+mix75_4,2,dare,0.8765000000000001,0.9510404125788742,0.0964755490422248,0.4250958561897278,0.3065064676138936,2.578196406364441,2.0,0.8779540138123085,0.7372360985295496,1.0,0.2,0.9,1.0
vit_tiny_patch16_224,mix75,1,mix75_2+mix75_4,2,dare,0.881,0.9560089188736404,0.0964755490422248,0.4250958561897278,0.3065064676138936,2.578196406364441,2.0,0.8779540138123085,0.7372360985295496,1.0,0.2,0.9,2.0
vit_tiny_patch16_224,mix75,1,mix75_3+mix75_4,2,averaging,0.89975,0.9788100415686622,0.1035858541727066,0.4195232093334198,0.3127757243816793,2.587247133255005,2.0,0.8770322605455965,0.7265819163933999,,,,
vit_tiny_patch16_224,mix75,1,mix75_3+mix75_4,2,task_arithmetic,0.8485,0.923112028284442,0.1035858541727066,0.4195232093334198,0.3127757243816793,2.587247133255005,2.0,0.8770322605455965,0.7265819163933999,0.1,,,
vit_tiny_patch16_224,mix75,1,mix75_3+mix75_4,2,task_arithmetic,0.87775,0.9548765514282757,0.1035858541727066,0.4195232093334198,0.3127757243816793,2.587247133255005,2.0,0.8770322605455965,0.7265819163933999,0.2,,,
vit_tiny_patch16_224,mix75,1,mix75_3+mix75_4,2,task_arithmetic,0.89025,0.9684717229544816,0.1035858541727066,0.4195232093334198,0.3127757243816793,2.587247133255005,2.0,0.8770322605455965,0.7265819163933999,0.3,,,
vit_tiny_patch16_224,mix75,1,mix75_3+mix75_4,2,task_arithmetic,0.89975,0.9788100415686622,0.1035858541727066,0.4195232093334198,0.3127757243816793,2.587247133255005,2.0,0.8770322605455965,0.7265819163933999,0.5,,,
vit_tiny_patch16_224,mix75,1,mix75_3+mix75_4,2,task_arithmetic,0.8712500000000001,0.947866536487226,0.1035858541727066,0.4195232093334198,0.3127757243816793,2.587247133255005,2.0,0.8770322605455965,0.7265819163933999,1.0,,,
vit_tiny_patch16_224,mix75,1,mix75_3+mix75_4,2,ties,0.8855,0.9633161733161733,0.1035858541727066,0.4195232093334198,0.3127757243816793,2.587247133255005,2.0,0.8770322605455965,0.7265819163933999,0.5,0.2,,
vit_tiny_patch16_224,mix75,1,mix75_3+mix75_4,2,ties,0.89975,0.9788236512374444,0.1035858541727066,0.4195232093334198,0.3127757243816793,2.587247133255005,2.0,0.8770322605455965,0.7265819163933999,1.0,0.2,,
vit_tiny_patch16_224,mix75,1,mix75_3+mix75_4,2,dare,0.8554999999999999,0.9307714611162888,0.1035858541727066,0.4195232093334198,0.3127757243816793,2.587247133255005,2.0,0.8770322605455965,0.7265819163933999,1.0,0.2,0.9,0.0
vit_tiny_patch16_224,mix75,1,mix75_3+mix75_4,2,dare,0.86675,0.9429574401988194,0.1035858541727066,0.4195232093334198,0.3127757243816793,2.587247133255005,2.0,0.8770322605455965,0.7265819163933999,1.0,0.2,0.9,1.0
vit_tiny_patch16_224,mix75,1,mix75_3+mix75_4,2,dare,0.8594999999999999,0.9350821757718308,0.1035858541727066,0.4195232093334198,0.3127757243816793,2.587247133255005,2.0,0.8770322605455965,0.7265819163933999,1.0,0.2,0.9,2.0
vit_tiny_patch16_224,mix75,1,mix75_0+mix75_1+mix75_2,3,averaging,0.908,0.9753483020690952,0.0940233021974563,0.4268389642238617,0.2948441500074784,2.575592358907064,3.0,0.8759306251678621,0.7380974749750936,,,,
vit_tiny_patch16_224,mix75,1,mix75_0+mix75_1+mix75_2,3,task_arithmetic,0.8765000000000001,0.941377354387592,0.0940233021974563,0.4268389642238617,0.2948441500074784,2.575592358907064,3.0,0.8759306251678621,0.7380974749750936,0.1,,,
vit_tiny_patch16_224,mix75,1,mix75_0+mix75_1+mix75_2,3,task_arithmetic,0.8983333333333334,0.9649607132508828,0.0940233021974563,0.4268389642238617,0.2948441500074784,2.575592358907064,3.0,0.8759306251678621,0.7380974749750936,0.2,,,
vit_tiny_patch16_224,mix75,1,mix75_0+mix75_1+mix75_2,3,task_arithmetic,0.9073333333333332,0.9746278492557284,0.0940233021974563,0.4268389642238617,0.2948441500074784,2.575592358907064,3.0,0.8759306251678621,0.7380974749750936,0.3,,,
vit_tiny_patch16_224,mix75,1,mix75_0+mix75_1+mix75_2,3,task_arithmetic,0.902,0.9689564100847696,0.0940233021974563,0.4268389642238617,0.2948441500074784,2.575592358907064,3.0,0.8759306251678621,0.7380974749750936,0.5,,,
vit_tiny_patch16_224,mix75,1,mix75_0+mix75_1+mix75_2,3,task_arithmetic,0.8031666666666667,0.862775440394557,0.0940233021974563,0.4268389642238617,0.2948441500074784,2.575592358907064,3.0,0.8759306251678621,0.7380974749750936,1.0,,,
vit_tiny_patch16_224,mix75,1,mix75_0+mix75_1+mix75_2,3,ties,0.9043333333333332,0.971419940128786,0.0940233021974563,0.4268389642238617,0.2948441500074784,2.575592358907064,3.0,0.8759306251678621,0.7380974749750936,0.5,0.2,,
vit_tiny_patch16_224,mix75,1,mix75_0+mix75_1+mix75_2,3,ties,0.908,0.9753585794365832,0.0940233021974563,0.4268389642238617,0.2948441500074784,2.575592358907064,3.0,0.8759306251678621,0.7380974749750936,1.0,0.2,,
vit_tiny_patch16_224,mix75,1,mix75_0+mix75_1+mix75_2,3,dare,0.8036666666666666,0.8634198096342245,0.0940233021974563,0.4268389642238617,0.2948441500074784,2.575592358907064,3.0,0.8759306251678621,0.7380974749750936,1.0,0.2,0.9,0.0
vit_tiny_patch16_224,mix75,1,mix75_0+mix75_1+mix75_2,3,dare,0.8008333333333333,0.8600444151219077,0.0940233021974563,0.4268389642238617,0.2948441500074784,2.575592358907064,3.0,0.8759306251678621,0.7380974749750936,1.0,0.2,0.9,1.0
vit_tiny_patch16_224,mix75,1,mix75_0+mix75_1+mix75_2,3,dare,0.7978333333333333,0.8570894301486884,0.0940233021974563,0.4268389642238617,0.2948441500074784,2.575592358907064,3.0,0.8759306251678621,0.7380974749750936,1.0,0.2,0.9,2.0
vit_tiny_patch16_224,mix75,1,mix75_0+mix75_1+mix75_3,3,averaging,0.9005,0.9687462343084208,0.0944927458961804,0.4264769554138183,0.3016556521897135,2.5816261768341064,3.0,0.8699518143823902,0.730994686884327,,,,
vit_tiny_patch16_224,mix75,1,mix75_0+mix75_1+mix75_3,3,task_arithmetic,0.8698333333333332,0.9357026895507586,0.0944927458961804,0.4264769554138183,0.3016556521897135,2.5816261768341064,3.0,0.8699518143823902,0.730994686884327,0.1,,,
vit_tiny_patch16_224,mix75,1,mix75_0+mix75_1+mix75_3,3,task_arithmetic,0.8923333333333333,0.9599623626978964,0.0944927458961804,0.4264769554138183,0.3016556521897135,2.5816261768341064,3.0,0.8699518143823902,0.730994686884327,0.2,,,
vit_tiny_patch16_224,mix75,1,mix75_0+mix75_1+mix75_3,3,task_arithmetic,0.9,0.9682318645270214,0.0944927458961804,0.4264769554138183,0.3016556521897135,2.5816261768341064,3.0,0.8699518143823902,0.730994686884327,0.3,,,
vit_tiny_patch16_224,mix75,1,mix75_0+mix75_1+mix75_3,3,task_arithmetic,0.8981666666666667,0.9661439817204904,0.0944927458961804,0.4264769554138183,0.3016556521897135,2.5816261768341064,3.0,0.8699518143823902,0.730994686884327,0.5,,,
vit_tiny_patch16_224,mix75,1,mix75_0+mix75_1+mix75_3,3,task_arithmetic,0.81,0.871109323076707,0.0944927458961804,0.4264769554138183,0.3016556521897135,2.5816261768341064,3.0,0.8699518143823902,0.730994686884327,1.0,,,
vit_tiny_patch16_224,mix75,1,mix75_0+mix75_1+mix75_3,3,ties,0.8986666666666667,0.9667999326732616,0.0944927458961804,0.4264769554138183,0.3016556521897135,2.5816261768341064,3.0,0.8699518143823902,0.730994686884327,0.5,0.2,,
vit_tiny_patch16_224,mix75,1,mix75_0+mix75_1+mix75_3,3,ties,0.903,0.9713861008333748,0.0944927458961804,0.4264769554138183,0.3016556521897135,2.5816261768341064,3.0,0.8699518143823902,0.730994686884327,1.0,0.2,,
vit_tiny_patch16_224,mix75,1,mix75_0+mix75_1+mix75_3,3,dare,0.8121666666666667,0.8734804268982937,0.0944927458961804,0.4264769554138183,0.3016556521897135,2.5816261768341064,3.0,0.8699518143823902,0.730994686884327,1.0,0.2,0.9,0.0
vit_tiny_patch16_224,mix75,1,mix75_0+mix75_1+mix75_3,3,dare,0.8086666666666668,0.8696274852806355,0.0944927458961804,0.4264769554138183,0.3016556521897135,2.5816261768341064,3.0,0.8699518143823902,0.730994686884327,1.0,0.2,0.9,1.0
vit_tiny_patch16_224,mix75,1,mix75_0+mix75_1+mix75_3,3,dare,0.7978333333333333,0.8579710703025617,0.0944927458961804,0.4264769554138183,0.3016556521897135,2.5816261768341064,3.0,0.8699518143823902,0.730994686884327,1.0,0.2,0.9,2.0
vit_tiny_patch16_224,mix75,1,mix75_0+mix75_1+mix75_4,3,averaging,0.901,0.9733335605733254,0.097340370217959,0.424311101436615,0.3001441843397002,2.575839440027873,3.0,0.8754054544186222,0.7293579274204055,,,,
vit_tiny_patch16_224,mix75,1,mix75_0+mix75_1+mix75_4,3,task_arithmetic,0.8726666666666666,0.9426607431549991,0.097340370217959,0.424311101436615,0.3001441843397002,2.575839440027873,3.0,0.8754054544186222,0.7293579274204055,0.1,,,
vit_tiny_patch16_224,mix75,1,mix75_0+mix75_1+mix75_4,3,task_arithmetic,0.89,0.9614580252997924,0.097340370217959,0.424311101436615,0.3001441843397002,2.575839440027873,3.0,0.8754054544186222,0.7293579274204055,0.2,,,
vit_tiny_patch16_224,mix75,1,mix75_0+mix75_1+mix75_4,3,task_arithmetic,0.8995000000000001,0.9717226682390926,0.097340370217959,0.424311101436615,0.3001441843397002,2.575839440027873,3.0,0.8754054544186222,0.7293579274204055,0.3,,,
vit_tiny_patch16_224,mix75,1,mix75_0+mix75_1+mix75_4,3,task_arithmetic,0.896,0.968017610733677,0.097340370217959,0.424311101436615,0.3001441843397002,2.575839440027873,3.0,0.8754054544186222,0.7293579274204055,0.5,,,
vit_tiny_patch16_224,mix75,1,mix75_0+mix75_1+mix75_4,3,task_arithmetic,0.8016666666666667,0.8660188383467728,0.097340370217959,0.424311101436615,0.3001441843397002,2.575839440027873,3.0,0.8754054544186222,0.7293579274204055,1.0,,,
vit_tiny_patch16_224,mix75,1,mix75_0+mix75_1+mix75_4,3,ties,0.9003333333333333,0.9726457276320852,0.097340370217959,0.424311101436615,0.3001441843397002,2.575839440027873,3.0,0.8754054544186222,0.7293579274204055,0.5,0.2,,
vit_tiny_patch16_224,mix75,1,mix75_0+mix75_1+mix75_4,3,ties,0.9015,0.9739090777199304,0.097340370217959,0.424311101436615,0.3001441843397002,2.575839440027873,3.0,0.8754054544186222,0.7293579274204055,1.0,0.2,,
vit_tiny_patch16_224,mix75,1,mix75_0+mix75_1+mix75_4,3,dare,0.8055,0.8702940811565284,0.097340370217959,0.424311101436615,0.3001441843397002,2.575839440027873,3.0,0.8754054544186222,0.7293579274204055,1.0,0.2,0.9,0.0
vit_tiny_patch16_224,mix75,1,mix75_0+mix75_1+mix75_4,3,dare,0.7998333333333333,0.8638855451862516,0.097340370217959,0.424311101436615,0.3001441843397002,2.575839440027873,3.0,0.8754054544186222,0.7293579274204055,1.0,0.2,0.9,1.0
vit_tiny_patch16_224,mix75,1,mix75_0+mix75_1+mix75_4,3,dare,0.786,0.8491312700828474,0.097340370217959,0.424311101436615,0.3001441843397002,2.575839440027873,3.0,0.8754054544186222,0.7293579274204055,1.0,0.2,0.9,2.0
vit_tiny_patch16_224,mix75,1,mix75_0+mix75_2+mix75_3,3,averaging,0.8935,0.9706909852359772,0.0925735558072726,0.4279185632864634,0.2981119777335769,2.5883688926696777,3.0,0.872590873176497,0.7388328750551669,,,,
vit_tiny_patch16_224,mix75,1,mix75_0+mix75_2+mix75_3,3,task_arithmetic,0.8576666666666667,0.931732824827558,0.0925735558072726,0.4279185632864634,0.2981119777335769,2.5883688926696777,3.0,0.872590873176497,0.7388328750551669,0.1,,,
vit_tiny_patch16_224,mix75,1,mix75_0+mix75_2+mix75_3,3,task_arithmetic,0.8853333333333332,0.9617983182311908,0.0925735558072726,0.4279185632864634,0.2981119777335769,2.5883688926696777,3.0,0.872590873176497,0.7388328750551669,0.2,,,
vit_tiny_patch16_224,mix75,1,mix75_0+mix75_2+mix75_3,3,task_arithmetic,0.8931666666666667,0.9703180663251904,0.0925735558072726,0.4279185632864634,0.2981119777335769,2.5883688926696777,3.0,0.872590873176497,0.7388328750551669,0.3,,,
vit_tiny_patch16_224,mix75,1,mix75_0+mix75_2+mix75_3,3,task_arithmetic,0.8871666666666668,0.9638491125676266,0.0925735558072726,0.4279185632864634,0.2981119777335769,2.5883688926696777,3.0,0.872590873176497,0.7388328750551669,0.5,,,
vit_tiny_patch16_224,mix75,1,mix75_0+mix75_2+mix75_3,3,task_arithmetic,0.7928333333333333,0.8612996520281738,0.0925735558072726,0.4279185632864634,0.2981119777335769,2.5883688926696777,3.0,0.872590873176497,0.7388328750551669,1.0,,,
vit_tiny_patch16_224,mix75,1,mix75_0+mix75_2+mix75_3,3,ties,0.8918333333333334,0.9688640663333224,0.0925735558072726,0.4279185632864634,0.2981119777335769,2.5883688926696777,3.0,0.872590873176497,0.7388328750551669,0.5,0.2,,
vit_tiny_patch16_224,mix75,1,mix75_0+mix75_2+mix75_3,3,ties,0.8948333333333333,0.97214594409404,0.0925735558072726,0.4279185632864634,0.2981119777335769,2.5883688926696777,3.0,0.872590873176497,0.7388328750551669,1.0,0.2,,
vit_tiny_patch16_224,mix75,1,mix75_0+mix75_2+mix75_3,3,dare,0.7919999999999999,0.8604256994028855,0.0925735558072726,0.4279185632864634,0.2981119777335769,2.5883688926696777,3.0,0.872590873176497,0.7388328750551669,1.0,0.2,0.9,0.0
vit_tiny_patch16_224,mix75,1,mix75_0+mix75_2+mix75_3,3,dare,0.7875,0.8554633292908248,0.0925735558072726,0.4279185632864634,0.2981119777335769,2.5883688926696777,3.0,0.872590873176497,0.7388328750551669,1.0,0.2,0.9,1.0
vit_tiny_patch16_224,mix75,1,mix75_0+mix75_2+mix75_3,3,dare,0.7831666666666667,0.8508756305075531,0.0925735558072726,0.4279185632864634,0.2981119777335769,2.5883688926696777,3.0,0.872590873176497,0.7388328750551669,1.0,0.2,0.9,2.0
vit_tiny_patch16_224,mix75,1,mix75_0+mix75_2+mix75_4,3,averaging,0.8976666666666667,0.9792611107640982,0.0942601586381594,0.4266797403494517,0.3001401654271527,2.582582155863444,3.0,0.8754353946422592,0.7371961155912454,,,,
vit_tiny_patch16_224,mix75,1,mix75_0+mix75_2+mix75_4,3,task_arithmetic,0.8620000000000001,0.940352006128358,0.0942601586381594,0.4266797403494517,0.3001401654271527,2.582582155863444,3.0,0.8754353946422592,0.7371961155912454,0.1,,,
vit_tiny_patch16_224,mix75,1,mix75_0+mix75_2+mix75_4,3,task_arithmetic,0.8866666666666667,0.967254084505992,0.0942601586381594,0.4266797403494517,0.3001401654271527,2.582582155863444,3.0,0.8754353946422592,0.7371961155912454,0.2,,,
vit_tiny_patch16_224,mix75,1,mix75_0+mix75_2+mix75_4,3,task_arithmetic,0.8959999999999999,0.9774371517401708,0.0942601586381594,0.4266797403494517,0.3001401654271527,2.582582155863444,3.0,0.8754353946422592,0.7371961155912454,0.3,,,
vit_tiny_patch16_224,mix75,1,mix75_0+mix75_2+mix75_4,3,task_arithmetic,0.8948333333333333,0.9761529494040264,0.0942601586381594,0.4266797403494517,0.3001401654271527,2.582582155863444,3.0,0.8754353946422592,0.7371961155912454,0.5,,,
vit_tiny_patch16_224,mix75,1,mix75_0+mix75_2+mix75_4,3,task_arithmetic,0.8099999999999999,0.8836281484809438,0.0942601586381594,0.4266797403494517,0.3001401654271527,2.582582155863444,3.0,0.8754353946422592,0.7371961155912454,1.0,,,
vit_tiny_patch16_224,mix75,1,mix75_0+mix75_2+mix75_4,3,ties,0.8916666666666666,0.9727068488938296,0.0942601586381594,0.4266797403494517,0.3001401654271527,2.582582155863444,3.0,0.8754353946422592,0.7371961155912454,0.5,0.2,,
vit_tiny_patch16_224,mix75,1,mix75_0+mix75_2+mix75_4,3,ties,0.9021666666666668,0.98416129972197,0.0942601586381594,0.4266797403494517,0.3001401654271527,2.582582155863444,3.0,0.8754353946422592,0.7371961155912454,1.0,0.2,,
vit_tiny_patch16_224,mix75,1,mix75_0+mix75_2+mix75_4,3,dare,0.8078333333333334,0.8812931980719219,0.0942601586381594,0.4266797403494517,0.3001401654271527,2.582582155863444,3.0,0.8754353946422592,0.7371961155912454,1.0,0.2,0.9,0.0
vit_tiny_patch16_224,mix75,1,mix75_0+mix75_2+mix75_4,3,dare,0.8085,0.882034528670332,0.0942601586381594,0.4266797403494517,0.3001401654271527,2.582582155863444,3.0,0.8754353946422592,0.7371961155912454,1.0,0.2,0.9,1.0
vit_tiny_patch16_224,mix75,1,mix75_0+mix75_2+mix75_4,3,dare,0.8079999999999999,0.8815201530715117,0.0942601586381594,0.4266797403494517,0.3001401654271527,2.582582155863444,3.0,0.8754353946422592,0.7371961155912454,1.0,0.2,0.9,2.0
vit_tiny_patch16_224,mix75,1,mix75_0+mix75_3+mix75_4,3,averaging,0.8868333333333333,0.9690550176182994,0.0972504094243049,0.4243557055791219,0.3070083646223155,2.588615973790487,3.0,0.874792605507121,0.730093327500479,,,,
vit_tiny_patch16_224,mix75,1,mix75_0+mix75_3+mix75_4,3,task_arithmetic,0.8568333333333333,0.9363105811967158,0.0972504094243049,0.4243557055791219,0.3070083646223155,2.588615973790487,3.0,0.874792605507121,0.730093327500479,0.1,,,
vit_tiny_patch16_224,mix75,1,mix75_0+mix75_3+mix75_4,3,task_arithmetic,0.8791666666666668,0.9606989482516988,0.0972504094243049,0.4243557055791219,0.3070083646223155,2.588615973790487,3.0,0.874792605507121,0.730093327500479,0.2,,,
vit_tiny_patch16_224,mix75,1,mix75_0+mix75_3+mix75_4,3,task_arithmetic,0.8873333333333333,0.9695981731863568,0.0972504094243049,0.4243557055791219,0.3070083646223155,2.588615973790487,3.0,0.874792605507121,0.730093327500479,0.3,,,
vit_tiny_patch16_224,mix75,1,mix75_0+mix75_3+mix75_4,3,task_arithmetic,0.882,0.963820639796764,0.0972504094243049,0.4243557055791219,0.3070083646223155,2.588615973790487,3.0,0.874792605507121,0.730093327500479,0.5,,,
vit_tiny_patch16_224,mix75,1,mix75_0+mix75_3+mix75_4,3,task_arithmetic,0.7908333333333334,0.8642078296870527,0.0972504094243049,0.4243557055791219,0.3070083646223155,2.588615973790487,3.0,0.874792605507121,0.730093327500479,1.0,,,
vit_tiny_patch16_224,mix75,1,mix75_0+mix75_3+mix75_4,3,ties,0.8848333333333334,0.9668769775092249,0.0972504094243049,0.4243557055791219,0.3070083646223155,2.588615973790487,3.0,0.874792605507121,0.730093327500479,0.5,0.2,,
vit_tiny_patch16_224,mix75,1,mix75_0+mix75_3+mix75_4,3,ties,0.8858333333333333,0.9679901612335176,0.0972504094243049,0.4243557055791219,0.3070083646223155,2.588615973790487,3.0,0.874792605507121,0.730093327500479,1.0,0.2,,
vit_tiny_patch16_224,mix75,1,mix75_0+mix75_3+mix75_4,3,dare,0.7949999999999999,0.8688192611988376,0.0972504094243049,0.4243557055791219,0.3070083646223155,2.588615973790487,3.0,0.874792605507121,0.730093327500479,1.0,0.2,0.9,0.0
vit_tiny_patch16_224,mix75,1,mix75_0+mix75_3+mix75_4,3,dare,0.7893333333333333,0.8625661403116446,0.0972504094243049,0.4243557055791219,0.3070083646223155,2.588615973790487,3.0,0.874792605507121,0.730093327500479,1.0,0.2,0.9,1.0
vit_tiny_patch16_224,mix75,1,mix75_0+mix75_3+mix75_4,3,dare,0.785,0.8578566923493357,0.0972504094243049,0.4243557055791219,0.3070083646223155,2.588615973790487,3.0,0.874792605507121,0.730093327500479,1.0,0.2,0.9,2.0
vit_tiny_patch16_224,mix75,1,mix75_1+mix75_2+mix75_3,3,averaging,0.9088333333333334,0.9698683917816172,0.0932679623365402,0.4274342854817708,0.2946212652836043,2.5771168867746987,3.0,0.8688573062944562,0.7354044435999753,,,,
vit_tiny_patch16_224,mix75,1,mix75_1+mix75_2+mix75_3,3,task_arithmetic,0.8766666666666666,0.9354656805491176,0.0932679623365402,0.4274342854817708,0.2946212652836043,2.5771168867746987,3.0,0.8688573062944562,0.7354044435999753,0.1,,,
vit_tiny_patch16_224,mix75,1,mix75_1+mix75_2+mix75_3,3,task_arithmetic,0.9026666666666668,0.9633451808866984,0.0932679623365402,0.4274342854817708,0.2946212652836043,2.5771168867746987,3.0,0.8688573062944562,0.7354044435999753,0.2,,,
vit_tiny_patch16_224,mix75,1,mix75_1+mix75_2+mix75_3,3,task_arithmetic,0.9076666666666666,0.9686275488334276,0.0932679623365402,0.4274342854817708,0.2946212652836043,2.5771168867746987,3.0,0.8688573062944562,0.7354044435999753,0.3,,,
vit_tiny_patch16_224,mix75,1,mix75_1+mix75_2+mix75_3,3,task_arithmetic,0.9041666666666668,0.9648500435737558,0.0932679623365402,0.4274342854817708,0.2946212652836043,2.5771168867746987,3.0,0.8688573062944562,0.7354044435999753,0.5,,,
vit_tiny_patch16_224,mix75,1,mix75_1+mix75_2+mix75_3,3,task_arithmetic,0.8126666666666665,0.8673878243269856,0.0932679623365402,0.4274342854817708,0.2946212652836043,2.5771168867746987,3.0,0.8688573062944562,0.7354044435999753,1.0,,,
vit_tiny_patch16_224,mix75,1,mix75_1+mix75_2+mix75_3,3,ties,0.906,0.96685367139346,0.0932679623365402,0.4274342854817708,0.2946212652836043,2.5771168867746987,3.0,0.8688573062944562,0.7354044435999753,0.5,0.2,,
vit_tiny_patch16_224,mix75,1,mix75_1+mix75_2+mix75_3,3,ties,0.9123333333333332,0.9735818423244536,0.0932679623365402,0.4274342854817708,0.2946212652836043,2.5771168867746987,3.0,0.8688573062944562,0.7354044435999753,1.0,0.2,,
vit_tiny_patch16_224,mix75,1,mix75_1+mix75_2+mix75_3,3,dare,0.8068333333333334,0.8610672058675597,0.0932679623365402,0.4274342854817708,0.2946212652836043,2.5771168867746987,3.0,0.8688573062944562,0.7354044435999753,1.0,0.2,0.9,0.0
vit_tiny_patch16_224,mix75,1,mix75_1+mix75_2+mix75_3,3,dare,0.8063333333333333,0.86040920644805,0.0932679623365402,0.4274342854817708,0.2946212652836043,2.5771168867746987,3.0,0.8688573062944562,0.7354044435999753,1.0,0.2,0.9,1.0
vit_tiny_patch16_224,mix75,1,mix75_1+mix75_2+mix75_3,3,dare,0.8019999999999999,0.8558925955146148,0.0932679623365402,0.4274342854817708,0.2946212652836043,2.5771168867746987,3.0,0.8688573062944562,0.7354044435999753,1.0,0.2,0.9,2.0
vit_tiny_patch16_224,mix75,1,mix75_1+mix75_2+mix75_4,3,averaging,0.907,0.9719161081735452,0.0965863391757011,0.4249515930811564,0.2969500024234484,2.5713301499684653,3.0,0.873808568817901,0.7337676841360538,,,,
vit_tiny_patch16_224,mix75,1,mix75_1+mix75_2+mix75_4,3,task_arithmetic,0.8838333333333334,0.9471005559072548,0.0965863391757011,0.4249515930811564,0.2969500024234484,2.5713301499684653,3.0,0.873808568817901,0.7337676841360538,0.1,,,
vit_tiny_patch16_224,mix75,1,mix75_1+mix75_2+mix75_4,3,task_arithmetic,0.8983333333333334,0.9626467382654632,0.0965863391757011,0.4249515930811564,0.2969500024234484,2.5713301499684653,3.0,0.873808568817901,0.7337676841360538,0.2,,,
vit_tiny_patch16_224,mix75,1,mix75_1+mix75_2+mix75_4,3,task_arithmetic,0.908,0.9730177813111696,0.0965863391757011,0.4249515930811564,0.2969500024234484,2.5713301499684653,3.0,0.873808568817901,0.7337676841360538,0.3,,,
vit_tiny_patch16_224,mix75,1,mix75_1+mix75_2+mix75_4,3,task_arithmetic,0.9035,0.9682593734737313,0.0965863391757011,0.4249515930811564,0.2969500024234484,2.5713301499684653,3.0,0.873808568817901,0.7337676841360538,0.5,,,
vit_tiny_patch16_224,mix75,1,mix75_1+mix75_2+mix75_4,3,task_arithmetic,0.8015,0.8591251158316373,0.0965863391757011,0.4249515930811564,0.2969500024234484,2.5713301499684653,3.0,0.873808568817901,0.7337676841360538,1.0,,,
vit_tiny_patch16_224,mix75,1,mix75_1+mix75_2+mix75_4,3,ties,0.905,0.9698268897188476,0.0965863391757011,0.4249515930811564,0.2969500024234484,2.5713301499684653,3.0,0.873808568817901,0.7337676841360538,0.5,0.2,,
vit_tiny_patch16_224,mix75,1,mix75_1+mix75_2+mix75_4,3,ties,0.9101666666666668,0.9753775673942174,0.0965863391757011,0.4249515930811564,0.2969500024234484,2.5713301499684653,3.0,0.873808568817901,0.7337676841360538,1.0,0.2,,
vit_tiny_patch16_224,mix75,1,mix75_1+mix75_2+mix75_4,3,dare,0.7903333333333333,0.8471354231967432,0.0965863391757011,0.4249515930811564,0.2969500024234484,2.5713301499684653,3.0,0.873808568817901,0.7337676841360538,1.0,0.2,0.9,0.0
vit_tiny_patch16_224,mix75,1,mix75_1+mix75_2+mix75_4,3,dare,0.8039999999999999,0.8617915003568934,0.0965863391757011,0.4249515930811564,0.2969500024234484,2.5713301499684653,3.0,0.873808568817901,0.7337676841360538,1.0,0.2,0.9,1.0
vit_tiny_patch16_224,mix75,1,mix75_1+mix75_2+mix75_4,3,dare,0.7928333333333333,0.8499189231426153,0.0965863391757011,0.4249515930811564,0.2969500024234484,2.5713301499684653,3.0,0.873808568817901,0.7337676841360538,1.0,0.2,0.9,2.0
vit_tiny_patch16_224,mix75,1,mix75_1+mix75_3+mix75_4,3,averaging,0.905,0.97136491740634,0.0988057355086008,0.4231985211372375,0.3010728099223779,2.577363967895508,3.0,0.8678580449897592,0.7266648960452873,,,,
vit_tiny_patch16_224,mix75,1,mix75_1+mix75_3+mix75_4,3,task_arithmetic,0.8755000000000001,0.9396289006967306,0.0988057355086008,0.4231985211372375,0.3010728099223779,2.577363967895508,3.0,0.8678580449897592,0.7266648960452873,0.1,,,
vit_tiny_patch16_224,mix75,1,mix75_1+mix75_3+mix75_4,3,task_arithmetic,0.8913333333333333,0.9566028991506216,0.0988057355086008,0.4231985211372375,0.3010728099223779,2.577363967895508,3.0,0.8678580449897592,0.7266648960452873,0.2,,,
vit_tiny_patch16_224,mix75,1,mix75_1+mix75_3+mix75_4,3,task_arithmetic,0.9028333333333332,0.9690021605608244,0.0988057355086008,0.4231985211372375,0.3010728099223779,2.577363967895508,3.0,0.8678580449897592,0.7266648960452873,0.3,,,
vit_tiny_patch16_224,mix75,1,mix75_1+mix75_3+mix75_4,3,task_arithmetic,0.8986666666666666,0.964534656070608,0.0988057355086008,0.4231985211372375,0.3010728099223779,2.577363967895508,3.0,0.8678580449897592,0.7266648960452873,0.5,,,
vit_tiny_patch16_224,mix75,1,mix75_1+mix75_3+mix75_4,3,task_arithmetic,0.8058333333333333,0.8650836352615467,0.0988057355086008,0.4231985211372375,0.3010728099223779,2.577363967895508,3.0,0.8678580449897592,0.7266648960452873,1.0,,,
vit_tiny_patch16_224,mix75,1,mix75_1+mix75_3+mix75_4,3,ties,0.8959999999999999,0.9616090207409131,0.0988057355086008,0.4231985211372375,0.3010728099223779,2.577363967895508,3.0,0.8678580449897592,0.7266648960452873,0.5,0.2,,
vit_tiny_patch16_224,mix75,1,mix75_1+mix75_3+mix75_4,3,ties,0.9048333333333334,0.9711655385992498,0.0988057355086008,0.4231985211372375,0.3010728099223779,2.577363967895508,3.0,0.8678580449897592,0.7266648960452873,1.0,0.2,,
vit_tiny_patch16_224,mix75,1,mix75_1+mix75_3+mix75_4,3,dare,0.7975,0.8561730690284866,0.0988057355086008,0.4231985211372375,0.3010728099223779,2.577363967895508,3.0,0.8678580449897592,0.7266648960452873,1.0,0.2,0.9,0.0
vit_tiny_patch16_224,mix75,1,mix75_1+mix75_3+mix75_4,3,dare,0.8033333333333333,0.8622943752633535,0.0988057355086008,0.4231985211372375,0.3010728099223779,2.577363967895508,3.0,0.8678580449897592,0.7266648960452873,1.0,0.2,0.9,1.0
vit_tiny_patch16_224,mix75,1,mix75_1+mix75_3+mix75_4,3,dare,0.789,0.8470398971172265,0.0988057355086008,0.4231985211372375,0.3010728099223779,2.577363967895508,3.0,0.8678580449897592,0.7266648960452873,1.0,0.2,0.9,2.0
vit_tiny_patch16_224,mix75,1,mix75_2+mix75_3+mix75_4,3,averaging,0.89,0.964583828987012,0.0977669730782508,0.4240161379178365,0.3056620235281055,2.584106683731079,3.0,0.8764756907469171,0.7345030842161272,,,,
vit_tiny_patch16_224,mix75,1,mix75_2+mix75_3+mix75_4,3,task_arithmetic,0.8649999999999999,0.9375177120535212,0.0977669730782508,0.4240161379178365,0.3056620235281055,2.584106683731079,3.0,0.8764756907469171,0.7345030842161272,0.1,,,
vit_tiny_patch16_224,mix75,1,mix75_2+mix75_3+mix75_4,3,task_arithmetic,0.8875000000000001,0.9618554765504368,0.0977669730782508,0.4240161379178365,0.3056620235281055,2.584106683731079,3.0,0.8764756907469171,0.7345030842161272,0.2,,,
vit_tiny_patch16_224,mix75,1,mix75_2+mix75_3+mix75_4,3,task_arithmetic,0.8916666666666666,0.9663748130591632,0.0977669730782508,0.4240161379178365,0.3056620235281055,2.584106683731079,3.0,0.8764756907469171,0.7345030842161272,0.3,,,
vit_tiny_patch16_224,mix75,1,mix75_2+mix75_3+mix75_4,3,task_arithmetic,0.8848333333333334,0.9590005116795568,0.0977669730782508,0.4240161379178365,0.3056620235281055,2.584106683731079,3.0,0.8764756907469171,0.7345030842161272,0.5,,,
vit_tiny_patch16_224,mix75,1,mix75_2+mix75_3+mix75_4,3,task_arithmetic,0.7984999999999999,0.8654984355249606,0.0977669730782508,0.4240161379178365,0.3056620235281055,2.584106683731079,3.0,0.8764756907469171,0.7345030842161272,1.0,,,
vit_tiny_patch16_224,mix75,1,mix75_2+mix75_3+mix75_4,3,ties,0.8895,0.9640085669793892,0.0977669730782508,0.4240161379178365,0.3056620235281055,2.584106683731079,3.0,0.8764756907469171,0.7345030842161272,0.5,0.2,,
vit_tiny_patch16_224,mix75,1,mix75_2+mix75_3+mix75_4,3,ties,0.8913333333333333,0.9660212589125056,0.0977669730782508,0.4240161379178365,0.3056620235281055,2.584106683731079,3.0,0.8764756907469171,0.7345030842161272,1.0,0.2,,
vit_tiny_patch16_224,mix75,1,mix75_2+mix75_3+mix75_4,3,dare,0.7895,0.8557402613636036,0.0977669730782508,0.4240161379178365,0.3056620235281055,2.584106683731079,3.0,0.8764756907469171,0.7345030842161272,1.0,0.2,0.9,0.0
vit_tiny_patch16_224,mix75,1,mix75_2+mix75_3+mix75_4,3,dare,0.7851666666666667,0.851021728899713,0.0977669730782508,0.4240161379178365,0.3056620235281055,2.584106683731079,3.0,0.8764756907469171,0.7345030842161272,1.0,0.2,0.9,1.0
vit_tiny_patch16_224,mix75,1,mix75_2+mix75_3+mix75_4,3,dare,0.7863333333333333,0.852382267979085,0.0977669730782508,0.4240161379178365,0.3056620235281055,2.584106683731079,3.0,0.8764756907469171,0.7345030842161272,1.0,0.2,0.9,2.0
vit_tiny_patch16_224,mix75,1,mix75_0+mix75_1+mix75_2+mix75_3+mix75_4,5,averaging,0.8893000000000001,0.96002182189811,0.0956367552280426,0.4256181567907333,0.3000210595477474,2.5802542686462404,5.0,0.8731106378143785,0.7334912515424161,,,,
vit_tiny_patch16_224,mix75,1,mix75_0+mix75_1+mix75_2+mix75_3+mix75_4,5,task_arithmetic,0.8783,0.9481580802206722,0.0956367552280426,0.4256181567907333,0.3000210595477474,2.5802542686462404,5.0,0.8731106378143785,0.7334912515424161,0.1,,,
vit_tiny_patch16_224,mix75,1,mix75_0+mix75_1+mix75_2+mix75_3+mix75_4,5,task_arithmetic,0.8893000000000001,0.96002182189811,0.0956367552280426,0.4256181567907333,0.3000210595477474,2.5802542686462404,5.0,0.8731106378143785,0.7334912515424161,0.2,,,
vit_tiny_patch16_224,mix75,1,mix75_0+mix75_1+mix75_2+mix75_3+mix75_4,5,task_arithmetic,0.8815,0.951614230177502,0.0956367552280426,0.4256181567907333,0.3000210595477474,2.5802542686462404,5.0,0.8731106378143785,0.7334912515424161,0.3,,,
vit_tiny_patch16_224,mix75,1,mix75_0+mix75_1+mix75_2+mix75_3+mix75_4,5,task_arithmetic,0.8371000000000001,0.9037290440660836,0.0956367552280426,0.4256181567907333,0.3000210595477474,2.5802542686462404,5.0,0.8731106378143785,0.7334912515424161,0.5,,,
vit_tiny_patch16_224,mix75,1,mix75_0+mix75_1+mix75_2+mix75_3+mix75_4,5,task_arithmetic,0.5165,0.5572886890443712,0.0956367552280426,0.4256181567907333,0.3000210595477474,2.5802542686462404,5.0,0.8731106378143785,0.7334912515424161,1.0,,,
vit_tiny_patch16_224,mix75,1,mix75_0+mix75_1+mix75_2+mix75_3+mix75_4,5,ties,0.8956,0.966831209917982,0.0956367552280426,0.4256181567907333,0.3000210595477474,2.5802542686462404,5.0,0.8731106378143785,0.7334912515424161,0.5,0.2,,
vit_tiny_patch16_224,mix75,1,mix75_0+mix75_1+mix75_2+mix75_3+mix75_4,5,ties,0.8831,0.9533413353042604,0.0956367552280426,0.4256181567907333,0.3000210595477474,2.5802542686462404,5.0,0.8731106378143785,0.7334912515424161,1.0,0.2,,
vit_tiny_patch16_224,mix75,1,mix75_0+mix75_1+mix75_2+mix75_3+mix75_4,5,dare,0.5976,0.6450152707304431,0.0956367552280426,0.4256181567907333,0.3000210595477474,2.5802542686462404,5.0,0.8731106378143785,0.7334912515424161,1.0,0.2,0.9,0.0
vit_tiny_patch16_224,mix75,1,mix75_0+mix75_1+mix75_2+mix75_3+mix75_4,5,dare,0.5942999999999999,0.6414498161999902,0.0956367552280426,0.4256181567907333,0.3000210595477474,2.5802542686462404,5.0,0.8731106378143785,0.7334912515424161,1.0,0.2,0.9,1.0
vit_tiny_patch16_224,mix75,1,mix75_0+mix75_1+mix75_2+mix75_3+mix75_4,5,dare,0.5748,0.6204025629533333,0.0956367552280426,0.4256181567907333,0.3000210595477474,2.5802542686462404,5.0,0.8731106378143785,0.7334912515424161,1.0,0.2,0.9,2.0
vit_tiny_patch16_224,random,0,random_0+random_1,2,averaging,0.91625,0.9818054304384048,0.0958613455295562,0.425340861082077,0.2957887854454566,2.5788687467575073,2.0,0.8701112262907359,0.7283314049034526,,,,
vit_tiny_patch16_224,random,0,random_0+random_1,2,task_arithmetic,0.86625,0.928122708777224,0.0958613455295562,0.425340861082077,0.2957887854454566,2.5788687467575073,2.0,0.8701112262907359,0.7283314049034526,0.1,,,
vit_tiny_patch16_224,random,0,random_0+random_1,2,task_arithmetic,0.8945000000000001,0.958446943533936,0.0958613455295562,0.425340861082077,0.2957887854454566,2.5788687467575073,2.0,0.8701112262907359,0.7283314049034526,0.2,,,
vit_tiny_patch16_224,random,0,random_0+random_1,2,task_arithmetic,0.907,0.971907348046536,0.0958613455295562,0.425340861082077,0.2957887854454566,2.5788687467575073,2.0,0.8701112262907359,0.7283314049034526,0.3,,,
vit_tiny_patch16_224,random,0,random_0+random_1,2,task_arithmetic,0.91625,0.9818054304384048,0.0958613455295562,0.425340861082077,0.2957887854454566,2.5788687467575073,2.0,0.8701112262907359,0.7283314049034526,0.5,,,
vit_tiny_patch16_224,random,0,random_0+random_1,2,task_arithmetic,0.88975,0.9532477158823472,0.0958613455295562,0.425340861082077,0.2957887854454566,2.5788687467575073,2.0,0.8701112262907359,0.7283314049034526,1.0,,,
vit_tiny_patch16_224,random,0,random_0+random_1,2,ties,0.9025,0.967084907225752,0.0958613455295562,0.425340861082077,0.2957887854454566,2.5788687467575073,2.0,0.8701112262907359,0.7283314049034526,0.5,0.2,,
vit_tiny_patch16_224,random,0,random_0+random_1,2,ties,0.916,0.981575769893914,0.0958613455295562,0.425340861082077,0.2957887854454566,2.5788687467575073,2.0,0.8701112262907359,0.7283314049034526,1.0,0.2,,
vit_tiny_patch16_224,random,0,random_0+random_1,2,dare,0.87825,0.9408766200398346,0.0958613455295562,0.425340861082077,0.2957887854454566,2.5788687467575073,2.0,0.8701112262907359,0.7283314049034526,1.0,0.2,0.9,0.0
vit_tiny_patch16_224,random,0,random_0+random_1,2,dare,0.88375,0.9468531050966842,0.0958613455295562,0.425340861082077,0.2957887854454566,2.5788687467575073,2.0,0.8701112262907359,0.7283314049034526,1.0,0.2,0.9,1.0
vit_tiny_patch16_224,random,0,random_0+random_1,2,dare,0.8835,0.9465351687804048,0.0958613455295562,0.425340861082077,0.2957887854454566,2.5788687467575073,2.0,0.8701112262907359,0.7283314049034526,1.0,0.2,0.9,2.0
vit_tiny_patch16_224,random,0,random_0+random_2,2,averaging,0.9245,0.982734945531258,0.1005478501319885,0.4219683110713959,0.2997445104899144,2.56581974029541,2.0,0.8829975667443655,0.725745243140331,,,,
vit_tiny_patch16_224,random,0,random_0+random_2,2,task_arithmetic,0.8879999999999999,0.9439497662719788,0.1005478501319885,0.4219683110713959,0.2997445104899144,2.56581974029541,2.0,0.8829975667443655,0.725745243140331,0.1,,,
vit_tiny_patch16_224,random,0,random_0+random_2,2,task_arithmetic,0.9105,0.9678546287413716,0.1005478501319885,0.4219683110713959,0.2997445104899144,2.56581974029541,2.0,0.8829975667443655,0.725745243140331,0.2,,,
vit_tiny_patch16_224,random,0,random_0+random_2,2,task_arithmetic,0.9175,0.9752955639698396,0.1005478501319885,0.4219683110713959,0.2997445104899144,2.56581974029541,2.0,0.8829975667443655,0.725745243140331,0.3,,,
vit_tiny_patch16_224,random,0,random_0+random_2,2,task_arithmetic,0.9245,0.982734945531258,0.1005478501319885,0.4219683110713959,0.2997445104899144,2.56581974029541,2.0,0.8829975667443655,0.725745243140331,0.5,,,
vit_tiny_patch16_224,random,0,random_0+random_2,2,task_arithmetic,0.90875,0.9660200304405748,0.1005478501319885,0.4219683110713959,0.2997445104899144,2.56581974029541,2.0,0.8829975667443655,0.725745243140331,1.0,,,
vit_tiny_patch16_224,random,0,random_0+random_2,2,ties,0.91675,0.9745022050772708,0.1005478501319885,0.4219683110713959,0.2997445104899144,2.56581974029541,2.0,0.8829975667443655,0.725745243140331,0.5,0.2,,
vit_tiny_patch16_224,random,0,random_0+random_2,2,ties,0.927,0.9854017444008664,0.1005478501319885,0.4219683110713959,0.2997445104899144,2.56581974029541,2.0,0.8829975667443655,0.725745243140331,1.0,0.2,,
vit_tiny_patch16_224,random,0,random_0+random_2,2,dare,0.90325,0.960176688666592,0.1005478501319885,0.4219683110713959,0.2997445104899144,2.56581974029541,2.0,0.8829975667443655,0.725745243140331,1.0,0.2,0.9,0.0
vit_tiny_patch16_224,random,0,random_0+random_2,2,dare,0.89775,0.9543271322244106,0.1005478501319885,0.4219683110713959,0.2997445104899144,2.56581974029541,2.0,0.8829975667443655,0.725745243140331,1.0,0.2,0.9,1.0
vit_tiny_patch16_224,random,0,random_0+random_2,2,dare,0.9035,0.9604416595197982,0.1005478501319885,0.4219683110713959,0.2997445104899144,2.56581974029541,2.0,0.8829975667443655,0.725745243140331,1.0,0.2,0.9,2.0
vit_tiny_patch16_224,random,0,random_0+random_3,2,averaging,0.91575,0.9752428757716266,0.1012950763106346,0.4213570058345794,0.3069391400281168,2.584661602973938,2.0,0.8753008782612399,0.7293999918438445,,,,
vit_tiny_patch16_224,random,0,random_0+random_3,2,task_arithmetic,0.87,0.926472502149964,0.1012950763106346,0.4213570058345794,0.3069391400281168,2.584661602973938,2.0,0.8753008782612399,0.7293999918438445,0.1,,,
vit_tiny_patch16_224,random,0,random_0+random_3,2,task_arithmetic,0.893,0.9509876225011716,0.1012950763106346,0.4213570058345794,0.3069391400281168,2.584661602973938,2.0,0.8753008782612399,0.7293999918438445,0.2,,,
vit_tiny_patch16_224,random,0,random_0+random_3,2,task_arithmetic,0.90775,0.9667000113133624,0.1012950763106346,0.4213570058345794,0.3069391400281168,2.584661602973938,2.0,0.8753008782612399,0.7293999918438445,0.3,,,
vit_tiny_patch16_224,random,0,random_0+random_3,2,task_arithmetic,0.91575,0.9752428757716266,0.1012950763106346,0.4213570058345794,0.3069391400281168,2.584661602973938,2.0,0.8753008782612399,0.7293999918438445,0.5,,,
vit_tiny_patch16_224,random,0,random_0+random_3,2,task_arithmetic,0.89925,0.9576680353283128,0.1012950763106346,0.4213570058345794,0.3069391400281168,2.584661602973938,2.0,0.8753008782612399,0.7293999918438445,1.0,,,
vit_tiny_patch16_224,random,0,random_0+random_3,2,ties,0.89975,0.9581903213760452,0.1012950763106346,0.4213570058345794,0.3069391400281168,2.584661602973938,2.0,0.8753008782612399,0.7293999918438445,0.5,0.2,,
vit_tiny_patch16_224,random,0,random_0+random_3,2,ties,0.917,0.9765855932412442,0.1012950763106346,0.4213570058345794,0.3069391400281168,2.584661602973938,2.0,0.8753008782612399,0.7293999918438445,1.0,0.2,,
vit_tiny_patch16_224,random,0,random_0+random_3,2,dare,0.8925000000000001,0.9504627845672128,0.1012950763106346,0.4213570058345794,0.3069391400281168,2.584661602973938,2.0,0.8753008782612399,0.7293999918438445,1.0,0.2,0.9,0.0
vit_tiny_patch16_224,random,0,random_0+random_3,2,dare,0.88575,0.9432498781474328,0.1012950763106346,0.4213570058345794,0.3069391400281168,2.584661602973938,2.0,0.8753008782612399,0.7293999918438445,1.0,0.2,0.9,1.0
vit_tiny_patch16_224,random,0,random_0+random_3,2,dare,0.88975,0.9475251382059048,0.1012950763106346,0.4213570058345794,0.3069391400281168,2.584661602973938,2.0,0.8753008782612399,0.7293999918438445,1.0,0.2,0.9,2.0
vit_tiny_patch16_224,random,0,random_0+random_4,2,averaging,0.9225,0.9819185362619198,0.1034702062606811,0.4197978079319,0.3037036938342843,2.546041965484619,2.0,0.8880449431115439,0.7355835490686059,,,,
vit_tiny_patch16_224,random,0,random_0+random_4,2,task_arithmetic,0.876,0.9324096316267853,0.1034702062606811,0.4197978079319,0.3037036938342843,2.546041965484619,2.0,0.8880449431115439,0.7355835490686059,0.1,,,
vit_tiny_patch16_224,random,0,random_0+random_4,2,task_arithmetic,0.89975,0.9576883608543306,0.1034702062606811,0.4197978079319,0.3037036938342843,2.546041965484619,2.0,0.8880449431115439,0.7355835490686059,0.2,,,
vit_tiny_patch16_224,random,0,random_0+random_4,2,task_arithmetic,0.91225,0.9710026151532738,0.1034702062606811,0.4197978079319,0.3037036938342843,2.546041965484619,2.0,0.8880449431115439,0.7355835490686059,0.3,,,
vit_tiny_patch16_224,random,0,random_0+random_4,2,task_arithmetic,0.9225,0.9819185362619198,0.1034702062606811,0.4197978079319,0.3037036938342843,2.546041965484619,2.0,0.8880449431115439,0.7355835490686059,0.5,,,
vit_tiny_patch16_224,random,0,random_0+random_4,2,task_arithmetic,0.89525,0.9528690352879996,0.1034702062606811,0.4197978079319,0.3037036938342843,2.546041965484619,2.0,0.8880449431115439,0.7355835490686059,1.0,,,
vit_tiny_patch16_224,random,0,random_0+random_4,2,ties,0.90825,0.9667290927233708,0.1034702062606811,0.4197978079319,0.3037036938342843,2.546041965484619,2.0,0.8880449431115439,0.7355835490686059,0.5,0.2,,
vit_tiny_patch16_224,random,0,random_0+random_4,2,ties,0.91675,0.975787951941,0.1034702062606811,0.4197978079319,0.3037036938342843,2.546041965484619,2.0,0.8880449431115439,0.7355835490686059,1.0,0.2,,
vit_tiny_patch16_224,random,0,random_0+random_4,2,dare,0.89175,0.9491390500759508,0.1034702062606811,0.4197978079319,0.3037036938342843,2.546041965484619,2.0,0.8880449431115439,0.7355835490686059,1.0,0.2,0.9,0.0
vit_tiny_patch16_224,random,0,random_0+random_4,2,dare,0.88625,0.9433210208982836,0.1034702062606811,0.4197978079319,0.3037036938342843,2.546041965484619,2.0,0.8880449431115439,0.7355835490686059,1.0,0.2,0.9,1.0
vit_tiny_patch16_224,random,0,random_0+random_4,2,dare,0.892,0.949404020929157,0.1034702062606811,0.4197978079319,0.3037036938342843,2.546041965484619,2.0,0.8880449431115439,0.7355835490686059,1.0,0.2,0.9,2.0
vit_tiny_patch16_224,random,0,random_1+random_2,2,averaging,0.919,0.9875752794609216,0.105740800499916,0.4179179966449737,0.3096034498196641,2.5923107862472534,2.0,0.8761468527980959,0.7256895558452733,,,,
vit_tiny_patch16_224,random,0,random_1+random_2,2,task_arithmetic,0.8734999999999999,0.9386390097184716,0.105740800499916,0.4179179966449737,0.3096034498196641,2.5923107862472534,2.0,0.8761468527980959,0.7256895558452733,0.1,,,
vit_tiny_patch16_224,random,0,random_1+random_2,2,task_arithmetic,0.8965,0.963367172033348,0.105740800499916,0.4179179966449737,0.3096034498196641,2.5923107862472534,2.0,0.8761468527980959,0.7256895558452733,0.2,,,
vit_tiny_patch16_224,random,0,random_1+random_2,2,task_arithmetic,0.91125,0.9792437171825442,0.105740800499916,0.4179179966449737,0.3096034498196641,2.5923107862472534,2.0,0.8761468527980959,0.7256895558452733,0.3,,,
vit_tiny_patch16_224,random,0,random_1+random_2,2,task_arithmetic,0.919,0.9875752794609216,0.105740800499916,0.4179179966449737,0.3096034498196641,2.5923107862472534,2.0,0.8761468527980959,0.7256895558452733,0.5,,,
vit_tiny_patch16_224,random,0,random_1+random_2,2,task_arithmetic,0.896,0.9627994719176136,0.105740800499916,0.4179179966449737,0.3096034498196641,2.5923107862472534,2.0,0.8761468527980959,0.7256895558452733,1.0,,,
vit_tiny_patch16_224,random,0,random_1+random_2,2,ties,0.90675,0.9744159561271186,0.105740800499916,0.4179179966449737,0.3096034498196641,2.5923107862472534,2.0,0.8761468527980959,0.7256895558452733,0.5,0.2,,
vit_tiny_patch16_224,random,0,random_1+random_2,2,ties,0.9185,0.9870335676516042,0.105740800499916,0.4179179966449737,0.3096034498196641,2.5923107862472534,2.0,0.8761468527980959,0.7256895558452733,1.0,0.2,,
vit_tiny_patch16_224,random,0,random_1+random_2,2,dare,0.8895,0.9557788753185013,0.105740800499916,0.4179179966449737,0.3096034498196641,2.5923107862472534,2.0,0.8761468527980959,0.7256895558452733,1.0,0.2,0.9,0.0
vit_tiny_patch16_224,random,0,random_1+random_2,2,dare,0.8832500000000001,0.9490681170836732,0.105740800499916,0.4179179966449737,0.3096034498196641,2.5923107862472534,2.0,0.8761468527980959,0.7256895558452733,1.0,0.2,0.9,1.0
vit_tiny_patch16_224,random,0,random_1+random_2,2,dare,0.88075,0.9463682208058916,0.105740800499916,0.4179179966449737,0.3096034498196641,2.5923107862472534,2.0,0.8761468527980959,0.7256895558452733,1.0,0.2,0.9,2.0
vit_tiny_patch16_224,random,0,random_1+random_3,2,averaging,0.909,0.9787190443148664,0.0894121527671814,0.4303669035434723,0.2937051857650368,2.6111526489257812,2.0,0.8548802296617231,0.7293443045487868,,,,
vit_tiny_patch16_224,random,0,random_1+random_3,2,task_arithmetic,0.85275,0.9182064440807912,0.0894121527671814,0.4303669035434723,0.2937051857650368,2.6111526489257812,2.0,0.8548802296617231,0.7293443045487868,0.1,,,
vit_tiny_patch16_224,random,0,random_1+random_3,2,task_arithmetic,0.882,0.9496532638643732,0.0894121527671814,0.4303669035434723,0.2937051857650368,2.6111526489257812,2.0,0.8548802296617231,0.7293443045487868,0.2,,,
vit_tiny_patch16_224,random,0,random_1+random_3,2,task_arithmetic,0.89825,0.9671489032147365,0.0894121527671814,0.4303669035434723,0.2937051857650368,2.6111526489257812,2.0,0.8548802296617231,0.7293443045487868,0.3,,,
vit_tiny_patch16_224,random,0,random_1+random_3,2,task_arithmetic,0.909,0.9787190443148664,0.0894121527671814,0.4303669035434723,0.2937051857650368,2.6111526489257812,2.0,0.8548802296617231,0.7293443045487868,0.5,,,
vit_tiny_patch16_224,random,0,random_1+random_3,2,task_arithmetic,0.8792500000000001,0.9465871866172548,0.0894121527671814,0.4303669035434723,0.2937051857650368,2.6111526489257812,2.0,0.8548802296617231,0.7293443045487868,1.0,,,
vit_tiny_patch16_224,random,0,random_1+random_3,2,ties,0.89225,0.9606983589813152,0.0894121527671814,0.4303669035434723,0.2937051857650368,2.6111526489257812,2.0,0.8548802296617231,0.7293443045487868,0.5,0.2,,
vit_tiny_patch16_224,random,0,random_1+random_3,2,ties,0.91225,0.9822235052493004,0.0894121527671814,0.4303669035434723,0.2937051857650368,2.6111526489257812,2.0,0.8548802296617231,0.7293443045487868,1.0,0.2,,
vit_tiny_patch16_224,random,0,random_1+random_3,2,dare,0.8645,0.9306666852164558,0.0894121527671814,0.4303669035434723,0.2937051857650368,2.6111526489257812,2.0,0.8548802296617231,0.7293443045487868,1.0,0.2,0.9,0.0
vit_tiny_patch16_224,random,0,random_1+random_3,2,dare,0.86425,0.9304691589467662,0.0894121527671814,0.4303669035434723,0.2937051857650368,2.6111526489257812,2.0,0.8548802296617231,0.7293443045487868,1.0,0.2,0.9,1.0
vit_tiny_patch16_224,random,0,random_1+random_3,2,dare,0.8634999999999999,0.9295965942587244,0.0894121527671814,0.4303669035434723,0.2937051857650368,2.6111526489257812,2.0,0.8548802296617231,0.7293443045487868,1.0,0.2,0.9,2.0
vit_tiny_patch16_224,random,0,random_1+random_4,2,averaging,0.913,0.9824558914561248,0.098595529794693,0.423307865858078,0.3019595780020039,2.5725330114364624,2.0,0.8703025273137137,0.7355278617735482,,,,
vit_tiny_patch16_224,random,0,random_1+random_4,2,task_arithmetic,0.8605,0.9259959708917485,0.098595529794693,0.423307865858078,0.3019595780020039,2.5725330114364624,2.0,0.8703025273137137,0.7355278617735482,0.1,,,
vit_tiny_patch16_224,random,0,random_1+random_4,2,task_arithmetic,0.889,0.9566600151829862,0.098595529794693,0.423307865858078,0.3019595780020039,2.5725330114364624,2.0,0.8703025273137137,0.7355278617735482,0.2,,,
vit_tiny_patch16_224,random,0,random_1+random_4,2,task_arithmetic,0.9,0.968479958400239,0.098595529794693,0.423307865858078,0.3019595780020039,2.5725330114364624,2.0,0.8703025273137137,0.7355278617735482,0.3,,,
vit_tiny_patch16_224,random,0,random_1+random_4,2,task_arithmetic,0.913,0.9824558914561248,0.098595529794693,0.423307865858078,0.3019595780020039,2.5725330114364624,2.0,0.8703025273137137,0.7355278617735482,0.5,,,
vit_tiny_patch16_224,random,0,random_1+random_4,2,task_arithmetic,0.8815,0.9485126232459512,0.098595529794693,0.423307865858078,0.3019595780020039,2.5725330114364624,2.0,0.8703025273137137,0.7355278617735482,1.0,,,
vit_tiny_patch16_224,random,0,random_1+random_4,2,ties,0.8985,0.9668801569024392,0.098595529794693,0.423307865858078,0.3019595780020039,2.5725330114364624,2.0,0.8703025273137137,0.7355278617735482,0.5,0.2,,
vit_tiny_patch16_224,random,0,random_1+random_4,2,ties,0.91425,0.9838391240424498,0.098595529794693,0.423307865858078,0.3019595780020039,2.5725330114364624,2.0,0.8703025273137137,0.7355278617735482,1.0,0.2,,
vit_tiny_patch16_224,random,0,random_1+random_4,2,dare,0.878,0.9447785467067916,0.098595529794693,0.423307865858078,0.3019595780020039,2.5725330114364624,2.0,0.8703025273137137,0.7355278617735482,1.0,0.2,0.9,0.0
vit_tiny_patch16_224,random,0,random_1+random_4,2,dare,0.872,0.9382562901977088,0.098595529794693,0.423307865858078,0.3019595780020039,2.5725330114364624,2.0,0.8703025273137137,0.7355278617735482,1.0,0.2,0.9,1.0
vit_tiny_patch16_224,random,0,random_1+random_4,2,dare,0.8734999999999999,0.9399320934859662,0.098595529794693,0.423307865858078,0.3019595780020039,2.5725330114364624,2.0,0.8703025273137137,0.7355278617735482,1.0,0.2,0.9,2.0
vit_tiny_patch16_224,random,0,random_2+random_3,2,averaging,0.9265,0.9895805882305968,0.1003102660179138,0.4221009016036987,0.296668344581657,2.598103642463684,2.0,0.8636195787534525,0.7267581427856651,,,,
vit_tiny_patch16_224,random,0,random_2+random_3,2,task_arithmetic,0.87275,0.9321470496634006,0.1003102660179138,0.4221009016036987,0.296668344581657,2.598103642463684,2.0,0.8636195787534525,0.7267581427856651,0.1,,,
vit_tiny_patch16_224,random,0,random_2+random_3,2,task_arithmetic,0.899,0.9601880245641774,0.1003102660179138,0.4221009016036987,0.296668344581657,2.598103642463684,2.0,0.8636195787534525,0.7267581427856651,0.2,,,
vit_tiny_patch16_224,random,0,random_2+random_3,2,task_arithmetic,0.9125,0.9746152863291888,0.1003102660179138,0.4221009016036987,0.296668344581657,2.598103642463684,2.0,0.8636195787534525,0.7267581427856651,0.3,,,
vit_tiny_patch16_224,random,0,random_2+random_3,2,task_arithmetic,0.9265,0.9895805882305968,0.1003102660179138,0.4221009016036987,0.296668344581657,2.598103642463684,2.0,0.8636195787534525,0.7267581427856651,0.5,,,
vit_tiny_patch16_224,random,0,random_2+random_3,2,task_arithmetic,0.9035,0.9650134160657386,0.1003102660179138,0.4221009016036987,0.296668344581657,2.598103642463684,2.0,0.8636195787534525,0.7267581427856651,1.0,,,
vit_tiny_patch16_224,random,0,random_2+random_3,2,ties,0.91,0.9719430535923912,0.1003102660179138,0.4221009016036987,0.296668344581657,2.598103642463684,2.0,0.8636195787534525,0.7267581427856651,0.5,0.2,,
vit_tiny_patch16_224,random,0,random_2+random_3,2,ties,0.92475,0.9877089272737436,0.1003102660179138,0.4221009016036987,0.296668344581657,2.598103642463684,2.0,0.8636195787534525,0.7267581427856651,1.0,0.2,,
vit_tiny_patch16_224,random,0,random_2+random_3,2,dare,0.89425,0.955133042651909,0.1003102660179138,0.4221009016036987,0.296668344581657,2.598103642463684,2.0,0.8636195787534525,0.7267581427856651,1.0,0.2,0.9,0.0
vit_tiny_patch16_224,random,0,random_2+random_3,2,dare,0.8907499999999999,0.951383731423141,0.1003102660179138,0.4221009016036987,0.296668344581657,2.598103642463684,2.0,0.8636195787534525,0.7267581427856651,1.0,0.2,0.9,1.0
vit_tiny_patch16_224,random,0,random_2+random_3,2,dare,0.8927499999999999,0.9535249115577809,0.1003102660179138,0.4221009016036987,0.296668344581657,2.598103642463684,2.0,0.8636195787534525,0.7267581427856651,1.0,0.2,0.9,2.0
vit_tiny_patch16_224,random,0,random_2+random_4,2,averaging,0.92625,0.9887910128672512,0.1084593683481216,0.4159175753593445,0.3072272213931231,2.5594840049743652,2.0,0.8827718932873979,0.7329417000104266,,,,
vit_tiny_patch16_224,random,0,random_2+random_4,2,task_arithmetic,0.88225,0.9418043496345864,0.1084593683481216,0.4159175753593445,0.3072272213931231,2.5594840049743652,2.0,0.8827718932873979,0.7329417000104266,0.1,,,
vit_tiny_patch16_224,random,0,random_2+random_4,2,task_arithmetic,0.906,0.96716335289271,0.1084593683481216,0.4159175753593445,0.3072272213931231,2.5594840049743652,2.0,0.8827718932873979,0.7329417000104266,0.2,,,
vit_tiny_patch16_224,random,0,random_2+random_4,2,task_arithmetic,0.91825,0.9802415729248696,0.1084593683481216,0.4159175753593445,0.3072272213931231,2.5594840049743652,2.0,0.8827718932873979,0.7329417000104266,0.3,,,
vit_tiny_patch16_224,random,0,random_2+random_4,2,task_arithmetic,0.92625,0.9887910128672512,0.1084593683481216,0.4159175753593445,0.3072272213931231,2.5594840049743652,2.0,0.8827718932873979,0.7329417000104266,0.5,,,
vit_tiny_patch16_224,random,0,random_2+random_4,2,task_arithmetic,0.901,0.9618271644754012,0.1084593683481216,0.4159175753593445,0.3072272213931231,2.5594840049743652,2.0,0.8827718932873979,0.7329417000104266,1.0,,,
vit_tiny_patch16_224,random,0,random_2+random_4,2,ties,0.915,0.9767724806523996,0.1084593683481216,0.4159175753593445,0.3072272213931231,2.5594840049743652,2.0,0.8827718932873979,0.7329417000104266,0.5,0.2,,
vit_tiny_patch16_224,random,0,random_2+random_4,2,ties,0.92675,0.9893183638955716,0.1084593683481216,0.4159175753593445,0.3072272213931231,2.5594840049743652,2.0,0.8827718932873979,0.7329417000104266,1.0,0.2,,
vit_tiny_patch16_224,random,0,random_2+random_4,2,dare,0.8955,0.9559565025145328,0.1084593683481216,0.4159175753593445,0.3072272213931231,2.5594840049743652,2.0,0.8827718932873979,0.7329417000104266,1.0,0.2,0.9,0.0
vit_tiny_patch16_224,random,0,random_2+random_4,2,dare,0.899,0.9596928315587824,0.1084593683481216,0.4159175753593445,0.3072272213931231,2.5594840049743652,2.0,0.8827718932873979,0.7329417000104266,1.0,0.2,0.9,1.0
vit_tiny_patch16_224,random,0,random_2+random_4,2,dare,0.89925,0.9599529458153228,0.1084593683481216,0.4159175753593445,0.3072272213931231,2.5594840049743652,2.0,0.8827718932873979,0.7329417000104266,1.0,0.2,0.9,2.0
vit_tiny_patch16_224,random,0,random_3+random_4,2,averaging,0.9205,0.9844876846600372,0.1044371277093887,0.419039636850357,0.3071871996177029,2.578325867652893,2.0,0.8893238873099106,0.73659644871394,,,,
vit_tiny_patch16_224,random,0,random_3+random_4,2,task_arithmetic,0.86625,0.9264664206772916,0.1044371277093887,0.419039636850357,0.3071871996177029,2.578325867652893,2.0,0.8893238873099106,0.73659644871394,0.1,,,
vit_tiny_patch16_224,random,0,random_3+random_4,2,task_arithmetic,0.8935,0.9556118149251666,0.1044371277093887,0.419039636850357,0.3071871996177029,2.578325867652893,2.0,0.8893238873099106,0.73659644871394,0.2,,,
vit_tiny_patch16_224,random,0,random_3+random_4,2,task_arithmetic,0.91025,0.9735252576640046,0.1044371277093887,0.419039636850357,0.3071871996177029,2.578325867652893,2.0,0.8893238873099106,0.73659644871394,0.3,,,
vit_tiny_patch16_224,random,0,random_3+random_4,2,task_arithmetic,0.9205,0.9844876846600372,0.1044371277093887,0.419039636850357,0.3071871996177029,2.578325867652893,2.0,0.8893238873099106,0.73659644871394,0.5,,,
vit_tiny_patch16_224,random,0,random_3+random_4,2,task_arithmetic,0.8935,0.9556161044399624,0.1044371277093887,0.419039636850357,0.3071871996177029,2.578325867652893,2.0,0.8893238873099106,0.73659644871394,1.0,,,
vit_tiny_patch16_224,random,0,random_3+random_4,2,ties,0.904,0.9668414786929792,0.1044371277093887,0.419039636850357,0.3071871996177029,2.578325867652893,2.0,0.8893238873099106,0.73659644871394,0.5,0.2,,
vit_tiny_patch16_224,random,0,random_3+random_4,2,ties,0.924,0.9882312872061788,0.1044371277093887,0.419039636850357,0.3071871996177029,2.578325867652893,2.0,0.8893238873099106,0.73659644871394,1.0,0.2,,
vit_tiny_patch16_224,random,0,random_3+random_4,2,dare,0.88975,0.9516064089926533,0.1044371277093887,0.419039636850357,0.3071871996177029,2.578325867652893,2.0,0.8893238873099106,0.73659644871394,1.0,0.2,0.9,0.0
vit_tiny_patch16_224,random,0,random_3+random_4,2,dare,0.8885,0.9502682233601828,0.1044371277093887,0.419039636850357,0.3071871996177029,2.578325867652893,2.0,0.8893238873099106,0.73659644871394,1.0,0.2,0.9,1.0
vit_tiny_patch16_224,random,0,random_3+random_4,2,dare,0.8835,0.9449177685715258,0.1044371277093887,0.419039636850357,0.3071871996177029,2.578325867652893,2.0,0.8893238873099106,0.73659644871394,1.0,0.2,0.9,2.0
vit_tiny_patch16_224,random,0,random_0+random_1+random_2,3,averaging,0.9113333333333332,0.9748607586747046,0.1007166653871536,0.4217423895994822,0.3017122485850117,2.5789997577667236,3.0,0.8764185486110657,0.7265887346296855,,,,
vit_tiny_patch16_224,random,0,random_0+random_1+random_2,3,task_arithmetic,0.8881666666666667,0.9500024961913942,0.1007166653871536,0.4217423895994822,0.3017122485850117,2.5789997577667236,3.0,0.8764185486110657,0.7265887346296855,0.1,,,
vit_tiny_patch16_224,random,0,random_0+random_1+random_2,3,task_arithmetic,0.9076666666666666,0.970932774772936,0.1007166653871536,0.4217423895994822,0.3017122485850117,2.5789997577667236,3.0,0.8764185486110657,0.7265887346296855,0.2,,,
vit_tiny_patch16_224,random,0,random_0+random_1+random_2,3,task_arithmetic,0.9118333333333334,0.975381001834278,0.1007166653871536,0.4217423895994822,0.3017122485850117,2.5789997577667236,3.0,0.8764185486110657,0.7265887346296855,0.3,,,
vit_tiny_patch16_224,random,0,random_0+random_1+random_2,3,task_arithmetic,0.9061666666666668,0.9692756561148652,0.1007166653871536,0.4217423895994822,0.3017122485850117,2.5789997577667236,3.0,0.8764185486110657,0.7265887346296855,0.5,,,
vit_tiny_patch16_224,random,0,random_0+random_1+random_2,3,task_arithmetic,0.8288333333333333,0.8861853941674392,0.1007166653871536,0.4217423895994822,0.3017122485850117,2.5789997577667236,3.0,0.8764185486110657,0.7265887346296855,1.0,,,
vit_tiny_patch16_224,random,0,random_0+random_1+random_2,3,ties,0.9093333333333334,0.9727201194883496,0.1007166653871536,0.4217423895994822,0.3017122485850117,2.5789997577667236,3.0,0.8764185486110657,0.7265887346296855,0.5,0.2,,
vit_tiny_patch16_224,random,0,random_0+random_1+random_2,3,ties,0.9113333333333332,0.9748287754445862,0.1007166653871536,0.4217423895994822,0.3017122485850117,2.5789997577667236,3.0,0.8764185486110657,0.7265887346296855,1.0,0.2,,
vit_tiny_patch16_224,random,0,random_0+random_1+random_2,3,dare,0.8104999999999999,0.8664591296594907,0.1007166653871536,0.4217423895994822,0.3017122485850117,2.5789997577667236,3.0,0.8764185486110657,0.7265887346296855,1.0,0.2,0.9,0.0
vit_tiny_patch16_224,random,0,random_0+random_1+random_2,3,dare,0.8193333333333334,0.8761260744035355,0.1007166653871536,0.4217423895994822,0.3017122485850117,2.5789997577667236,3.0,0.8764185486110657,0.7265887346296855,1.0,0.2,0.9,1.0
vit_tiny_patch16_224,random,0,random_0+random_1+random_2,3,dare,0.8321666666666667,0.8897734857682428,0.1007166653871536,0.4217423895994822,0.3017122485850117,2.5789997577667236,3.0,0.8764185486110657,0.7265887346296855,1.0,0.2,0.9,2.0
vit_tiny_patch16_224,random,0,random_0+random_1+random_3,3,averaging,0.9011666666666668,0.965210930404604,0.0955228582024574,0.4256882568200429,0.2988110370795367,2.5915609995524087,3.0,0.8667641114045663,0.7290252337653613,,,,
vit_tiny_patch16_224,random,0,random_0+random_1+random_3,3,task_arithmetic,0.875,0.9371319901932528,0.0955228582024574,0.4256882568200429,0.2988110370795367,2.5915609995524087,3.0,0.8667641114045663,0.7290252337653613,0.1,,,
vit_tiny_patch16_224,random,0,random_0+random_1+random_3,3,task_arithmetic,0.896,0.9596663288982438,0.0955228582024574,0.4256882568200429,0.2988110370795367,2.5915609995524087,3.0,0.8667641114045663,0.7290252337653613,0.2,,,
vit_tiny_patch16_224,random,0,random_0+random_1+random_3,3,task_arithmetic,0.9,0.9639687751311892,0.0955228582024574,0.4256882568200429,0.2988110370795367,2.5915609995524087,3.0,0.8667641114045663,0.7290252337653613,0.3,,,
vit_tiny_patch16_224,random,0,random_0+random_1+random_3,3,task_arithmetic,0.894,0.9574731984923468,0.0955228582024574,0.4256882568200429,0.2988110370795367,2.5915609995524087,3.0,0.8667641114045663,0.7290252337653613,0.5,,,
vit_tiny_patch16_224,random,0,random_0+random_1+random_3,3,task_arithmetic,0.8026666666666666,0.8592321690633969,0.0955228582024574,0.4256882568200429,0.2988110370795367,2.5915609995524087,3.0,0.8667641114045663,0.7290252337653613,1.0,,,
vit_tiny_patch16_224,random,0,random_0+random_1+random_3,3,ties,0.9018333333333332,0.965943420361934,0.0955228582024574,0.4256882568200429,0.2988110370795367,2.5915609995524087,3.0,0.8667641114045663,0.7290252337653613,0.5,0.2,,
vit_tiny_patch16_224,random,0,random_0+random_1+random_3,3,ties,0.9001666666666667,0.9640969180965272,0.0955228582024574,0.4256882568200429,0.2988110370795367,2.5915609995524087,3.0,0.8667641114045663,0.7290252337653613,1.0,0.2,,
vit_tiny_patch16_224,random,0,random_0+random_1+random_3,3,dare,0.7916666666666666,0.8475077620325845,0.0955228582024574,0.4256882568200429,0.2988110370795367,2.5915609995524087,3.0,0.8667641114045663,0.7290252337653613,1.0,0.2,0.9,0.0
vit_tiny_patch16_224,random,0,random_0+random_1+random_3,3,dare,0.797,0.8532406421778344,0.0955228582024574,0.4256882568200429,0.2988110370795367,2.5915609995524087,3.0,0.8667641114045663,0.7290252337653613,1.0,0.2,0.9,1.0
vit_tiny_patch16_224,random,0,random_0+random_1+random_3,3,dare,0.7936666666666667,0.8495650323750451,0.0955228582024574,0.4256882568200429,0.2988110370795367,2.5915609995524087,3.0,0.8667641114045663,0.7290252337653613,1.0,0.2,0.9,2.0
vit_tiny_patch16_224,random,0,random_0+random_1+random_4,3,averaging,0.9083333333333332,0.9725451668404698,0.0993090271949768,0.4228155116240183,0.3004840190939149,2.5658145745595298,3.0,0.8761528989053312,0.7331476052485355,,,,
vit_tiny_patch16_224,random,0,random_0+random_1+random_4,3,task_arithmetic,0.8803333333333333,0.9425091801307152,0.0993090271949768,0.4228155116240183,0.3004840190939149,2.5658145745595298,3.0,0.8761528989053312,0.7331476052485355,0.1,,,
vit_tiny_patch16_224,random,0,random_0+random_1+random_4,3,task_arithmetic,0.9,0.9635760534236244,0.0993090271949768,0.4228155116240183,0.3004840190939149,2.5658145745595298,3.0,0.8761528989053312,0.7331476052485355,0.2,,,
vit_tiny_patch16_224,random,0,random_0+random_1+random_4,3,task_arithmetic,0.9071666666666666,0.9712880960883328,0.0993090271949768,0.4228155116240183,0.3004840190939149,2.5658145745595298,3.0,0.8761528989053312,0.7331476052485355,0.3,,,
vit_tiny_patch16_224,random,0,random_0+random_1+random_4,3,task_arithmetic,0.8975,0.9608940558076124,0.0993090271949768,0.4228155116240183,0.3004840190939149,2.5658145745595298,3.0,0.8761528989053312,0.7331476052485355,0.5,,,
vit_tiny_patch16_224,random,0,random_0+random_1+random_4,3,task_arithmetic,0.7805,0.8351253671869161,0.0993090271949768,0.4228155116240183,0.3004840190939149,2.5658145745595298,3.0,0.8761528989053312,0.7331476052485355,1.0,,,
vit_tiny_patch16_224,random,0,random_0+random_1+random_4,3,ties,0.904,0.9679007053466656,0.0993090271949768,0.4228155116240183,0.3004840190939149,2.5658145745595298,3.0,0.8761528989053312,0.7331476052485355,0.5,0.2,,
vit_tiny_patch16_224,random,0,random_0+random_1+random_4,3,ties,0.9031666666666666,0.966996341718754,0.0993090271949768,0.4228155116240183,0.3004840190939149,2.5658145745595298,3.0,0.8761528989053312,0.7331476052485355,1.0,0.2,,
vit_tiny_patch16_224,random,0,random_0+random_1+random_4,3,dare,0.7623333333333333,0.8156311571759142,0.0993090271949768,0.4228155116240183,0.3004840190939149,2.5658145745595298,3.0,0.8761528989053312,0.7331476052485355,1.0,0.2,0.9,0.0
vit_tiny_patch16_224,random,0,random_0+random_1+random_4,3,dare,0.7883333333333334,0.8436747079872852,0.0993090271949768,0.4228155116240183,0.3004840190939149,2.5658145745595298,3.0,0.8761528989053312,0.7331476052485355,1.0,0.2,0.9,1.0
vit_tiny_patch16_224,random,0,random_0+random_1+random_4,3,dare,0.7918333333333334,0.8472723899248843,0.0993090271949768,0.4228155116240183,0.3004840190939149,2.5658145745595298,3.0,0.8761528989053312,0.7331476052485355,1.0,0.2,0.9,2.0
vit_tiny_patch16_224,random,0,random_0+random_2+random_3,3,averaging,0.9111666666666668,0.9706900250842798,0.1007177308201789,0.4218087395032247,0.3011173316998961,2.5828616619110107,3.0,0.8739726745863526,0.7273011259232801,,,,
vit_tiny_patch16_224,random,0,random_0+random_2+random_3,3,task_arithmetic,0.8878333333333334,0.9458186425834963,0.1007177308201789,0.4218087395032247,0.3011173316998961,2.5828616619110107,3.0,0.8739726745863526,0.7273011259232801,0.1,,,
vit_tiny_patch16_224,random,0,random_0+random_2+random_3,3,task_arithmetic,0.904,0.9630511419879187,0.1007177308201789,0.4218087395032247,0.3011173316998961,2.5828616619110107,3.0,0.8739726745863526,0.7273011259232801,0.2,,,
vit_tiny_patch16_224,random,0,random_0+random_2+random_3,3,task_arithmetic,0.911,0.970511971772194,0.1007177308201789,0.4218087395032247,0.3011173316998961,2.5828616619110107,3.0,0.8739726745863526,0.7273011259232801,0.3,,,
vit_tiny_patch16_224,random,0,random_0+random_2+random_3,3,task_arithmetic,0.909,0.9683847344371558,0.1007177308201789,0.4218087395032247,0.3011173316998961,2.5828616619110107,3.0,0.8739726745863526,0.7273011259232801,0.5,,,
vit_tiny_patch16_224,random,0,random_0+random_2+random_3,3,task_arithmetic,0.8395,0.8942751547243956,0.1007177308201789,0.4218087395032247,0.3011173316998961,2.5828616619110107,3.0,0.8739726745863526,0.7273011259232801,1.0,,,
vit_tiny_patch16_224,random,0,random_0+random_2+random_3,3,ties,0.9071666666666666,0.9664371014362628,0.1007177308201789,0.4218087395032247,0.3011173316998961,2.5828616619110107,3.0,0.8739726745863526,0.7273011259232801,0.5,0.2,,
vit_tiny_patch16_224,random,0,random_0+random_2+random_3,3,ties,0.9156666666666666,0.9754981141201068,0.1007177308201789,0.4218087395032247,0.3011173316998961,2.5828616619110107,3.0,0.8739726745863526,0.7273011259232801,1.0,0.2,,
vit_tiny_patch16_224,random,0,random_0+random_2+random_3,3,dare,0.8291666666666666,0.8832611100863362,0.1007177308201789,0.4218087395032247,0.3011173316998961,2.5828616619110107,3.0,0.8739726745863526,0.7273011259232801,1.0,0.2,0.9,0.0
vit_tiny_patch16_224,random,0,random_0+random_2+random_3,3,dare,0.8285,0.8825569629991014,0.1007177308201789,0.4218087395032247,0.3011173316998961,2.5828616619110107,3.0,0.8739726745863526,0.7273011259232801,1.0,0.2,0.9,1.0
vit_tiny_patch16_224,random,0,random_0+random_2+random_3,3,dare,0.8378333333333333,0.8925250294650814,0.1007177308201789,0.4218087395032247,0.3011173316998961,2.5828616619110107,3.0,0.8739726745863526,0.7273011259232801,1.0,0.2,0.9,2.0
vit_tiny_patch16_224,random,0,random_0+random_2+random_4,3,averaging,0.9158333333333334,0.9753452144309738,0.1041591415802637,0.4192278981208801,0.3035584752391073,2.5571152369181314,3.0,0.8846048010477691,0.7314234974064545,,,,
vit_tiny_patch16_224,random,0,random_0+random_2+random_4,3,task_arithmetic,0.8891666666666667,0.9469290012617094,0.1041591415802637,0.4192278981208801,0.3035584752391073,2.5571152369181314,3.0,0.8846048010477691,0.7314234974064545,0.1,,,
vit_tiny_patch16_224,random,0,random_0+random_2+random_4,3,task_arithmetic,0.9105,0.9696544792583448,0.1041591415802637,0.4192278981208801,0.3035584752391073,2.5571152369181314,3.0,0.8846048010477691,0.7314234974064545,0.2,,,
vit_tiny_patch16_224,random,0,random_0+random_2+random_4,3,task_arithmetic,0.9158333333333334,0.9753466389340216,0.1041591415802637,0.4192278981208801,0.3035584752391073,2.5571152369181314,3.0,0.8846048010477691,0.7314234974064545,0.3,,,
vit_tiny_patch16_224,random,0,random_0+random_2+random_4,3,task_arithmetic,0.9125,0.9717866754203918,0.1041591415802637,0.4192278981208801,0.3035584752391073,2.5571152369181314,3.0,0.8846048010477691,0.7314234974064545,0.5,,,
vit_tiny_patch16_224,random,0,random_0+random_2+random_4,3,task_arithmetic,0.8155,0.8683485461773729,0.1041591415802637,0.4192278981208801,0.3035584752391073,2.5571152369181314,3.0,0.8846048010477691,0.7314234974064545,1.0,,,
vit_tiny_patch16_224,random,0,random_0+random_2+random_4,3,ties,0.9128333333333334,0.9721424301724144,0.1041591415802637,0.4192278981208801,0.3035584752391073,2.5571152369181314,3.0,0.8846048010477691,0.7314234974064545,0.5,0.2,,
vit_tiny_patch16_224,random,0,random_0+random_2+random_4,3,ties,0.9148333333333332,0.9742669871632144,0.1041591415802637,0.4192278981208801,0.3035584752391073,2.5571152369181314,3.0,0.8846048010477691,0.7314234974064545,1.0,0.2,,
vit_tiny_patch16_224,random,0,random_0+random_2+random_4,3,dare,0.8063333333333333,0.8585812429681399,0.1041591415802637,0.4192278981208801,0.3035584752391073,2.5571152369181314,3.0,0.8846048010477691,0.7314234974064545,1.0,0.2,0.9,0.0
vit_tiny_patch16_224,random,0,random_0+random_2+random_4,3,dare,0.8183333333333334,0.8714124042223461,0.1041591415802637,0.4192278981208801,0.3035584752391073,2.5571152369181314,3.0,0.8846048010477691,0.7314234974064545,1.0,0.2,0.9,1.0
vit_tiny_patch16_224,random,0,random_0+random_2+random_4,3,dare,0.8248333333333333,0.8783373844468768,0.1041591415802637,0.4192278981208801,0.3035584752391073,2.5571152369181314,3.0,0.8846048010477691,0.7314234974064545,1.0,0.2,0.9,2.0
vit_tiny_patch16_224,random,0,random_0+random_3+random_4,3,averaging,0.9096666666666668,0.9699831640355652,0.1030674700935681,0.4200648168722788,0.3059433444933679,2.569676478703817,3.0,0.8842232362275647,0.7338599965421301,,,,
vit_tiny_patch16_224,random,0,random_0+random_3+random_4,3,task_arithmetic,0.8791666666666668,0.9374162109946016,0.1030674700935681,0.4200648168722788,0.3059433444933679,2.569676478703817,3.0,0.8842232362275647,0.7338599965421301,0.1,,,
vit_tiny_patch16_224,random,0,random_0+random_3+random_4,3,task_arithmetic,0.9005000000000001,0.9601919918202498,0.1030674700935681,0.4200648168722788,0.3059433444933679,2.569676478703817,3.0,0.8842232362275647,0.7338599965421301,0.2,,,
vit_tiny_patch16_224,random,0,random_0+random_3+random_4,3,task_arithmetic,0.9093333333333332,0.9696289163391132,0.1030674700935681,0.4200648168722788,0.3059433444933679,2.569676478703817,3.0,0.8842232362275647,0.7338599965421301,0.3,,,
vit_tiny_patch16_224,random,0,random_0+random_3+random_4,3,task_arithmetic,0.9018333333333332,0.9616318178884612,0.1030674700935681,0.4200648168722788,0.3059433444933679,2.569676478703817,3.0,0.8842232362275647,0.7338599965421301,0.5,,,
vit_tiny_patch16_224,random,0,random_0+random_3+random_4,3,task_arithmetic,0.7958333333333334,0.8484316654862818,0.1030674700935681,0.4200648168722788,0.3059433444933679,2.569676478703817,3.0,0.8842232362275647,0.7338599965421301,1.0,,,
vit_tiny_patch16_224,random,0,random_0+random_3+random_4,3,ties,0.9058333333333334,0.9658806058591564,0.1030674700935681,0.4200648168722788,0.3059433444933679,2.569676478703817,3.0,0.8842232362275647,0.7338599965421301,0.5,0.2,,
vit_tiny_patch16_224,random,0,random_0+random_3+random_4,3,ties,0.9081666666666668,0.9683920334974816,0.1030674700935681,0.4200648168722788,0.3059433444933679,2.569676478703817,3.0,0.8842232362275647,0.7338599965421301,1.0,0.2,,
vit_tiny_patch16_224,random,0,random_0+random_3+random_4,3,dare,0.7928333333333333,0.8452344307376571,0.1030674700935681,0.4200648168722788,0.3059433444933679,2.569676478703817,3.0,0.8842232362275647,0.7338599965421301,1.0,0.2,0.9,0.0
vit_tiny_patch16_224,random,0,random_0+random_3+random_4,3,dare,0.8021666666666668,0.8552254522126183,0.1030674700935681,0.4200648168722788,0.3059433444933679,2.569676478703817,3.0,0.8842232362275647,0.7338599965421301,1.0,0.2,0.9,1.0
vit_tiny_patch16_224,random,0,random_0+random_3+random_4,3,dare,0.7933333333333333,0.8457732163763944,0.1030674700935681,0.4200648168722788,0.3059433444933679,2.569676478703817,3.0,0.8842232362275647,0.7338599965421301,1.0,0.2,0.9,2.0
vit_tiny_patch16_224,random,0,random_1+random_2+random_3,3,averaging,0.9088333333333334,0.9752830059155688,0.0984877397616704,0.4234619339307149,0.2999923267221193,2.6005223592122397,3.0,0.8648822204044239,0.7272640010599084,,,,
vit_tiny_patch16_224,random,0,random_1+random_2+random_3,3,task_arithmetic,0.8770000000000001,0.9411077088456138,0.0984877397616704,0.4234619339307149,0.2999923267221193,2.6005223592122397,3.0,0.8648822204044239,0.7272640010599084,0.1,,,
vit_tiny_patch16_224,random,0,random_1+random_2+random_3,3,task_arithmetic,0.8995000000000001,0.965266579806241,0.0984877397616704,0.4234619339307149,0.2999923267221193,2.6005223592122397,3.0,0.8648822204044239,0.7272640010599084,0.2,,,
vit_tiny_patch16_224,random,0,random_1+random_2+random_3,3,task_arithmetic,0.9065,0.97277678723,0.0984877397616704,0.4234619339307149,0.2999923267221193,2.6005223592122397,3.0,0.8648822204044239,0.7272640010599084,0.3,,,
vit_tiny_patch16_224,random,0,random_1+random_2+random_3,3,task_arithmetic,0.9005000000000001,0.9662840171357484,0.0984877397616704,0.4234619339307149,0.2999923267221193,2.6005223592122397,3.0,0.8648822204044239,0.7272640010599084,0.5,,,
vit_tiny_patch16_224,random,0,random_1+random_2+random_3,3,task_arithmetic,0.8118333333333334,0.8709369541437245,0.0984877397616704,0.4234619339307149,0.2999923267221193,2.6005223592122397,3.0,0.8648822204044239,0.7272640010599084,1.0,,,
vit_tiny_patch16_224,random,0,random_1+random_2+random_3,3,ties,0.9038333333333334,0.9699196467377244,0.0984877397616704,0.4234619339307149,0.2999923267221193,2.6005223592122397,3.0,0.8648822204044239,0.7272640010599084,0.5,0.2,,
vit_tiny_patch16_224,random,0,random_1+random_2+random_3,3,ties,0.9076666666666666,0.9739916808925696,0.0984877397616704,0.4234619339307149,0.2999923267221193,2.6005223592122397,3.0,0.8648822204044239,0.7272640010599084,1.0,0.2,,
vit_tiny_patch16_224,random,0,random_1+random_2+random_3,3,dare,0.8128333333333333,0.8720516899043872,0.0984877397616704,0.4234619339307149,0.2999923267221193,2.6005223592122397,3.0,0.8648822204044239,0.7272640010599084,1.0,0.2,0.9,0.0
vit_tiny_patch16_224,random,0,random_1+random_2+random_3,3,dare,0.8036666666666666,0.8622007309707045,0.0984877397616704,0.4234619339307149,0.2999923267221193,2.6005223592122397,3.0,0.8648822204044239,0.7272640010599084,1.0,0.2,0.9,1.0
vit_tiny_patch16_224,random,0,random_1+random_2+random_3,3,dare,0.8115,0.8705864606087341,0.0984877397616704,0.4234619339307149,0.2999923267221193,2.6005223592122397,3.0,0.8648822204044239,0.7272640010599084,1.0,0.2,0.9,2.0
vit_tiny_patch16_224,random,0,random_1+random_2+random_4,3,averaging,0.9126666666666666,0.9790150014116562,0.1042652328809102,0.4190478126207987,0.3062634164049304,2.5747759342193604,3.0,0.8764070911330691,0.7313863725430827,,,,
vit_tiny_patch16_224,random,0,random_1+random_2+random_4,3,task_arithmetic,0.8825,0.9466685701484469,0.1042652328809102,0.4190478126207987,0.3062634164049304,2.5747759342193604,3.0,0.8764070911330691,0.7313863725430827,0.1,,,
vit_tiny_patch16_224,random,0,random_1+random_2+random_4,3,task_arithmetic,0.9058333333333332,0.9717031756333988,0.1042652328809102,0.4190478126207987,0.3062634164049304,2.5747759342193604,3.0,0.8764070911330691,0.7313863725430827,0.2,,,
vit_tiny_patch16_224,random,0,random_1+random_2+random_4,3,task_arithmetic,0.9133333333333334,0.9797382334927782,0.1042652328809102,0.4190478126207987,0.3062634164049304,2.5747759342193604,3.0,0.8764070911330691,0.7313863725430827,0.3,,,
vit_tiny_patch16_224,random,0,random_1+random_2+random_4,3,task_arithmetic,0.9058333333333334,0.9716578852849608,0.1042652328809102,0.4190478126207987,0.3062634164049304,2.5747759342193604,3.0,0.8764070911330691,0.7313863725430827,0.5,,,
vit_tiny_patch16_224,random,0,random_1+random_2+random_4,3,task_arithmetic,0.7928333333333333,0.8501982076485127,0.1042652328809102,0.4190478126207987,0.3062634164049304,2.5747759342193604,3.0,0.8764070911330691,0.7313863725430827,1.0,,,
vit_tiny_patch16_224,random,0,random_1+random_2+random_4,3,ties,0.911,0.9772569984842888,0.1042652328809102,0.4190478126207987,0.3062634164049304,2.5747759342193604,3.0,0.8764070911330691,0.7313863725430827,0.5,0.2,,
vit_tiny_patch16_224,random,0,random_1+random_2+random_4,3,ties,0.9121666666666668,0.978482465789,0.1042652328809102,0.4190478126207987,0.3062634164049304,2.5747759342193604,3.0,0.8764070911330691,0.7313863725430827,1.0,0.2,,
vit_tiny_patch16_224,random,0,random_1+random_2+random_4,3,dare,0.7913333333333333,0.8486092249658435,0.1042652328809102,0.4190478126207987,0.3062634164049304,2.5747759342193604,3.0,0.8764070911330691,0.7313863725430827,1.0,0.2,0.9,0.0
vit_tiny_patch16_224,random,0,random_1+random_2+random_4,3,dare,0.8078333333333333,0.8663536037192929,0.1042652328809102,0.4190478126207987,0.3062634164049304,2.5747759342193604,3.0,0.8764070911330691,0.7313863725430827,1.0,0.2,0.9,1.0
vit_tiny_patch16_224,random,0,random_1+random_2+random_4,3,dare,0.7873333333333333,0.8442845137604342,0.1042652328809102,0.4190478126207987,0.3062634164049304,2.5747759342193604,3.0,0.8764070911330691,0.7313863725430827,1.0,0.2,0.9,2.0
vit_tiny_patch16_224,random,0,random_1+random_3+random_4,3,averaging,0.9061666666666668,0.9732975140681862,0.0974816034237543,0.4242381354173024,0.3009506544615812,2.5873371760050454,3.0,0.8715022147617825,0.7338228716787584,,,,
vit_tiny_patch16_224,random,0,random_1+random_3+random_4,3,task_arithmetic,0.8718333333333333,0.9364420622737888,0.0974816034237543,0.4242381354173024,0.3009506544615812,2.5873371760050454,3.0,0.8715022147617825,0.7338228716787584,0.1,,,
vit_tiny_patch16_224,random,0,random_1+random_3+random_4,3,task_arithmetic,0.894,0.9602280500366486,0.0974816034237543,0.4242381354173024,0.3009506544615812,2.5873371760050454,3.0,0.8715022147617825,0.7338228716787584,0.2,,,
vit_tiny_patch16_224,random,0,random_1+random_3+random_4,3,task_arithmetic,0.9048333333333334,0.9718634878587864,0.0974816034237543,0.4242381354173024,0.3009506544615812,2.5873371760050454,3.0,0.8715022147617825,0.7338228716787584,0.3,,,
vit_tiny_patch16_224,random,0,random_1+random_3+random_4,3,task_arithmetic,0.8968333333333334,0.9632347029937492,0.0974816034237543,0.4242381354173024,0.3009506544615812,2.5873371760050454,3.0,0.8715022147617825,0.7338228716787584,0.5,,,
vit_tiny_patch16_224,random,0,random_1+random_3+random_4,3,task_arithmetic,0.7846666666666667,0.8426196989059882,0.0974816034237543,0.4242381354173024,0.3009506544615812,2.5873371760050454,3.0,0.8715022147617825,0.7338228716787584,1.0,,,
vit_tiny_patch16_224,random,0,random_1+random_3+random_4,3,ties,0.898,0.9645309506282104,0.0974816034237543,0.4242381354173024,0.3009506544615812,2.5873371760050454,3.0,0.8715022147617825,0.7338228716787584,0.5,0.2,,
vit_tiny_patch16_224,random,0,random_1+random_3+random_4,3,ties,0.9046666666666666,0.9716694595807488,0.0974816034237543,0.4242381354173024,0.3009506544615812,2.5873371760050454,3.0,0.8715022147617825,0.7338228716787584,1.0,0.2,,
vit_tiny_patch16_224,random,0,random_1+random_3+random_4,3,dare,0.7719999999999999,0.8290217900949628,0.0974816034237543,0.4242381354173024,0.3009506544615812,2.5873371760050454,3.0,0.8715022147617825,0.7338228716787584,1.0,0.2,0.9,0.0
vit_tiny_patch16_224,random,0,random_1+random_3+random_4,3,dare,0.7898333333333333,0.8481919255340281,0.0974816034237543,0.4242381354173024,0.3009506544615812,2.5873371760050454,3.0,0.8715022147617825,0.7338228716787584,1.0,0.2,0.9,1.0
vit_tiny_patch16_224,random,0,random_1+random_3+random_4,3,dare,0.7693333333333333,0.8261148179329915,0.0974816034237543,0.4242381354173024,0.3009506544615812,2.5873371760050454,3.0,0.8715022147617825,0.7338228716787584,1.0,0.2,0.9,2.0
vit_tiny_patch16_224,random,0,random_2+random_3+random_4,3,averaging,0.9138333333333334,0.9763075212570108,0.1044022540251414,0.4190193712711334,0.3036942551974944,2.5786378383636475,3.0,0.8785717864502537,0.7320987638366773,,,,
vit_tiny_patch16_224,random,0,random_2+random_3+random_4,3,task_arithmetic,0.8833333333333333,0.9437141826492672,0.1044022540251414,0.4190193712711334,0.3036942551974944,2.5786378383636475,3.0,0.8785717864502537,0.7320987638366773,0.1,,,
vit_tiny_patch16_224,random,0,random_2+random_3+random_4,3,task_arithmetic,0.9046666666666666,0.9665104405459882,0.1044022540251414,0.4190193712711334,0.3036942551974944,2.5786378383636475,3.0,0.8785717864502537,0.7320987638366773,0.2,,,
vit_tiny_patch16_224,random,0,random_2+random_3+random_4,3,task_arithmetic,0.9125,0.9748808304143256,0.1044022540251414,0.4190193712711334,0.3036942551974944,2.5786378383636475,3.0,0.8785717864502537,0.7320987638366773,0.3,,,
vit_tiny_patch16_224,random,0,random_2+random_3+random_4,3,task_arithmetic,0.9106666666666668,0.9729243243842404,0.1044022540251414,0.4190193712711334,0.3036942551974944,2.5786378383636475,3.0,0.8785717864502537,0.7320987638366773,0.5,,,
vit_tiny_patch16_224,random,0,random_2+random_3+random_4,3,task_arithmetic,0.8011666666666667,0.8559287185162473,0.1044022540251414,0.4190193712711334,0.3036942551974944,2.5786378383636475,3.0,0.8785717864502537,0.7320987638366773,1.0,,,
vit_tiny_patch16_224,random,0,random_2+random_3+random_4,3,ties,0.911,0.9732783594523454,0.1044022540251414,0.4190193712711334,0.3036942551974944,2.5786378383636475,3.0,0.8785717864502537,0.7320987638366773,0.5,0.2,,
vit_tiny_patch16_224,random,0,random_2+random_3+random_4,3,ties,0.9148333333333332,0.9773758099783018,0.1044022540251414,0.4190193712711334,0.3036942551974944,2.5786378383636475,3.0,0.8785717864502537,0.7320987638366773,1.0,0.2,,
vit_tiny_patch16_224,random,0,random_2+random_3+random_4,3,dare,0.7876666666666666,0.8414999079376225,0.1044022540251414,0.4190193712711334,0.3036942551974944,2.5786378383636475,3.0,0.8785717864502537,0.7320987638366773,1.0,0.2,0.9,0.0
vit_tiny_patch16_224,random,0,random_2+random_3+random_4,3,dare,0.8175,0.8733861118506079,0.1044022540251414,0.4190193712711334,0.3036942551974944,2.5786378383636475,3.0,0.8785717864502537,0.7320987638366773,1.0,0.2,0.9,1.0
vit_tiny_patch16_224,random,0,random_2+random_3+random_4,3,dare,0.7949999999999999,0.8493378064735078,0.1044022540251414,0.4190193712711334,0.3036942551974944,2.5786378383636475,3.0,0.8785717864502537,0.7320987638366773,1.0,0.2,0.9,2.0
vit_tiny_patch16_224,random,0,random_0+random_1+random_2+random_3+random_4,5,averaging,0.9007,0.9634049731543136,0.1008129723370075,0.4217114865779877,0.302252710897696,2.5787302017211915,5.0,0.8753499583532178,0.7305918202633874,,,,
vit_tiny_patch16_224,random,0,random_0+random_1+random_2+random_3+random_4,5,task_arithmetic,0.8911,0.9531333893126858,0.1008129723370075,0.4217114865779877,0.302252710897696,2.5787302017211915,5.0,0.8753499583532178,0.7305918202633874,0.1,,,
vit_tiny_patch16_224,random,0,random_0+random_1+random_2+random_3+random_4,5,task_arithmetic,0.9007,0.9634049731543136,0.1008129723370075,0.4217114865779877,0.302252710897696,2.5787302017211915,5.0,0.8753499583532178,0.7305918202633874,0.2,,,
vit_tiny_patch16_224,random,0,random_0+random_1+random_2+random_3+random_4,5,task_arithmetic,0.8915,0.9535206273302292,0.1008129723370075,0.4217114865779877,0.302252710897696,2.5787302017211915,5.0,0.8753499583532178,0.7305918202633874,0.3,,,
vit_tiny_patch16_224,random,0,random_0+random_1+random_2+random_3+random_4,5,task_arithmetic,0.8417,0.900108212747768,0.1008129723370075,0.4217114865779877,0.302252710897696,2.5787302017211915,5.0,0.8753499583532178,0.7305918202633874,0.5,,,
vit_tiny_patch16_224,random,0,random_0+random_1+random_2+random_3+random_4,5,task_arithmetic,0.5098,0.5447148449373457,0.1008129723370075,0.4217114865779877,0.302252710897696,2.5787302017211915,5.0,0.8753499583532178,0.7305918202633874,1.0,,,
vit_tiny_patch16_224,random,0,random_0+random_1+random_2+random_3+random_4,5,ties,0.9049,0.967907471813778,0.1008129723370075,0.4217114865779877,0.302252710897696,2.5787302017211915,5.0,0.8753499583532178,0.7305918202633874,0.5,0.2,,
vit_tiny_patch16_224,random,0,random_0+random_1+random_2+random_3+random_4,5,ties,0.8903000000000001,0.9522404011358144,0.1008129723370075,0.4217114865779877,0.302252710897696,2.5787302017211915,5.0,0.8753499583532178,0.7305918202633874,1.0,0.2,,
vit_tiny_patch16_224,random,0,random_0+random_1+random_2+random_3+random_4,5,dare,0.5669000000000001,0.6058571152666516,0.1008129723370075,0.4217114865779877,0.302252710897696,2.5787302017211915,5.0,0.8753499583532178,0.7305918202633874,1.0,0.2,0.9,0.0
vit_tiny_patch16_224,random,0,random_0+random_1+random_2+random_3+random_4,5,dare,0.5673,0.6063299807925514,0.1008129723370075,0.4217114865779877,0.302252710897696,2.5787302017211915,5.0,0.8753499583532178,0.7305918202633874,1.0,0.2,0.9,1.0
vit_tiny_patch16_224,random,0,random_0+random_1+random_2+random_3+random_4,5,dare,0.5912,0.6317627147571703,0.1008129723370075,0.4217114865779877,0.302252710897696,2.5787302017211915,5.0,0.8753499583532178,0.7305918202633874,1.0,0.2,0.9,2.0
vit_tiny_patch16_224,random,1,random_0+random_1,2,averaging,0.91625,0.982413976266262,0.0984543710947036,0.4234017431735992,0.2965936503059768,2.586384534835815,2.0,0.8769777777395519,0.7261850575147961,,,,
vit_tiny_patch16_224,random,1,random_0+random_1,2,task_arithmetic,0.8705,0.9332020828387128,0.0984543710947036,0.4234017431735992,0.2965936503059768,2.586384534835815,2.0,0.8769777777395519,0.7261850575147961,0.1,,,
vit_tiny_patch16_224,random,1,random_0+random_1,2,task_arithmetic,0.89425,0.958757700990314,0.0984543710947036,0.4234017431735992,0.2965936503059768,2.586384534835815,2.0,0.8769777777395519,0.7261850575147961,0.2,,,
vit_tiny_patch16_224,random,1,random_0+random_1,2,task_arithmetic,0.9055,0.9709082641535248,0.0984543710947036,0.4234017431735992,0.2965936503059768,2.586384534835815,2.0,0.8769777777395519,0.7261850575147961,0.3,,,
vit_tiny_patch16_224,random,1,random_0+random_1,2,task_arithmetic,0.91625,0.982413976266262,0.0984543710947036,0.4234017431735992,0.2965936503059768,2.586384534835815,2.0,0.8769777777395519,0.7261850575147961,0.5,,,
vit_tiny_patch16_224,random,1,random_0+random_1,2,task_arithmetic,0.89525,0.959748618751182,0.0984543710947036,0.4234017431735992,0.2965936503059768,2.586384534835815,2.0,0.8769777777395519,0.7261850575147961,1.0,,,
vit_tiny_patch16_224,random,1,random_0+random_1,2,ties,0.903,0.9682181990849352,0.0984543710947036,0.4234017431735992,0.2965936503059768,2.586384534835815,2.0,0.8769777777395519,0.7261850575147961,0.5,0.2,,
vit_tiny_patch16_224,random,1,random_0+random_1,2,ties,0.9165,0.9827228206851316,0.0984543710947036,0.4234017431735992,0.2965936503059768,2.586384534835815,2.0,0.8769777777395519,0.7261850575147961,1.0,0.2,,
vit_tiny_patch16_224,random,1,random_0+random_1,2,dare,0.88325,0.9468163874659464,0.0984543710947036,0.4234017431735992,0.2965936503059768,2.586384534835815,2.0,0.8769777777395519,0.7261850575147961,1.0,0.2,0.9,0.0
vit_tiny_patch16_224,random,1,random_0+random_1,2,dare,0.8845000000000001,0.9481342577875068,0.0984543710947036,0.4234017431735992,0.2965936503059768,2.586384534835815,2.0,0.8769777777395519,0.7261850575147961,1.0,0.2,0.9,1.0
vit_tiny_patch16_224,random,1,random_0+random_1,2,dare,0.891,0.9551501567360275,0.0984543710947036,0.4234017431735992,0.2965936503059768,2.586384534835815,2.0,0.8769777777395519,0.7261850575147961,1.0,0.2,0.9,2.0
vit_tiny_patch16_224,random,1,random_0+random_2,2,averaging,0.92875,0.9830556328942672,0.0992917045950889,0.4229180812835693,0.295614839931124,2.567325711250305,2.0,0.883738266138697,0.7298970254674351,,,,
vit_tiny_patch16_224,random,1,random_0+random_2,2,task_arithmetic,0.8895,0.9415442583149074,0.0992917045950889,0.4229180812835693,0.295614839931124,2.567325711250305,2.0,0.883738266138697,0.7298970254674351,0.1,,,
vit_tiny_patch16_224,random,1,random_0+random_2,2,task_arithmetic,0.908,0.961113862315183,0.0992917045950889,0.4229180812835693,0.295614839931124,2.567325711250305,2.0,0.883738266138697,0.7298970254674351,0.2,,,
vit_tiny_patch16_224,random,1,random_0+random_2,2,task_arithmetic,0.92075,0.9746002553391256,0.0992917045950889,0.4229180812835693,0.295614839931124,2.567325711250305,2.0,0.883738266138697,0.7298970254674351,0.3,,,
vit_tiny_patch16_224,random,1,random_0+random_2,2,task_arithmetic,0.92875,0.9830556328942672,0.0992917045950889,0.4229180812835693,0.295614839931124,2.567325711250305,2.0,0.883738266138697,0.7298970254674351,0.5,,,
vit_tiny_patch16_224,random,1,random_0+random_2,2,task_arithmetic,0.90925,0.9624422363853212,0.0992917045950889,0.4229180812835693,0.295614839931124,2.567325711250305,2.0,0.883738266138697,0.7298970254674351,1.0,,,
vit_tiny_patch16_224,random,1,random_0+random_2,2,ties,0.91575,0.9693161695545908,0.0992917045950889,0.4229180812835693,0.295614839931124,2.567325711250305,2.0,0.883738266138697,0.7298970254674351,0.5,0.2,,
vit_tiny_patch16_224,random,1,random_0+random_2,2,ties,0.9295,0.9838610603352124,0.0992917045950889,0.4229180812835693,0.295614839931124,2.567325711250305,2.0,0.883738266138697,0.7298970254674351,1.0,0.2,,
vit_tiny_patch16_224,random,1,random_0+random_2,2,dare,0.9095,0.962716314198211,0.0992917045950889,0.4229180812835693,0.295614839931124,2.567325711250305,2.0,0.883738266138697,0.7298970254674351,1.0,0.2,0.9,0.0
vit_tiny_patch16_224,random,1,random_0+random_2,2,dare,0.90425,0.9571518483516396,0.0992917045950889,0.4229180812835693,0.295614839931124,2.567325711250305,2.0,0.883738266138697,0.7298970254674351,1.0,0.2,0.9,1.0
vit_tiny_patch16_224,random,1,random_0+random_2,2,dare,0.9055,0.9584739201726312,0.0992917045950889,0.4229180812835693,0.295614839931124,2.567325711250305,2.0,0.883738266138697,0.7298970254674351,1.0,0.2,0.9,2.0
vit_tiny_patch16_224,random,1,random_0+random_3,2,averaging,0.91775,0.9750317191914654,0.1007176414132118,0.4218052923679352,0.2951619654724365,2.593542098999023,2.0,0.8759353830631372,0.7325382157229099,,,,
vit_tiny_patch16_224,random,1,random_0+random_3,2,task_arithmetic,0.87175,0.9261085349458572,0.1007176414132118,0.4218052923679352,0.2951619654724365,2.593542098999023,2.0,0.8759353830631372,0.7325382157229099,0.1,,,
vit_tiny_patch16_224,random,1,random_0+random_3,2,task_arithmetic,0.8955,0.9513485735958612,0.1007176414132118,0.4218052923679352,0.2951619654724365,2.593542098999023,2.0,0.8759353830631372,0.7325382157229099,0.2,,,
vit_tiny_patch16_224,random,1,random_0+random_3,2,task_arithmetic,0.90875,0.9654571232160776,0.1007176414132118,0.4218052923679352,0.2951619654724365,2.593542098999023,2.0,0.8759353830631372,0.7325382157229099,0.3,,,
vit_tiny_patch16_224,random,1,random_0+random_3,2,task_arithmetic,0.91775,0.9750317191914654,0.1007176414132118,0.4218052923679352,0.2951619654724365,2.593542098999023,2.0,0.8759353830631372,0.7325382157229099,0.5,,,
vit_tiny_patch16_224,random,1,random_0+random_3,2,task_arithmetic,0.902,0.9582874289281282,0.1007176414132118,0.4218052923679352,0.2951619654724365,2.593542098999023,2.0,0.8759353830631372,0.7325382157229099,1.0,,,
vit_tiny_patch16_224,random,1,random_0+random_3,2,ties,0.904,0.9603960214426248,0.1007176414132118,0.4218052923679352,0.2951619654724365,2.593542098999023,2.0,0.8759353830631372,0.7325382157229099,0.5,0.2,,
vit_tiny_patch16_224,random,1,random_0+random_3,2,ties,0.919,0.976361865178762,0.1007176414132118,0.4218052923679352,0.2951619654724365,2.593542098999023,2.0,0.8759353830631372,0.7325382157229099,1.0,0.2,,
vit_tiny_patch16_224,random,1,random_0+random_3,2,dare,0.8965000000000001,0.9524601562932118,0.1007176414132118,0.4218052923679352,0.2951619654724365,2.593542098999023,2.0,0.8759353830631372,0.7325382157229099,1.0,0.2,0.9,0.0
vit_tiny_patch16_224,random,1,random_0+random_3,2,dare,0.8955,0.951369033038755,0.1007176414132118,0.4218052923679352,0.2951619654724365,2.593542098999023,2.0,0.8759353830631372,0.7325382157229099,1.0,0.2,0.9,1.0
vit_tiny_patch16_224,random,1,random_0+random_3,2,dare,0.8867499999999999,0.9420866543477304,0.1007176414132118,0.4218052923679352,0.2951619654724365,2.593542098999023,2.0,0.8759353830631372,0.7325382157229099,1.0,0.2,0.9,2.0
vit_tiny_patch16_224,random,1,random_0+random_4,2,averaging,0.92,0.973536772011374,0.1028927713632583,0.4202481210231781,0.2927424906177573,2.553597927093506,2.0,0.8875052138382492,0.7331277988252345,,,,
vit_tiny_patch16_224,random,1,random_0+random_4,2,task_arithmetic,0.879,0.9301440544941828,0.1028927713632583,0.4202481210231781,0.2927424906177573,2.553597927093506,2.0,0.8875052138382492,0.7331277988252345,0.1,,,
vit_tiny_patch16_224,random,1,random_0+random_4,2,task_arithmetic,0.8979999999999999,0.9502638680130826,0.1028927713632583,0.4202481210231781,0.2927424906177573,2.553597927093506,2.0,0.8875052138382492,0.7331277988252345,0.2,,,
vit_tiny_patch16_224,random,1,random_0+random_4,2,task_arithmetic,0.912,0.9650788860517387,0.1028927713632583,0.4202481210231781,0.2927424906177573,2.553597927093506,2.0,0.8875052138382492,0.7331277988252345,0.3,,,
vit_tiny_patch16_224,random,1,random_0+random_4,2,task_arithmetic,0.92,0.973536772011374,0.1028927713632583,0.4202481210231781,0.2927424906177573,2.553597927093506,2.0,0.8875052138382492,0.7331277988252345,0.5,,,
vit_tiny_patch16_224,random,1,random_0+random_4,2,task_arithmetic,0.90125,0.9536726939229032,0.1028927713632583,0.4202481210231781,0.2927424906177573,2.553597927093506,2.0,0.8875052138382492,0.7331277988252345,1.0,,,
vit_tiny_patch16_224,random,1,random_0+random_4,2,ties,0.9075,0.9603227949432972,0.1028927713632583,0.4202481210231781,0.2927424906177573,2.553597927093506,2.0,0.8875052138382492,0.7331277988252345,0.5,0.2,,
vit_tiny_patch16_224,random,1,random_0+random_4,2,ties,0.918,0.9714183812045236,0.1028927713632583,0.4202481210231781,0.2927424906177573,2.553597927093506,2.0,0.8875052138382492,0.7331277988252345,1.0,0.2,,
vit_tiny_patch16_224,random,1,random_0+random_4,2,dare,0.8919999999999999,0.94390281661712,0.1028927713632583,0.4202481210231781,0.2927424906177573,2.553597927093506,2.0,0.8875052138382492,0.7331277988252345,1.0,0.2,0.9,0.0
vit_tiny_patch16_224,random,1,random_0+random_4,2,dare,0.894,0.9460094494731458,0.1028927713632583,0.4202481210231781,0.2927424906177573,2.553597927093506,2.0,0.8875052138382492,0.7331277988252345,1.0,0.2,0.9,1.0
vit_tiny_patch16_224,random,1,random_0+random_4,2,dare,0.8905,0.9422860983787744,0.1028927713632583,0.4202481210231781,0.2927424906177573,2.553597927093506,2.0,0.8875052138382492,0.7331277988252345,1.0,0.2,0.9,2.0
vit_tiny_patch16_224,random,1,random_1+random_2,2,averaging,0.91975,0.9900309654570592,0.1031386256217956,0.419908195734024,0.3129352298766305,2.5905762910842896,2.0,0.8838090865372225,0.723054804187753,,,,
vit_tiny_patch16_224,random,1,random_1+random_2,2,task_arithmetic,0.87475,0.9414933068489056,0.1031386256217956,0.419908195734024,0.3129352298766305,2.5905762910842896,2.0,0.8838090865372225,0.723054804187753,0.1,,,
vit_tiny_patch16_224,random,1,random_1+random_2,2,task_arithmetic,0.89575,0.9640950773962592,0.1031386256217956,0.419908195734024,0.3129352298766305,2.5905762910842896,2.0,0.8838090865372225,0.723054804187753,0.2,,,
vit_tiny_patch16_224,random,1,random_1+random_2,2,task_arithmetic,0.91025,0.9797962561000908,0.1031386256217956,0.419908195734024,0.3129352298766305,2.5905762910842896,2.0,0.8838090865372225,0.723054804187753,0.3,,,
vit_tiny_patch16_224,random,1,random_1+random_2,2,task_arithmetic,0.91975,0.9900309654570592,0.1031386256217956,0.419908195734024,0.3129352298766305,2.5905762910842896,2.0,0.8838090865372225,0.723054804187753,0.5,,,
vit_tiny_patch16_224,random,1,random_1+random_2,2,task_arithmetic,0.89,0.9578593968920972,0.1031386256217956,0.419908195734024,0.3129352298766305,2.5905762910842896,2.0,0.8838090865372225,0.723054804187753,1.0,,,
vit_tiny_patch16_224,random,1,random_1+random_2,2,ties,0.9085,0.9778948124747218,0.1031386256217956,0.419908195734024,0.3129352298766305,2.5905762910842896,2.0,0.8838090865372225,0.723054804187753,0.5,0.2,,
vit_tiny_patch16_224,random,1,random_1+random_2,2,ties,0.92075,0.9911284313191492,0.1031386256217956,0.419908195734024,0.3129352298766305,2.5905762910842896,2.0,0.8838090865372225,0.723054804187753,1.0,0.2,,
vit_tiny_patch16_224,random,1,random_1+random_2,2,dare,0.8872500000000001,0.9548883006894218,0.1031386256217956,0.419908195734024,0.3129352298766305,2.5905762910842896,2.0,0.8838090865372225,0.723054804187753,1.0,0.2,0.9,0.0
vit_tiny_patch16_224,random,1,random_1+random_2,2,dare,0.884,0.9513858548586912,0.1031386256217956,0.419908195734024,0.3129352298766305,2.5905762910842896,2.0,0.8838090865372225,0.723054804187753,1.0,0.2,0.9,1.0
vit_tiny_patch16_224,random,1,random_1+random_2,2,dare,0.88925,0.9570623724500142,0.1031386256217956,0.419908195734024,0.3129352298766305,2.5905762910842896,2.0,0.8838090865372225,0.723054804187753,1.0,0.2,0.9,2.0
vit_tiny_patch16_224,random,1,random_1+random_3,2,averaging,0.913,0.9865273830734708,0.0903039127588272,0.4296784996986389,0.2855017431816453,2.616792678833008,2.0,0.8499095581127435,0.725695994443228,,,,
vit_tiny_patch16_224,random,1,random_1+random_3,2,task_arithmetic,0.859,0.9282004324687848,0.0903039127588272,0.4296784996986389,0.2855017431816453,2.616792678833008,2.0,0.8499095581127435,0.725695994443228,0.1,,,
vit_tiny_patch16_224,random,1,random_1+random_3,2,task_arithmetic,0.8835,0.9546301831453928,0.0903039127588272,0.4296784996986389,0.2855017431816453,2.616792678833008,2.0,0.8499095581127435,0.725695994443228,0.2,,,
vit_tiny_patch16_224,random,1,random_1+random_3,2,task_arithmetic,0.8985000000000001,0.9708638167004872,0.0903039127588272,0.4296784996986389,0.2855017431816453,2.616792678833008,2.0,0.8499095581127435,0.725695994443228,0.3,,,
vit_tiny_patch16_224,random,1,random_1+random_3,2,task_arithmetic,0.913,0.9865273830734708,0.0903039127588272,0.4296784996986389,0.2855017431816453,2.616792678833008,2.0,0.8499095581127435,0.725695994443228,0.5,,,
vit_tiny_patch16_224,random,1,random_1+random_3,2,task_arithmetic,0.88425,0.9552992020810808,0.0903039127588272,0.4296784996986389,0.2855017431816453,2.616792678833008,2.0,0.8499095581127435,0.725695994443228,1.0,,,
vit_tiny_patch16_224,random,1,random_1+random_3,2,ties,0.892,0.9638251070080024,0.0903039127588272,0.4296784996986389,0.2855017431816453,2.616792678833008,2.0,0.8499095581127435,0.725695994443228,0.5,0.2,,
vit_tiny_patch16_224,random,1,random_1+random_3,2,ties,0.9135,0.9870627149792522,0.0903039127588272,0.4296784996986389,0.2855017431816453,2.616792678833008,2.0,0.8499095581127435,0.725695994443228,1.0,0.2,,
vit_tiny_patch16_224,random,1,random_1+random_3,2,dare,0.871,0.9409690032902188,0.0903039127588272,0.4296784996986389,0.2855017431816453,2.616792678833008,2.0,0.8499095581127435,0.725695994443228,1.0,0.2,0.9,0.0
vit_tiny_patch16_224,random,1,random_1+random_3,2,dare,0.87325,0.9434524296012272,0.0903039127588272,0.4296784996986389,0.2855017431816453,2.616792678833008,2.0,0.8499095581127435,0.725695994443228,1.0,0.2,0.9,1.0
vit_tiny_patch16_224,random,1,random_1+random_3,2,dare,0.87075,0.9406814886079968,0.0903039127588272,0.4296784996986389,0.2855017431816453,2.616792678833008,2.0,0.8499095581127435,0.725695994443228,1.0,0.2,0.9,2.0
vit_tiny_patch16_224,random,1,random_1+random_4,2,averaging,0.914,0.9835612328872636,0.0976231768727302,0.424126386642456,0.2996865282165193,2.5768485069274902,2.0,0.8714753728295089,0.7262855775455526,,,,
vit_tiny_patch16_224,random,1,random_1+random_4,2,task_arithmetic,0.86175,0.927404904468669,0.0976231768727302,0.424126386642456,0.2996865282165193,2.5768485069274902,2.0,0.8714753728295089,0.7262855775455526,0.1,,,
vit_tiny_patch16_224,random,1,random_1+random_4,2,task_arithmetic,0.8895,0.9572480571444786,0.0976231768727302,0.424126386642456,0.2996865282165193,2.5768485069274902,2.0,0.8714753728295089,0.7262855775455526,0.2,,,
vit_tiny_patch16_224,random,1,random_1+random_4,2,task_arithmetic,0.9015,0.9701497529117497,0.0976231768727302,0.424126386642456,0.2996865282165193,2.5768485069274902,2.0,0.8714753728295089,0.7262855775455526,0.3,,,
vit_tiny_patch16_224,random,1,random_1+random_4,2,task_arithmetic,0.914,0.9835612328872636,0.0976231768727302,0.424126386642456,0.2996865282165193,2.5768485069274902,2.0,0.8714753728295089,0.7262855775455526,0.5,,,
vit_tiny_patch16_224,random,1,random_1+random_4,2,task_arithmetic,0.8915,0.9592233442654852,0.0976231768727302,0.424126386642456,0.2996865282165193,2.5768485069274902,2.0,0.8714753728295089,0.7262855775455526,1.0,,,
vit_tiny_patch16_224,random,1,random_1+random_4,2,ties,0.9015,0.9701426584993088,0.0976231768727302,0.424126386642456,0.2996865282165193,2.5768485069274902,2.0,0.8714753728295089,0.7262855775455526,0.5,0.2,,
vit_tiny_patch16_224,random,1,random_1+random_4,2,ties,0.91675,0.9865814256120452,0.0976231768727302,0.424126386642456,0.2996865282165193,2.5768485069274902,2.0,0.8714753728295089,0.7262855775455526,1.0,0.2,,
vit_tiny_patch16_224,random,1,random_1+random_4,2,dare,0.8835,0.9506056601249429,0.0976231768727302,0.424126386642456,0.2996865282165193,2.5768485069274902,2.0,0.8714753728295089,0.7262855775455526,1.0,0.2,0.9,0.0
vit_tiny_patch16_224,random,1,random_1+random_4,2,dare,0.8775,0.9441122457666626,0.0976231768727302,0.424126386642456,0.2996865282165193,2.5768485069274902,2.0,0.8714753728295089,0.7262855775455526,1.0,0.2,0.9,1.0
vit_tiny_patch16_224,random,1,random_1+random_4,2,dare,0.8747499999999999,0.9411771859911704,0.0976231768727302,0.424126386642456,0.2996865282165193,2.5768485069274902,2.0,0.8714753728295089,0.7262855775455526,1.0,0.2,0.9,2.0
vit_tiny_patch16_224,random,1,random_2+random_3,2,averaging,0.9245,0.9861231843658051,0.0952344834804534,0.4260072410106659,0.2924853493244693,2.5977338552474976,2.0,0.8622025545160101,0.7294079623958669,,,,
vit_tiny_patch16_224,random,1,random_2+random_3,2,task_arithmetic,0.87425,0.9324856012215352,0.0952344834804534,0.4260072410106659,0.2924853493244693,2.5977338552474976,2.0,0.8622025545160101,0.7294079623958669,0.1,,,
vit_tiny_patch16_224,random,1,random_2+random_3,2,task_arithmetic,0.8999999999999999,0.9599596197038552,0.0952344834804534,0.4260072410106659,0.2924853493244693,2.5977338552474976,2.0,0.8622025545160101,0.7294079623958669,0.2,,,
vit_tiny_patch16_224,random,1,random_2+random_3,2,task_arithmetic,0.90925,0.9698373751555932,0.0952344834804534,0.4260072410106659,0.2924853493244693,2.5977338552474976,2.0,0.8622025545160101,0.7294079623958669,0.3,,,
vit_tiny_patch16_224,random,1,random_2+random_3,2,task_arithmetic,0.9245,0.9861231843658051,0.0952344834804534,0.4260072410106659,0.2924853493244693,2.5977338552474976,2.0,0.8622025545160101,0.7294079623958669,0.5,,,
vit_tiny_patch16_224,random,1,random_2+random_3,2,task_arithmetic,0.9025,0.962624332399584,0.0952344834804534,0.4260072410106659,0.2924853493244693,2.5977338552474976,2.0,0.8622025545160101,0.7294079623958669,1.0,,,
vit_tiny_patch16_224,random,1,random_2+random_3,2,ties,0.90825,0.9687726847606196,0.0952344834804534,0.4260072410106659,0.2924853493244693,2.5977338552474976,2.0,0.8622025545160101,0.7294079623958669,0.5,0.2,,
vit_tiny_patch16_224,random,1,random_2+random_3,2,ties,0.924,0.9855898435988868,0.0952344834804534,0.4260072410106659,0.2924853493244693,2.5977338552474976,2.0,0.8622025545160101,0.7294079623958669,1.0,0.2,,
vit_tiny_patch16_224,random,1,random_2+random_3,2,dare,0.89375,0.9533058025199854,0.0952344834804534,0.4260072410106659,0.2924853493244693,2.5977338552474976,2.0,0.8622025545160101,0.7294079623958669,1.0,0.2,0.9,0.0
vit_tiny_patch16_224,random,1,random_2+random_3,2,dare,0.8939999999999999,0.9535515659453812,0.0952344834804534,0.4260072410106659,0.2924853493244693,2.5977338552474976,2.0,0.8622025545160101,0.7294079623958669,1.0,0.2,0.9,1.0
vit_tiny_patch16_224,random,1,random_2+random_3,2,dare,0.89125,0.950647063240846,0.0952344834804534,0.4260072410106659,0.2924853493244693,2.5977338552474976,2.0,0.8622025545160101,0.7294079623958669,1.0,0.2,0.9,2.0
vit_tiny_patch16_224,random,1,random_2+random_4,2,averaging,0.92825,0.9861888602254189,0.1027738153934478,0.420238047838211,0.304686698809106,2.55778968334198,2.0,0.8888966023934224,0.7299975454981915,,,,
vit_tiny_patch16_224,random,1,random_2+random_4,2,task_arithmetic,0.88025,0.9351958036077596,0.1027738153934478,0.420238047838211,0.304686698809106,2.55778968334198,2.0,0.8888966023934224,0.7299975454981915,0.1,,,
vit_tiny_patch16_224,random,1,random_2+random_4,2,task_arithmetic,0.9045,0.9609577950937496,0.1027738153934478,0.420238047838211,0.304686698809106,2.55778968334198,2.0,0.8888966023934224,0.7299975454981915,0.2,,,
vit_tiny_patch16_224,random,1,random_2+random_4,2,task_arithmetic,0.91975,0.9771591616471104,0.1027738153934478,0.420238047838211,0.304686698809106,2.55778968334198,2.0,0.8888966023934224,0.7299975454981915,0.3,,,
vit_tiny_patch16_224,random,1,random_2+random_4,2,task_arithmetic,0.92825,0.9861888602254189,0.1027738153934478,0.420238047838211,0.304686698809106,2.55778968334198,2.0,0.8888966023934224,0.7299975454981915,0.5,,,
vit_tiny_patch16_224,random,1,random_2+random_4,2,task_arithmetic,0.9,0.9561756484412522,0.1027738153934478,0.420238047838211,0.304686698809106,2.55778968334198,2.0,0.8888966023934224,0.7299975454981915,1.0,,,
vit_tiny_patch16_224,random,1,random_2+random_4,2,ties,0.91425,0.9713169964721546,0.1027738153934478,0.420238047838211,0.304686698809106,2.55778968334198,2.0,0.8888966023934224,0.7299975454981915,0.5,0.2,,
vit_tiny_patch16_224,random,1,random_2+random_4,2,ties,0.929,0.9869864490324808,0.1027738153934478,0.420238047838211,0.304686698809106,2.55778968334198,2.0,0.8888966023934224,0.7299975454981915,1.0,0.2,,
vit_tiny_patch16_224,random,1,random_2+random_4,2,dare,0.8887499999999999,0.9442216927224572,0.1027738153934478,0.420238047838211,0.304686698809106,2.55778968334198,2.0,0.8888966023934224,0.7299975454981915,1.0,0.2,0.9,0.0
vit_tiny_patch16_224,random,1,random_2+random_4,2,dare,0.8975,0.9535198879396896,0.1027738153934478,0.420238047838211,0.304686698809106,2.55778968334198,2.0,0.8888966023934224,0.7299975454981915,1.0,0.2,0.9,1.0
vit_tiny_patch16_224,random,1,random_2+random_4,2,dare,0.89575,0.9516619984276792,0.1027738153934478,0.420238047838211,0.304686698809106,2.55778968334198,2.0,0.8888966023934224,0.7299975454981915,1.0,0.2,0.9,2.0
vit_tiny_patch16_224,random,1,random_3+random_4,2,averaging,0.91925,0.9802737442301852,0.1033081114292144,0.4198931157588959,0.3062752524199726,2.5840060710906982,2.0,0.8796986574905427,0.7326387357536663,,,,
vit_tiny_patch16_224,random,1,random_3+random_4,2,task_arithmetic,0.86475,0.9221421862011164,0.1033081114292144,0.4198931157588959,0.3062752524199726,2.5840060710906982,2.0,0.8796986574905427,0.7326387357536663,0.1,,,
vit_tiny_patch16_224,random,1,random_3+random_4,2,task_arithmetic,0.893,0.952271166221836,0.1033081114292144,0.4198931157588959,0.3062752524199726,2.5840060710906982,2.0,0.8796986574905427,0.7326387357536663,0.2,,,
vit_tiny_patch16_224,random,1,random_3+random_4,2,task_arithmetic,0.9075,0.967731824586262,0.1033081114292144,0.4198931157588959,0.3062752524199726,2.5840060710906982,2.0,0.8796986574905427,0.7326387357536663,0.3,,,
vit_tiny_patch16_224,random,1,random_3+random_4,2,task_arithmetic,0.91925,0.9802737442301852,0.1033081114292144,0.4198931157588959,0.3062752524199726,2.5840060710906982,2.0,0.8796986574905427,0.7326387357536663,0.5,,,
vit_tiny_patch16_224,random,1,random_3+random_4,2,task_arithmetic,0.8879999999999999,0.9469860785274762,0.1033081114292144,0.4198931157588959,0.3062752524199726,2.5840060710906982,2.0,0.8796986574905427,0.7326387357536663,1.0,,,
vit_tiny_patch16_224,random,1,random_3+random_4,2,ties,0.905,0.965072222898218,0.1033081114292144,0.4198931157588959,0.3062752524199726,2.5840060710906982,2.0,0.8796986574905427,0.7326387357536663,0.5,0.2,,
vit_tiny_patch16_224,random,1,random_3+random_4,2,ties,0.92375,0.9850895991521116,0.1033081114292144,0.4198931157588959,0.3062752524199726,2.5840060710906982,2.0,0.8796986574905427,0.7326387357536663,1.0,0.2,,
vit_tiny_patch16_224,random,1,random_3+random_4,2,dare,0.87375,0.931801615036373,0.1033081114292144,0.4198931157588959,0.3062752524199726,2.5840060710906982,2.0,0.8796986574905427,0.7326387357536663,1.0,0.2,0.9,0.0
vit_tiny_patch16_224,random,1,random_3+random_4,2,dare,0.8805,0.9389646288611844,0.1033081114292144,0.4198931157588959,0.3062752524199726,2.5840060710906982,2.0,0.8796986574905427,0.7326387357536663,1.0,0.2,0.9,1.0
vit_tiny_patch16_224,random,1,random_3+random_4,2,dare,0.87575,0.9339450748896072,0.1033081114292144,0.4198931157588959,0.3062752524199726,2.5840060710906982,2.0,0.8796986574905427,0.7326387357536663,1.0,0.2,0.9,2.0
vit_tiny_patch16_224,random,1,random_0+random_1+random_2,3,averaging,0.9135,0.9765404692893976,0.100294900437196,0.4220760067303975,0.3017145733712438,2.58142884572347,3.0,0.881508376805157,0.7263789623899948,,,,
vit_tiny_patch16_224,random,1,random_0+random_1+random_2,3,task_arithmetic,0.886,0.947067378413642,0.100294900437196,0.4220760067303975,0.3017145733712438,2.58142884572347,3.0,0.881508376805157,0.7263789623899948,0.1,,,
vit_tiny_patch16_224,random,1,random_0+random_1+random_2,3,task_arithmetic,0.9038333333333334,0.966220682954381,0.100294900437196,0.4220760067303975,0.3017145733712438,2.58142884572347,3.0,0.881508376805157,0.7263789623899948,0.2,,,
vit_tiny_patch16_224,random,1,random_0+random_1+random_2,3,task_arithmetic,0.9143333333333332,0.9774250855510456,0.100294900437196,0.4220760067303975,0.3017145733712438,2.58142884572347,3.0,0.881508376805157,0.7263789623899948,0.3,,,
vit_tiny_patch16_224,random,1,random_0+random_1+random_2,3,task_arithmetic,0.9101666666666668,0.9729040269866064,0.100294900437196,0.4220760067303975,0.3017145733712438,2.58142884572347,3.0,0.881508376805157,0.7263789623899948,0.5,,,
vit_tiny_patch16_224,random,1,random_0+random_1+random_2,3,task_arithmetic,0.8291666666666666,0.8858249535656627,0.100294900437196,0.4220760067303975,0.3017145733712438,2.58142884572347,3.0,0.881508376805157,0.7263789623899948,1.0,,,
vit_tiny_patch16_224,random,1,random_0+random_1+random_2,3,ties,0.9076666666666666,0.9703142077700924,0.100294900437196,0.4220760067303975,0.3017145733712438,2.58142884572347,3.0,0.881508376805157,0.7263789623899948,0.5,0.2,,
vit_tiny_patch16_224,random,1,random_0+random_1+random_2,3,ties,0.9141666666666668,0.9772471009122948,0.100294900437196,0.4220760067303975,0.3017145733712438,2.58142884572347,3.0,0.881508376805157,0.7263789623899948,1.0,0.2,,
vit_tiny_patch16_224,random,1,random_0+random_1+random_2,3,dare,0.8076666666666666,0.8627776487488631,0.100294900437196,0.4220760067303975,0.3017145733712438,2.58142884572347,3.0,0.881508376805157,0.7263789623899948,1.0,0.2,0.9,0.0
vit_tiny_patch16_224,random,1,random_0+random_1+random_2,3,dare,0.8221666666666666,0.8783907926760648,0.100294900437196,0.4220760067303975,0.3017145733712438,2.58142884572347,3.0,0.881508376805157,0.7263789623899948,1.0,0.2,0.9,1.0
vit_tiny_patch16_224,random,1,random_0+random_1+random_2,3,dare,0.8248333333333333,0.8812020120254512,0.100294900437196,0.4220760067303975,0.3017145733712438,2.58142884572347,3.0,0.881508376805157,0.7263789623899948,1.0,0.2,0.9,2.0
vit_tiny_patch16_224,random,1,random_0+random_1+random_3,3,averaging,0.9041666666666668,0.9690138479160284,0.0964919750889142,0.4249618450800578,0.2924191196533529,2.5989064375559487,3.0,0.8676075729718109,0.7281397558936447,,,,
vit_tiny_patch16_224,random,1,random_0+random_1+random_3,3,task_arithmetic,0.8748333333333335,0.937473185868864,0.0964919750889142,0.4249618450800578,0.2924191196533529,2.5989064375559487,3.0,0.8676075729718109,0.7281397558936447,0.1,,,
vit_tiny_patch16_224,random,1,random_0+random_1+random_3,3,task_arithmetic,0.8943333333333333,0.9584444498117346,0.0964919750889142,0.4249618450800578,0.2924191196533529,2.5989064375559487,3.0,0.8676075729718109,0.7281397558936447,0.2,,,
vit_tiny_patch16_224,random,1,random_0+random_1+random_3,3,task_arithmetic,0.9046666666666666,0.9695337996057064,0.0964919750889142,0.4249618450800578,0.2924191196533529,2.5989064375559487,3.0,0.8676075729718109,0.7281397558936447,0.3,,,
vit_tiny_patch16_224,random,1,random_0+random_1+random_3,3,task_arithmetic,0.9001666666666667,0.964656846461515,0.0964919750889142,0.4249618450800578,0.2924191196533529,2.5989064375559487,3.0,0.8676075729718109,0.7281397558936447,0.5,,,
vit_tiny_patch16_224,random,1,random_0+random_1+random_3,3,task_arithmetic,0.8198333333333334,0.8781052680727793,0.0964919750889142,0.4249618450800578,0.2924191196533529,2.5989064375559487,3.0,0.8676075729718109,0.7281397558936447,1.0,,,
vit_tiny_patch16_224,random,1,random_0+random_1+random_3,3,ties,0.8985,0.9629325941948584,0.0964919750889142,0.4249618450800578,0.2924191196533529,2.5989064375559487,3.0,0.8676075729718109,0.7281397558936447,0.5,0.2,,
vit_tiny_patch16_224,random,1,random_0+random_1+random_3,3,ties,0.9071666666666666,0.972205583479012,0.0964919750889142,0.4249618450800578,0.2924191196533529,2.5989064375559487,3.0,0.8676075729718109,0.7281397558936447,1.0,0.2,,
vit_tiny_patch16_224,random,1,random_0+random_1+random_3,3,dare,0.8086666666666668,0.8661389055984811,0.0964919750889142,0.4249618450800578,0.2924191196533529,2.5989064375559487,3.0,0.8676075729718109,0.7281397558936447,1.0,0.2,0.9,0.0
vit_tiny_patch16_224,random,1,random_0+random_1+random_3,3,dare,0.8093333333333333,0.866769917398524,0.0964919750889142,0.4249618450800578,0.2924191196533529,2.5989064375559487,3.0,0.8676075729718109,0.7281397558936447,1.0,0.2,0.9,1.0
vit_tiny_patch16_224,random,1,random_0+random_1+random_3,3,dare,0.8036666666666666,0.8607581342300129,0.0964919750889142,0.4249618450800578,0.2924191196533529,2.5989064375559487,3.0,0.8676075729718109,0.7281397558936447,1.0,0.2,0.9,2.0
vit_tiny_patch16_224,random,1,random_0+random_1+random_4,3,averaging,0.9075,0.9700211870993698,0.0996567731102307,0.4225920836130778,0.2963408897134178,2.572276989618937,3.0,0.8786527881357701,0.7285328112951944,,,,
vit_tiny_patch16_224,random,1,random_0+random_1+random_4,3,task_arithmetic,0.8809999999999999,0.9415724635652992,0.0996567731102307,0.4225920836130778,0.2963408897134178,2.572276989618937,3.0,0.8786527881357701,0.7285328112951944,0.1,,,
vit_tiny_patch16_224,random,1,random_0+random_1+random_4,3,task_arithmetic,0.8998333333333334,0.9617832466244296,0.0996567731102307,0.4225920836130778,0.2963408897134178,2.572276989618937,3.0,0.8786527881357701,0.7285328112951944,0.2,,,
vit_tiny_patch16_224,random,1,random_0+random_1+random_4,3,task_arithmetic,0.9063333333333332,0.968767840901502,0.0996567731102307,0.4225920836130778,0.2963408897134178,2.572276989618937,3.0,0.8786527881357701,0.7285328112951944,0.3,,,
vit_tiny_patch16_224,random,1,random_0+random_1+random_4,3,task_arithmetic,0.9008333333333334,0.9628109678185236,0.0996567731102307,0.4225920836130778,0.2963408897134178,2.572276989618937,3.0,0.8786527881357701,0.7285328112951944,0.5,,,
vit_tiny_patch16_224,random,1,random_0+random_1+random_4,3,task_arithmetic,0.8073333333333332,0.8624187887985263,0.0996567731102307,0.4225920836130778,0.2963408897134178,2.572276989618937,3.0,0.8786527881357701,0.7285328112951944,1.0,,,
vit_tiny_patch16_224,random,1,random_0+random_1+random_4,3,ties,0.9026666666666668,0.9648317721212992,0.0996567731102307,0.4225920836130778,0.2963408897134178,2.572276989618937,3.0,0.8786527881357701,0.7285328112951944,0.5,0.2,,
vit_tiny_patch16_224,random,1,random_0+random_1+random_4,3,ties,0.9066666666666668,0.9691068867489784,0.0996567731102307,0.4225920836130778,0.2963408897134178,2.572276989618937,3.0,0.8786527881357701,0.7285328112951944,1.0,0.2,,
vit_tiny_patch16_224,random,1,random_0+random_1+random_4,3,dare,0.7845,0.8380064481140853,0.0996567731102307,0.4225920836130778,0.2963408897134178,2.572276989618937,3.0,0.8786527881357701,0.7285328112951944,1.0,0.2,0.9,0.0
vit_tiny_patch16_224,random,1,random_0+random_1+random_4,3,dare,0.8069999999999999,0.8621009601184619,0.0996567731102307,0.4225920836130778,0.2963408897134178,2.572276989618937,3.0,0.8786527881357701,0.7285328112951944,1.0,0.2,0.9,1.0
vit_tiny_patch16_224,random,1,random_0+random_1+random_4,3,dare,0.8046666666666668,0.859602602504237,0.0996567731102307,0.4225920836130778,0.2963408897134178,2.572276989618937,3.0,0.8786527881357701,0.7285328112951944,1.0,0.2,0.9,2.0
vit_tiny_patch16_224,random,1,random_0+random_2+random_3,3,averaging,0.912,0.9689844381327334,0.0984146098295847,0.4235768715540568,0.2944207182426766,2.586200555165609,3.0,0.8739587345726147,0.730614401195404,,,,
vit_tiny_patch16_224,random,1,random_0+random_2+random_3,3,task_arithmetic,0.8873333333333333,0.94276606304637,0.0984146098295847,0.4235768715540568,0.2944207182426766,2.586200555165609,3.0,0.8739587345726147,0.730614401195404,0.1,,,
vit_tiny_patch16_224,random,1,random_0+random_2+random_3,3,task_arithmetic,0.9023333333333332,0.9587149790782502,0.0984146098295847,0.4235768715540568,0.2944207182426766,2.586200555165609,3.0,0.8739587345726147,0.730614401195404,0.2,,,
vit_tiny_patch16_224,random,1,random_0+random_2+random_3,3,task_arithmetic,0.9133333333333334,0.9704012974003124,0.0984146098295847,0.4235768715540568,0.2944207182426766,2.586200555165609,3.0,0.8739587345726147,0.730614401195404,0.3,,,
vit_tiny_patch16_224,random,1,random_0+random_2+random_3,3,task_arithmetic,0.9095,0.9663173628807932,0.0984146098295847,0.4235768715540568,0.2944207182426766,2.586200555165609,3.0,0.8739587345726147,0.730614401195404,0.5,,,
vit_tiny_patch16_224,random,1,random_0+random_2+random_3,3,task_arithmetic,0.8450000000000001,0.8977087290092673,0.0984146098295847,0.4235768715540568,0.2944207182426766,2.586200555165609,3.0,0.8739587345726147,0.730614401195404,1.0,,,
vit_tiny_patch16_224,random,1,random_0+random_2+random_3,3,ties,0.906,0.9626243788330004,0.0984146098295847,0.4235768715540568,0.2944207182426766,2.586200555165609,3.0,0.8739587345726147,0.730614401195404,0.5,0.2,,
vit_tiny_patch16_224,random,1,random_0+random_2+random_3,3,ties,0.9161666666666668,0.9734368299574312,0.0984146098295847,0.4235768715540568,0.2944207182426766,2.586200555165609,3.0,0.8739587345726147,0.730614401195404,1.0,0.2,,
vit_tiny_patch16_224,random,1,random_0+random_2+random_3,3,dare,0.8448333333333333,0.8974857492466679,0.0984146098295847,0.4235768715540568,0.2944207182426766,2.586200555165609,3.0,0.8739587345726147,0.730614401195404,1.0,0.2,0.9,0.0
vit_tiny_patch16_224,random,1,random_0+random_2+random_3,3,dare,0.8445,0.8971608656790941,0.0984146098295847,0.4235768715540568,0.2944207182426766,2.586200555165609,3.0,0.8739587345726147,0.730614401195404,1.0,0.2,0.9,1.0
vit_tiny_patch16_224,random,1,random_0+random_2+random_3,3,dare,0.835,0.8871022203323266,0.0984146098295847,0.4235768715540568,0.2944207182426766,2.586200555165609,3.0,0.8739587345726147,0.730614401195404,1.0,0.2,0.9,2.0
vit_tiny_patch16_224,random,1,random_0+random_2+random_4,3,averaging,0.917,0.971748413930841,0.1016527637839317,0.4211347500483195,0.2976813431193291,2.559571107228597,3.0,0.8867133607901229,0.7310074565969537,,,,
vit_tiny_patch16_224,random,1,random_0+random_2+random_4,3,task_arithmetic,0.8903333333333333,0.9434911318016104,0.1016527637839317,0.4211347500483195,0.2976813431193291,2.559571107228597,3.0,0.8867133607901229,0.7310074565969537,0.1,,,
vit_tiny_patch16_224,random,1,random_0+random_2+random_4,3,task_arithmetic,0.908,0.962218861351254,0.1016527637839317,0.4211347500483195,0.2976813431193291,2.559571107228597,3.0,0.8867133607901229,0.7310074565969537,0.2,,,
vit_tiny_patch16_224,random,1,random_0+random_2+random_4,3,task_arithmetic,0.9178333333333332,0.9726333382184572,0.1016527637839317,0.4211347500483195,0.2976813431193291,2.559571107228597,3.0,0.8867133607901229,0.7310074565969537,0.3,,,
vit_tiny_patch16_224,random,1,random_0+random_2+random_4,3,task_arithmetic,0.913,0.9675127506344614,0.1016527637839317,0.4211347500483195,0.2976813431193291,2.559571107228597,3.0,0.8867133607901229,0.7310074565969537,0.5,,,
vit_tiny_patch16_224,random,1,random_0+random_2+random_4,3,task_arithmetic,0.8346666666666667,0.8844564467498017,0.1016527637839317,0.4211347500483195,0.2976813431193291,2.559571107228597,3.0,0.8867133607901229,0.7310074565969537,1.0,,,
vit_tiny_patch16_224,random,1,random_0+random_2+random_4,3,ties,0.9125,0.966979718324106,0.1016527637839317,0.4211347500483195,0.2976813431193291,2.559571107228597,3.0,0.8867133607901229,0.7310074565969537,0.5,0.2,,
vit_tiny_patch16_224,random,1,random_0+random_2+random_4,3,ties,0.9175,0.9722933923136804,0.1016527637839317,0.4211347500483195,0.2976813431193291,2.559571107228597,3.0,0.8867133607901229,0.7310074565969537,1.0,0.2,,
vit_tiny_patch16_224,random,1,random_0+random_2+random_4,3,dare,0.8346666666666667,0.884471476004396,0.1016527637839317,0.4211347500483195,0.2976813431193291,2.559571107228597,3.0,0.8867133607901229,0.7310074565969537,1.0,0.2,0.9,0.0
vit_tiny_patch16_224,random,1,random_0+random_2+random_4,3,dare,0.8428333333333334,0.8931293463951936,0.1016527637839317,0.4211347500483195,0.2976813431193291,2.559571107228597,3.0,0.8867133607901229,0.7310074565969537,1.0,0.2,0.9,1.0
vit_tiny_patch16_224,random,1,random_0+random_2+random_4,3,dare,0.8418333333333333,0.8920794397590361,0.1016527637839317,0.4211347500483195,0.2976813431193291,2.559571107228597,3.0,0.8867133607901229,0.7310074565969537,1.0,0.2,0.9,2.0
vit_tiny_patch16_224,random,1,random_0+random_3+random_4,3,averaging,0.9085,0.9651079511718516,0.1023061747352282,0.420648843050003,0.2980599028367222,2.5770486990610757,3.0,0.881046418130643,0.7327682501006035,,,,
vit_tiny_patch16_224,random,1,random_0+random_3+random_4,3,task_arithmetic,0.88,0.9348050364252184,0.1023061747352282,0.420648843050003,0.2980599028367222,2.5770486990610757,3.0,0.881046418130643,0.7327682501006035,0.1,,,
vit_tiny_patch16_224,random,1,random_0+random_3+random_4,3,task_arithmetic,0.9023333333333332,0.9585444055804958,0.1023061747352282,0.420648843050003,0.2980599028367222,2.5770486990610757,3.0,0.881046418130643,0.7327682501006035,0.2,,,
vit_tiny_patch16_224,random,1,random_0+random_3+random_4,3,task_arithmetic,0.9088333333333334,0.9654701799127192,0.1023061747352282,0.420648843050003,0.2980599028367222,2.5770486990610757,3.0,0.881046418130643,0.7327682501006035,0.3,,,
vit_tiny_patch16_224,random,1,random_0+random_3+random_4,3,task_arithmetic,0.8995000000000001,0.9555671832587964,0.1023061747352282,0.420648843050003,0.2980599028367222,2.5770486990610757,3.0,0.881046418130643,0.7327682501006035,0.5,,,
vit_tiny_patch16_224,random,1,random_0+random_3+random_4,3,task_arithmetic,0.8086666666666668,0.8589900226849422,0.1023061747352282,0.420648843050003,0.2980599028367222,2.5770486990610757,3.0,0.881046418130643,0.7327682501006035,1.0,,,
vit_tiny_patch16_224,random,1,random_0+random_3+random_4,3,ties,0.9055,0.9619223927464056,0.1023061747352282,0.420648843050003,0.2980599028367222,2.5770486990610757,3.0,0.881046418130643,0.7327682501006035,0.5,0.2,,
vit_tiny_patch16_224,random,1,random_0+random_3+random_4,3,ties,0.9098333333333332,0.966565510103513,0.1023061747352282,0.420648843050003,0.2980599028367222,2.5770486990610757,3.0,0.881046418130643,0.7327682501006035,1.0,0.2,,
vit_tiny_patch16_224,random,1,random_0+random_3+random_4,3,dare,0.8068333333333334,0.8570258735050696,0.1023061747352282,0.420648843050003,0.2980599028367222,2.5770486990610757,3.0,0.881046418130643,0.7327682501006035,1.0,0.2,0.9,0.0
vit_tiny_patch16_224,random,1,random_0+random_3+random_4,3,dare,0.809,0.8593305839814555,0.1023061747352282,0.420648843050003,0.2980599028367222,2.5770486990610757,3.0,0.881046418130643,0.7327682501006035,1.0,0.2,0.9,1.0
vit_tiny_patch16_224,random,1,random_0+random_3+random_4,3,dare,0.8033333333333333,0.8533495912810545,0.1023061747352282,0.420648843050003,0.2980599028367222,2.5770486990610757,3.0,0.881046418130643,0.7327682501006035,1.0,0.2,0.9,2.0
vit_tiny_patch16_224,random,1,random_1+random_2+random_3,3,averaging,0.9103333333333332,0.9781604905974912,0.0962256739536921,0.4251979788144429,0.296974107460915,2.601700941721598,3.0,0.8653070663886586,0.7260529203422825,,,,
vit_tiny_patch16_224,random,1,random_1+random_2+random_3,3,task_arithmetic,0.8795000000000001,0.944981852654728,0.0962256739536921,0.4251979788144429,0.296974107460915,2.601700941721598,3.0,0.8653070663886586,0.7260529203422825,0.1,,,
vit_tiny_patch16_224,random,1,random_1+random_2+random_3,3,task_arithmetic,0.8988333333333333,0.9657857392704382,0.0962256739536921,0.4251979788144429,0.296974107460915,2.601700941721598,3.0,0.8653070663886586,0.7260529203422825,0.2,,,
vit_tiny_patch16_224,random,1,random_1+random_2+random_3,3,task_arithmetic,0.9095,0.9772643093632292,0.0962256739536921,0.4251979788144429,0.296974107460915,2.601700941721598,3.0,0.8653070663886586,0.7260529203422825,0.3,,,
vit_tiny_patch16_224,random,1,random_1+random_2+random_3,3,task_arithmetic,0.9045,0.9718561005513178,0.0962256739536921,0.4251979788144429,0.296974107460915,2.601700941721598,3.0,0.8653070663886586,0.7260529203422825,0.5,,,
vit_tiny_patch16_224,random,1,random_1+random_2+random_3,3,task_arithmetic,0.8119999999999999,0.872077810828994,0.0962256739536921,0.4251979788144429,0.296974107460915,2.601700941721598,3.0,0.8653070663886586,0.7260529203422825,1.0,,,
vit_tiny_patch16_224,random,1,random_1+random_2+random_3,3,ties,0.9031666666666668,0.9704338376197684,0.0962256739536921,0.4251979788144429,0.296974107460915,2.601700941721598,3.0,0.8653070663886586,0.7260529203422825,0.5,0.2,,
vit_tiny_patch16_224,random,1,random_1+random_2+random_3,3,ties,0.91,0.9777771376878622,0.0962256739536921,0.4251979788144429,0.296974107460915,2.601700941721598,3.0,0.8653070663886586,0.7260529203422825,1.0,0.2,,
vit_tiny_patch16_224,random,1,random_1+random_2+random_3,3,dare,0.8143333333333334,0.8746494374468261,0.0962256739536921,0.4251979788144429,0.296974107460915,2.601700941721598,3.0,0.8653070663886586,0.7260529203422825,1.0,0.2,0.9,0.0
vit_tiny_patch16_224,random,1,random_1+random_2+random_3,3,dare,0.8145000000000001,0.8748246568395989,0.0962256739536921,0.4251979788144429,0.296974107460915,2.601700941721598,3.0,0.8653070663886586,0.7260529203422825,1.0,0.2,0.9,1.0
vit_tiny_patch16_224,random,1,random_1+random_2+random_3,3,dare,0.8143333333333334,0.8746131316554532,0.0962256739536921,0.4251979788144429,0.296974107460915,2.601700941721598,3.0,0.8653070663886586,0.7260529203422825,1.0,0.2,0.9,2.0
vit_tiny_patch16_224,random,1,random_1+random_2+random_4,3,averaging,0.9131666666666668,0.978556307108288,0.1011785392959912,0.4214242100715637,0.3057694856340853,2.5750714937845864,3.0,0.8813936872533846,0.7264459757438324,,,,
vit_tiny_patch16_224,random,1,random_1+random_2+random_4,3,task_arithmetic,0.8811666666666667,0.9442686409239291,0.1011785392959912,0.4214242100715637,0.3057694856340853,2.5750714937845864,3.0,0.8813936872533846,0.7264459757438324,0.1,,,
vit_tiny_patch16_224,random,1,random_1+random_2+random_4,3,task_arithmetic,0.9035,0.9682019889947996,0.1011785392959912,0.4214242100715637,0.3057694856340853,2.5750714937845864,3.0,0.8813936872533846,0.7264459757438324,0.2,,,
vit_tiny_patch16_224,random,1,random_1+random_2+random_4,3,task_arithmetic,0.9118333333333334,0.9771399391317868,0.1011785392959912,0.4214242100715637,0.3057694856340853,2.5750714937845864,3.0,0.8813936872533846,0.7264459757438324,0.3,,,
vit_tiny_patch16_224,random,1,random_1+random_2+random_4,3,task_arithmetic,0.9063333333333332,0.9711794867190696,0.1011785392959912,0.4214242100715637,0.3057694856340853,2.5750714937845864,3.0,0.8813936872533846,0.7264459757438324,0.5,,,
vit_tiny_patch16_224,random,1,random_1+random_2+random_4,3,task_arithmetic,0.807,0.86429246318616,0.1011785392959912,0.4214242100715637,0.3057694856340853,2.5750714937845864,3.0,0.8813936872533846,0.7264459757438324,1.0,,,
vit_tiny_patch16_224,random,1,random_1+random_2+random_4,3,ties,0.9091666666666668,0.9742881906847788,0.1011785392959912,0.4214242100715637,0.3057694856340853,2.5750714937845864,3.0,0.8813936872533846,0.7264459757438324,0.5,0.2,,
vit_tiny_patch16_224,random,1,random_1+random_2+random_4,3,ties,0.9153333333333332,0.9808815295963644,0.1011785392959912,0.4214242100715637,0.3057694856340853,2.5750714937845864,3.0,0.8813936872533846,0.7264459757438324,1.0,0.2,,
vit_tiny_patch16_224,random,1,random_1+random_2+random_4,3,dare,0.8128333333333333,0.870575264216979,0.1011785392959912,0.4214242100715637,0.3057694856340853,2.5750714937845864,3.0,0.8813936872533846,0.7264459757438324,1.0,0.2,0.9,0.0
vit_tiny_patch16_224,random,1,random_1+random_2+random_4,3,dare,0.8206666666666665,0.8790374912954779,0.1011785392959912,0.4214242100715637,0.3057694856340853,2.5750714937845864,3.0,0.8813936872533846,0.7264459757438324,1.0,0.2,0.9,1.0
vit_tiny_patch16_224,random,1,random_1+random_2+random_4,3,dare,0.815,0.8728859216368542,0.1011785392959912,0.4214242100715637,0.3057694856340853,2.5750714937845864,3.0,0.8813936872533846,0.7264459757438324,1.0,0.2,0.9,2.0
vit_tiny_patch16_224,random,1,random_1+random_3+random_4,3,averaging,0.9025,0.9695602952760576,0.0970784003535906,0.4245660006999969,0.2971545079393791,2.5925490856170654,3.0,0.8670278628109317,0.7282067692474823,,,,
vit_tiny_patch16_224,random,1,random_1+random_3+random_4,3,task_arithmetic,0.8715,0.9362683300280908,0.0970784003535906,0.4245660006999969,0.2971545079393791,2.5925490856170654,3.0,0.8670278628109317,0.7282067692474823,0.1,,,
vit_tiny_patch16_224,random,1,random_1+random_3+random_4,3,task_arithmetic,0.8931666666666667,0.9595334475655992,0.0970784003535906,0.4245660006999969,0.2971545079393791,2.5925490856170654,3.0,0.8670278628109317,0.7282067692474823,0.2,,,
vit_tiny_patch16_224,random,1,random_1+random_3+random_4,3,task_arithmetic,0.9031666666666666,0.9702731148117724,0.0970784003535906,0.4245660006999969,0.2971545079393791,2.5925490856170654,3.0,0.8670278628109317,0.7282067692474823,0.3,,,
vit_tiny_patch16_224,random,1,random_1+random_3+random_4,3,task_arithmetic,0.8971666666666667,0.96378630367535,0.0970784003535906,0.4245660006999969,0.2971545079393791,2.5925490856170654,3.0,0.8670278628109317,0.7282067692474823,0.5,,,
vit_tiny_patch16_224,random,1,random_1+random_3+random_4,3,task_arithmetic,0.7945000000000001,0.8533433822390456,0.0970784003535906,0.4245660006999969,0.2971545079393791,2.5925490856170654,3.0,0.8670278628109317,0.7282067692474823,1.0,,,
vit_tiny_patch16_224,random,1,random_1+random_3+random_4,3,ties,0.8978333333333334,0.9645539658332692,0.0970784003535906,0.4245660006999969,0.2971545079393791,2.5925490856170654,3.0,0.8670278628109317,0.7282067692474823,0.5,0.2,,
vit_tiny_patch16_224,random,1,random_1+random_3+random_4,3,ties,0.906,0.973293403749142,0.0970784003535906,0.4245660006999969,0.2971545079393791,2.5925490856170654,3.0,0.8670278628109317,0.7282067692474823,1.0,0.2,,
vit_tiny_patch16_224,random,1,random_1+random_3+random_4,3,dare,0.7975,0.856509912140603,0.0970784003535906,0.4245660006999969,0.2971545079393791,2.5925490856170654,3.0,0.8670278628109317,0.7282067692474823,1.0,0.2,0.9,0.0
vit_tiny_patch16_224,random,1,random_1+random_3+random_4,3,dare,0.7971666666666666,0.8562821451140876,0.0970784003535906,0.4245660006999969,0.2971545079393791,2.5925490856170654,3.0,0.8670278628109317,0.7282067692474823,1.0,0.2,0.9,1.0
vit_tiny_patch16_224,random,1,random_1+random_3+random_4,3,dare,0.7781666666666668,0.8356338161095828,0.0970784003535906,0.4245660006999969,0.2971545079393791,2.5925490856170654,3.0,0.8670278628109317,0.7282067692474823,1.0,0.2,0.9,2.0
vit_tiny_patch16_224,random,1,random_2+random_3+random_4,3,averaging,0.9148333333333332,0.9744172442451784,0.1004388034343719,0.4220461348692576,0.3011491001845159,2.579843203226725,3.0,0.8769326047999918,0.7306814145492416,,,,
vit_tiny_patch16_224,random,1,random_2+random_3+random_4,3,task_arithmetic,0.8851666666666667,0.9428108012212548,0.1004388034343719,0.4220461348692576,0.3011491001845159,2.579843203226725,3.0,0.8769326047999918,0.7306814145492416,0.1,,,
vit_tiny_patch16_224,random,1,random_2+random_3+random_4,3,task_arithmetic,0.9048333333333334,0.9637551530968852,0.1004388034343719,0.4220461348692576,0.3011491001845159,2.579843203226725,3.0,0.8769326047999918,0.7306814145492416,0.2,,,
vit_tiny_patch16_224,random,1,random_2+random_3+random_4,3,task_arithmetic,0.9148333333333332,0.974411558298224,0.1004388034343719,0.4220461348692576,0.3011491001845159,2.579843203226725,3.0,0.8769326047999918,0.7306814145492416,0.3,,,
vit_tiny_patch16_224,random,1,random_2+random_3+random_4,3,task_arithmetic,0.909,0.9681999469575068,0.1004388034343719,0.4220461348692576,0.3011491001845159,2.579843203226725,3.0,0.8769326047999918,0.7306814145492416,0.5,,,
vit_tiny_patch16_224,random,1,random_2+random_3+random_4,3,task_arithmetic,0.8128333333333333,0.8658167206811687,0.1004388034343719,0.4220461348692576,0.3011491001845159,2.579843203226725,3.0,0.8769326047999918,0.7306814145492416,1.0,,,
vit_tiny_patch16_224,random,1,random_2+random_3+random_4,3,ties,0.91,0.9692708929515595,0.1004388034343719,0.4220461348692576,0.3011491001845159,2.579843203226725,3.0,0.8769326047999918,0.7306814145492416,0.5,0.2,,
vit_tiny_patch16_224,random,1,random_2+random_3+random_4,3,ties,0.9195,0.9794113967573086,0.1004388034343719,0.4220461348692576,0.3011491001845159,2.579843203226725,3.0,0.8769326047999918,0.7306814145492416,1.0,0.2,,
vit_tiny_patch16_224,random,1,random_2+random_3+random_4,3,dare,0.8109999999999999,0.8638441793762456,0.1004388034343719,0.4220461348692576,0.3011491001845159,2.579843203226725,3.0,0.8769326047999918,0.7306814145492416,1.0,0.2,0.9,0.0
vit_tiny_patch16_224,random,1,random_2+random_3+random_4,3,dare,0.8238333333333333,0.877500277395861,0.1004388034343719,0.4220461348692576,0.3011491001845159,2.579843203226725,3.0,0.8769326047999918,0.7306814145492416,1.0,0.2,0.9,1.0
vit_tiny_patch16_224,random,1,random_2+random_3+random_4,3,dare,0.8125,0.8654713927595501,0.1004388034343719,0.4220461348692576,0.3011491001845159,2.579843203226725,3.0,0.8769326047999918,0.7306814145492416,1.0,0.2,0.9,2.0
vit_tiny_patch16_224,random,1,random_0+random_1+random_2+random_3+random_4,5,averaging,0.902,0.9632878978420096,0.0993738614022731,0.4228224724531174,0.2981683748155638,2.582459735870361,5.0,0.8760148472659086,0.7288828717354634,,,,
vit_tiny_patch16_224,random,1,random_0+random_1+random_2+random_3+random_4,5,task_arithmetic,0.8915,0.9520529128010012,0.0993738614022731,0.4228224724531174,0.2981683748155638,2.582459735870361,5.0,0.8760148472659086,0.7288828717354634,0.1,,,
vit_tiny_patch16_224,random,1,random_0+random_1+random_2+random_3+random_4,5,task_arithmetic,0.902,0.9632878978420096,0.0993738614022731,0.4228224724531174,0.2981683748155638,2.582459735870361,5.0,0.8760148472659086,0.7288828717354634,0.2,,,
vit_tiny_patch16_224,random,1,random_0+random_1+random_2+random_3+random_4,5,task_arithmetic,0.8934000000000001,0.9540581195158364,0.0993738614022731,0.4228224724531174,0.2981683748155638,2.582459735870361,5.0,0.8760148472659086,0.7288828717354634,0.3,,,
vit_tiny_patch16_224,random,1,random_0+random_1+random_2+random_3+random_4,5,task_arithmetic,0.8499000000000001,0.90740540016218,0.0993738614022731,0.4228224724531174,0.2981683748155638,2.582459735870361,5.0,0.8760148472659086,0.7288828717354634,0.5,,,
vit_tiny_patch16_224,random,1,random_0+random_1+random_2+random_3+random_4,5,task_arithmetic,0.5464,0.5827269547503977,0.0993738614022731,0.4228224724531174,0.2981683748155638,2.582459735870361,5.0,0.8760148472659086,0.7288828717354634,1.0,,,
vit_tiny_patch16_224,random,1,random_0+random_1+random_2+random_3+random_4,5,ties,0.9036,0.9649976486531768,0.0993738614022731,0.4228224724531174,0.2981683748155638,2.582459735870361,5.0,0.8760148472659086,0.7288828717354634,0.5,0.2,,
vit_tiny_patch16_224,random,1,random_0+random_1+random_2+random_3+random_4,5,ties,0.8969999999999999,0.9579205082002182,0.0993738614022731,0.4228224724531174,0.2981683748155638,2.582459735870361,5.0,0.8760148472659086,0.7288828717354634,1.0,0.2,,
vit_tiny_patch16_224,random,1,random_0+random_1+random_2+random_3+random_4,5,dare,0.6129,0.6538690185802674,0.0993738614022731,0.4228224724531174,0.2981683748155638,2.582459735870361,5.0,0.8760148472659086,0.7288828717354634,1.0,0.2,0.9,0.0
vit_tiny_patch16_224,random,1,random_0+random_1+random_2+random_3+random_4,5,dare,0.6165,0.6577118047326656,0.0993738614022731,0.4228224724531174,0.2981683748155638,2.582459735870361,5.0,0.8760148472659086,0.7288828717354634,1.0,0.2,0.9,1.0
vit_tiny_patch16_224,random,1,random_0+random_1+random_2+random_3+random_4,5,dare,0.627,0.6688895565870656,0.0993738614022731,0.4228224724531174,0.2981683748155638,2.582459735870361,5.0,0.8760148472659086,0.7288828717354634,1.0,0.2,0.9,2.0
vit_tiny_patch16_224,semantic,0,aquatic_life+flora_and_insects,2,dare,0.806,0.9350318780150784,0.0733423456549644,0.4424541294574737,0.2675484717959526,2.628124952316284,2.0,0.8312760117684689,0.72777254679083,0.2,0.2,0.9,0.0
vit_tiny_patch16_224,semantic,0,aquatic_life+flora_and_insects,2,dare,0.83025,0.9632251339361472,0.0733423456549644,0.4424541294574737,0.2675484717959526,2.628124952316284,2.0,0.8312760117684689,0.72777254679083,0.3,0.2,0.9,0.0
vit_tiny_patch16_224,semantic,0,aquatic_life+flora_and_insects,2,dare,0.8342499999999999,0.967992190088321,0.0733423456549644,0.4424541294574737,0.2675484717959526,2.628124952316284,2.0,0.8312760117684689,0.72777254679083,0.5,0.2,0.9,0.0
vit_tiny_patch16_224,semantic,0,aquatic_life+household_and_people,2,dare,0.77325,0.9078390385373504,0.0637091323733329,0.4499767124652862,0.2553677743727316,2.681105852127075,2.0,0.8135311375864404,0.7300080948104093,0.2,0.2,0.9,0.0
vit_tiny_patch16_224,semantic,0,aquatic_life+household_and_people,2,dare,0.791,0.928676679375529,0.0637091323733329,0.4499767124652862,0.2553677743727316,2.681105852127075,2.0,0.8135311375864404,0.7300080948104093,0.3,0.2,0.9,0.0
vit_tiny_patch16_224,semantic,0,aquatic_life+household_and_people,2,dare,0.8182499999999999,0.9606686901601428,0.0637091323733329,0.4499767124652862,0.2553677743727316,2.681105852127075,2.0,0.8135311375864404,0.7300080948104093,0.5,0.2,0.9,0.0
vit_tiny_patch16_224,semantic,0,aquatic_life+mammals,2,dare,0.78225,0.9133183245816362,0.080729104578495,0.436766117811203,0.2886546093563243,2.6946656703948975,2.0,0.849565217106944,0.7198636875118782,0.2,0.2,0.9,0.0
vit_tiny_patch16_224,semantic,0,aquatic_life+mammals,2,dare,0.80225,0.9366912859269438,0.080729104578495,0.436766117811203,0.2886546093563243,2.6946656703948975,2.0,0.849565217106944,0.7198636875118782,0.3,0.2,0.9,0.0
vit_tiny_patch16_224,semantic,0,aquatic_life+mammals,2,dare,0.819,0.9562772979339452,0.080729104578495,0.436766117811203,0.2886546093563243,2.6946656703948975,2.0,0.849565217106944,0.7198636875118782,0.5,0.2,0.9,0.0
vit_tiny_patch16_224,semantic,0,aquatic_life+outdoor_and_vehicles,2,dare,0.813,0.9204279286220606,0.0664556846022605,0.447789192199707,0.2590909060463545,2.638472557067871,2.0,0.7886978661948937,0.7201772319569175,0.2,0.2,0.9,0.0
vit_tiny_patch16_224,semantic,0,aquatic_life+outdoor_and_vehicles,2,dare,0.8245,0.9335274961218808,0.0664556846022605,0.447789192199707,0.2590909060463545,2.638472557067871,2.0,0.7886978661948937,0.7201772319569175,0.3,0.2,0.9,0.0
vit_tiny_patch16_224,semantic,0,aquatic_life+outdoor_and_vehicles,2,dare,0.8434999999999999,0.9551313167113548,0.0664556846022605,0.447789192199707,0.2590909060463545,2.638472557067871,2.0,0.7886978661948937,0.7201772319569175,0.5,0.2,0.9,0.0
vit_tiny_patch16_224,semantic,0,flora_and_insects+household_and_people,2,dare,0.8089999999999999,0.9387618421003872,0.070016860961914,0.4452358484268188,0.2669245257035089,2.5851352214813232,2.0,0.8254206922256437,0.7444405446142306,0.2,0.2,0.9,0.0
vit_tiny_patch16_224,semantic,0,flora_and_insects+household_and_people,2,dare,0.82625,0.9588315513543142,0.070016860961914,0.4452358484268188,0.2669245257035089,2.5851352214813232,2.0,0.8254206922256437,0.7444405446142306,0.3,0.2,0.9,0.0
vit_tiny_patch16_224,semantic,0,flora_and_insects+household_and_people,2,dare,0.8405,0.9754252308285232,0.070016860961914,0.4452358484268188,0.2669245257035089,2.5851352214813232,2.0,0.8254206922256437,0.7444405446142306,0.5,0.2,0.9,0.0
vit_tiny_patch16_224,semantic,0,flora_and_insects+mammals,2,dare,0.80675,0.9311077060856666,0.0654383599758148,0.4485036134719848,0.2572608875027952,2.5986950397491455,2.0,0.8236556964546702,0.7342961373156995,0.2,0.2,0.9,0.0
vit_tiny_patch16_224,semantic,0,flora_and_insects+mammals,2,dare,0.8225,0.9493164294809902,0.0654383599758148,0.4485036134719848,0.2572608875027952,2.5986950397491455,2.0,0.8236556964546702,0.7342961373156995,0.3,0.2,0.9,0.0
vit_tiny_patch16_224,semantic,0,flora_and_insects+mammals,2,dare,0.82575,0.9530911100849392,0.0654383599758148,0.4485036134719848,0.2572608875027952,2.5986950397491455,2.0,0.8236556964546702,0.7342961373156995,0.5,0.2,0.9,0.0
vit_tiny_patch16_224,semantic,0,flora_and_insects+outdoor_and_vehicles,2,dare,0.84375,0.9455624938014012,0.0705346912145614,0.4448030292987823,0.2613308402094209,2.542501926422119,2.0,0.8040270874963898,0.7346096817607388,0.2,0.2,0.9,0.0
vit_tiny_patch16_224,semantic,0,flora_and_insects+outdoor_and_vehicles,2,dare,0.857,0.960419357956992,0.0705346912145614,0.4448030292987823,0.2613308402094209,2.542501926422119,2.0,0.8040270874963898,0.7346096817607388,0.3,0.2,0.9,0.0
vit_tiny_patch16_224,semantic,0,flora_and_insects+outdoor_and_vehicles,2,dare,0.86775,0.9722875559757002,0.0705346912145614,0.4448030292987823,0.2613308402094209,2.542501926422119,2.0,0.8040270874963898,0.7346096817607388,0.5,0.2,0.9,0.0
vit_tiny_patch16_224,semantic,0,household_and_people+mammals,2,dare,0.77875,0.9095380973522846,0.0638081505894661,0.4497857689857483,0.2547972038064928,2.6516759395599365,2.0,0.8183070445028469,0.7365316853352789,0.2,0.2,0.9,0.0
vit_tiny_patch16_224,semantic,0,household_and_people+mammals,2,dare,0.7987500000000001,0.9328770435175202,0.0638081505894661,0.4497857689857483,0.2547972038064928,2.6516759395599365,2.0,0.8183070445028469,0.7365316853352789,0.3,0.2,0.9,0.0
vit_tiny_patch16_224,semantic,0,household_and_people+mammals,2,dare,0.8135,0.9501313866422784,0.0638081505894661,0.4497857689857483,0.2547972038064928,2.6516759395599365,2.0,0.8183070445028469,0.7365316853352789,0.5,0.2,0.9,0.0
vit_tiny_patch16_224,semantic,0,household_and_people+outdoor_and_vehicles,2,dare,0.8175,0.926020627776186,0.0767083913087844,0.4400654435157776,0.2790752406468862,2.59548282623291,2.0,0.8247179236415824,0.7368452297803182,0.2,0.2,0.9,0.0
vit_tiny_patch16_224,semantic,0,household_and_people+outdoor_and_vehicles,2,dare,0.8367500000000001,0.9478448059866036,0.0767083913087844,0.4400654435157776,0.2790752406468862,2.59548282623291,2.0,0.8247179236415824,0.7368452297803182,0.3,0.2,0.9,0.0
vit_tiny_patch16_224,semantic,0,household_and_people+outdoor_and_vehicles,2,dare,0.84925,0.9618823327606963,0.0767083913087844,0.4400654435157776,0.2790752406468862,2.59548282623291,2.0,0.8247179236415824,0.7368452297803182,0.5,0.2,0.9,0.0
vit_tiny_patch16_224,semantic,0,mammals+outdoor_and_vehicles,2,dare,0.8142499999999999,0.9170459772744024,0.0659624934196472,0.4480605721473694,0.2559749078117774,2.6090426445007324,2.0,0.8019849892286448,0.7267008224817871,0.2,0.2,0.9,0.0
vit_tiny_patch16_224,semantic,0,mammals+outdoor_and_vehicles,2,dare,0.831,0.9359444770596502,0.0659624934196472,0.4480605721473694,0.2559749078117774,2.6090426445007324,2.0,0.8019849892286448,0.7267008224817871,0.3,0.2,0.9,0.0
vit_tiny_patch16_224,semantic,0,mammals+outdoor_and_vehicles,2,dare,0.8454999999999999,0.952347595920473,0.0659624934196472,0.4480605721473694,0.2559749078117774,2.6090426445007324,2.0,0.8019849892286448,0.7267008224817871,0.5,0.2,0.9,0.0
vit_tiny_patch16_224,semantic,0,aquatic_life+flora_and_insects+household_and_people,3,dare,0.8019999999999999,0.9341243743771064,0.0690227796634038,0.4458888967831929,0.263280257290731,2.631455341974894,3.0,0.823409280526851,0.73407372873849,0.2,0.2,0.9,0.0
vit_tiny_patch16_224,semantic,0,aquatic_life+flora_and_insects+household_and_people,3,dare,0.8146666666666667,0.9489503408532388,0.0690227796634038,0.4458888967831929,0.263280257290731,2.631455341974894,3.0,0.823409280526851,0.73407372873849,0.3,0.2,0.9,0.0
vit_tiny_patch16_224,semantic,0,aquatic_life+flora_and_insects+household_and_people,3,dare,0.8153333333333334,0.9497894847105904,0.0690227796634038,0.4458888967831929,0.263280257290731,2.631455341974894,3.0,0.823409280526851,0.73407372873849,0.5,0.2,0.9,0.0
vit_tiny_patch16_224,semantic,0,aquatic_life+flora_and_insects+mammals,3,dare,0.8028333333333334,0.931734240950322,0.0731699367364247,0.4425746202468872,0.2711546562183574,2.640495220820109,3.0,0.8348323084433611,0.7273107905394692,0.2,0.2,0.9,0.0
vit_tiny_patch16_224,semantic,0,aquatic_life+flora_and_insects+mammals,3,dare,0.8135,0.9441816931562932,0.0731699367364247,0.4425746202468872,0.2711546562183574,2.640495220820109,3.0,0.8348323084433611,0.7273107905394692,0.3,0.2,0.9,0.0
vit_tiny_patch16_224,semantic,0,aquatic_life+flora_and_insects+mammals,3,dare,0.8085,0.9384281658869532,0.0731699367364247,0.4425746202468872,0.2711546562183574,2.640495220820109,3.0,0.8348323084433611,0.7273107905394692,0.5,0.2,0.9,0.0
vit_tiny_patch16_224,semantic,0,aquatic_life+flora_and_insects+outdoor_and_vehicles,3,dare,0.8243333333333333,0.9376736068103658,0.0701109071572621,0.4450154503186543,0.262656739350576,2.6030331452687583,3.0,0.8080003218199175,0.7275198201694955,0.2,0.2,0.9,0.0
vit_tiny_patch16_224,semantic,0,aquatic_life+flora_and_insects+outdoor_and_vehicles,3,dare,0.8328333333333333,0.9474474056322268,0.0701109071572621,0.4450154503186543,0.262656739350576,2.6030331452687583,3.0,0.8080003218199175,0.7275198201694955,0.3,0.2,0.9,0.0
vit_tiny_patch16_224,semantic,0,aquatic_life+flora_and_insects+outdoor_and_vehicles,3,dare,0.8321666666666667,0.9467664350265764,0.0701109071572621,0.4450154503186543,0.262656739350576,2.6030331452687583,3.0,0.8080003218199175,0.7275198201694955,0.5,0.2,0.9,0.0
vit_tiny_patch16_224,semantic,0,aquatic_life+household_and_people+mammals,3,dare,0.7823333333333333,0.9152035638618512,0.0694154625137647,0.4455095330874125,0.2662731958451829,2.6758158206939697,3.0,0.8271344663987437,0.7288011558858555,0.2,0.2,0.9,0.0
vit_tiny_patch16_224,semantic,0,aquatic_life+household_and_people+mammals,3,dare,0.7996666666666666,0.9354689319192874,0.0694154625137647,0.4455095330874125,0.2662731958451829,2.6758158206939697,3.0,0.8271344663987437,0.7288011558858555,0.3,0.2,0.9,0.0
vit_tiny_patch16_224,semantic,0,aquatic_life+household_and_people+mammals,3,dare,0.8016666666666667,0.9378730523326174,0.0694154625137647,0.4455095330874125,0.2662731958451829,2.6758158206939697,3.0,0.8271344663987437,0.7288011558858555,0.5,0.2,0.9,0.0
vit_tiny_patch16_224,semantic,0,aquatic_life+household_and_people+outdoor_and_vehicles,3,dare,0.8045,0.9218722760294488,0.0689577360947926,0.4459437827269236,0.2645113070219908,2.6383537451426187,3.0,0.8089823091409721,0.7290101855158816,0.2,0.2,0.9,0.0
vit_tiny_patch16_224,semantic,0,aquatic_life+household_and_people+outdoor_and_vehicles,3,dare,0.816,0.9351994926782536,0.0689577360947926,0.4459437827269236,0.2645113070219908,2.6383537451426187,3.0,0.8089823091409721,0.7290101855158816,0.3,0.2,0.9,0.0
vit_tiny_patch16_224,semantic,0,aquatic_life+household_and_people+outdoor_and_vehicles,3,dare,0.8191666666666667,0.9388782669526816,0.0689577360947926,0.4459437827269236,0.2645113070219908,2.6383537451426187,3.0,0.8089823091409721,0.7290101855158816,0.5,0.2,0.9,0.0
vit_tiny_patch16_224,semantic,0,aquatic_life+mammals+outdoor_and_vehicles,3,dare,0.8048333333333334,0.9190032833674584,0.0710490942001342,0.4442052940527598,0.267906807738152,2.6473936239878335,3.0,0.8134160241768275,0.722247247316861,0.2,0.2,0.9,0.0
vit_tiny_patch16_224,semantic,0,aquatic_life+mammals+outdoor_and_vehicles,3,dare,0.8166666666666668,0.9325848423995908,0.0710490942001342,0.4442052940527598,0.267906807738152,2.6473936239878335,3.0,0.8134160241768275,0.722247247316861,0.3,0.2,0.9,0.0
vit_tiny_patch16_224,semantic,0,aquatic_life+mammals+outdoor_and_vehicles,3,dare,0.8210000000000001,0.9376637792515052,0.0710490942001342,0.4442052940527598,0.267906807738152,2.6473936239878335,3.0,0.8134160241768275,0.722247247316861,0.5,0.2,0.9,0.0
vit_tiny_patch16_224,semantic,0,flora_and_insects+household_and_people+mammals,3,dare,0.8024999999999999,0.9315229427198436,0.0664211238423983,0.447841743628184,0.259660872337599,2.6118354002634683,3.0,0.8224611443943869,0.7384227890884031,0.2,0.2,0.9,0.0
vit_tiny_patch16_224,semantic,0,flora_and_insects+household_and_people+mammals,3,dare,0.8105000000000001,0.9408586091059796,0.0664211238423983,0.447841743628184,0.259660872337599,2.6118354002634683,3.0,0.8224611443943869,0.7384227890884031,0.3,0.2,0.9,0.0
vit_tiny_patch16_224,semantic,0,flora_and_insects+household_and_people+mammals,3,dare,0.8053333333333333,0.9349007663606592,0.0664211238423983,0.447841743628184,0.259660872337599,2.6118354002634683,3.0,0.8224611443943869,0.7384227890884031,0.5,0.2,0.9,0.0
vit_tiny_patch16_224,semantic,0,flora_and_insects+household_and_people+outdoor_and_vehicles,3,dare,0.8268333333333334,0.940736152129389,0.0724199811617533,0.4433681070804596,0.2691102021866053,2.5743733247121177,3.0,0.8180552344545386,0.7386318187184292,0.2,0.2,0.9,0.0
vit_tiny_patch16_224,semantic,0,flora_and_insects+household_and_people+outdoor_and_vehicles,3,dare,0.8343333333333334,0.949338606951486,0.0724199811617533,0.4433681070804596,0.2691102021866053,2.5743733247121177,3.0,0.8180552344545386,0.7386318187184292,0.3,0.2,0.9,0.0
vit_tiny_patch16_224,semantic,0,flora_and_insects+household_and_people+outdoor_and_vehicles,3,dare,0.834,0.94887581842405,0.0724199811617533,0.4433681070804596,0.2691102021866053,2.5743733247121177,3.0,0.8180552344545386,0.7386318187184292,0.5,0.2,0.9,0.0
vit_tiny_patch16_224,semantic,0,flora_and_insects+mammals+outdoor_and_vehicles,3,dare,0.8238333333333333,0.9338400116526766,0.0673118482033411,0.4471224049727122,0.2581888785079978,2.5834132035573325,3.0,0.8098892577265683,0.7318688805194086,0.2,0.2,0.9,0.0
vit_tiny_patch16_224,semantic,0,flora_and_insects+mammals+outdoor_and_vehicles,3,dare,0.8250000000000001,0.9350986671980632,0.0673118482033411,0.4471224049727122,0.2581888785079978,2.5834132035573325,3.0,0.8098892577265683,0.7318688805194086,0.3,0.2,0.9,0.0
vit_tiny_patch16_224,semantic,0,flora_and_insects+mammals+outdoor_and_vehicles,3,dare,0.8195,0.9286891694133406,0.0673118482033411,0.4471224049727122,0.2581888785079978,2.5834132035573325,3.0,0.8098892577265683,0.7318688805194086,0.5,0.2,0.9,0.0
vit_tiny_patch16_224,semantic,0,household_and_people+mammals+outdoor_and_vehicles,3,dare,0.8093333333333333,0.9242435006221562,0.0688263451059659,0.4459705948829651,0.2632824507550521,2.618733803431193,3.0,0.815003319124358,0.7333592458657948,0.2,0.2,0.9,0.0
vit_tiny_patch16_224,semantic,0,household_and_people+mammals+outdoor_and_vehicles,3,dare,0.8184999999999999,0.9347372364628704,0.0688263451059659,0.4459705948829651,0.2632824507550521,2.618733803431193,3.0,0.815003319124358,0.7333592458657948,0.3,0.2,0.9,0.0
vit_tiny_patch16_224,semantic,0,household_and_people+mammals+outdoor_and_vehicles,3,dare,0.8161666666666667,0.9320591502822072,0.0688263451059659,0.4459705948829651,0.2632824507550521,2.618733803431193,3.0,0.815003319124358,0.7333592458657948,0.5,0.2,0.9,0.0
vit_tiny_patch16_224,semantic,0,aquatic_life+flora_and_insects+household_and_people+mammals+outdoor_and_vehicles,5,dare,0.8028000000000001,0.9227043468337254,0.0696705214679241,0.4453440427780151,0.2646025367252244,2.6224902629852296,5.0,0.8181183666206525,0.7311245662358088,0.2,0.2,0.9,0.0
vit_tiny_patch16_224,semantic,0,aquatic_life+flora_and_insects+household_and_people+mammals+outdoor_and_vehicles,5,dare,0.8035,0.923618193856317,0.0696705214679241,0.4453440427780151,0.2646025367252244,2.6224902629852296,5.0,0.8181183666206525,0.7311245662358088,0.3,0.2,0.9,0.0
vit_tiny_patch16_224,semantic,0,aquatic_life+flora_and_insects+household_and_people+mammals+outdoor_and_vehicles,5,dare,0.7757,0.8915094899686512,0.0696705214679241,0.4453440427780151,0.2646025367252244,2.6224902629852296,5.0,0.8181183666206525,0.7311245662358088,0.5,0.2,0.9,0.0
vit_tiny_patch16_224,semantic,1,aquatic_life+flora_and_insects,2,dare,0.8089999999999999,0.9358342931376226,0.0662192851305008,0.4480041563510895,0.2685604133630065,2.639031171798706,2.0,0.8463236502715547,0.732564370460512,0.2,0.2,0.9,0.0
vit_tiny_patch16_224,semantic,1,aquatic_life+flora_and_insects,2,dare,0.8242499999999999,0.9535329726254888,0.0662192851305008,0.4480041563510895,0.2685604133630065,2.639031171798706,2.0,0.8463236502715547,0.732564370460512,0.3,0.2,0.9,0.0
vit_tiny_patch16_224,semantic,1,aquatic_life+flora_and_insects,2,dare,0.838,0.9695482000321424,0.0662192851305008,0.4480041563510895,0.2685604133630065,2.639031171798706,2.0,0.8463236502715547,0.732564370460512,0.5,0.2,0.9,0.0
vit_tiny_patch16_224,semantic,1,aquatic_life+household_and_people,2,dare,0.774,0.9130156418820908,0.0652848482131958,0.4487262368202209,0.2590017849102707,2.683409810066223,2.0,0.8160383644067565,0.7315683460140403,0.2,0.2,0.9,0.0
vit_tiny_patch16_224,semantic,1,aquatic_life+household_and_people,2,dare,0.79575,0.938673636857598,0.0652848482131958,0.4487262368202209,0.2590017849102707,2.683409810066223,2.0,0.8160383644067565,0.7315683460140403,0.3,0.2,0.9,0.0
vit_tiny_patch16_224,semantic,1,aquatic_life+household_and_people,2,dare,0.81175,0.95753879163104,0.0652848482131958,0.4487262368202209,0.2590017849102707,2.683409810066223,2.0,0.8160383644067565,0.7315683460140403,0.5,0.2,0.9,0.0
vit_tiny_patch16_224,semantic,1,aquatic_life+mammals,2,dare,0.78525,0.916324454716193,0.0806159675121307,0.436891108751297,0.282200906913055,2.7066235542297363,2.0,0.8373499853434341,0.7159856087098808,0.2,0.2,0.9,0.0
vit_tiny_patch16_224,semantic,1,aquatic_life+mammals,2,dare,0.8035,0.9376535953786662,0.0806159675121307,0.436891108751297,0.282200906913055,2.7066235542297363,2.0,0.8373499853434341,0.7159856087098808,0.3,0.2,0.9,0.0
vit_tiny_patch16_224,semantic,1,aquatic_life+mammals,2,dare,0.82525,0.9630208540779648,0.0806159675121307,0.436891108751297,0.282200906913055,2.7066235542297363,2.0,0.8373499853434341,0.7159856087098808,0.5,0.2,0.9,0.0
vit_tiny_patch16_224,semantic,1,aquatic_life+outdoor_and_vehicles,2,dare,0.8075,0.9160168414076068,0.0670505613088607,0.447339802980423,0.2649419346382072,2.653646469116211,2.0,0.7974767161295092,0.7262835998657793,0.2,0.2,0.9,0.0
vit_tiny_patch16_224,semantic,1,aquatic_life+outdoor_and_vehicles,2,dare,0.827,0.9381539890835804,0.0670505613088607,0.447339802980423,0.2649419346382072,2.653646469116211,2.0,0.7974767161295092,0.7262835998657793,0.3,0.2,0.9,0.0
vit_tiny_patch16_224,semantic,1,aquatic_life+outdoor_and_vehicles,2,dare,0.851,0.9654679257642202,0.0670505613088607,0.447339802980423,0.2649419346382072,2.653646469116211,2.0,0.7974767161295092,0.7262835998657793,0.5,0.2,0.9,0.0
vit_tiny_patch16_224,semantic,1,flora_and_insects+household_and_people,2,dare,0.8095,0.9372085301062574,0.071295365691185,0.4441826343536377,0.2708478973417602,2.5896114110946655,2.0,0.8362473114674014,0.7465231376392685,0.2,0.2,0.9,0.0
vit_tiny_patch16_224,semantic,1,flora_and_insects+household_and_people,2,dare,0.82575,0.9560396989374262,0.071295365691185,0.4441826343536377,0.2708478973417602,2.5896114110946655,2.0,0.8362473114674014,0.7465231376392685,0.3,0.2,0.9,0.0
vit_tiny_patch16_224,semantic,1,flora_and_insects+household_and_people,2,dare,0.842,0.9749262101534828,0.071295365691185,0.4441826343536377,0.2708478973417602,2.5896114110946655,2.0,0.8362473114674014,0.7465231376392685,0.5,0.2,0.9,0.0
vit_tiny_patch16_224,semantic,1,flora_and_insects+mammals,2,dare,0.802,0.918693214642088,0.0641148760914802,0.4495828449726105,0.2587019487609606,2.6128251552581787,2.0,0.8238850742210209,0.730940400335109,0.2,0.2,0.9,0.0
vit_tiny_patch16_224,semantic,1,flora_and_insects+mammals,2,dare,0.8200000000000001,0.939380973950948,0.0641148760914802,0.4495828449726105,0.2587019487609606,2.6128251552581787,2.0,0.8238850742210209,0.730940400335109,0.3,0.2,0.9,0.0
vit_tiny_patch16_224,semantic,1,flora_and_insects+mammals,2,dare,0.82825,0.9488844795441416,0.0641148760914802,0.4495828449726105,0.2587019487609606,2.6128251552581787,2.0,0.8238850742210209,0.730940400335109,0.5,0.2,0.9,0.0
vit_tiny_patch16_224,semantic,1,flora_and_insects+outdoor_and_vehicles,2,dare,0.84175,0.9385263328028646,0.0705975517630577,0.4447415769100189,0.2673041023453688,2.5598480701446533,2.0,0.8205072147490535,0.7412383914910075,0.2,0.2,0.9,0.0
vit_tiny_patch16_224,semantic,1,flora_and_insects+outdoor_and_vehicles,2,dare,0.85375,0.951887930177044,0.0705975517630577,0.4447415769100189,0.2673041023453688,2.5598480701446533,2.0,0.8205072147490535,0.7412383914910075,0.3,0.2,0.9,0.0
vit_tiny_patch16_224,semantic,1,flora_and_insects+outdoor_and_vehicles,2,dare,0.865,0.9644606624229162,0.0705975517630577,0.4447415769100189,0.2673041023453688,2.5598480701446533,2.0,0.8205072147490535,0.7412383914910075,0.5,0.2,0.9,0.0
vit_tiny_patch16_224,semantic,1,household_and_people+mammals,2,dare,0.7827500000000001,0.9143019813021388,0.0645400062203407,0.4491826593875885,0.2535712253376889,2.657203793525696,2.0,0.7980335506015344,0.7299443758886374,0.2,0.2,0.9,0.0
vit_tiny_patch16_224,semantic,1,household_and_people+mammals,2,dare,0.802,0.9367958206385808,0.0645400062203407,0.4491826593875885,0.2535712253376889,2.657203793525696,2.0,0.7980335506015344,0.7299443758886374,0.3,0.2,0.9,0.0
vit_tiny_patch16_224,semantic,1,household_and_people+mammals,2,dare,0.81125,0.9476220827646696,0.0645400062203407,0.4491826593875885,0.2535712253376889,2.657203793525696,2.0,0.7980335506015344,0.7299443758886374,0.5,0.2,0.9,0.0
vit_tiny_patch16_224,semantic,1,household_and_people+outdoor_and_vehicles,2,dare,0.81525,0.9258410427845478,0.0801031365990638,0.4374220371246338,0.2793007081801047,2.6042267084121704,2.0,0.8327484434521869,0.7402423670445357,0.2,0.2,0.9,0.0
vit_tiny_patch16_224,semantic,1,household_and_people+outdoor_and_vehicles,2,dare,0.8342499999999999,0.9476024274114586,0.0801031365990638,0.4374220371246338,0.2793007081801047,2.6042267084121704,2.0,0.8327484434521869,0.7402423670445357,0.3,0.2,0.9,0.0
vit_tiny_patch16_224,semantic,1,household_and_people+outdoor_and_vehicles,2,dare,0.8494999999999999,0.9647200571459572,0.0801031365990638,0.4374220371246338,0.2793007081801047,2.6042267084121704,2.0,0.8327484434521869,0.7402423670445357,0.5,0.2,0.9,0.0
vit_tiny_patch16_224,semantic,1,mammals+outdoor_and_vehicles,2,dare,0.8167500000000001,0.9176635796967892,0.0669750124216079,0.4473427832126617,0.259648707080244,2.6274404525756836,2.0,0.7951428093003877,0.7246596297403762,0.2,0.2,0.9,0.0
vit_tiny_patch16_224,semantic,1,mammals+outdoor_and_vehicles,2,dare,0.8347500000000001,0.9380009847459192,0.0669750124216079,0.4473427832126617,0.259648707080244,2.6274404525756836,2.0,0.7951428093003877,0.7246596297403762,0.3,0.2,0.9,0.0
vit_tiny_patch16_224,semantic,1,mammals+outdoor_and_vehicles,2,dare,0.8505,0.9555701350201689,0.0669750124216079,0.4473427832126617,0.259648707080244,2.6274404525756836,2.0,0.7951428093003877,0.7246596297403762,0.5,0.2,0.9,0.0
vit_tiny_patch16_224,semantic,1,aquatic_life+flora_and_insects+household_and_people,3,dare,0.8026666666666666,0.9347523884661614,0.0675998330116272,0.4469710091749827,0.2661366985383458,2.6373507976531982,3.0,0.8328697753819041,0.736885284704607,0.2,0.2,0.9,0.0
vit_tiny_patch16_224,semantic,1,aquatic_life+flora_and_insects+household_and_people,3,dare,0.8163333333333332,0.9507234912549104,0.0675998330116272,0.4469710091749827,0.2661366985383458,2.6373507976531982,3.0,0.8328697753819041,0.736885284704607,0.3,0.2,0.9,0.0
vit_tiny_patch16_224,semantic,1,aquatic_life+flora_and_insects+household_and_people,3,dare,0.8178333333333333,0.9525120623425788,0.0675998330116272,0.4469710091749827,0.2661366985383458,2.6373507976531982,3.0,0.8328697753819041,0.736885284704607,0.5,0.2,0.9,0.0
vit_tiny_patch16_224,semantic,1,aquatic_life+flora_and_insects+mammals,3,dare,0.8031666666666667,0.9287733671525692,0.0703167095780372,0.4448260366916656,0.2698210896790073,2.6528266270955405,3.0,0.8358529032786698,0.7264967931685007,0.2,0.2,0.9,0.0
vit_tiny_patch16_224,semantic,1,aquatic_life+flora_and_insects+mammals,3,dare,0.8146666666666667,0.9421785372070448,0.0703167095780372,0.4448260366916656,0.2698210896790073,2.6528266270955405,3.0,0.8358529032786698,0.7264967931685007,0.3,0.2,0.9,0.0
vit_tiny_patch16_224,semantic,1,aquatic_life+flora_and_insects+mammals,3,dare,0.8128333333333333,0.9401324150036068,0.0703167095780372,0.4448260366916656,0.2698210896790073,2.6528266270955405,3.0,0.8358529032786698,0.7264967931685007,0.5,0.2,0.9,0.0
vit_tiny_patch16_224,semantic,1,aquatic_life+flora_and_insects+outdoor_and_vehicles,3,dare,0.8233333333333333,0.9346679209034132,0.0679557994008064,0.4466951787471771,0.2669354834488608,2.61750857035319,3.0,0.8214358603833724,0.7333621206057662,0.2,0.2,0.9,0.0
vit_tiny_patch16_224,semantic,1,aquatic_life+flora_and_insects+outdoor_and_vehicles,3,dare,0.8351666666666667,0.9482834676150868,0.0679557994008064,0.4466951787471771,0.2669354834488608,2.61750857035319,3.0,0.8214358603833724,0.7333621206057662,0.3,0.2,0.9,0.0
vit_tiny_patch16_224,semantic,1,aquatic_life+flora_and_insects+outdoor_and_vehicles,3,dare,0.8363333333333333,0.9496866667100388,0.0679557994008064,0.4466951787471771,0.2669354834488608,2.61750857035319,3.0,0.8214358603833724,0.7333621206057662,0.5,0.2,0.9,0.0
vit_tiny_patch16_224,semantic,1,aquatic_life+household_and_people+mammals,3,dare,0.785,0.9196820503390852,0.0701469406485557,0.4449333349863688,0.2649246390536715,2.682412385940552,3.0,0.817140633450575,0.7258327768708529,0.2,0.2,0.9,0.0
vit_tiny_patch16_224,semantic,1,aquatic_life+household_and_people+mammals,3,dare,0.798,0.9348941019419204,0.0701469406485557,0.4449333349863688,0.2649246390536715,2.682412385940552,3.0,0.817140633450575,0.7258327768708529,0.3,0.2,0.9,0.0
vit_tiny_patch16_224,semantic,1,aquatic_life+household_and_people+mammals,3,dare,0.801,0.9384430668325482,0.0701469406485557,0.4449333349863688,0.2649246390536715,2.682412385940552,3.0,0.817140633450575,0.7258327768708529,0.5,0.2,0.9,0.0
vit_tiny_patch16_224,semantic,1,aquatic_life+household_and_people+outdoor_and_vehicles,3,dare,0.8041666666666667,0.9243136483027518,0.0708128487070401,0.4444960256417592,0.2677481425761942,2.6470943291982016,3.0,0.8154211746628176,0.7326981043081183,0.2,0.2,0.9,0.0
vit_tiny_patch16_224,semantic,1,aquatic_life+household_and_people+outdoor_and_vehicles,3,dare,0.819,0.9414951901191498,0.0708128487070401,0.4444960256417592,0.2677481425761942,2.6470943291982016,3.0,0.8154211746628176,0.7326981043081183,0.3,0.2,0.9,0.0
vit_tiny_patch16_224,semantic,1,aquatic_life+household_and_people+outdoor_and_vehicles,3,dare,0.8231666666666667,0.9463575118470036,0.0708128487070401,0.4444960256417592,0.2677481425761942,2.6470943291982016,3.0,0.8154211746628176,0.7326981043081183,0.5,0.2,0.9,0.0
vit_tiny_patch16_224,semantic,1,aquatic_life+mammals+outdoor_and_vehicles,3,dare,0.8079999999999999,0.922217284164247,0.0715471804141998,0.4438578983147939,0.268930516210502,2.6625701586405435,3.0,0.8099898369244437,0.7223096127720122,0.2,0.2,0.9,0.0
vit_tiny_patch16_224,semantic,1,aquatic_life+mammals+outdoor_and_vehicles,3,dare,0.8233333333333334,0.9398325201178962,0.0715471804141998,0.4438578983147939,0.268930516210502,2.6625701586405435,3.0,0.8099898369244437,0.7223096127720122,0.3,0.2,0.9,0.0
vit_tiny_patch16_224,semantic,1,aquatic_life+mammals+outdoor_and_vehicles,3,dare,0.8198333333333334,0.9358126991648962,0.0715471804141998,0.4438578983147939,0.268930516210502,2.6625701586405435,3.0,0.8099898369244437,0.7223096127720122,0.5,0.2,0.9,0.0
vit_tiny_patch16_224,semantic,1,flora_and_insects+household_and_people+mammals,3,dare,0.8046666666666668,0.9310319483747876,0.0666500826676686,0.4476493795712788,0.2610403571468032,2.619880119959513,3.0,0.8193886454299856,0.7358026379543383,0.2,0.2,0.9,0.0
vit_tiny_patch16_224,semantic,1,flora_and_insects+household_and_people+mammals,3,dare,0.8098333333333333,0.93709516187557,0.0666500826676686,0.4476493795712788,0.2610403571468032,2.619880119959513,3.0,0.8193886454299856,0.7358026379543383,0.3,0.2,0.9,0.0
vit_tiny_patch16_224,semantic,1,flora_and_insects+household_and_people+mammals,3,dare,0.8048333333333334,0.9313013303372922,0.0666500826676686,0.4476493795712788,0.2610403571468032,2.619880119959513,3.0,0.8193886454299856,0.7358026379543383,0.5,0.2,0.9,0.0
vit_tiny_patch16_224,semantic,1,flora_and_insects+household_and_people+outdoor_and_vehicles,3,dare,0.8254999999999999,0.9376990011513584,0.0739986846844355,0.4421154161294301,0.2724842359557445,2.584562063217163,3.0,0.8298343232228805,0.742667965391604,0.2,0.2,0.9,0.0
vit_tiny_patch16_224,semantic,1,flora_and_insects+household_and_people+outdoor_and_vehicles,3,dare,0.8351666666666667,0.948801208323538,0.0739986846844355,0.4421154161294301,0.2724842359557445,2.584562063217163,3.0,0.8298343232228805,0.742667965391604,0.3,0.2,0.9,0.0
vit_tiny_patch16_224,semantic,1,flora_and_insects+household_and_people+outdoor_and_vehicles,3,dare,0.8341666666666666,0.947519600865284,0.0739986846844355,0.4421154161294301,0.2724842359557445,2.584562063217163,3.0,0.8298343232228805,0.742667965391604,0.5,0.2,0.9,0.0
vit_tiny_patch16_224,semantic,1,flora_and_insects+mammals+outdoor_and_vehicles,3,dare,0.8198333333333333,0.9246625759891388,0.0672291467587153,0.4472224016984303,0.2618849193955244,2.600037892659506,3.0,0.813178366090154,0.7322794738554975,0.2,0.2,0.9,0.0
vit_tiny_patch16_224,semantic,1,flora_and_insects+mammals+outdoor_and_vehicles,3,dare,0.8301666666666666,0.9362180023655048,0.0672291467587153,0.4472224016984303,0.2618849193955244,2.600037892659506,3.0,0.813178366090154,0.7322794738554975,0.3,0.2,0.9,0.0
vit_tiny_patch16_224,semantic,1,flora_and_insects+mammals+outdoor_and_vehicles,3,dare,0.8261666666666666,0.9315914490693066,0.0672291467587153,0.4472224016984303,0.2618849193955244,2.600037892659506,3.0,0.813178366090154,0.7322794738554975,0.5,0.2,0.9,0.0
vit_tiny_patch16_224,semantic,1,household_and_people+mammals+outdoor_and_vehicles,3,dare,0.8101666666666666,0.9253902941586504,0.0705393850803375,0.4446491599082947,0.2641735468660125,2.6296236515045166,3.0,0.8086416011180363,0.7316154575578498,0.2,0.2,0.9,0.0
vit_tiny_patch16_224,semantic,1,household_and_people+mammals+outdoor_and_vehicles,3,dare,0.8188333333333334,0.935149504188134,0.0705393850803375,0.4446491599082947,0.2641735468660125,2.6296236515045166,3.0,0.8086416011180363,0.7316154575578498,0.3,0.2,0.9,0.0
vit_tiny_patch16_224,semantic,1,household_and_people+mammals+outdoor_and_vehicles,3,dare,0.8210000000000001,0.9374232469942844,0.0705393850803375,0.4446491599082947,0.2641735468660125,2.6296236515045166,3.0,0.8086416011180363,0.7316154575578498,0.5,0.2,0.9,0.0
vit_tiny_patch16_224,semantic,1,aquatic_life+flora_and_insects+household_and_people+mammals+outdoor_and_vehicles,5,dare,0.8063,0.925704675319074,0.0696796610951423,0.4453415840864181,0.2664079628870667,2.633386659622192,5.0,0.8203753119942838,0.7319950227189147,0.2,0.2,0.9,0.0
vit_tiny_patch16_224,semantic,1,aquatic_life+flora_and_insects+household_and_people+mammals+outdoor_and_vehicles,5,dare,0.8045,0.9236735321975252,0.0696796610951423,0.4453415840864181,0.2664079628870667,2.633386659622192,5.0,0.8203753119942838,0.7319950227189147,0.3,0.2,0.9,0.0
vit_tiny_patch16_224,semantic,1,aquatic_life+flora_and_insects+household_and_people+mammals+outdoor_and_vehicles,5,dare,0.7731999999999999,0.8876786411095727,0.0696796610951423,0.4453415840864181,0.2664079628870667,2.633386659622192,5.0,0.8203753119942838,0.7319950227189147,0.5,0.2,0.9,0.0
vit_tiny_patch16_224,mix25,0,mix25_0+mix25_1,2,dare,0.85225,0.9481724551537298,0.0817258134484291,0.436083972454071,0.2843725371416026,2.6331915855407715,2.0,0.8602044081545652,0.7202931684486006,0.2,0.2,0.9,0.0
vit_tiny_patch16_224,mix25,0,mix25_0+mix25_1,2,dare,0.87025,0.9683600248454758,0.0817258134484291,0.436083972454071,0.2843725371416026,2.6331915855407715,2.0,0.8602044081545652,0.7202931684486006,0.3,0.2,0.9,0.0
vit_tiny_patch16_224,mix25,0,mix25_0+mix25_1,2,dare,0.8775,0.9764521789742988,0.0817258134484291,0.436083972454071,0.2843725371416026,2.6331915855407715,2.0,0.8602044081545652,0.7202931684486006,0.5,0.2,0.9,0.0
vit_tiny_patch16_224,mix25,0,mix25_0+mix25_2,2,dare,0.79,0.9199436945183522,0.0690572634339332,0.4459026455879211,0.2631957886066842,2.6789491176605225,2.0,0.8297228701521849,0.7381138930488973,0.2,0.2,0.9,0.0
vit_tiny_patch16_224,mix25,0,mix25_0+mix25_2,2,dare,0.80675,0.9394019373316732,0.0690572634339332,0.4459026455879211,0.2631957886066842,2.6789491176605225,2.0,0.8297228701521849,0.7381138930488973,0.3,0.2,0.9,0.0
vit_tiny_patch16_224,mix25,0,mix25_0+mix25_2,2,dare,0.82925,0.9655952758724502,0.0690572634339332,0.4459026455879211,0.2631957886066842,2.6789491176605225,2.0,0.8297228701521849,0.7381138930488973,0.5,0.2,0.9,0.0
vit_tiny_patch16_224,mix25,0,mix25_0+mix25_3,2,dare,0.8380000000000001,0.9356242866519292,0.0847032666206359,0.4338661432266235,0.2990922009741504,2.648688554763794,2.0,0.8596358910286263,0.7231165721717068,0.2,0.2,0.9,0.0
vit_tiny_patch16_224,mix25,0,mix25_0+mix25_3,2,dare,0.855,0.9546294241624976,0.0847032666206359,0.4338661432266235,0.2990922009741504,2.648688554763794,2.0,0.8596358910286263,0.7231165721717068,0.3,0.2,0.9,0.0
vit_tiny_patch16_224,mix25,0,mix25_0+mix25_3,2,dare,0.8712500000000001,0.9728616411382858,0.0847032666206359,0.4338661432266235,0.2990922009741504,2.648688554763794,2.0,0.8596358910286263,0.7231165721717068,0.5,0.2,0.9,0.0
vit_tiny_patch16_224,mix25,0,mix25_0+mix25_4,2,dare,0.8382499999999999,0.9347059565463148,0.0665289014577865,0.4478087425231933,0.2637464508448798,2.6323288679122925,2.0,0.828075973962519,0.7319035626835085,0.2,0.2,0.9,0.0
vit_tiny_patch16_224,mix25,0,mix25_0+mix25_4,2,dare,0.8554999999999999,0.9541925347360094,0.0665289014577865,0.4478087425231933,0.2637464508448798,2.6323288679122925,2.0,0.828075973962519,0.7319035626835085,0.3,0.2,0.9,0.0
vit_tiny_patch16_224,mix25,0,mix25_0+mix25_4,2,dare,0.8705,0.9709056821773868,0.0665289014577865,0.4478087425231933,0.2637464508448798,2.6323288679122925,2.0,0.828075973962519,0.7319035626835085,0.5,0.2,0.9,0.0
vit_tiny_patch16_224,mix25,0,mix25_1+mix25_2,2,dare,0.8375,0.9383626319319424,0.0741272196173667,0.4420141875743866,0.2759720010960356,2.6111950874328613,2.0,0.8365531387919467,0.7342303796479199,0.2,0.2,0.9,0.0
vit_tiny_patch16_224,mix25,0,mix25_1+mix25_2,2,dare,0.8554999999999999,0.9588669233445788,0.0741272196173667,0.4420141875743866,0.2759720010960356,2.6111950874328613,2.0,0.8365531387919467,0.7342303796479199,0.3,0.2,0.9,0.0
vit_tiny_patch16_224,mix25,0,mix25_1+mix25_2,2,dare,0.8707499999999999,0.9761186164606688,0.0741272196173667,0.4420141875743866,0.2759720010960356,2.6111950874328613,2.0,0.8365531387919467,0.7342303796479199,0.5,0.2,0.9,0.0
vit_tiny_patch16_224,mix25,0,mix25_1+mix25_3,2,dare,0.88,0.9479920860265968,0.0863515511155128,0.4325819313526153,0.2848417320476473,2.580934524536133,2.0,0.8600770674944865,0.7192330587707294,0.2,0.2,0.9,0.0
vit_tiny_patch16_224,mix25,0,mix25_1+mix25_3,2,dare,0.89375,0.9628154085143396,0.0863515511155128,0.4325819313526153,0.2848417320476473,2.580934524536133,2.0,0.8600770674944865,0.7192330587707294,0.3,0.2,0.9,0.0
vit_tiny_patch16_224,mix25,0,mix25_1+mix25_3,2,dare,0.90325,0.9730402354578273,0.0863515511155128,0.4325819313526153,0.2848417320476473,2.580934524536133,2.0,0.8600770674944865,0.7192330587707294,0.5,0.2,0.9,0.0
vit_tiny_patch16_224,mix25,0,mix25_1+mix25_4,2,dare,0.882,0.9491346290253936,0.0742504671216011,0.4419238865375519,0.2704099418490667,2.5645748376846313,2.0,0.8233317536485595,0.7280200492825312,0.2,0.2,0.9,0.0
vit_tiny_patch16_224,mix25,0,mix25_1+mix25_4,2,dare,0.8965000000000001,0.9647325861824372,0.0742504671216011,0.4419238865375519,0.2704099418490667,2.5645748376846313,2.0,0.8233317536485595,0.7280200492825312,0.3,0.2,0.9,0.0
vit_tiny_patch16_224,mix25,0,mix25_1+mix25_4,2,dare,0.907,0.9760401678049572,0.0742504671216011,0.4419238865375519,0.2704099418490667,2.5645748376846313,2.0,0.8233317536485595,0.7280200492825312,0.5,0.2,0.9,0.0
vit_tiny_patch16_224,mix25,0,mix25_2+mix25_3,2,dare,0.8255,0.9287922972736472,0.0715437904000282,0.443944364786148,0.2643042256612639,2.626692056655884,2.0,0.8346720934976835,0.7370537833710261,0.2,0.2,0.9,0.0
vit_tiny_patch16_224,mix25,0,mix25_2+mix25_3,2,dare,0.8415,0.947035671620213,0.0715437904000282,0.443944364786148,0.2643042256612639,2.626692056655884,2.0,0.8346720934976835,0.7370537833710261,0.3,0.2,0.9,0.0
vit_tiny_patch16_224,mix25,0,mix25_2+mix25_3,2,dare,0.8592500000000001,0.9669834919837774,0.0715437904000282,0.443944364786148,0.2643042256612639,2.626692056655884,2.0,0.8346720934976835,0.7370537833710261,0.5,0.2,0.9,0.0
vit_tiny_patch16_224,mix25,0,mix25_2+mix25_4,2,dare,0.83125,0.933869885982562,0.0740946605801582,0.4420301914215088,0.2767086246025193,2.6103323698043823,2.0,0.8459840840648422,0.7458407738828279,0.2,0.2,0.9,0.0
vit_tiny_patch16_224,mix25,0,mix25_2+mix25_4,2,dare,0.85075,0.9559689900408742,0.0740946605801582,0.4420301914215088,0.2767086246025193,2.6103323698043823,2.0,0.8459840840648422,0.7458407738828279,0.3,0.2,0.9,0.0
vit_tiny_patch16_224,mix25,0,mix25_2+mix25_4,2,dare,0.8652500000000001,0.9724622894600308,0.0740946605801582,0.4420301914215088,0.2767086246025193,2.6103323698043823,2.0,0.8459840840648422,0.7458407738828279,0.5,0.2,0.9,0.0
vit_tiny_patch16_224,mix25,0,mix25_3+mix25_4,2,dare,0.87075,0.9398222859065036,0.0764383897185325,0.4401387572288513,0.2673223394832286,2.580071806907654,2.0,0.8375834878908471,0.7308434530056374,0.2,0.2,0.9,0.0
vit_tiny_patch16_224,mix25,0,mix25_3+mix25_4,2,dare,0.88125,0.9511552726653184,0.0764383897185325,0.4401387572288513,0.2673223394832286,2.580071806907654,2.0,0.8375834878908471,0.7308434530056374,0.3,0.2,0.9,0.0
vit_tiny_patch16_224,mix25,0,mix25_3+mix25_4,2,dare,0.897,0.9681509666953536,0.0764383897185325,0.4401387572288513,0.2673223394832286,2.580071806907654,2.0,0.8375834878908471,0.7308434530056374,0.5,0.2,0.9,0.0
vit_tiny_patch16_224,mix25,0,mix25_0+mix25_1+mix25_2,3,dare,0.8315,0.9410934003500347,0.074970098833243,0.4413336018721263,0.2745134422814408,2.6411119302113852,3.0,0.8421601390328989,0.7308791470484727,0.2,0.2,0.9,0.0
vit_tiny_patch16_224,mix25,0,mix25_0+mix25_1+mix25_2,3,dare,0.8438333333333334,0.9551429370700282,0.074970098833243,0.4413336018721263,0.2745134422814408,2.6411119302113852,3.0,0.8421601390328989,0.7308791470484727,0.3,0.2,0.9,0.0
vit_tiny_patch16_224,mix25,0,mix25_0+mix25_1+mix25_2,3,dare,0.8438333333333333,0.955367514839438,0.074970098833243,0.4413336018721263,0.2745134422814408,2.6411119302113852,3.0,0.8421601390328989,0.7308791470484727,0.5,0.2,0.9,0.0
vit_tiny_patch16_224,mix25,0,mix25_0+mix25_1+mix25_3,3,dare,0.8631666666666667,0.9510934717378662,0.0842602103948593,0.4341773490111033,0.2894354900544668,2.620938221613566,3.0,0.859972455559226,0.7208809331303456,0.2,0.2,0.9,0.0
vit_tiny_patch16_224,mix25,0,mix25_0+mix25_1+mix25_3,3,dare,0.8713333333333333,0.9600357061552232,0.0842602103948593,0.4341773490111033,0.2894354900544668,2.620938221613566,3.0,0.859972455559226,0.7208809331303456,0.3,0.2,0.9,0.0
vit_tiny_patch16_224,mix25,0,mix25_0+mix25_1+mix25_3,3,dare,0.8648333333333333,0.9529139489662474,0.0842602103948593,0.4341773490111033,0.2894354900544668,2.620938221613566,3.0,0.859972455559226,0.7208809331303456,0.5,0.2,0.9,0.0
vit_tiny_patch16_224,mix25,0,mix25_0+mix25_1+mix25_4,3,dare,0.8616666666666667,0.9486667903094338,0.0741683940092722,0.4419388671716054,0.2728429766118497,2.610031763712565,3.0,0.8372040452552145,0.7267389268048801,0.2,0.2,0.9,0.0
vit_tiny_patch16_224,mix25,0,mix25_0+mix25_1+mix25_4,3,dare,0.8728333333333333,0.9611189524478356,0.0741683940092722,0.4419388671716054,0.2728429766118497,2.610031763712565,3.0,0.8372040452552145,0.7267389268048801,0.3,0.2,0.9,0.0
vit_tiny_patch16_224,mix25,0,mix25_0+mix25_1+mix25_4,3,dare,0.8693333333333334,0.9570188287968726,0.0741683940092722,0.4419388671716054,0.2728429766118497,2.610031763712565,3.0,0.8372040452552145,0.7267389268048801,0.5,0.2,0.9,0.0
vit_tiny_patch16_224,mix25,0,mix25_0+mix25_2+mix25_3,3,dare,0.8228333333333334,0.933801804548109,0.0751014401515324,0.4412377178668976,0.2755307384140328,2.6514432430267334,3.0,0.841343618226165,0.73276141619721,0.2,0.2,0.9,0.0
vit_tiny_patch16_224,mix25,0,mix25_0+mix25_2+mix25_3,3,dare,0.8355,0.9482135532558564,0.0751014401515324,0.4412377178668976,0.2755307384140328,2.6514432430267334,3.0,0.841343618226165,0.73276141619721,0.3,0.2,0.9,0.0
vit_tiny_patch16_224,mix25,0,mix25_0+mix25_2+mix25_3,3,dare,0.8388333333333332,0.952007736273798,0.0751014401515324,0.4412377178668976,0.2755307384140328,2.6514432430267334,3.0,0.841343618226165,0.73276141619721,0.5,0.2,0.9,0.0
vit_tiny_patch16_224,mix25,0,mix25_0+mix25_2+mix25_4,3,dare,0.82,0.9297180541364884,0.069893608490626,0.4452471931775411,0.2678836213513611,2.6405367851257324,3.0,0.8345943093931819,0.7386194098717446,0.2,0.2,0.9,0.0
vit_tiny_patch16_224,mix25,0,mix25_0+mix25_2+mix25_4,3,dare,0.8326666666666668,0.9442681820405884,0.069893608490626,0.4452471931775411,0.2678836213513611,2.6405367851257324,3.0,0.8345943093931819,0.7386194098717446,0.3,0.2,0.9,0.0
vit_tiny_patch16_224,mix25,0,mix25_0+mix25_2+mix25_4,3,dare,0.8388333333333334,0.9511753760886864,0.069893608490626,0.4452471931775411,0.2678836213513611,2.6405367851257324,3.0,0.8345943093931819,0.7386194098717446,0.5,0.2,0.9,0.0
vit_tiny_patch16_224,mix25,0,mix25_0+mix25_3+mix25_4,3,dare,0.8516666666666667,0.939742984496782,0.0758901859323183,0.4406045476595561,0.2767203304340862,2.6203630765279136,3.0,0.8417651176273308,0.7286211959536176,0.2,0.2,0.9,0.0
vit_tiny_patch16_224,mix25,0,mix25_0+mix25_3+mix25_4,3,dare,0.8633333333333333,0.9526168314805256,0.0758901859323183,0.4406045476595561,0.2767203304340862,2.6203630765279136,3.0,0.8417651176273308,0.7286211959536176,0.3,0.2,0.9,0.0
vit_tiny_patch16_224,mix25,0,mix25_0+mix25_3+mix25_4,3,dare,0.8606666666666666,0.9496816865673608,0.0758901859323183,0.4406045476595561,0.2767203304340862,2.6203630765279136,3.0,0.8417651176273308,0.7286211959536176,0.5,0.2,0.9,0.0
vit_tiny_patch16_224,mix25,0,mix25_1+mix25_2+mix25_3,3,dare,0.8556666666666667,0.9472093355285454,0.0773408537109692,0.43951349457105,0.2750393196016489,2.606273889541626,3.0,0.8437674332613723,0.7301724072632251,0.2,0.2,0.9,0.0
vit_tiny_patch16_224,mix25,0,mix25_1+mix25_2+mix25_3,3,dare,0.8638333333333333,0.9563249513832052,0.0773408537109692,0.43951349457105,0.2750393196016489,2.606273889541626,3.0,0.8437674332613723,0.7301724072632251,0.3,0.2,0.9,0.0
vit_tiny_patch16_224,mix25,0,mix25_1+mix25_2+mix25_3,3,dare,0.8623333333333333,0.954883605204858,0.0773408537109692,0.43951349457105,0.2750393196016489,2.606273889541626,3.0,0.8437674332613723,0.7301724072632251,0.5,0.2,0.9,0.0
vit_tiny_patch16_224,mix25,0,mix25_1+mix25_2+mix25_4,3,dare,0.8531666666666666,0.9436217460815396,0.0741574491063753,0.4419894218444824,0.2743635225158738,2.595367431640625,3.0,0.8352896588351161,0.7360304009377597,0.2,0.2,0.9,0.0
vit_tiny_patch16_224,mix25,0,mix25_1+mix25_2+mix25_4,3,dare,0.8623333333333334,0.9541842565615792,0.0741574491063753,0.4419894218444824,0.2743635225158738,2.595367431640625,3.0,0.8352896588351161,0.7360304009377597,0.3,0.2,0.9,0.0
vit_tiny_patch16_224,mix25,0,mix25_1+mix25_2+mix25_4,3,dare,0.8606666666666666,0.9523500597538668,0.0741574491063753,0.4419894218444824,0.2743635225158738,2.595367431640625,3.0,0.8352896588351161,0.7360304009377597,0.5,0.2,0.9,0.0
vit_tiny_patch16_224,mix25,0,mix25_1+mix25_3+mix25_4,3,dare,0.8809999999999999,0.9493298568436876,0.0790134693185488,0.4382148583730061,0.2741913377933142,2.575193723042806,3.0,0.8403307696779644,0.7260321870196327,0.2,0.2,0.9,0.0
vit_tiny_patch16_224,mix25,0,mix25_1+mix25_3+mix25_4,3,dare,0.887,0.9557909712662744,0.0790134693185488,0.4382148583730061,0.2741913377933142,2.575193723042806,3.0,0.8403307696779644,0.7260321870196327,0.3,0.2,0.9,0.0
vit_tiny_patch16_224,mix25,0,mix25_1+mix25_3+mix25_4,3,dare,0.8825,0.9509258463339562,0.0790134693185488,0.4382148583730061,0.2741913377933142,2.575193723042806,3.0,0.8403307696779644,0.7260321870196327,0.5,0.2,0.9,0.0
vit_tiny_patch16_224,mix25,0,mix25_2+mix25_3+mix25_4,3,dare,0.8443333333333333,0.936336786540198,0.0740256135662396,0.4420377711455027,0.2694450632490039,2.605698744455973,3.0,0.8394132218177909,0.7379126700864971,0.2,0.2,0.9,0.0
vit_tiny_patch16_224,mix25,0,mix25_2+mix25_3+mix25_4,3,dare,0.8555,0.9487654762897778,0.0740256135662396,0.4420377711455027,0.2694450632490039,2.605698744455973,3.0,0.8394132218177909,0.7379126700864971,0.3,0.2,0.9,0.0
vit_tiny_patch16_224,mix25,0,mix25_2+mix25_3+mix25_4,3,dare,0.8570000000000001,0.950522156482176,0.0740256135662396,0.4420377711455027,0.2694450632490039,2.605698744455973,3.0,0.8394132218177909,0.7379126700864971,0.5,0.2,0.9,0.0
vit_tiny_patch16_224,mix25,0,mix25_0+mix25_1+mix25_2+mix25_3+mix25_4,5,dare,0.8481,0.941747181404254,0.0758821323513984,0.4406294822692871,0.2749965842307079,2.6166958808898926,5.0,0.841584076868626,0.7308648694313385,0.2,0.2,0.9,0.0
vit_tiny_patch16_224,mix25,0,mix25_0+mix25_1+mix25_2+mix25_3+mix25_4,5,dare,0.8446999999999999,0.9380371580596244,0.0758821323513984,0.4406294822692871,0.2749965842307079,2.6166958808898926,5.0,0.841584076868626,0.7308648694313385,0.3,0.2,0.9,0.0
vit_tiny_patch16_224,mix25,0,mix25_0+mix25_1+mix25_2+mix25_3+mix25_4,5,dare,0.8096,0.8987366541569507,0.0758821323513984,0.4406294822692871,0.2749965842307079,2.6166958808898926,5.0,0.841584076868626,0.7308648694313385,0.5,0.2,0.9,0.0
vit_tiny_patch16_224,mix25,1,mix25_0+mix25_1,2,dare,0.84775,0.944429200859738,0.0794258043169975,0.437872439622879,0.2855613011170719,2.6296467781066895,2.0,0.8586074939691299,0.7261552884228092,0.2,0.2,0.9,0.0
vit_tiny_patch16_224,mix25,1,mix25_0+mix25_1,2,dare,0.86375,0.9623472569480416,0.0794258043169975,0.437872439622879,0.2855613011170719,2.6296467781066895,2.0,0.8586074939691299,0.7261552884228092,0.3,0.2,0.9,0.0
vit_tiny_patch16_224,mix25,1,mix25_0+mix25_1,2,dare,0.8775,0.97770485744604,0.0794258043169975,0.437872439622879,0.2855613011170719,2.6296467781066895,2.0,0.8586074939691299,0.7261552884228092,0.5,0.2,0.9,0.0
vit_tiny_patch16_224,mix25,1,mix25_0+mix25_2,2,dare,0.7889999999999999,0.9195538968310006,0.0680334717035293,0.4466647207736969,0.265704185404676,2.6633373498916626,2.0,0.8366946180627669,0.7409839093217112,0.2,0.2,0.9,0.0
vit_tiny_patch16_224,mix25,1,mix25_0+mix25_2,2,dare,0.8095,0.9434688739522168,0.0680334717035293,0.4466647207736969,0.265704185404676,2.6633373498916626,2.0,0.8366946180627669,0.7409839093217112,0.3,0.2,0.9,0.0
vit_tiny_patch16_224,mix25,1,mix25_0+mix25_2,2,dare,0.82525,0.9617887123182712,0.0680334717035293,0.4466647207736969,0.265704185404676,2.6633373498916626,2.0,0.8366946180627669,0.7409839093217112,0.5,0.2,0.9,0.0
vit_tiny_patch16_224,mix25,1,mix25_0+mix25_3,2,dare,0.8367500000000001,0.9362916439018718,0.0825876295566558,0.4354702830314636,0.295789386740428,2.638087749481201,2.0,0.8613696827556042,0.7250989470088736,0.2,0.2,0.9,0.0
vit_tiny_patch16_224,mix25,1,mix25_0+mix25_3,2,dare,0.8547499999999999,0.9566324779412664,0.0825876295566558,0.4354702830314636,0.295789386740428,2.638087749481201,2.0,0.8613696827556042,0.7250989470088736,0.3,0.2,0.9,0.0
vit_tiny_patch16_224,mix25,1,mix25_0+mix25_3,2,dare,0.8694999999999999,0.9729373998701664,0.0825876295566558,0.4354702830314636,0.295789386740428,2.638087749481201,2.0,0.8613696827556042,0.7250989470088736,0.5,0.2,0.9,0.0
vit_tiny_patch16_224,mix25,1,mix25_0+mix25_4,2,dare,0.82975,0.925565612058825,0.0701312869787216,0.4449667930603027,0.2693701082715391,2.6295775175094604,2.0,0.8270193545944569,0.7344620820411305,0.2,0.2,0.9,0.0
vit_tiny_patch16_224,mix25,1,mix25_0+mix25_4,2,dare,0.84875,0.946871639756661,0.0701312869787216,0.4449667930603027,0.2693701082715391,2.6295775175094604,2.0,0.8270193545944569,0.7344620820411305,0.3,0.2,0.9,0.0
vit_tiny_patch16_224,mix25,1,mix25_0+mix25_4,2,dare,0.86625,0.9665396535603732,0.0701312869787216,0.4449667930603027,0.2693701082715391,2.6295775175094604,2.0,0.8270193545944569,0.7344620820411305,0.5,0.2,0.9,0.0
vit_tiny_patch16_224,mix25,1,mix25_1+mix25_2,2,dare,0.835,0.9376732683140868,0.076299749314785,0.440410703420639,0.2777283607042536,2.604589343070984,2.0,0.8371688323526831,0.7375594931495368,0.2,0.2,0.9,0.0
vit_tiny_patch16_224,mix25,1,mix25_1+mix25_2,2,dare,0.85625,0.961843693579468,0.076299749314785,0.440410703420639,0.2777283607042536,2.604589343070984,2.0,0.8371688323526831,0.7375594931495368,0.3,0.2,0.9,0.0
vit_tiny_patch16_224,mix25,1,mix25_1+mix25_2,2,dare,0.86725,0.9742340104034592,0.076299749314785,0.440410703420639,0.2777283607042536,2.604589343070984,2.0,0.8371688323526831,0.7375594931495368,0.5,0.2,0.9,0.0
vit_tiny_patch16_224,mix25,1,mix25_1+mix25_3,2,dare,0.879,0.950232742557892,0.0827174931764602,0.4353730380535126,0.2883499583269838,2.5793397426605225,2.0,0.8681338390744439,0.7216745308366992,0.2,0.2,0.9,0.0
vit_tiny_patch16_224,mix25,1,mix25_1+mix25_3,2,dare,0.889,0.9610518894207688,0.0827174931764602,0.4353730380535126,0.2883499583269838,2.5793397426605225,2.0,0.8681338390744439,0.7216745308366992,0.3,0.2,0.9,0.0
vit_tiny_patch16_224,mix25,1,mix25_1+mix25_3,2,dare,0.90525,0.9786043686235392,0.0827174931764602,0.4353730380535126,0.2883499583269838,2.5793397426605225,2.0,0.8681338390744439,0.7216745308366992,0.5,0.2,0.9,0.0
vit_tiny_patch16_224,mix25,1,mix25_1+mix25_4,2,dare,0.8815,0.9503926305593602,0.0802577063441276,0.437296450138092,0.2773218436167821,2.5708295106887817,2.0,0.8243747242284553,0.7310376658689561,0.2,0.2,0.9,0.0
vit_tiny_patch16_224,mix25,1,mix25_1+mix25_4,2,dare,0.8927499999999999,0.9625223153244342,0.0802577063441276,0.437296450138092,0.2773218436167821,2.5708295106887817,2.0,0.8243747242284553,0.7310376658689561,0.3,0.2,0.9,0.0
vit_tiny_patch16_224,mix25,1,mix25_1+mix25_4,2,dare,0.9085,0.979506082642332,0.0802577063441276,0.437296450138092,0.2773218436167821,2.5708295106887817,2.0,0.8243747242284553,0.7310376658689561,0.5,0.2,0.9,0.0
vit_tiny_patch16_224,mix25,1,mix25_2+mix25_3,2,dare,0.82175,0.9273098426350974,0.06875641644001,0.4461062848567962,0.2658473349933452,2.6130303144454956,2.0,0.8372355075930572,0.7365031517356011,0.2,0.2,0.9,0.0
vit_tiny_patch16_224,mix25,1,mix25_2+mix25_3,2,dare,0.84275,0.9512311707102808,0.06875641644001,0.4461062848567962,0.2658473349933452,2.6130303144454956,2.0,0.8372355075930572,0.7365031517356011,0.3,0.2,0.9,0.0
vit_tiny_patch16_224,mix25,1,mix25_2+mix25_3,2,dare,0.8574999999999999,0.9679397679638831,0.06875641644001,0.4461062848567962,0.2658473349933452,2.6130303144454956,2.0,0.8372355075930572,0.7365031517356011,0.5,0.2,0.9,0.0
vit_tiny_patch16_224,mix25,1,mix25_2+mix25_4,2,dare,0.82725,0.9306117508731888,0.0781315341591835,0.4389931261539459,0.2792466051934618,2.604520082473755,2.0,0.8519396030968098,0.7458662867678582,0.2,0.2,0.9,0.0
vit_tiny_patch16_224,mix25,1,mix25_2+mix25_4,2,dare,0.84675,0.9528884155315768,0.0781315341591835,0.4389931261539459,0.2792466051934618,2.604520082473755,2.0,0.8519396030968098,0.7458662867678582,0.3,0.2,0.9,0.0
vit_tiny_patch16_224,mix25,1,mix25_2+mix25_4,2,dare,0.8687499999999999,0.9776946229845432,0.0781315341591835,0.4389931261539459,0.2792466051934618,2.604520082473755,2.0,0.8519396030968098,0.7458662867678582,0.5,0.2,0.9,0.0
vit_tiny_patch16_224,mix25,1,mix25_3+mix25_4,2,dare,0.8672500000000001,0.9385810694276766,0.0771099179983139,0.4395913481712341,0.2703785583901109,2.5792704820632935,2.0,0.8342426405193205,0.7299813244550206,0.2,0.2,0.9,0.0
vit_tiny_patch16_224,mix25,1,mix25_3+mix25_4,2,dare,0.882,0.954530480846856,0.0771099179983139,0.4395913481712341,0.2703785583901109,2.5792704820632935,2.0,0.8342426405193205,0.7299813244550206,0.3,0.2,0.9,0.0
vit_tiny_patch16_224,mix25,1,mix25_3+mix25_4,2,dare,0.892,0.9653398940405186,0.0771099179983139,0.4395913481712341,0.2703785583901109,2.5792704820632935,2.0,0.8342426405193205,0.7299813244550206,0.5,0.2,0.9,0.0
vit_tiny_patch16_224,mix25,1,mix25_0+mix25_1+mix25_2,3,dare,0.8286666666666668,0.939334533192136,0.0745863417784373,0.4416492879390716,0.2763312824086672,2.6325244903564453,3.0,0.8441569814615266,0.7348995636313523,0.2,0.2,0.9,0.0
vit_tiny_patch16_224,mix25,1,mix25_0+mix25_1+mix25_2,3,dare,0.8413333333333334,0.9537516503822272,0.0745863417784373,0.4416492879390716,0.2763312824086672,2.6325244903564453,3.0,0.8441569814615266,0.7348995636313523,0.3,0.2,0.9,0.0
vit_tiny_patch16_224,mix25,1,mix25_0+mix25_1+mix25_2,3,dare,0.8468333333333332,0.9602163584750226,0.0745863417784373,0.4416492879390716,0.2763312824086672,2.6325244903564453,3.0,0.8441569814615266,0.7348995636313523,0.5,0.2,0.9,0.0
vit_tiny_patch16_224,mix25,1,mix25_0+mix25_1+mix25_3,3,dare,0.86,0.94976719618554,0.0815769756833712,0.4362385869026184,0.2899002153948279,2.6156914234161377,3.0,0.8627036719330593,0.7243095887561273,0.2,0.2,0.9,0.0
vit_tiny_patch16_224,mix25,1,mix25_0+mix25_1+mix25_3,3,dare,0.8681666666666666,0.9588562187187054,0.0815769756833712,0.4362385869026184,0.2899002153948279,2.6156914234161377,3.0,0.8627036719330593,0.7243095887561273,0.3,0.2,0.9,0.0
vit_tiny_patch16_224,mix25,1,mix25_0+mix25_1+mix25_3,3,dare,0.8664999999999999,0.956972474428333,0.0815769756833712,0.4362385869026184,0.2899002153948279,2.6156914234161377,3.0,0.8627036719330593,0.7243095887561273,0.5,0.2,0.9,0.0
vit_tiny_patch16_224,mix25,1,mix25_0+mix25_1+mix25_4,3,dare,0.8595,0.9474369294189664,0.0766049325466156,0.4400452276070912,0.2774177510017977,2.610017935434977,3.0,0.8366671909306808,0.7305516787776319,0.2,0.2,0.9,0.0
vit_tiny_patch16_224,mix25,1,mix25_0+mix25_1+mix25_4,3,dare,0.867,0.9557281785041568,0.0766049325466156,0.4400452276070912,0.2774177510017977,2.610017935434977,3.0,0.8366671909306808,0.7305516787776319,0.3,0.2,0.9,0.0
vit_tiny_patch16_224,mix25,1,mix25_0+mix25_1+mix25_4,3,dare,0.8656666666666667,0.9542814295677274,0.0766049325466156,0.4400452276070912,0.2774177510017977,2.610017935434977,3.0,0.8366671909306808,0.7305516787776319,0.5,0.2,0.9,0.0
vit_tiny_patch16_224,mix25,1,mix25_0+mix25_2+mix25_3,3,dare,0.8185000000000001,0.930969197389898,0.0731258392333984,0.4427470962206523,0.2757803023794831,2.6381518046061196,3.0,0.8450999361371427,0.734195336022062,0.2,0.2,0.9,0.0
vit_tiny_patch16_224,mix25,1,mix25_0+mix25_2+mix25_3,3,dare,0.8338333333333333,0.948286696869916,0.0731258392333984,0.4427470962206523,0.2757803023794831,2.6381518046061196,3.0,0.8450999361371427,0.734195336022062,0.3,0.2,0.9,0.0
vit_tiny_patch16_224,mix25,1,mix25_0+mix25_2+mix25_3,3,dare,0.8355,0.9501557367004116,0.0731258392333984,0.4427470962206523,0.2757803023794831,2.6381518046061196,3.0,0.8450999361371427,0.734195336022062,0.5,0.2,0.9,0.0
vit_tiny_patch16_224,mix25,1,mix25_0+mix25_2+mix25_4,3,dare,0.8210000000000001,0.9317801630242788,0.0720987642804781,0.4435415466626485,0.2714402996232256,2.6324783166249595,3.0,0.8385511919180112,0.7404374260435667,0.2,0.2,0.9,0.0
vit_tiny_patch16_224,mix25,1,mix25_0+mix25_2+mix25_4,3,dare,0.835,0.9478355750503068,0.0720987642804781,0.4435415466626485,0.2714402996232256,2.6324783166249595,3.0,0.8385511919180112,0.7404374260435667,0.3,0.2,0.9,0.0
vit_tiny_patch16_224,mix25,1,mix25_0+mix25_2+mix25_4,3,dare,0.8393333333333333,0.9527866216568094,0.0720987642804781,0.4435415466626485,0.2714402996232256,2.6324783166249595,3.0,0.8385511919180112,0.7404374260435667,0.5,0.2,0.9,0.0
vit_tiny_patch16_224,mix25,1,mix25_0+mix25_3+mix25_4,3,dare,0.8496666666666667,0.9392259482861908,0.0766096115112304,0.4400094747543335,0.2785126844673593,2.615645249684652,3.0,0.8408772259564605,0.7298474511683416,0.2,0.2,0.9,0.0
vit_tiny_patch16_224,mix25,1,mix25_0+mix25_3+mix25_4,3,dare,0.863,0.9541631958896902,0.0766096115112304,0.4400094747543335,0.2785126844673593,2.615645249684652,3.0,0.8408772259564605,0.7298474511683416,0.3,0.2,0.9,0.0
vit_tiny_patch16_224,mix25,1,mix25_0+mix25_3+mix25_4,3,dare,0.8633333333333333,0.9544849374844248,0.0766096115112304,0.4400094747543335,0.2785126844673593,2.615645249684652,3.0,0.8408772259564605,0.7298474511683416,0.5,0.2,0.9,0.0
vit_tiny_patch16_224,mix25,1,mix25_1+mix25_2+mix25_3,3,dare,0.8504999999999999,0.9443667930526553,0.0759245529770851,0.4406300087769826,0.2773085513415275,2.5989864667256675,3.0,0.8475127263400614,0.7319123919072791,0.2,0.2,0.9,0.0
vit_tiny_patch16_224,mix25,1,mix25_1+mix25_2+mix25_3,3,dare,0.8603333333333333,0.9554195560235612,0.0759245529770851,0.4406300087769826,0.2773085513415275,2.5989864667256675,3.0,0.8475127263400614,0.7319123919072791,0.3,0.2,0.9,0.0
vit_tiny_patch16_224,mix25,1,mix25_1+mix25_2+mix25_3,3,dare,0.8606666666666666,0.9557127093113892,0.0759245529770851,0.4406300087769826,0.2773085513415275,2.5989864667256675,3.0,0.8475127263400614,0.7319123919072791,0.5,0.2,0.9,0.0
vit_tiny_patch16_224,mix25,1,mix25_1+mix25_2+mix25_4,3,dare,0.8513333333333334,0.9435739427078884,0.0782296632726987,0.438900093237559,0.2780989365048325,2.593312978744507,3.0,0.8378277198926494,0.7381544819287837,0.2,0.2,0.9,0.0
vit_tiny_patch16_224,mix25,1,mix25_1+mix25_2+mix25_4,3,dare,0.8603333333333333,0.9538474343289866,0.0782296632726987,0.438900093237559,0.2780989365048325,2.593312978744507,3.0,0.8378277198926494,0.7381544819287837,0.3,0.2,0.9,0.0
vit_tiny_patch16_224,mix25,1,mix25_1+mix25_2+mix25_4,3,dare,0.8633333333333333,0.9571137013342876,0.0782296632726987,0.438900093237559,0.2780989365048325,2.593312978744507,3.0,0.8378277198926494,0.7381544819287837,0.5,0.2,0.9,0.0
vit_tiny_patch16_224,mix25,1,mix25_1+mix25_3+mix25_4,3,dare,0.8753333333333333,0.9457678733730664,0.0800283725063006,0.4374202787876129,0.2786834534446256,2.576479911804199,3.0,0.8422504012740731,0.7275645070535587,0.2,0.2,0.9,0.0
vit_tiny_patch16_224,mix25,1,mix25_1+mix25_3+mix25_4,3,dare,0.8851666666666667,0.9563932657808406,0.0800283725063006,0.4374202787876129,0.2786834534446256,2.576479911804199,3.0,0.8422504012740731,0.7275645070535587,0.3,0.2,0.9,0.0
vit_tiny_patch16_224,mix25,1,mix25_1+mix25_3+mix25_4,3,dare,0.8826666666666667,0.9536781740020294,0.0800283725063006,0.4374202787876129,0.2786834534446256,2.576479911804199,3.0,0.8422504012740731,0.7275645070535587,0.5,0.2,0.9,0.0
vit_tiny_patch16_224,mix25,1,mix25_2+mix25_3+mix25_4,3,dare,0.844,0.9382790232490006,0.0746659561991691,0.4415635863939921,0.2718241661923059,2.598940292994181,3.0,0.8411392504030625,0.7374502543194933,0.2,0.2,0.9,0.0
vit_tiny_patch16_224,mix25,1,mix25_2+mix25_3+mix25_4,3,dare,0.8543333333333333,0.9499723337320476,0.0746659561991691,0.4415635863939921,0.2718241661923059,2.598940292994181,3.0,0.8411392504030625,0.7374502543194933,0.3,0.2,0.9,0.0
vit_tiny_patch16_224,mix25,1,mix25_2+mix25_3+mix25_4,3,dare,0.855,0.950878927506072,0.0746659561991691,0.4415635863939921,0.2718241661923059,2.598940292994181,3.0,0.8411392504030625,0.7374502543194933,0.5,0.2,0.9,0.0
vit_tiny_patch16_224,mix25,1,mix25_0+mix25_1+mix25_2+mix25_3+mix25_4,5,dare,0.8474999999999999,0.9429901507505848,0.0763451009988784,0.4402745187282562,0.2775297642758653,2.6112228870391845,5.0,0.8436786296246728,0.7329322679608197,0.2,0.2,0.9,0.0
vit_tiny_patch16_224,mix25,1,mix25_0+mix25_1+mix25_2+mix25_3+mix25_4,5,dare,0.8460000000000001,0.941387959183017,0.0763451009988784,0.4402745187282562,0.2775297642758653,2.6112228870391845,5.0,0.8436786296246728,0.7329322679608197,0.3,0.2,0.9,0.0
vit_tiny_patch16_224,mix25,1,mix25_0+mix25_1+mix25_2+mix25_3+mix25_4,5,dare,0.8196999999999999,0.9119072283488052,0.0763451009988784,0.4402745187282562,0.2775297642758653,2.6112228870391845,5.0,0.8436786296246728,0.7329322679608197,0.5,0.2,0.9,0.0
vit_tiny_patch16_224,mix50,0,mix50_0+mix50_1,2,dare,0.85175,0.9458683872368028,0.0797716528177261,0.4376727044582367,0.2769841577269942,2.583309292793274,2.0,0.8438359880177277,0.7390548345747378,0.2,0.2,0.9,0.0
vit_tiny_patch16_224,mix50,0,mix50_0+mix50_1,2,dare,0.87025,0.9664203952674456,0.0797716528177261,0.4376727044582367,0.2769841577269942,2.583309292793274,2.0,0.8438359880177277,0.7390548345747378,0.3,0.2,0.9,0.0
vit_tiny_patch16_224,mix50,0,mix50_0+mix50_1,2,dare,0.88375,0.9814075575845916,0.0797716528177261,0.4376727044582367,0.2769841577269942,2.583309292793274,2.0,0.8438359880177277,0.7390548345747378,0.5,0.2,0.9,0.0
vit_tiny_patch16_224,mix50,0,mix50_0+mix50_2,2,dare,0.859,0.9462726983115642,0.0906154736876487,0.4293909072875976,0.2930317811019701,2.6044342517852783,2.0,0.8587181272681828,0.7312202863242079,0.2,0.2,0.9,0.0
vit_tiny_patch16_224,mix50,0,mix50_0+mix50_2,2,dare,0.8775,0.9666533169495896,0.0906154736876487,0.4293909072875976,0.2930317811019701,2.6044342517852783,2.0,0.8587181272681828,0.7312202863242079,0.3,0.2,0.9,0.0
vit_tiny_patch16_224,mix50,0,mix50_0+mix50_2,2,dare,0.892,0.9826474916185016,0.0906154736876487,0.4293909072875976,0.2930317811019701,2.6044342517852783,2.0,0.8587181272681828,0.7312202863242079,0.5,0.2,0.9,0.0
vit_tiny_patch16_224,mix50,0,mix50_0+mix50_3,2,dare,0.8552500000000001,0.9455457525687004,0.0974159240722656,0.424225240945816,0.306408928348211,2.627581834793091,2.0,0.8816031545083144,0.7296822186319276,0.2,0.2,0.9,0.0
vit_tiny_patch16_224,mix50,0,mix50_0+mix50_3,2,dare,0.873,0.9651694498837576,0.0974159240722656,0.424225240945816,0.306408928348211,2.627581834793091,2.0,0.8816031545083144,0.7296822186319276,0.3,0.2,0.9,0.0
vit_tiny_patch16_224,mix50,0,mix50_0+mix50_3,2,dare,0.89125,0.9853505240075392,0.0974159240722656,0.424225240945816,0.306408928348211,2.627581834793091,2.0,0.8816031545083144,0.7296822186319276,0.5,0.2,0.9,0.0
vit_tiny_patch16_224,mix50,0,mix50_0+mix50_4,2,dare,0.87975,0.9470658888623976,0.0867021977901458,0.4324293136596679,0.282014330889467,2.584725022315979,2.0,0.8470263398466995,0.7357498104457894,0.2,0.2,0.9,0.0
vit_tiny_patch16_224,mix50,0,mix50_0+mix50_4,2,dare,0.8945000000000001,0.9630866380443048,0.0867021977901458,0.4324293136596679,0.282014330889467,2.584725022315979,2.0,0.8470263398466995,0.7357498104457894,0.3,0.2,0.9,0.0
vit_tiny_patch16_224,mix50,0,mix50_0+mix50_4,2,dare,0.91075,0.9806639529372728,0.0867021977901458,0.4324293136596679,0.282014330889467,2.584725022315979,2.0,0.8470263398466995,0.7357498104457894,0.5,0.2,0.9,0.0
vit_tiny_patch16_224,mix50,0,mix50_1+mix50_2,2,dare,0.8625,0.9527481160569912,0.0835814997553825,0.4349012970924377,0.2799984618742038,2.558813691139221,2.0,0.8484142658610272,0.7368575573503252,0.2,0.2,0.9,0.0
vit_tiny_patch16_224,mix50,0,mix50_1+mix50_2,2,dare,0.8775,0.9693413064038808,0.0835814997553825,0.4349012970924377,0.2799984618742038,2.558813691139221,2.0,0.8484142658610272,0.7368575573503252,0.3,0.2,0.9,0.0
vit_tiny_patch16_224,mix50,0,mix50_1+mix50_2,2,dare,0.88825,0.9811884858284772,0.0835814997553825,0.4349012970924377,0.2799984618742038,2.558813691139221,2.0,0.8484142658610272,0.7368575573503252,0.5,0.2,0.9,0.0
vit_tiny_patch16_224,mix50,0,mix50_1+mix50_3,2,dare,0.8535,0.9462344577353649,0.0790993422269821,0.438201755285263,0.2729858801644652,2.5819612741470337,2.0,0.8483304905585123,0.7353194896580448,0.2,0.2,0.9,0.0
vit_tiny_patch16_224,mix50,0,mix50_1+mix50_3,2,dare,0.8665,0.9606594492544138,0.0790993422269821,0.438201755285263,0.2729858801644652,2.5819612741470337,2.0,0.8483304905585123,0.7353194896580448,0.3,0.2,0.9,0.0
vit_tiny_patch16_224,mix50,0,mix50_1+mix50_3,2,dare,0.87575,0.9709207854589792,0.0790993422269821,0.438201755285263,0.2729858801644652,2.5819612741470337,2.0,0.8483304905585123,0.7353194896580448,0.5,0.2,0.9,0.0
vit_tiny_patch16_224,mix50,0,mix50_1+mix50_4,2,dare,0.88175,0.9519780001190004,0.097527727484703,0.4242401123046875,0.2986385139736949,2.539104461669922,2.0,0.8653686778087728,0.7413870814719067,0.2,0.2,0.9,0.0
vit_tiny_patch16_224,mix50,0,mix50_1+mix50_4,2,dare,0.892,0.9630626699691184,0.097527727484703,0.4242401123046875,0.2986385139736949,2.539104461669922,2.0,0.8653686778087728,0.7413870814719067,0.3,0.2,0.9,0.0
vit_tiny_patch16_224,mix50,0,mix50_1+mix50_4,2,dare,0.90325,0.975211487958224,0.097527727484703,0.4242401123046875,0.2986385139736949,2.539104461669922,2.0,0.8653686778087728,0.7413870814719067,0.5,0.2,0.9,0.0
vit_tiny_patch16_224,mix50,0,mix50_2+mix50_3,2,dare,0.8694999999999999,0.9562496598022316,0.0964652299880981,0.4248817861080169,0.3021846448393251,2.603086233139038,2.0,0.8747623892075105,0.7274849414075151,0.2,0.2,0.9,0.0
vit_tiny_patch16_224,mix50,0,mix50_2+mix50_3,2,dare,0.88325,0.9713731893918776,0.0964652299880981,0.4248817861080169,0.3021846448393251,2.603086233139038,2.0,0.8747623892075105,0.7274849414075151,0.3,0.2,0.9,0.0
vit_tiny_patch16_224,mix50,0,mix50_2+mix50_3,2,dare,0.8975,0.987060388883849,0.0964652299880981,0.4248817861080169,0.3021846448393251,2.603086233139038,2.0,0.8747623892075105,0.7274849414075151,0.5,0.2,0.9,0.0
vit_tiny_patch16_224,mix50,0,mix50_2+mix50_4,2,dare,0.8907499999999999,0.9543441664214928,0.0948496088385582,0.4262980818748474,0.2838484357476661,2.5602294206619263,2.0,0.8603709807513494,0.7335525332213768,0.2,0.2,0.9,0.0
vit_tiny_patch16_224,mix50,0,mix50_2+mix50_4,2,dare,0.90675,0.9714323643591638,0.0948496088385582,0.4262980818748474,0.2838484357476661,2.5602294206619263,2.0,0.8603709807513494,0.7335525332213768,0.3,0.2,0.9,0.0
vit_tiny_patch16_224,mix50,0,mix50_2+mix50_4,2,dare,0.91525,0.980602768429286,0.0948496088385582,0.4262980818748474,0.2838484357476661,2.5602294206619263,2.0,0.8603709807513494,0.7335525332213768,0.5,0.2,0.9,0.0
vit_tiny_patch16_224,mix50,0,mix50_3+mix50_4,2,dare,0.8852500000000001,0.9514948651502064,0.0839491486549377,0.4344911873340606,0.283911968096196,2.5833770036697388,2.0,0.8530728190904258,0.7320144655290965,0.2,0.2,0.9,0.0
vit_tiny_patch16_224,mix50,0,mix50_3+mix50_4,2,dare,0.8975,0.9647494382944968,0.0839491486549377,0.4344911873340606,0.283911968096196,2.5833770036697388,2.0,0.8530728190904258,0.7320144655290965,0.3,0.2,0.9,0.0
vit_tiny_patch16_224,mix50,0,mix50_3+mix50_4,2,dare,0.9095,0.9776719894261758,0.0839491486549377,0.4344911873340606,0.283911968096196,2.5833770036697388,2.0,0.8530728190904258,0.7320144655290965,0.5,0.2,0.9,0.0
vit_tiny_patch16_224,mix50,0,mix50_0+mix50_1+mix50_2,3,dare,0.8628333333333332,0.9539313451584464,0.0846562087535858,0.4339883029460907,0.2833381335677227,2.582185745239258,3.0,0.8503227937156459,0.7357108927497569,0.2,0.2,0.9,0.0
vit_tiny_patch16_224,mix50,0,mix50_0+mix50_1+mix50_2,3,dare,0.8801666666666667,0.9730978822820876,0.0846562087535858,0.4339883029460907,0.2833381335677227,2.582185745239258,3.0,0.8503227937156459,0.7357108927497569,0.3,0.2,0.9,0.0
vit_tiny_patch16_224,mix50,0,mix50_0+mix50_1+mix50_2,3,dare,0.8773333333333334,0.9699963438515288,0.0846562087535858,0.4339883029460907,0.2833381335677227,2.582185745239258,3.0,0.8503227937156459,0.7357108927497569,0.5,0.2,0.9,0.0
vit_tiny_patch16_224,mix50,0,mix50_0+mix50_1+mix50_3,3,dare,0.8601666666666666,0.9532792863708254,0.0854289730389912,0.4333665668964386,0.2854596554132234,2.5976174672444663,3.0,0.8579232110281848,0.7346855142882367,0.2,0.2,0.9,0.0
vit_tiny_patch16_224,mix50,0,mix50_0+mix50_1+mix50_3,3,dare,0.8734999999999999,0.9680636841715228,0.0854289730389912,0.4333665668964386,0.2854596554132234,2.5976174672444663,3.0,0.8579232110281848,0.7346855142882367,0.3,0.2,0.9,0.0
vit_tiny_patch16_224,mix50,0,mix50_0+mix50_1+mix50_3,3,dare,0.8691666666666666,0.9632635614323276,0.0854289730389912,0.4333665668964386,0.2854596554132234,2.5976174672444663,3.0,0.8579232110281848,0.7346855142882367,0.5,0.2,0.9,0.0
vit_tiny_patch16_224,mix50,0,mix50_0+mix50_1+mix50_4,3,dare,0.8768333333333334,0.9546629473123548,0.0880005260308583,0.4314473768075307,0.2858790008633853,2.5690462589263916,3.0,0.8520770018910667,0.7387305754974779,0.2,0.2,0.9,0.0
vit_tiny_patch16_224,mix50,0,mix50_0+mix50_1+mix50_4,3,dare,0.8863333333333334,0.9650724726656374,0.0880005260308583,0.4314473768075307,0.2858790008633853,2.5690462589263916,3.0,0.8520770018910667,0.7387305754974779,0.3,0.2,0.9,0.0
vit_tiny_patch16_224,mix50,0,mix50_0+mix50_1+mix50_4,3,dare,0.8863333333333333,0.9649591371487592,0.0880005260308583,0.4314473768075307,0.2858790008633853,2.5690462589263916,3.0,0.8520770018910667,0.7387305754974779,0.5,0.2,0.9,0.0
vit_tiny_patch16_224,mix50,0,mix50_0+mix50_2+mix50_3,3,dare,0.8691666666666666,0.9580969978976474,0.0948322092493375,0.4261659781138102,0.3005417847631688,2.6117007732391357,3.0,0.8716945569946692,0.7294624821212169,0.2,0.2,0.9,0.0
vit_tiny_patch16_224,mix50,0,mix50_0+mix50_2+mix50_3,3,dare,0.884,0.9744501869928198,0.0948322092493375,0.4261659781138102,0.3005417847631688,2.6117007732391357,3.0,0.8716945569946692,0.7294624821212169,0.3,0.2,0.9,0.0
vit_tiny_patch16_224,mix50,0,mix50_0+mix50_2+mix50_3,3,dare,0.8795000000000001,0.969504618133426,0.0948322092493375,0.4261659781138102,0.3005417847631688,2.6117007732391357,3.0,0.8716945569946692,0.7294624821212169,0.5,0.2,0.9,0.0
vit_tiny_patch16_224,mix50,0,mix50_0+mix50_2+mix50_4,3,dare,0.8818333333333334,0.9551294611922369,0.0907224267721176,0.429372767607371,0.2862981825797011,2.583129564921061,3.0,0.8553718159554106,0.733507543330458,0.2,0.2,0.9,0.0
vit_tiny_patch16_224,mix50,0,mix50_0+mix50_2+mix50_4,3,dare,0.8935,0.967823286878953,0.0907224267721176,0.429372767607371,0.2862981825797011,2.583129564921061,3.0,0.8553718159554106,0.733507543330458,0.3,0.2,0.9,0.0
vit_tiny_patch16_224,mix50,0,mix50_0+mix50_2+mix50_4,3,dare,0.8918333333333334,0.9659033335971352,0.0907224267721176,0.429372767607371,0.2862981825797011,2.583129564921061,3.0,0.8553718159554106,0.733507543330458,0.5,0.2,0.9,0.0
vit_tiny_patch16_224,mix50,0,mix50_0+mix50_3+mix50_4,3,dare,0.8775,0.952608966149962,0.0893557568391164,0.4303819139798482,0.2907784091112913,2.5985612869262695,3.0,0.8605674378151466,0.7324821648689378,0.2,0.2,0.9,0.0
vit_tiny_patch16_224,mix50,0,mix50_0+mix50_3+mix50_4,3,dare,0.8903333333333333,0.9666462380841212,0.0893557568391164,0.4303819139798482,0.2907784091112913,2.5985612869262695,3.0,0.8605674378151466,0.7324821648689378,0.3,0.2,0.9,0.0
vit_tiny_patch16_224,mix50,0,mix50_0+mix50_3+mix50_4,3,dare,0.8845000000000001,0.96026883333615,0.0893557568391164,0.4303819139798482,0.2907784091112913,2.5985612869262695,3.0,0.8605674378151466,0.7324821648689378,0.5,0.2,0.9,0.0
vit_tiny_patch16_224,mix50,0,mix50_1+mix50_2+mix50_3,3,dare,0.8676666666666666,0.958185925076278,0.0863820239901542,0.4326616128285726,0.2850563289593314,2.581287066141764,3.0,0.85716904854235,0.733220662805295,0.2,0.2,0.9,0.0
vit_tiny_patch16_224,mix50,0,mix50_1+mix50_2+mix50_3,3,dare,0.8791666666666668,0.9708827047484324,0.0863820239901542,0.4326616128285726,0.2850563289593314,2.581287066141764,3.0,0.85716904854235,0.733220662805295,0.3,0.2,0.9,0.0
vit_tiny_patch16_224,mix50,0,mix50_1+mix50_2+mix50_3,3,dare,0.874,0.9652091392088932,0.0863820239901542,0.4326616128285726,0.2850563289593314,2.581287066141764,3.0,0.85716904854235,0.733220662805295,0.5,0.2,0.9,0.0
vit_tiny_patch16_224,mix50,0,mix50_1+mix50_2+mix50_4,3,dare,0.8816666666666667,0.956678017079387,0.0919862786928812,0.4284798304239909,0.2874951371985216,2.55271585782369,3.0,0.8580513081403831,0.7372657240145362,0.2,0.2,0.9,0.0
vit_tiny_patch16_224,mix50,0,mix50_1+mix50_2+mix50_4,3,dare,0.8906666666666667,0.9665132307025632,0.0919862786928812,0.4284798304239909,0.2874951371985216,2.55271585782369,3.0,0.8580513081403831,0.7372657240145362,0.3,0.2,0.9,0.0
vit_tiny_patch16_224,mix50,0,mix50_1+mix50_2+mix50_4,3,dare,0.8858333333333334,0.96111379185766,0.0919862786928812,0.4284798304239909,0.2874951371985216,2.55271585782369,3.0,0.8580513081403831,0.7372657240145362,0.5,0.2,0.9,0.0
vit_tiny_patch16_224,mix50,0,mix50_1+mix50_3+mix50_4,3,dare,0.875,0.9516134864980949,0.0868587394555409,0.4323110183080037,0.2851787874114521,2.568147579828898,3.0,0.8555906624859037,0.736240345553016,0.2,0.2,0.9,0.0
vit_tiny_patch16_224,mix50,0,mix50_1+mix50_3+mix50_4,3,dare,0.8823333333333334,0.9595539896296708,0.0868587394555409,0.4323110183080037,0.2851787874114521,2.568147579828898,3.0,0.8555906624859037,0.736240345553016,0.3,0.2,0.9,0.0
vit_tiny_patch16_224,mix50,0,mix50_1+mix50_3+mix50_4,3,dare,0.8733333333333334,0.9497258271162852,0.0868587394555409,0.4323110183080037,0.2851787874114521,2.568147579828898,3.0,0.8555906624859037,0.736240345553016,0.5,0.2,0.9,0.0
vit_tiny_patch16_224,mix50,0,mix50_2+mix50_3+mix50_4,3,dare,0.8850000000000001,0.9575016744491518,0.0917546624938647,0.428557018438975,0.2899816828943958,2.582230885823568,3.0,0.8627353963497618,0.7310173133859962,0.2,0.2,0.9,0.0
vit_tiny_patch16_224,mix50,0,mix50_2+mix50_3+mix50_4,3,dare,0.896,0.9694647438947268,0.0917546624938647,0.428557018438975,0.2899816828943958,2.582230885823568,3.0,0.8627353963497618,0.7310173133859962,0.3,0.2,0.9,0.0
vit_tiny_patch16_224,mix50,0,mix50_2+mix50_3+mix50_4,3,dare,0.8851666666666667,0.9576899135445286,0.0917546624938647,0.428557018438975,0.2899816828943958,2.582230885823568,3.0,0.8627353963497618,0.7310173133859962,0.5,0.2,0.9,0.0
vit_tiny_patch16_224,mix50,0,mix50_0+mix50_1+mix50_2+mix50_3+mix50_4,5,dare,0.8775999999999999,0.9594546588674976,0.0889977805316448,0.4306732386350632,0.2880007102762194,2.58266224861145,5.0,0.8581503232918521,0.7342323218614928,0.2,0.2,0.9,0.0
vit_tiny_patch16_224,mix50,0,mix50_0+mix50_1+mix50_2+mix50_3+mix50_4,5,dare,0.8769,0.9586778575010662,0.0889977805316448,0.4306732386350632,0.2880007102762194,2.58266224861145,5.0,0.8581503232918521,0.7342323218614928,0.3,0.2,0.9,0.0
vit_tiny_patch16_224,mix50,0,mix50_0+mix50_1+mix50_2+mix50_3+mix50_4,5,dare,0.8465,0.9252805946664722,0.0889977805316448,0.4306732386350632,0.2880007102762194,2.58266224861145,5.0,0.8581503232918521,0.7342323218614928,0.5,0.2,0.9,0.0
vit_tiny_patch16_224,mix50,1,mix50_0+mix50_1,2,dare,0.8545,0.9481890267399956,0.0774954035878181,0.4393919110298157,0.275240315822443,2.576339364051819,2.0,0.8365529119157479,0.7378955308451256,0.2,0.2,0.9,0.0
vit_tiny_patch16_224,mix50,1,mix50_0+mix50_1,2,dare,0.87075,0.9661951863329185,0.0774954035878181,0.4393919110298157,0.275240315822443,2.576339364051819,2.0,0.8365529119157479,0.7378955308451256,0.3,0.2,0.9,0.0
vit_tiny_patch16_224,mix50,1,mix50_0+mix50_1,2,dare,0.88375,0.9806316937710916,0.0774954035878181,0.4393919110298157,0.275240315822443,2.576339364051819,2.0,0.8365529119157479,0.7378955308451256,0.5,0.2,0.9,0.0
vit_tiny_patch16_224,mix50,1,mix50_0+mix50_2,2,dare,0.85975,0.9421673788814504,0.0889271348714828,0.4306564033031463,0.2942029589574061,2.610016107559204,2.0,0.8674947210673285,0.7345490230118552,0.2,0.2,0.9,0.0
vit_tiny_patch16_224,mix50,1,mix50_0+mix50_2,2,dare,0.874,0.957821691684262,0.0889271348714828,0.4306564033031463,0.2942029589574061,2.610016107559204,2.0,0.8674947210673285,0.7345490230118552,0.3,0.2,0.9,0.0
vit_tiny_patch16_224,mix50,1,mix50_0+mix50_2,2,dare,0.8955,0.981376724388492,0.0889271348714828,0.4306564033031463,0.2942029589574061,2.610016107559204,2.0,0.8674947210673285,0.7345490230118552,0.5,0.2,0.9,0.0
vit_tiny_patch16_224,mix50,1,mix50_0+mix50_3,2,dare,0.85825,0.9472958057395144,0.0937487185001373,0.4270020723342895,0.304437336279815,2.6312313079833984,2.0,0.8863856581776669,0.727641692779823,0.2,0.2,0.9,0.0
vit_tiny_patch16_224,mix50,1,mix50_0+mix50_3,2,dare,0.876,0.966887417218543,0.0937487185001373,0.4270020723342895,0.304437336279815,2.6312313079833984,2.0,0.8863856581776669,0.727641692779823,0.3,0.2,0.9,0.0
vit_tiny_patch16_224,mix50,1,mix50_0+mix50_3,2,dare,0.88625,0.9782008830022076,0.0937487185001373,0.4270020723342895,0.304437336279815,2.6312313079833984,2.0,0.8863856581776669,0.727641692779823,0.5,0.2,0.9,0.0
vit_tiny_patch16_224,mix50,1,mix50_0+mix50_4,2,dare,0.88175,0.9502892773819612,0.0865352004766464,0.4325028359889984,0.2795019504369523,2.5887720584869385,2.0,0.8526432546630593,0.73419066664871,0.2,0.2,0.9,0.0
vit_tiny_patch16_224,mix50,1,mix50_0+mix50_4,2,dare,0.8955,0.9650739845648982,0.0865352004766464,0.4325028359889984,0.2795019504369523,2.5887720584869385,2.0,0.8526432546630593,0.73419066664871,0.3,0.2,0.9,0.0
vit_tiny_patch16_224,mix50,1,mix50_0+mix50_4,2,dare,0.907,0.9775016652194078,0.0865352004766464,0.4325028359889984,0.2795019504369523,2.5887720584869385,2.0,0.8526432546630593,0.73419066664871,0.5,0.2,0.9,0.0
vit_tiny_patch16_224,mix50,1,mix50_1+mix50_2,2,dare,0.86075,0.9482156761241124,0.0788512527942657,0.4384758770465851,0.2836111201118966,2.552993655204773,2.0,0.8453872048246963,0.7406977256765397,0.2,0.2,0.9,0.0
vit_tiny_patch16_224,mix50,1,mix50_1+mix50_2,2,dare,0.87575,0.9647698976857771,0.0788512527942657,0.4384758770465851,0.2836111201118966,2.552993655204773,2.0,0.8453872048246963,0.7406977256765397,0.3,0.2,0.9,0.0
vit_tiny_patch16_224,mix50,1,mix50_1+mix50_2,2,dare,0.8895,0.9799093257723938,0.0788512527942657,0.4384758770465851,0.2836111201118966,2.552993655204773,2.0,0.8453872048246963,0.7406977256765397,0.5,0.2,0.9,0.0
vit_tiny_patch16_224,mix50,1,mix50_1+mix50_3,2,dare,0.85275,0.946225294836801,0.0735581889748573,0.4424706995487213,0.2769684883979136,2.5742088556289673,2.0,0.8377409254377588,0.7337903954445074,0.2,0.2,0.9,0.0
vit_tiny_patch16_224,mix50,1,mix50_1+mix50_3,2,dare,0.8685,0.96372051478093,0.0735581889748573,0.4424706995487213,0.2769684883979136,2.5742088556289673,2.0,0.8377409254377588,0.7337903954445074,0.3,0.2,0.9,0.0
vit_tiny_patch16_224,mix50,1,mix50_1+mix50_3,2,dare,0.8755,0.9714994170363284,0.0735581889748573,0.4424706995487213,0.2769684883979136,2.5742088556289673,2.0,0.8377409254377588,0.7337903954445074,0.5,0.2,0.9,0.0
vit_tiny_patch16_224,mix50,1,mix50_1+mix50_4,2,dare,0.8807499999999999,0.954242068872953,0.0978414192795753,0.4240365624427795,0.3008086118342526,2.5317496061325073,2.0,0.867908115854386,0.7403393693133944,0.2,0.2,0.9,0.0
vit_tiny_patch16_224,mix50,1,mix50_1+mix50_4,2,dare,0.8972500000000001,0.972102174890533,0.0978414192795753,0.4240365624427795,0.3008086118342526,2.5317496061325073,2.0,0.867908115854386,0.7403393693133944,0.3,0.2,0.9,0.0
vit_tiny_patch16_224,mix50,1,mix50_1+mix50_4,2,dare,0.9035,0.9789492047800424,0.0978414192795753,0.4240365624427795,0.3008086118342526,2.5317496061325073,2.0,0.867908115854386,0.7403393693133944,0.5,0.2,0.9,0.0
vit_tiny_patch16_224,mix50,1,mix50_2+mix50_3,2,dare,0.865,0.947915240435544,0.0949721187353134,0.4260398745536804,0.3038482104498938,2.6078855991363525,2.0,0.8776031913044569,0.7304438876112371,0.2,0.2,0.9,0.0
vit_tiny_patch16_224,mix50,1,mix50_2+mix50_3,2,dare,0.88375,0.9684583732678048,0.0949721187353134,0.4260398745536804,0.3038482104498938,2.6078855991363525,2.0,0.8776031913044569,0.7304438876112371,0.3,0.2,0.9,0.0
vit_tiny_patch16_224,mix50,1,mix50_2+mix50_3,2,dare,0.8927499999999999,0.9782945638675304,0.0949721187353134,0.4260398745536804,0.3038482104498938,2.6078855991363525,2.0,0.8776031913044569,0.7304438876112371,0.5,0.2,0.9,0.0
vit_tiny_patch16_224,mix50,1,mix50_2+mix50_4,2,dare,0.8895,0.9520747418176108,0.0971277579665184,0.4245505928993225,0.2978294897712304,2.5654263496398926,2.0,0.8670411402513204,0.7369928614801242,0.2,0.2,0.9,0.0
vit_tiny_patch16_224,mix50,1,mix50_2+mix50_4,2,dare,0.90675,0.9705917323188826,0.0971277579665184,0.4245505928993225,0.2978294897712304,2.5654263496398926,2.0,0.8670411402513204,0.7369928614801242,0.3,0.2,0.9,0.0
vit_tiny_patch16_224,mix50,1,mix50_2+mix50_4,2,dare,0.91625,0.9807193351291356,0.0971277579665184,0.4245505928993225,0.2978294897712304,2.5654263496398926,2.0,0.8670411402513204,0.7369928614801242,0.5,0.2,0.9,0.0
vit_tiny_patch16_224,mix50,1,mix50_3+mix50_4,2,dare,0.882,0.9505399321357704,0.0886616259813308,0.4308327436447143,0.2882075870265603,2.586641550064087,2.0,0.8607071429347364,0.7300855312480918,0.2,0.2,0.9,0.0
vit_tiny_patch16_224,mix50,1,mix50_3+mix50_4,2,dare,0.8932500000000001,0.9626158242923254,0.0886616259813308,0.4308327436447143,0.2882075870265603,2.586641550064087,2.0,0.8607071429347364,0.7300855312480918,0.3,0.2,0.9,0.0
vit_tiny_patch16_224,mix50,1,mix50_3+mix50_4,2,dare,0.9055,0.9757575440542076,0.0886616259813308,0.4308327436447143,0.2882075870265603,2.586641550064087,2.0,0.8607071429347364,0.7300855312480918,0.5,0.2,0.9,0.0
vit_tiny_patch16_224,mix50,1,mix50_0+mix50_1+mix50_2,3,dare,0.8641666666666667,0.9526051785837956,0.0817579304178555,0.436174730459849,0.2843514649639152,2.579783042271932,3.0,0.8498116126025909,0.7377140931778401,0.2,0.2,0.9,0.0
vit_tiny_patch16_224,mix50,1,mix50_0+mix50_1+mix50_2,3,dare,0.8798333333333334,0.969884872664471,0.0817579304178555,0.436174730459849,0.2843514649639152,2.579783042271932,3.0,0.8498116126025909,0.7377140931778401,0.3,0.2,0.9,0.0
vit_tiny_patch16_224,mix50,1,mix50_0+mix50_1+mix50_2,3,dare,0.8785,0.9684717296938926,0.0817579304178555,0.436174730459849,0.2843514649639152,2.579783042271932,3.0,0.8498116126025909,0.7377140931778401,0.5,0.2,0.9,0.0
vit_tiny_patch16_224,mix50,1,mix50_0+mix50_1+mix50_3,3,dare,0.8641666666666667,0.9571909523053228,0.0816007703542709,0.4362882276376088,0.2855487135000572,2.593926509221395,3.0,0.8535598318437246,0.7331092063564854,0.2,0.2,0.9,0.0
vit_tiny_patch16_224,mix50,1,mix50_0+mix50_1+mix50_3,3,dare,0.8734999999999999,0.9675413789296696,0.0816007703542709,0.4362882276376088,0.2855487135000572,2.593926509221395,3.0,0.8535598318437246,0.7331092063564854,0.3,0.2,0.9,0.0
vit_tiny_patch16_224,mix50,1,mix50_0+mix50_1+mix50_3,3,dare,0.8691666666666666,0.962775994618923,0.0816007703542709,0.4362882276376088,0.2855487135000572,2.593926509221395,3.0,0.8535598318437246,0.7331092063564854,0.5,0.2,0.9,0.0
vit_tiny_patch16_224,mix50,1,mix50_0+mix50_1+mix50_4,3,dare,0.8773333333333334,0.9563578463042642,0.0872906744480133,0.4319771031538645,0.285183626031216,2.5656203428904214,3.0,0.8523680941443977,0.7374751889357434,0.2,0.2,0.9,0.0
vit_tiny_patch16_224,mix50,1,mix50_0+mix50_1+mix50_4,3,dare,0.8891666666666667,0.9692880910672128,0.0872906744480133,0.4319771031538645,0.285183626031216,2.5656203428904214,3.0,0.8523680941443977,0.7374751889357434,0.3,0.2,0.9,0.0
vit_tiny_patch16_224,mix50,1,mix50_0+mix50_1+mix50_4,3,dare,0.886,0.9658921167216018,0.0872906744480133,0.4319771031538645,0.285183626031216,2.5656203428904214,3.0,0.8523680941443977,0.7374751889357434,0.5,0.2,0.9,0.0
vit_tiny_patch16_224,mix50,1,mix50_0+mix50_2+mix50_3,3,dare,0.8694999999999999,0.9551564910831029,0.0925493240356445,0.4278994500637054,0.300829501895705,2.616377671559652,3.0,0.8771611901831508,0.730878201134305,0.2,0.2,0.9,0.0
vit_tiny_patch16_224,mix50,1,mix50_0+mix50_2+mix50_3,3,dare,0.8835000000000001,0.9705153488491264,0.0925493240356445,0.4278994500637054,0.300829501895705,2.616377671559652,3.0,0.8771611901831508,0.730878201134305,0.3,0.2,0.9,0.0
vit_tiny_patch16_224,mix50,1,mix50_0+mix50_2+mix50_3,3,dare,0.8773333333333334,0.9637453049472304,0.0925493240356445,0.4278994500637054,0.300829501895705,2.616377671559652,3.0,0.8771611901831508,0.730878201134305,0.5,0.2,0.9,0.0
vit_tiny_patch16_224,mix50,1,mix50_0+mix50_2+mix50_4,3,dare,0.8813333333333334,0.9529255520664016,0.0908633644382159,0.4292366107304891,0.2905114663885296,2.5880715052286782,3.0,0.8623930386605694,0.7352441837135631,0.2,0.2,0.9,0.0
vit_tiny_patch16_224,mix50,1,mix50_0+mix50_2+mix50_4,3,dare,0.8948333333333333,0.9675530651075386,0.0908633644382159,0.4292366107304891,0.2905114663885296,2.5880715052286782,3.0,0.8623930386605694,0.7352441837135631,0.3,0.2,0.9,0.0
vit_tiny_patch16_224,mix50,1,mix50_0+mix50_2+mix50_4,3,dare,0.8928333333333334,0.9653956233409304,0.0908633644382159,0.4292366107304891,0.2905114663885296,2.5880715052286782,3.0,0.8623930386605694,0.7352441837135631,0.5,0.2,0.9,0.0
vit_tiny_patch16_224,mix50,1,mix50_0+mix50_3+mix50_4,3,dare,0.8766666666666666,0.95234362921347,0.0896485149860382,0.4301125506560008,0.2907156245811092,2.602214972178141,3.0,0.8665786852584875,0.7306392968922083,0.2,0.2,0.9,0.0
vit_tiny_patch16_224,mix50,1,mix50_0+mix50_3+mix50_4,3,dare,0.8898333333333334,0.9666656785783618,0.0896485149860382,0.4301125506560008,0.2907156245811092,2.602214972178141,3.0,0.8665786852584875,0.7306392968922083,0.3,0.2,0.9,0.0
vit_tiny_patch16_224,mix50,1,mix50_0+mix50_3+mix50_4,3,dare,0.8843333333333333,0.960645605273834,0.0896485149860382,0.4301125506560008,0.2907156245811092,2.602214972178141,3.0,0.8665786852584875,0.7306392968922083,0.5,0.2,0.9,0.0
vit_tiny_patch16_224,mix50,1,mix50_1+mix50_2+mix50_3,3,dare,0.863,0.9512738817229016,0.0824605201681454,0.4356621503829956,0.2881426063199013,2.5783627033233643,3.0,0.8535771071889706,0.7349773362440947,0.2,0.2,0.9,0.0
vit_tiny_patch16_224,mix50,1,mix50_1+mix50_2+mix50_3,3,dare,0.8744999999999999,0.9639513693808897,0.0824605201681454,0.4356621503829956,0.2881426063199013,2.5783627033233643,3.0,0.8535771071889706,0.7349773362440947,0.3,0.2,0.9,0.0
vit_tiny_patch16_224,mix50,1,mix50_1+mix50_2+mix50_3,3,dare,0.8678333333333333,0.9566470212112193,0.0824605201681454,0.4356621503829956,0.2881426063199013,2.5783627033233643,3.0,0.8535771071889706,0.7349773362440947,0.5,0.2,0.9,0.0
vit_tiny_patch16_224,mix50,1,mix50_1+mix50_2+mix50_4,3,dare,0.883,0.9580474073804178,0.0912734766801198,0.429021010796229,0.2940830739057932,2.550056536992391,3.0,0.8601121536434676,0.7393433188233528,0.2,0.2,0.9,0.0
vit_tiny_patch16_224,mix50,1,mix50_1+mix50_2+mix50_4,3,dare,0.8913333333333333,0.9671804168511988,0.0912734766801198,0.429021010796229,0.2940830739057932,2.550056536992391,3.0,0.8601121536434676,0.7393433188233528,0.3,0.2,0.9,0.0
vit_tiny_patch16_224,mix50,1,mix50_1+mix50_2+mix50_4,3,dare,0.8905,0.9663346232458864,0.0912734766801198,0.429021010796229,0.2940830739057932,2.550056536992391,3.0,0.8601121536434676,0.7393433188233528,0.5,0.2,0.9,0.0
vit_tiny_patch16_224,mix50,1,mix50_1+mix50_3+mix50_4,3,dare,0.872,0.9505489645971412,0.0866870780785878,0.4324466685454051,0.2886615624195755,2.564200003941854,3.0,0.8554520614089604,0.7347384320019978,0.2,0.2,0.9,0.0
vit_tiny_patch16_224,mix50,1,mix50_1+mix50_3+mix50_4,3,dare,0.8811666666666667,0.960517694015703,0.0866870780785878,0.4324466685454051,0.2886615624195755,2.564200003941854,3.0,0.8554520614089604,0.7347384320019978,0.3,0.2,0.9,0.0
vit_tiny_patch16_224,mix50,1,mix50_1+mix50_3+mix50_4,3,dare,0.8719999999999999,0.9505218484924812,0.0866870780785878,0.4324466685454051,0.2886615624195755,2.564200003941854,3.0,0.8554520614089604,0.7347384320019978,0.5,0.2,0.9,0.0
vit_tiny_patch16_224,mix50,1,mix50_2+mix50_3+mix50_4,3,dare,0.8855,0.9574393867971668,0.0935871675610542,0.4271410703659057,0.2966284290825615,2.586651166280111,3.0,0.868450491496838,0.7325074267798177,0.2,0.2,0.9,0.0
vit_tiny_patch16_224,mix50,1,mix50_2+mix50_3+mix50_4,3,dare,0.8948333333333333,0.9675094479943712,0.0935871675610542,0.4271410703659057,0.2966284290825615,2.586651166280111,3.0,0.868450491496838,0.7325074267798177,0.3,0.2,0.9,0.0
vit_tiny_patch16_224,mix50,1,mix50_2+mix50_3+mix50_4,3,dare,0.8873333333333333,0.959462815569382,0.0935871675610542,0.4271410703659057,0.2966284290825615,2.586651166280111,3.0,0.868450491496838,0.7325074267798177,0.5,0.2,0.9,0.0
vit_tiny_patch16_224,mix50,1,mix50_0+mix50_1+mix50_2+mix50_3+mix50_4,5,dare,0.8760999999999999,0.957064604871302,0.0877718821167945,0.4315959572792053,0.2904656069088364,2.582526445388794,5.0,0.8599464266431157,0.7346626684059409,0.2,0.2,0.9,0.0
vit_tiny_patch16_224,mix50,1,mix50_0+mix50_1+mix50_2+mix50_3+mix50_4,5,dare,0.8744,0.955218630515852,0.0877718821167945,0.4315959572792053,0.2904656069088364,2.582526445388794,5.0,0.8599464266431157,0.7346626684059409,0.3,0.2,0.9,0.0
vit_tiny_patch16_224,mix50,1,mix50_0+mix50_1+mix50_2+mix50_3+mix50_4,5,dare,0.8446999999999999,0.9226818105081508,0.0877718821167945,0.4315959572792053,0.2904656069088364,2.582526445388794,5.0,0.8599464266431157,0.7346626684059409,0.5,0.2,0.9,0.0
vit_tiny_patch16_224,mix75,0,mix75_0+mix75_1,2,dare,0.8905000000000001,0.9556729976892536,0.0920977443456649,0.4283634126186371,0.3014786386580273,2.5849088430404663,2.0,0.8825658888682795,0.7356538521531425,0.2,0.2,0.9,0.0
vit_tiny_patch16_224,mix75,0,mix75_0+mix75_1,2,dare,0.9025,0.9685715438206262,0.0920977443456649,0.4283634126186371,0.3014786386580273,2.5849088430404663,2.0,0.8825658888682795,0.7356538521531425,0.3,0.2,0.9,0.0
vit_tiny_patch16_224,mix75,0,mix75_0+mix75_1,2,dare,0.9085,0.9750270835614306,0.0920977443456649,0.4283634126186371,0.3014786386580273,2.5849088430404663,2.0,0.8825658888682795,0.7356538521531425,0.5,0.2,0.9,0.0
vit_tiny_patch16_224,mix75,0,mix75_0+mix75_2,2,dare,0.8832500000000001,0.9574117059411178,0.0911418050527572,0.4290484189987182,0.2945708984421609,2.5942572355270386,2.0,0.8732778592852348,0.7402820615613092,0.2,0.2,0.9,0.0
vit_tiny_patch16_224,mix75,0,mix75_0+mix75_2,2,dare,0.896,0.9712610918493272,0.0911418050527572,0.4290484189987182,0.2945708984421609,2.5942572355270386,2.0,0.8732778592852348,0.7402820615613092,0.3,0.2,0.9,0.0
vit_tiny_patch16_224,mix75,0,mix75_0+mix75_2,2,dare,0.90575,0.9818137744608332,0.0911418050527572,0.4290484189987182,0.2945708984421609,2.5942572355270386,2.0,0.8732778592852348,0.7402820615613092,0.5,0.2,0.9,0.0
vit_tiny_patch16_224,mix75,0,mix75_0+mix75_3,2,dare,0.8725,0.953297747879497,0.0887420773506164,0.430878609418869,0.2987384178373772,2.6074345111846924,2.0,0.8697933959477046,0.7337480727710743,0.2,0.2,0.9,0.0
vit_tiny_patch16_224,mix75,0,mix75_0+mix75_3,2,dare,0.88325,0.9650325909831612,0.0887420773506164,0.430878609418869,0.2987384178373772,2.6074345111846924,2.0,0.8697933959477046,0.7337480727710743,0.3,0.2,0.9,0.0
vit_tiny_patch16_224,mix75,0,mix75_0+mix75_3,2,dare,0.8945000000000001,0.9773200183846572,0.0887420773506164,0.430878609418869,0.2987384178373772,2.6074345111846924,2.0,0.8697933959477046,0.7337480727710743,0.5,0.2,0.9,0.0
vit_tiny_patch16_224,mix75,0,mix75_0+mix75_4,2,dare,0.869,0.9504857418031072,0.0923146679997444,0.42814701795578,0.3011146915669639,2.5872479677200317,2.0,0.8736816409045234,0.7344011206668979,0.2,0.2,0.9,0.0
vit_tiny_patch16_224,mix75,0,mix75_0+mix75_4,2,dare,0.88375,0.9666258890809788,0.0923146679997444,0.42814701795578,0.3011146915669639,2.5872479677200317,2.0,0.8736816409045234,0.7344011206668979,0.3,0.2,0.9,0.0
vit_tiny_patch16_224,mix75,0,mix75_0+mix75_4,2,dare,0.8975,0.9816544234208904,0.0923146679997444,0.42814701795578,0.3011146915669639,2.5872479677200317,2.0,0.8736816409045234,0.7344011206668979,0.5,0.2,0.9,0.0
vit_tiny_patch16_224,mix75,0,mix75_1+mix75_2,2,dare,0.90475,0.9581275290303946,0.0932065993547439,0.4275656640529632,0.2991125299876832,2.569910049438477,2.0,0.8756455458997772,0.7362029581146614,0.2,0.2,0.9,0.0
vit_tiny_patch16_224,mix75,0,mix75_1+mix75_2,2,dare,0.92075,0.9751308856478664,0.0932065993547439,0.4275656640529632,0.2991125299876832,2.569910049438477,2.0,0.8756455458997772,0.7362029581146614,0.3,0.2,0.9,0.0
vit_tiny_patch16_224,mix75,0,mix75_1+mix75_2,2,dare,0.926,0.98071992013662,0.0932065993547439,0.4275656640529632,0.2991125299876832,2.569910049438477,2.0,0.8756455458997772,0.7362029581146614,0.5,0.2,0.9,0.0
vit_tiny_patch16_224,mix75,0,mix75_1+mix75_3,2,dare,0.8987499999999999,0.9590292717843606,0.0901693329215049,0.4298264682292938,0.2965945905199648,2.5830873250961304,2.0,0.8592787651499472,0.7296689693244266,0.2,0.2,0.9,0.0
vit_tiny_patch16_224,mix75,0,mix75_1+mix75_3,2,dare,0.91075,0.971868273409922,0.0901693329215049,0.4298264682292938,0.2965945905199648,2.5830873250961304,2.0,0.8592787651499472,0.7296689693244266,0.3,0.2,0.9,0.0
vit_tiny_patch16_224,mix75,0,mix75_1+mix75_3,2,dare,0.92325,0.9852880564955948,0.0901693329215049,0.4298264682292938,0.2965945905199648,2.5830873250961304,2.0,0.8592787651499472,0.7296689693244266,0.5,0.2,0.9,0.0
vit_tiny_patch16_224,mix75,0,mix75_1+mix75_4,2,dare,0.898,0.9592975939716124,0.0928375795483589,0.4279054701328277,0.2986489523579654,2.5629007816314697,2.0,0.8680399712304618,0.7303220172202501,0.2,0.2,0.9,0.0
vit_tiny_patch16_224,mix75,0,mix75_1+mix75_4,2,dare,0.91275,0.9751765477958608,0.0928375795483589,0.4279054701328277,0.2986489523579654,2.5629007816314697,2.0,0.8680399712304618,0.7303220172202501,0.3,0.2,0.9,0.0
vit_tiny_patch16_224,mix75,0,mix75_1+mix75_4,2,dare,0.91975,0.9827177413300396,0.0928375795483589,0.4279054701328277,0.2986489523579654,2.5629007816314697,2.0,0.8680399712304618,0.7303220172202501,0.5,0.2,0.9,0.0
vit_tiny_patch16_224,mix75,0,mix75_2+mix75_3,2,dare,0.8832500000000001,0.9520020797811002,0.0958662331104278,0.4255262017250061,0.2976123325845329,2.592435717582702,2.0,0.8685183310240698,0.7342971787325933,0.2,0.2,0.9,0.0
vit_tiny_patch16_224,mix75,0,mix75_2+mix75_3,2,dare,0.89975,0.9697712821734292,0.0958662331104278,0.4255262017250061,0.2976123325845329,2.592435717582702,2.0,0.8685183310240698,0.7342971787325933,0.3,0.2,0.9,0.0
vit_tiny_patch16_224,mix75,0,mix75_2+mix75_3,2,dare,0.90775,0.9783569148364496,0.0958662331104278,0.4255262017250061,0.2976123325845329,2.592435717582702,2.0,0.8685183310240698,0.7342971787325933,0.5,0.2,0.9,0.0
vit_tiny_patch16_224,mix75,0,mix75_2+mix75_4,2,dare,0.8859999999999999,0.9560424605334784,0.0930292308330535,0.4278014004230499,0.2945867950900721,2.572249174118042,2.0,0.8740635580714357,0.7349502266284168,0.2,0.2,0.9,0.0
vit_tiny_patch16_224,mix75,0,mix75_2+mix75_4,2,dare,0.8987499999999999,0.9697652822696852,0.0930292308330535,0.4278014004230499,0.2945867950900721,2.572249174118042,2.0,0.8740635580714357,0.7349502266284168,0.3,0.2,0.9,0.0
vit_tiny_patch16_224,mix75,0,mix75_2+mix75_4,2,dare,0.913,0.9851404143584488,0.0930292308330535,0.4278014004230499,0.2945867950900721,2.572249174118042,2.0,0.8740635580714357,0.7349502266284168,0.5,0.2,0.9,0.0
vit_tiny_patch16_224,mix75,0,mix75_3+mix75_4,2,dare,0.87575,0.9524229896830704,0.0950587540864944,0.426176518201828,0.3043224316836659,2.585426449775696,2.0,0.8772281747702264,0.728416237838182,0.2,0.2,0.9,0.0
vit_tiny_patch16_224,mix75,0,mix75_3+mix75_4,2,dare,0.8899999999999999,0.9679167170572194,0.0950587540864944,0.426176518201828,0.3043224316836659,2.585426449775696,2.0,0.8772281747702264,0.728416237838182,0.3,0.2,0.9,0.0
vit_tiny_patch16_224,mix75,0,mix75_3+mix75_4,2,dare,0.89775,0.976352613029829,0.0950587540864944,0.426176518201828,0.3043224316836659,2.585426449775696,2.0,0.8772281747702264,0.728416237838182,0.5,0.2,0.9,0.0
vit_tiny_patch16_224,mix75,0,mix75_0+mix75_1+mix75_2,3,dare,0.8969999999999999,0.9615962124799534,0.0921487162510554,0.4283258318901062,0.2983873556959571,2.5830253760019937,3.0,0.8771630980177637,0.7373796239430378,0.2,0.2,0.9,0.0
vit_tiny_patch16_224,mix75,0,mix75_0+mix75_1+mix75_2,3,dare,0.907,0.972312396673111,0.0921487162510554,0.4283258318901062,0.2983873556959571,2.5830253760019937,3.0,0.8771630980177637,0.7373796239430378,0.3,0.2,0.9,0.0
vit_tiny_patch16_224,mix75,0,mix75_0+mix75_1+mix75_2,3,dare,0.9025,0.9674393591232482,0.0921487162510554,0.4283258318901062,0.2983873556959571,2.5830253760019937,3.0,0.8771630980177637,0.7373796239430378,0.5,0.2,0.9,0.0
vit_tiny_patch16_224,mix75,0,mix75_0+mix75_1+mix75_3,3,dare,0.8895,0.9584129997063336,0.0903363848725954,0.4296894967556,0.2989372156717897,2.5918102264404297,3.0,0.8705460166553104,0.7330236314162145,0.2,0.2,0.9,0.0
vit_tiny_patch16_224,mix75,0,mix75_0+mix75_1+mix75_3,3,dare,0.8976666666666667,0.967243218305943,0.0903363848725954,0.4296894967556,0.2989372156717897,2.5918102264404297,3.0,0.8705460166553104,0.7330236314162145,0.3,0.2,0.9,0.0
vit_tiny_patch16_224,mix75,0,mix75_0+mix75_1+mix75_3,3,dare,0.894,0.963197204238515,0.0903363848725954,0.4296894967556,0.2989372156717897,2.5918102264404297,3.0,0.8705460166553104,0.7330236314162145,0.5,0.2,0.9,0.0
vit_tiny_patch16_224,mix75,0,mix75_0+mix75_1+mix75_4,3,dare,0.8898333333333334,0.959541723862427,0.0924166639645894,0.4281386335690816,0.3004140941943189,2.5783525307973227,3.0,0.8747625003344215,0.7334589966800968,0.2,0.2,0.9,0.0
vit_tiny_patch16_224,mix75,0,mix75_0+mix75_1+mix75_4,3,dare,0.8969999999999999,0.9673097783108492,0.0924166639645894,0.4281386335690816,0.3004140941943189,2.5783525307973227,3.0,0.8747625003344215,0.7334589966800968,0.3,0.2,0.9,0.0
vit_tiny_patch16_224,mix75,0,mix75_0+mix75_1+mix75_4,3,dare,0.8931666666666667,0.9631239667181942,0.0924166639645894,0.4281386335690816,0.3004140941943189,2.5783525307973227,3.0,0.8747625003344215,0.7334589966800968,0.5,0.2,0.9,0.0
vit_tiny_patch16_224,mix75,0,mix75_0+mix75_2+mix75_3,3,dare,0.883,0.9578616567209722,0.0919167051712672,0.4284844100475311,0.2969738829546903,2.5980424880981445,3.0,0.8705298620856697,0.7361091043549922,0.2,0.2,0.9,0.0
vit_tiny_patch16_224,mix75,0,mix75_0+mix75_2+mix75_3,3,dare,0.89,0.9654442739099416,0.0919167051712672,0.4284844100475311,0.2969738829546903,2.5980424880981445,3.0,0.8705298620856697,0.7361091043549922,0.3,0.2,0.9,0.0
vit_tiny_patch16_224,mix75,0,mix75_0+mix75_2+mix75_3,3,dare,0.8875000000000001,0.9627178457865104,0.0919167051712672,0.4284844100475311,0.2969738829546903,2.5980424880981445,3.0,0.8705298620856697,0.7361091043549922,0.5,0.2,0.9,0.0
vit_tiny_patch16_224,mix75,0,mix75_0+mix75_2+mix75_4,3,dare,0.8868333333333333,0.9626989718042904,0.092161901295185,0.4283322791258494,0.2967574616997323,2.5845847924550376,3.0,0.8736743527537313,0.7365444696188747,0.2,0.2,0.9,0.0
vit_tiny_patch16_224,mix75,0,mix75_0+mix75_2+mix75_4,3,dare,0.8921666666666667,0.9684735189666503,0.092161901295185,0.4283322791258494,0.2967574616997323,2.5845847924550376,3.0,0.8736743527537313,0.7365444696188747,0.3,0.2,0.9,0.0
vit_tiny_patch16_224,mix75,0,mix75_0+mix75_2+mix75_4,3,dare,0.8866666666666667,0.962508478957933,0.092161901295185,0.4283322791258494,0.2967574616997323,2.5845847924550376,3.0,0.8736743527537313,0.7365444696188747,0.5,0.2,0.9,0.0
vit_tiny_patch16_224,mix75,0,mix75_0+mix75_3+mix75_4,3,dare,0.8736666666666667,0.9534327162785076,0.0920384998122851,0.428400715192159,0.3013918470293357,2.593369642893473,3.0,0.8735677372074848,0.7321884770920514,0.2,0.2,0.9,0.0
vit_tiny_patch16_224,mix75,0,mix75_0+mix75_3+mix75_4,3,dare,0.8853333333333334,0.9661630818503384,0.0920384998122851,0.428400715192159,0.3013918470293357,2.593369642893473,3.0,0.8735677372074848,0.7321884770920514,0.3,0.2,0.9,0.0
vit_tiny_patch16_224,mix75,0,mix75_0+mix75_3+mix75_4,3,dare,0.878,0.9581619055640594,0.0920384998122851,0.428400715192159,0.3013918470293357,2.593369642893473,3.0,0.8735677372074848,0.7321884770920514,0.5,0.2,0.9,0.0
vit_tiny_patch16_224,mix75,0,mix75_1+mix75_2+mix75_3,3,dare,0.9026666666666668,0.9639353419052268,0.0930807217955589,0.4276394446690877,0.2977731510307269,2.58181103070577,3.0,0.8678142140245981,0.733389702057227,0.2,0.2,0.9,0.0
vit_tiny_patch16_224,mix75,0,mix75_1+mix75_2+mix75_3,3,dare,0.9113333333333332,0.9732448762509056,0.0930807217955589,0.4276394446690877,0.2977731510307269,2.58181103070577,3.0,0.8678142140245981,0.733389702057227,0.3,0.2,0.9,0.0
vit_tiny_patch16_224,mix75,0,mix75_1+mix75_2+mix75_3,3,dare,0.907,0.9685828667693736,0.0930807217955589,0.4276394446690877,0.2977731510307269,2.58181103070577,3.0,0.8678142140245981,0.733389702057227,0.5,0.2,0.9,0.0
vit_tiny_patch16_224,mix75,0,mix75_1+mix75_2+mix75_4,3,dare,0.9006666666666666,0.962562374444905,0.0930244699120521,0.4277575115362803,0.2974494258119068,2.5683533350626626,3.0,0.8725830250672248,0.7338250673211094,0.2,0.2,0.9,0.0
vit_tiny_patch16_224,mix75,0,mix75_1+mix75_2+mix75_4,3,dare,0.9095,0.9720626882485096,0.0930244699120521,0.4277575115362803,0.2974494258119068,2.5683533350626626,3.0,0.8725830250672248,0.7338250673211094,0.3,0.2,0.9,0.0
vit_tiny_patch16_224,mix75,0,mix75_1+mix75_2+mix75_4,3,dare,0.9021666666666668,0.9642561868347072,0.0930244699120521,0.4277575115362803,0.2974494258119068,2.5683533350626626,3.0,0.8725830250672248,0.7338250673211094,0.5,0.2,0.9,0.0
vit_tiny_patch16_224,mix75,0,mix75_1+mix75_3+mix75_4,3,dare,0.8935,0.959780903695591,0.0926885555187861,0.4279694855213165,0.2998553248538653,2.577138185501098,3.0,0.8681823037168784,0.7294690747942862,0.2,0.2,0.9,0.0
vit_tiny_patch16_224,mix75,0,mix75_1+mix75_3+mix75_4,3,dare,0.9011666666666668,0.968058043936904,0.0926885555187861,0.4279694855213165,0.2998553248538653,2.577138185501098,3.0,0.8681823037168784,0.7294690747942862,0.3,0.2,0.9,0.0
vit_tiny_patch16_224,mix75,0,mix75_1+mix75_3+mix75_4,3,dare,0.8965,0.9629926305778156,0.0926885555187861,0.4279694855213165,0.2998553248538653,2.577138185501098,3.0,0.8681823037168784,0.7294690747942862,0.5,0.2,0.9,0.0
vit_tiny_patch16_224,mix75,0,mix75_2+mix75_3+mix75_4,3,dare,0.8846666666666666,0.9566815008684568,0.0946514060099919,0.4265013734499613,0.2988405197860903,2.5833704471588135,3.0,0.8732700212885773,0.732554547733064,0.2,0.2,0.9,0.0
vit_tiny_patch16_224,mix75,0,mix75_2+mix75_3+mix75_4,3,dare,0.8943333333333333,0.9671223526450224,0.0946514060099919,0.4265013734499613,0.2988405197860903,2.5833704471588135,3.0,0.8732700212885773,0.732554547733064,0.3,0.2,0.9,0.0
vit_tiny_patch16_224,mix75,0,mix75_2+mix75_3+mix75_4,3,dare,0.8855,0.9575691219379016,0.0946514060099919,0.4265013734499613,0.2988405197860903,2.5833704471588135,3.0,0.8732700212885773,0.732554547733064,0.5,0.2,0.9,0.0
vit_tiny_patch16_224,mix75,0,mix75_0+mix75_1+mix75_2+mix75_3+mix75_4,5,dare,0.8913,0.9609250490234011,0.0924464024603366,0.4281239181756973,0.2986780278728413,2.5839858055114746,5.0,0.8722093131151659,0.7337942695010954,0.2,0.2,0.9,0.0
vit_tiny_patch16_224,mix75,0,mix75_0+mix75_1+mix75_2+mix75_3+mix75_4,5,dare,0.8881,0.9574331503862508,0.0924464024603366,0.4281239181756973,0.2986780278728413,2.5839858055114746,5.0,0.8722093131151659,0.7337942695010954,0.3,0.2,0.9,0.0
vit_tiny_patch16_224,mix75,0,mix75_0+mix75_1+mix75_2+mix75_3+mix75_4,5,dare,0.8529,0.9194550727575908,0.0924464024603366,0.4281239181756973,0.2986780278728413,2.5839858055114746,5.0,0.8722093131151659,0.7337942695010954,0.5,0.2,0.9,0.0
vit_tiny_patch16_224,mix75,1,mix75_0+mix75_1,2,dare,0.8895,0.9545304828392286,0.0973062068223953,0.4243739545345306,0.3033537310199886,2.573749303817749,2.0,0.8810921748785498,0.7319735692611451,0.2,0.2,0.9,0.0
vit_tiny_patch16_224,mix75,1,mix75_0+mix75_1,2,dare,0.90425,0.9705218631184184,0.0973062068223953,0.4243739545345306,0.3033537310199886,2.573749303817749,2.0,0.8810921748785498,0.7319735692611451,0.3,0.2,0.9,0.0
vit_tiny_patch16_224,mix75,1,mix75_0+mix75_1,2,dare,0.91275,0.9795796013004504,0.0973062068223953,0.4243739545345306,0.3033537310199886,2.573749303817749,2.0,0.8810921748785498,0.7319735692611451,0.5,0.2,0.9,0.0
vit_tiny_patch16_224,mix75,1,mix75_0+mix75_2,2,dare,0.88125,0.959673224748282,0.0913610532879829,0.4288629293441772,0.2911483917533661,2.583872437477112,2.0,0.8721692090931332,0.7437308464611405,0.2,0.2,0.9,0.0
vit_tiny_patch16_224,mix75,1,mix75_0+mix75_2,2,dare,0.893,0.972514594217588,0.0913610532879829,0.4288629293441772,0.2911483917533661,2.583872437477112,2.0,0.8721692090931332,0.7437308464611405,0.3,0.2,0.9,0.0
vit_tiny_patch16_224,mix75,1,mix75_0+mix75_2,2,dare,0.90675,0.9874943138449204,0.0913610532879829,0.4288629293441772,0.2911483917533661,2.583872437477112,2.0,0.8721692090931332,0.7437308464611405,0.5,0.2,0.9,0.0
vit_tiny_patch16_224,mix75,1,mix75_0+mix75_3,2,dare,0.86825,0.9479492833517088,0.0932231098413467,0.4274634420871734,0.3054837029382558,2.5929125547409058,2.0,0.8711626141610486,0.7330766730187568,0.2,0.2,0.9,0.0
vit_tiny_patch16_224,mix75,1,mix75_0+mix75_3,2,dare,0.885,0.9661968473434844,0.0932231098413467,0.4274634420871734,0.3054837029382558,2.5929125547409058,2.0,0.8711626141610486,0.7330766730187568,0.3,0.2,0.9,0.0
vit_tiny_patch16_224,mix75,1,mix75_0+mix75_3,2,dare,0.895,0.9770827497839626,0.0932231098413467,0.4274634420871734,0.3054837029382558,2.5929125547409058,2.0,0.8711626141610486,0.7330766730187568,0.5,0.2,0.9,0.0
vit_tiny_patch16_224,mix75,1,mix75_0+mix75_4,2,dare,0.8694999999999999,0.9552148375856696,0.0950477197766304,0.4260804057121277,0.3027656522830813,2.5842374563217163,2.0,0.8761829708539531,0.7306215343278953,0.2,0.2,0.9,0.0
vit_tiny_patch16_224,mix75,1,mix75_0+mix75_4,2,dare,0.8819999999999999,0.9689631938900084,0.0950477197766304,0.4260804057121277,0.3027656522830813,2.5842374563217163,2.0,0.8761829708539531,0.7306215343278953,0.3,0.2,0.9,0.0
vit_tiny_patch16_224,mix75,1,mix75_0+mix75_4,2,dare,0.894,0.9821328244892098,0.0950477197766304,0.4260804057121277,0.3027656522830813,2.5842374563217163,2.0,0.8761829708539531,0.7306215343278953,0.5,0.2,0.9,0.0
vit_tiny_patch16_224,mix75,1,mix75_1+mix75_2,2,dare,0.90675,0.9615927319292956,0.0935603454709053,0.4272799491882324,0.2900304109241075,2.566996693611145,2.0,0.8745304598563391,0.7385881964776003,0.2,0.2,0.9,0.0
vit_tiny_patch16_224,mix75,1,mix75_1+mix75_2,2,dare,0.91675,0.9722221363019145,0.0935603454709053,0.4272799491882324,0.2900304109241075,2.566996693611145,2.0,0.8745304598563391,0.7385881964776003,0.3,0.2,0.9,0.0
vit_tiny_patch16_224,mix75,1,mix75_1+mix75_2,2,dare,0.92325,0.9791012598322903,0.0935603454709053,0.4272799491882324,0.2900304109241075,2.566996693611145,2.0,0.8745304598563391,0.7385881964776003,0.5,0.2,0.9,0.0
vit_tiny_patch16_224,mix75,1,mix75_1+mix75_3,2,dare,0.89825,0.9546593012249048,0.093108557164669,0.427593469619751,0.2961295254235019,2.576036810874939,2.0,0.8576006535603917,0.7279340230352167,0.2,0.2,0.9,0.0
vit_tiny_patch16_224,mix75,1,mix75_1+mix75_3,2,dare,0.909,0.9661029089727468,0.093108557164669,0.427593469619751,0.2961295254235019,2.576036810874939,2.0,0.8576006535603917,0.7279340230352167,0.3,0.2,0.9,0.0
vit_tiny_patch16_224,mix75,1,mix75_1+mix75_3,2,dare,0.91975,0.9775465167205888,0.093108557164669,0.427593469619751,0.2961295254235019,2.576036810874939,2.0,0.8576006535603917,0.7279340230352167,0.5,0.2,0.9,0.0
vit_tiny_patch16_224,mix75,1,mix75_1+mix75_4,2,dare,0.89575,0.9580053338277468,0.0998312458395958,0.4224789142608642,0.2943131980429907,2.5673617124557495,2.0,0.8689412417753775,0.7254788843443551,0.2,0.2,0.9,0.0
vit_tiny_patch16_224,mix75,1,mix75_1+mix75_4,2,dare,0.90775,0.9709570761628372,0.0998312458395958,0.4224789142608642,0.2943131980429907,2.5673617124557495,2.0,0.8689412417753775,0.7254788843443551,0.3,0.2,0.9,0.0
vit_tiny_patch16_224,mix75,1,mix75_1+mix75_4,2,dare,0.915,0.978721340546962,0.0998312458395958,0.4224789142608642,0.2943131980429907,2.5673617124557495,2.0,0.8689412417753775,0.7254788843443551,0.5,0.2,0.9,0.0
vit_tiny_patch16_224,mix75,1,mix75_2+mix75_3,2,dare,0.879,0.9479281217742755,0.0932911932468414,0.4274293780326843,0.2977039086233572,2.5861599445343018,2.0,0.8744407854320951,0.7396913002352121,0.2,0.2,0.9,0.0
vit_tiny_patch16_224,mix75,1,mix75_2+mix75_3,2,dare,0.895,0.9651979413517876,0.0932911932468414,0.4274293780326843,0.2977039086233572,2.5861599445343018,2.0,0.8744407854320951,0.7396913002352121,0.3,0.2,0.9,0.0
vit_tiny_patch16_224,mix75,1,mix75_2+mix75_3,2,dare,0.90725,0.9784110899495516,0.0932911932468414,0.4274293780326843,0.2977039086233572,2.5861599445343018,2.0,0.8744407854320951,0.7396913002352121,0.5,0.2,0.9,0.0
vit_tiny_patch16_224,mix75,1,mix75_2+mix75_4,2,dare,0.88575,0.9611757237751932,0.0965288281440734,0.4250958859920501,0.3065065258750168,2.5774848461151123,2.0,0.8779540259814895,0.7372361615443506,0.2,0.2,0.9,0.0
vit_tiny_patch16_224,mix75,1,mix75_2+mix75_4,2,dare,0.89525,0.971424537737535,0.0965288281440734,0.4250958859920501,0.3065065258750168,2.5774848461151123,2.0,0.8779540259814895,0.7372361615443506,0.3,0.2,0.9,0.0
vit_tiny_patch16_224,mix75,1,mix75_2+mix75_4,2,dare,0.90725,0.984485452655214,0.0965288281440734,0.4250958859920501,0.3065065258750168,2.5774848461151123,2.0,0.8779540259814895,0.7372361615443506,0.5,0.2,0.9,0.0
vit_tiny_patch16_224,mix75,1,mix75_3+mix75_4,2,dare,0.87625,0.953254929806654,0.1036437153816223,0.4195231795310974,0.3127757312122937,2.5865249633789062,2.0,0.8770322702696762,0.7265819881019671,0.2,0.2,0.9,0.0
vit_tiny_patch16_224,mix75,1,mix75_3+mix75_4,2,dare,0.889,0.9671033595171526,0.1036437153816223,0.4195231795310974,0.3127757312122937,2.5865249633789062,2.0,0.8770322702696762,0.7265819881019671,0.3,0.2,0.9,0.0
vit_tiny_patch16_224,mix75,1,mix75_3+mix75_4,2,dare,0.89375,0.972299738161807,0.1036437153816223,0.4195231795310974,0.3127757312122937,2.5865249633789062,2.0,0.8770322702696762,0.7265819881019671,0.5,0.2,0.9,0.0
vit_tiny_patch16_224,mix75,1,mix75_0+mix75_1+mix75_2,3,dare,0.8975,0.9640546643051232,0.0940758685270945,0.4268389443556468,0.294844177899154,2.574872811635335,3.0,0.8759306146093407,0.738097537399962,0.2,0.2,0.9,0.0
vit_tiny_patch16_224,mix75,1,mix75_0+mix75_1+mix75_2,3,dare,0.9051666666666668,0.9723474617970064,0.0940758685270945,0.4268389443556468,0.294844177899154,2.574872811635335,3.0,0.8759306146093407,0.738097537399962,0.3,0.2,0.9,0.0
vit_tiny_patch16_224,mix75,1,mix75_0+mix75_1+mix75_2,3,dare,0.9021666666666668,0.9690634759686114,0.0940758685270945,0.4268389443556468,0.294844177899154,2.574872811635335,3.0,0.8759306146093407,0.738097537399962,0.5,0.2,0.9,0.0
vit_tiny_patch16_224,mix75,1,mix75_0+mix75_1+mix75_3,3,dare,0.8898333333333334,0.9573106285813572,0.0945459579428037,0.4264769554138183,0.3016556531272488,2.5808995564778647,3.0,0.8699518141999967,0.7309947551050394,0.2,0.2,0.9,0.0
vit_tiny_patch16_224,mix75,1,mix75_0+mix75_1+mix75_3,3,dare,0.8988333333333333,0.966991980445027,0.0945459579428037,0.4264769554138183,0.3016556531272488,2.5808995564778647,3.0,0.8699518141999967,0.7309947551050394,0.3,0.2,0.9,0.0
vit_tiny_patch16_224,mix75,1,mix75_0+mix75_1+mix75_3,3,dare,0.8981666666666667,0.9662771935200988,0.0945459579428037,0.4264769554138183,0.3016556531272488,2.5808995564778647,3.0,0.8699518141999967,0.7309947551050394,0.5,0.2,0.9,0.0
vit_tiny_patch16_224,mix75,1,mix75_0+mix75_1+mix75_4,3,dare,0.8888333333333334,0.9601808860916188,0.0973950574795405,0.4243110915025075,0.3001441937820202,2.5751161575317383,3.0,0.8754054625026267,0.7293579959777986,0.2,0.2,0.9,0.0
vit_tiny_patch16_224,mix75,1,mix75_0+mix75_1+mix75_4,3,dare,0.8966666666666666,0.9686676418638344,0.0973950574795405,0.4243110915025075,0.3001441937820202,2.5751161575317383,3.0,0.8754054625026267,0.7293579959777986,0.3,0.2,0.9,0.0
vit_tiny_patch16_224,mix75,1,mix75_0+mix75_1+mix75_4,3,dare,0.895,0.9669104383772434,0.0973950574795405,0.4243110915025075,0.3001441937820202,2.5751161575317383,3.0,0.8754054625026267,0.7293579959777986,0.5,0.2,0.9,0.0
vit_tiny_patch16_224,mix75,1,mix75_0+mix75_2+mix75_3,3,dare,0.8845000000000001,0.960915209732104,0.092625118792057,0.4279185831546783,0.2981120011049931,2.587648312250773,3.0,0.8725908695620923,0.7388329399050365,0.2,0.2,0.9,0.0
vit_tiny_patch16_224,mix75,1,mix75_0+mix75_2+mix75_3,3,dare,0.8926666666666666,0.9698070044283256,0.092625118792057,0.4279185831546783,0.2981120011049931,2.587648312250773,3.0,0.8725908695620923,0.7388329399050365,0.3,0.2,0.9,0.0
vit_tiny_patch16_224,mix75,1,mix75_0+mix75_2+mix75_3,3,dare,0.886,0.962576251622134,0.092625118792057,0.4279185831546783,0.2981120011049931,2.587648312250773,3.0,0.8725908695620923,0.7388329399050365,0.5,0.2,0.9,0.0
vit_tiny_patch16_224,mix75,1,mix75_0+mix75_2+mix75_4,3,dare,0.8833333333333334,0.9635954371842936,0.0943125337362289,0.4266797403494517,0.3001401899704881,2.581864913304647,3.0,0.875435401976192,0.7371961807777955,0.2,0.2,0.9,0.0
vit_tiny_patch16_224,mix75,1,mix75_0+mix75_2+mix75_4,3,dare,0.8953333333333333,0.9767110240528014,0.0943125337362289,0.4266797403494517,0.3001401899704881,2.581864913304647,3.0,0.875435401976192,0.7371961807777955,0.3,0.2,0.9,0.0
vit_tiny_patch16_224,mix75,1,mix75_0+mix75_2+mix75_4,3,dare,0.8936666666666667,0.974898832652701,0.0943125337362289,0.4266797403494517,0.3001401899704881,2.581864913304647,3.0,0.875435401976192,0.7371961807777955,0.5,0.2,0.9,0.0
vit_tiny_patch16_224,mix75,1,mix75_0+mix75_3+mix75_4,3,dare,0.8761666666666666,0.9574287529364895,0.0973048483331998,0.4243556757767995,0.3070083621445436,2.5878916581471763,3.0,0.8747926184282259,0.730093398482873,0.2,0.2,0.9,0.0
vit_tiny_patch16_224,mix75,1,mix75_0+mix75_3+mix75_4,3,dare,0.8863333333333333,0.9685083657421414,0.0973048483331998,0.4243556757767995,0.3070083621445436,2.5878916581471763,3.0,0.8747926184282259,0.730093398482873,0.3,0.2,0.9,0.0
vit_tiny_patch16_224,mix75,1,mix75_0+mix75_3+mix75_4,3,dare,0.8795000000000001,0.9610903710071104,0.0973048483331998,0.4243556757767995,0.3070083621445436,2.5878916581471763,3.0,0.8747926184282259,0.730093398482873,0.5,0.2,0.9,0.0
vit_tiny_patch16_224,mix75,1,mix75_1+mix75_2+mix75_3,3,dare,0.9001666666666667,0.9606697026014248,0.0933200319608052,0.4274342656135559,0.2946212816569889,2.5763978163401284,3.0,0.8688572996162754,0.7354045065826763,0.2,0.2,0.9,0.0
vit_tiny_patch16_224,mix75,1,mix75_1+mix75_2+mix75_3,3,dare,0.9068333333333332,0.967761378398718,0.0933200319608052,0.4274342656135559,0.2946212816569889,2.5763978163401284,3.0,0.8688572996162754,0.7354045065826763,0.3,0.2,0.9,0.0
vit_tiny_patch16_224,mix75,1,mix75_1+mix75_2+mix75_3,3,dare,0.9045,0.965206042391293,0.0933200319608052,0.4274342656135559,0.2946212816569889,2.5763978163401284,3.0,0.8688572996162754,0.7354045065826763,0.5,0.2,0.9,0.0
vit_tiny_patch16_224,mix75,1,mix75_1+mix75_2+mix75_4,3,dare,0.8983333333333334,0.9626865289489164,0.0966401398181915,0.4249515831470489,0.2969500449473716,2.5706144173940024,3.0,0.8738085758710686,0.7337677474554353,0.2,0.2,0.9,0.0
vit_tiny_patch16_224,mix75,1,mix75_1+mix75_2+mix75_4,3,dare,0.9071666666666666,0.9721509096620888,0.0966401398181915,0.4249515831470489,0.2969500449473716,2.5706144173940024,3.0,0.8738085758710686,0.7337677474554353,0.3,0.2,0.9,0.0
vit_tiny_patch16_224,mix75,1,mix75_1+mix75_2+mix75_4,3,dare,0.901,0.9655755181010968,0.0966401398181915,0.4249515831470489,0.2969500449473716,2.5706144173940024,3.0,0.8738085758710686,0.7337677474554353,0.5,0.2,0.9,0.0
vit_tiny_patch16_224,mix75,1,mix75_1+mix75_3+mix75_4,3,dare,0.8905,0.955756273450453,0.0988611727952957,0.4231985211372375,0.3010728182262621,2.5766411622365317,3.0,0.8678580552018151,0.7266649651605129,0.2,0.2,0.9,0.0
vit_tiny_patch16_224,mix75,1,mix75_1+mix75_3+mix75_4,3,dare,0.8983333333333333,0.9641538812070743,0.0988611727952957,0.4231985211372375,0.3010728182262621,2.5766411622365317,3.0,0.8678580552018151,0.7266649651605129,0.3,0.2,0.9,0.0
vit_tiny_patch16_224,mix75,1,mix75_1+mix75_3+mix75_4,3,dare,0.8976666666666667,0.963486038447554,0.0988611727952957,0.4231985211372375,0.3010728182262621,2.5766411622365317,3.0,0.8678580552018151,0.7266649651605129,0.5,0.2,0.9,0.0
vit_tiny_patch16_224,mix75,1,mix75_2+mix75_3+mix75_4,3,dare,0.8845000000000001,0.9585907714820182,0.0978212455908457,0.4240161478519439,0.3056620552368893,2.58338991800944,3.0,0.8764756938944203,0.7345031499605099,0.2,0.2,0.9,0.0
vit_tiny_patch16_224,mix75,1,mix75_2+mix75_3+mix75_4,3,dare,0.8915000000000001,0.9661712528025524,0.0978212455908457,0.4240161478519439,0.3056620552368893,2.58338991800944,3.0,0.8764756938944203,0.7345031499605099,0.3,0.2,0.9,0.0
vit_tiny_patch16_224,mix75,1,mix75_2+mix75_3+mix75_4,3,dare,0.8838333333333334,0.9578970964647358,0.0978212455908457,0.4240161478519439,0.3056620552368893,2.58338991800944,3.0,0.8764756938944203,0.7345031499605099,0.5,0.2,0.9,0.0
vit_tiny_patch16_224,mix75,1,mix75_0+mix75_1+mix75_2+mix75_3+mix75_4,5,dare,0.8894,0.9601199848691216,0.0956901974976062,0.4256181508302689,0.3000210778095959,2.579533672332764,5.0,0.8731106405862054,0.733491317680764,0.2,0.2,0.9,0.0
vit_tiny_patch16_224,mix75,1,mix75_0+mix75_1+mix75_2+mix75_3+mix75_4,5,dare,0.8859,0.9563659473100348,0.0956901974976062,0.4256181508302689,0.3000210778095959,2.579533672332764,5.0,0.8731106405862054,0.733491317680764,0.3,0.2,0.9,0.0
vit_tiny_patch16_224,mix75,1,mix75_0+mix75_1+mix75_2+mix75_3+mix75_4,5,dare,0.8531000000000001,0.920955632135946,0.0956901974976062,0.4256181508302689,0.3000210778095959,2.579533672332764,5.0,0.8731106405862054,0.733491317680764,0.5,0.2,0.9,0.0
vit_tiny_patch16_224,random,0,random_0+random_1,2,dare,0.891,0.9546785010745242,0.0959149971604347,0.425340861082077,0.2957887879567119,2.578147649765014,2.0,0.870111222840335,0.7283314595199377,0.2,0.2,0.9,0.0
vit_tiny_patch16_224,random,0,random_0+random_1,2,dare,0.90125,0.965712972548101,0.0959149971604347,0.425340861082077,0.2957887879567119,2.578147649765014,2.0,0.870111222840335,0.7283314595199377,0.3,0.2,0.9,0.0
vit_tiny_patch16_224,random,0,random_0+random_1,2,dare,0.91075,0.9759113361018912,0.0959149971604347,0.425340861082077,0.2957887879567119,2.578147649765014,2.0,0.870111222840335,0.7283314595199377,0.5,0.2,0.9,0.0
vit_tiny_patch16_224,random,0,random_0+random_2,2,dare,0.91,0.9673277943690588,0.1006054729223251,0.4219683408737182,0.299744488089517,2.5650848150253296,2.0,0.8829975662934629,0.7257453160529503,0.2,0.2,0.9,0.0
vit_tiny_patch16_224,random,0,random_0+random_2,2,dare,0.91675,0.9745099734125195,0.1006054729223251,0.4219683408737182,0.299744488089517,2.5650848150253296,2.0,0.8829975662934629,0.7257453160529503,0.3,0.2,0.9,0.0
vit_tiny_patch16_224,random,0,random_0+random_2,2,dare,0.9245,0.9827318381971586,0.1006054729223251,0.4219683408737182,0.299744488089517,2.5650848150253296,2.0,0.8829975662934629,0.7257453160529503,0.5,0.2,0.9,0.0
vit_tiny_patch16_224,random,0,random_0+random_3,2,dare,0.8919999999999999,0.9499149796572136,0.1013531610369682,0.4213569462299347,0.3069390830728464,2.5839208364486694,2.0,0.8753008820511103,0.7294000504014464,0.2,0.2,0.9,0.0
vit_tiny_patch16_224,random,0,random_0+random_3,2,dare,0.902,0.9605852665998073,0.1013531610369682,0.4213569462299347,0.3069390830728464,2.5839208364486694,2.0,0.8753008820511103,0.7294000504014464,0.3,0.2,0.9,0.0
vit_tiny_patch16_224,random,0,random_0+random_3,2,dare,0.9135,0.9728326192305043,0.1013531610369682,0.4213569462299347,0.3069390830728464,2.5839208364486694,2.0,0.8753008820511103,0.7294000504014464,0.5,0.2,0.9,0.0
vit_tiny_patch16_224,random,0,random_0+random_4,2,dare,0.898,0.9558267671261668,0.1035297513008117,0.4197978675365448,0.3037036994594962,2.5453096628189087,2.0,0.8880449513722233,0.7355836173583998,0.2,0.2,0.9,0.0
vit_tiny_patch16_224,random,0,random_0+random_4,2,dare,0.9095,0.9680856698494325,0.1035297513008117,0.4197978675365448,0.3037036994594962,2.5453096628189087,2.0,0.8880449513722233,0.7355836173583998,0.3,0.2,0.9,0.0
vit_tiny_patch16_224,random,0,random_0+random_4,2,dare,0.91775,0.9768455694352508,0.1035297513008117,0.4197978675365448,0.3037036994594962,2.5453096628189087,2.0,0.8880449513722233,0.7355836173583998,0.5,0.2,0.9,0.0
vit_tiny_patch16_224,random,0,random_1+random_2,2,dare,0.89475,0.9614581865475288,0.1057999730110168,0.417917937040329,0.3096034558466768,2.5915857553482056,2.0,0.8761468651362893,0.725689629457836,0.2,0.2,0.9,0.0
vit_tiny_patch16_224,random,0,random_1+random_2,2,dare,0.9095,0.9773563886187387,0.1057999730110168,0.417917937040329,0.3096034558466768,2.5915857553482056,2.0,0.8761468651362893,0.725689629457836,0.3,0.2,0.9,0.0
vit_tiny_patch16_224,random,0,random_1+random_2,2,dare,0.91525,0.9835600861194722,0.1057999730110168,0.417917937040329,0.3096034558466768,2.5915857553482056,2.0,0.8761468651362893,0.725689629457836,0.5,0.2,0.9,0.0
vit_tiny_patch16_224,random,0,random_1+random_3,2,dare,0.8792500000000001,0.9467005142349344,0.0894622206687927,0.430366963148117,0.2937051883767423,2.6104217767715454,2.0,0.8548802392433238,0.7293443638063322,0.2,0.2,0.9,0.0
vit_tiny_patch16_224,random,0,random_1+random_3,2,dare,0.895,0.9636477754455282,0.0894622206687927,0.430366963148117,0.2937051883767423,2.6104217767715454,2.0,0.8548802392433238,0.7293443638063322,0.3,0.2,0.9,0.0
vit_tiny_patch16_224,random,0,random_1+random_3,2,dare,0.9035,0.9728102118907626,0.0894622206687927,0.430366963148117,0.2937051883767423,2.6104217767715454,2.0,0.8548802392433238,0.7293443638063322,0.5,0.2,0.9,0.0
vit_tiny_patch16_224,random,0,random_1+random_4,2,dare,0.886,0.9534206017257184,0.0986509472131729,0.4233078956604004,0.3019595986947477,2.5718106031417847,2.0,0.8703025321801299,0.7355279307632856,0.2,0.2,0.9,0.0
vit_tiny_patch16_224,random,0,random_1+random_4,2,dare,0.9015,0.9701087129610704,0.0986509472131729,0.4233078956604004,0.3019595986947477,2.5718106031417847,2.0,0.8703025321801299,0.7355279307632856,0.3,0.2,0.9,0.0
vit_tiny_patch16_224,random,0,random_1+random_4,2,dare,0.91425,0.9838101709794184,0.0986509472131729,0.4233078956604004,0.3019595986947477,2.5718106031417847,2.0,0.8703025321801299,0.7355279307632856,0.5,0.2,0.9,0.0
vit_tiny_patch16_224,random,0,random_2+random_3,2,dare,0.89775,0.9588583966204292,0.100367784500122,0.4221008419990539,0.2966683799401318,2.5973589420318604,2.0,0.8636195827180938,0.7267582203393446,0.2,0.2,0.9,0.0
vit_tiny_patch16_224,random,0,random_2+random_3,2,dare,0.9095,0.9714169920861184,0.100367784500122,0.4221008419990539,0.2966683799401318,2.5973589420318604,2.0,0.8636195827180938,0.7267582203393446,0.3,0.2,0.9,0.0
vit_tiny_patch16_224,random,0,random_2+random_3,2,dare,0.919,0.9815698793352658,0.100367784500122,0.4221008419990539,0.2966683799401318,2.5973589420318604,2.0,0.8636195827180938,0.7267582203393446,0.5,0.2,0.9,0.0
vit_tiny_patch16_224,random,0,random_2+random_4,2,dare,0.90525,0.9663623548288944,0.1085217893123626,0.4159175753593445,0.3072272418849665,2.5587477684020996,2.0,0.8827719021087024,0.732941787296298,0.2,0.2,0.9,0.0
vit_tiny_patch16_224,random,0,random_2+random_4,2,dare,0.91575,0.9775741909677392,0.1085217893123626,0.4159175753593445,0.3072272418849665,2.5587477684020996,2.0,0.8827719021087024,0.732941787296298,0.3,0.2,0.9,0.0
vit_tiny_patch16_224,random,0,random_2+random_4,2,dare,0.92425,0.9866488451838692,0.1085217893123626,0.4159175753593445,0.3072272418849665,2.5587477684020996,2.0,0.8827719021087024,0.732941787296298,0.5,0.2,0.9,0.0
vit_tiny_patch16_224,random,0,random_3+random_4,2,dare,0.893,0.9550764834786478,0.1044972762465477,0.419039636850357,0.3071871796281106,2.5775837898254395,2.0,0.8893238799806463,0.7365965216447942,0.2,0.2,0.9,0.0
vit_tiny_patch16_224,random,0,random_3+random_4,2,dare,0.90425,0.9671075715941468,0.1044972762465477,0.419039636850357,0.3071871796281106,2.5775837898254395,2.0,0.8893238799806463,0.7365965216447942,0.3,0.2,0.9,0.0
vit_tiny_patch16_224,random,0,random_3+random_4,2,dare,0.917,0.9807440821138956,0.1044972762465477,0.419039636850357,0.3071871796281106,2.5775837898254395,2.0,0.8893238799806463,0.7365965216447942,0.5,0.2,0.9,0.0
vit_tiny_patch16_224,random,0,random_0+random_1+random_2,3,dare,0.9045,0.9675283611093376,0.1007734810312589,0.4217423796653747,0.3017122439643019,2.578272740046183,3.0,0.8764185514233623,0.726588801676908,0.2,0.2,0.9,0.0
vit_tiny_patch16_224,random,0,random_0+random_1+random_2,3,dare,0.911,0.9744917707332228,0.1007734810312589,0.4217423796653747,0.3017122439643019,2.578272740046183,3.0,0.8764185514233623,0.726588801676908,0.3,0.2,0.9,0.0
vit_tiny_patch16_224,random,0,random_0+random_1+random_2,3,dare,0.904,0.9669726508410058,0.1007734810312589,0.4217423796653747,0.3017122439643019,2.578272740046183,3.0,0.8764185514233623,0.726588801676908,0.5,0.2,0.9,0.0
vit_tiny_patch16_224,random,0,random_0+random_1+random_3,3,dare,0.892,0.9553891241285932,0.0955767929553985,0.4256882568200429,0.2988110198021002,2.590830087661743,3.0,0.8667641147115898,0.729025291242572,0.2,0.2,0.9,0.0
vit_tiny_patch16_224,random,0,random_0+random_1+random_3,3,dare,0.899,0.9628983020202776,0.0955767929553985,0.4256882568200429,0.2988110198021002,2.590830087661743,3.0,0.8667641147115898,0.729025291242572,0.3,0.2,0.9,0.0
vit_tiny_patch16_224,random,0,random_0+random_1+random_3,3,dare,0.8918333333333334,0.9551790065413778,0.0955767929553985,0.4256882568200429,0.2988110198021002,2.590830087661743,3.0,0.8667641147115898,0.729025291242572,0.5,0.2,0.9,0.0
vit_tiny_patch16_224,random,0,random_0+random_1+random_4,3,dare,0.8956666666666666,0.9589430683593672,0.0993652318914731,0.4228155414263407,0.3004840287036519,2.565089305241903,3.0,0.876152902130896,0.7331476692138743,0.2,0.2,0.9,0.0
vit_tiny_patch16_224,random,0,random_0+random_1+random_4,3,dare,0.907,0.9711138616081144,0.0993652318914731,0.4228155414263407,0.3004840287036519,2.565089305241903,3.0,0.876152902130896,0.7331476692138743,0.3,0.2,0.9,0.0
vit_tiny_patch16_224,random,0,random_0+random_1+random_4,3,dare,0.894,0.9571343411035445,0.0993652318914731,0.4228155414263407,0.3004840287036519,2.565089305241903,3.0,0.876152902130896,0.7331476692138743,0.5,0.2,0.9,0.0
vit_tiny_patch16_224,random,0,random_0+random_2+random_3,3,dare,0.9015,0.9603918913904018,0.1007754728198051,0.4218087097009023,0.301117317034165,2.5821215311686196,3.0,0.873972677020889,0.7273011955979137,0.2,0.2,0.9,0.0
vit_tiny_patch16_224,random,0,random_0+random_2+random_3,3,dare,0.9096666666666668,0.9691001999650428,0.1007754728198051,0.4218087097009023,0.301117317034165,2.5821215311686196,3.0,0.873972677020889,0.7273011955979137,0.3,0.2,0.9,0.0
vit_tiny_patch16_224,random,0,random_0+random_2+random_3,3,dare,0.9075,0.9667887697674324,0.1007754728198051,0.4218087097009023,0.301117317034165,2.5821215311686196,3.0,0.873972677020889,0.7273011955979137,0.5,0.2,0.9,0.0
vit_tiny_patch16_224,random,0,random_0+random_2+random_4,3,dare,0.909,0.9680541659617652,0.1042190045118331,0.4192279279232025,0.3035584764779932,2.5563807487487793,3.0,0.8846048065914629,0.7314235735692161,0.2,0.2,0.9,0.0
vit_tiny_patch16_224,random,0,random_0+random_2+random_4,3,dare,0.9158333333333334,0.975346422427676,0.1042190045118331,0.4192279279232025,0.3035584764779932,2.5563807487487793,3.0,0.8846048065914629,0.7314235735692161,0.3,0.2,0.9,0.0
vit_tiny_patch16_224,random,0,random_0+random_2+random_4,3,dare,0.9106666666666668,0.9698356140432864,0.1042190045118331,0.4192279279232025,0.3035584764779932,2.5563807487487793,3.0,0.8846048065914629,0.7314235735692161,0.5,0.2,0.9,0.0
vit_tiny_patch16_224,random,0,random_0+random_3+random_4,3,dare,0.8983333333333333,0.9578770691203364,0.1031267295281092,0.4200648168722788,0.305943320720151,2.5689380963643393,3.0,0.8842232378013266,0.7338600631348801,0.2,0.2,0.9,0.0
vit_tiny_patch16_224,random,0,random_0+random_3+random_4,3,dare,0.9075,0.9676618030474842,0.1031267295281092,0.4200648168722788,0.305943320720151,2.5689380963643393,3.0,0.8842232378013266,0.7338600631348801,0.3,0.2,0.9,0.0
vit_tiny_patch16_224,random,0,random_0+random_3+random_4,3,dare,0.8991666666666666,0.9587924239963592,0.1031267295281092,0.4200648168722788,0.305943320720151,2.5689380963643393,3.0,0.8842232378013266,0.7338600631348801,0.5,0.2,0.9,0.0
vit_tiny_patch16_224,random,0,random_1+random_2+random_3,3,dare,0.8978333333333334,0.9634719843259356,0.0985433260599772,0.4234619140625,0.2999923413878503,2.5997888247172036,3.0,0.864882229032569,0.727264071201171,0.2,0.2,0.9,0.0
vit_tiny_patch16_224,random,0,random_1+random_2+random_3,3,dare,0.9053333333333334,0.971530784025322,0.0985433260599772,0.4234619140625,0.2999923413878503,2.5997888247172036,3.0,0.864882229032569,0.727264071201171,0.3,0.2,0.9,0.0
vit_tiny_patch16_224,random,0,random_1+random_2+random_3,3,dare,0.9011666666666668,0.9670256330600756,0.0985433260599772,0.4234619140625,0.2999923413878503,2.5997888247172036,3.0,0.864882229032569,0.727264071201171,0.5,0.2,0.9,0.0
vit_tiny_patch16_224,random,0,random_1+random_2+random_4,3,dare,0.9026666666666668,0.968307973501816,0.1043242365121841,0.4190478026866913,0.3062634321421303,2.5740480422973633,3.0,0.8764070998083738,0.7313864491724732,0.2,0.2,0.9,0.0
vit_tiny_patch16_224,random,0,random_1+random_2+random_4,3,dare,0.9131666666666668,0.9795783894347412,0.1043242365121841,0.4190478026866913,0.3062634321421303,2.5740480422973633,3.0,0.8764070998083738,0.7313864491724732,0.3,0.2,0.9,0.0
vit_tiny_patch16_224,random,0,random_1+random_2+random_4,3,dare,0.9046666666666666,0.970416555529192,0.1043242365121841,0.4190478026866913,0.3062634321421303,2.5740480422973633,3.0,0.8764070998083738,0.7313864491724732,0.5,0.2,0.9,0.0
vit_tiny_patch16_224,random,0,random_1+random_3+random_4,3,dare,0.8905,0.9564888917108082,0.0975368147095044,0.4242381652196248,0.3009506555665335,2.5866053899129233,3.0,0.8715022171347,0.7338229387381373,0.2,0.2,0.9,0.0
vit_tiny_patch16_224,random,0,random_1+random_3+random_4,3,dare,0.9016666666666668,0.9684695346778996,0.0975368147095044,0.4242381652196248,0.3009506555665335,2.5866053899129233,3.0,0.8715022171347,0.7338229387381373,0.3,0.2,0.9,0.0
vit_tiny_patch16_224,random,0,random_1+random_3+random_4,3,dare,0.8955000000000001,0.9618383276428812,0.0975368147095044,0.4242381652196248,0.3009506555665335,2.5866053899129233,3.0,0.8715022171347,0.7338229387381373,0.5,0.2,0.9,0.0
vit_tiny_patch16_224,random,0,random_2+random_3+random_4,3,dare,0.9045,0.9663325668873824,0.1044622833530108,0.4190193514029185,0.3036942671510696,2.5778968334198,3.0,0.8785717882691474,0.7320988430934788,0.2,0.2,0.9,0.0
vit_tiny_patch16_224,random,0,random_2+random_3+random_4,3,dare,0.9111666666666668,0.9734569885777364,0.1044622833530108,0.4190193514029185,0.3036942671510696,2.5778968334198,3.0,0.8785717882691474,0.7320988430934788,0.3,0.2,0.9,0.0
vit_tiny_patch16_224,random,0,random_2+random_3+random_4,3,dare,0.9071666666666666,0.9691820527970014,0.1044622833530108,0.4190193514029185,0.3036942671510696,2.5778968334198,3.0,0.8785717882691474,0.7320988430934788,0.5,0.2,0.9,0.0
vit_tiny_patch16_224,random,0,random_0+random_1+random_2+random_3+random_4,5,dare,0.9006000000000001,0.9632986197313236,0.1008703373372554,0.4217114865779877,0.3022527102949947,2.577997159957886,5.0,0.8753499623924317,0.7305918896640625,0.2,0.2,0.9,0.0
vit_tiny_patch16_224,random,0,random_0+random_1+random_2+random_3+random_4,5,dare,0.8928,0.9549407139653784,0.1008703373372554,0.4217114865779877,0.3022527102949947,2.577997159957886,5.0,0.8753499623924317,0.7305918896640625,0.3,0.2,0.9,0.0
vit_tiny_patch16_224,random,0,random_0+random_1+random_2+random_3+random_4,5,dare,0.857,0.9165276759019274,0.1008703373372554,0.4217114865779877,0.3022527102949947,2.577997159957886,5.0,0.8753499623924317,0.7305918896640625,0.5,0.2,0.9,0.0
vit_tiny_patch16_224,random,1,random_0+random_1,2,dare,0.8935,0.957930762513732,0.0985111892223358,0.4234017431735992,0.296593637146999,2.585638642311096,2.0,0.8769777657949839,0.72618512958233,0.2,0.2,0.9,0.0
vit_tiny_patch16_224,random,1,random_0+random_1,2,dare,0.905,0.9703177375285202,0.0985111892223358,0.4234017431735992,0.296593637146999,2.585638642311096,2.0,0.8769777657949839,0.72618512958233,0.3,0.2,0.9,0.0
vit_tiny_patch16_224,random,1,random_0+random_1,2,dare,0.91,0.9756707054529652,0.0985111892223358,0.4234017431735992,0.296593637146999,2.585638642311096,2.0,0.8769777657949839,0.72618512958233,0.5,0.2,0.9,0.0
vit_tiny_patch16_224,random,1,random_0+random_2,2,dare,0.90825,0.9613837386286418,0.0993483886122703,0.4229181110858917,0.2956148571081103,2.566593050956726,2.0,0.8837382515840138,0.7298970978899197,0.2,0.2,0.9,0.0
vit_tiny_patch16_224,random,1,random_0+random_2,2,dare,0.91925,0.9730062064549596,0.0993483886122703,0.4229181110858917,0.2956148571081103,2.566593050956726,2.0,0.8837382515840138,0.7298970978899197,0.3,0.2,0.9,0.0
vit_tiny_patch16_224,random,1,random_0+random_2,2,dare,0.928,0.9822649107013312,0.0993483886122703,0.4229181110858917,0.2956148571081103,2.566593050956726,2.0,0.8837382515840138,0.7298970978899197,0.5,0.2,0.9,0.0
vit_tiny_patch16_224,random,1,random_0+random_3,2,dare,0.89525,0.951101367085864,0.1007753908634185,0.4218053519725799,0.295161958139571,2.5927990674972534,2.0,0.8759353920990116,0.7325382827067113,0.2,0.2,0.9,0.0
vit_tiny_patch16_224,random,1,random_0+random_3,2,dare,0.90625,0.962805015018642,0.1007753908634185,0.4218053519725799,0.295161958139571,2.5927990674972534,2.0,0.8759353920990116,0.7325382827067113,0.3,0.2,0.9,0.0
vit_tiny_patch16_224,random,1,random_0+random_3,2,dare,0.917,0.9742205375556356,0.1007753908634185,0.4218053519725799,0.295161958139571,2.5927990674972534,2.0,0.8759353920990116,0.7325382827067113,0.5,0.2,0.9,0.0
vit_tiny_patch16_224,random,1,random_0+random_4,2,dare,0.89825,0.950531361394336,0.102952130138874,0.4202481508255005,0.2927424768560782,2.55286169052124,2.0,0.8875052017774311,0.7331278617702814,0.2,0.2,0.9,0.0
vit_tiny_patch16_224,random,1,random_0+random_4,2,dare,0.909,0.9619022796706992,0.102952130138874,0.4202481508255005,0.2927424768560782,2.55286169052124,2.0,0.8875052017774311,0.7331278617702814,0.3,0.2,0.9,0.0
vit_tiny_patch16_224,random,1,random_0+random_4,2,dare,0.91925,0.9727480094769084,0.102952130138874,0.4202481508255005,0.2927424768560782,2.55286169052124,2.0,0.8875052017774311,0.7331278617702814,0.5,0.2,0.9,0.0
vit_tiny_patch16_224,random,1,random_1+random_2,2,dare,0.8945,0.9627736566473172,0.103196695446968,0.4199082255363464,0.3129351456993525,2.5898473262786865,2.0,0.8838090926229243,0.7230548768968387,0.2,0.2,0.9,0.0
vit_tiny_patch16_224,random,1,random_1+random_2,2,dare,0.91025,0.9797545361729152,0.103196695446968,0.4199082255363464,0.3129351456993525,2.5898473262786865,2.0,0.8838090926229243,0.7230548768968387,0.3,0.2,0.9,0.0
vit_tiny_patch16_224,random,1,random_1+random_2,2,dare,0.91475,0.9846340293221556,0.103196695446968,0.4199082255363464,0.3129351456993525,2.5898473262786865,2.0,0.8838090926229243,0.7230548768968387,0.5,0.2,0.9,0.0
vit_tiny_patch16_224,random,1,random_1+random_3,2,dare,0.8812500000000001,0.9522013408400448,0.0903549790382385,0.4296784698963165,0.2855017272100615,2.616053342819214,2.0,0.8499095591432612,0.7256960617136301,0.2,0.2,0.9,0.0
vit_tiny_patch16_224,random,1,random_1+random_3,2,dare,0.8947499999999999,0.9668091299484634,0.0903549790382385,0.4296784698963165,0.2855017272100615,2.616053342819214,2.0,0.8499095591432612,0.7256960617136301,0.3,0.2,0.9,0.0
vit_tiny_patch16_224,random,1,random_1+random_3,2,dare,0.9055,0.9783981608400916,0.0903549790382385,0.4296784698963165,0.2855017272100615,2.616053342819214,2.0,0.8499095591432612,0.7256960617136301,0.5,0.2,0.9,0.0
vit_tiny_patch16_224,random,1,random_1+random_4,2,dare,0.89025,0.958051752725268,0.0976787060499191,0.424126386642456,0.2996864780918633,2.5761159658432007,2.0,0.8714753763117948,0.7262856407772005,0.2,0.2,0.9,0.0
vit_tiny_patch16_224,random,1,random_1+random_4,2,dare,0.901,0.9696115910537432,0.0976787060499191,0.424126386642456,0.2996864780918633,2.5761159658432007,2.0,0.8714753763117948,0.7262856407772005,0.3,0.2,0.9,0.0
vit_tiny_patch16_224,random,1,random_1+random_4,2,dare,0.91,0.9792701268480944,0.0976787060499191,0.424126386642456,0.2996864780918633,2.5761159658432007,2.0,0.8714753763117948,0.7262856407772005,0.5,0.2,0.9,0.0
vit_tiny_patch16_224,random,1,random_2+random_3,2,dare,0.9005,0.9605029161650892,0.0952877402305603,0.4260072112083435,0.2924852765985155,2.597007751464844,2.0,0.8622025772201084,0.72940803002122,0.2,0.2,0.9,0.0
vit_tiny_patch16_224,random,1,random_2+random_3,2,dare,0.91075,0.971443370872938,0.0952877402305603,0.4260072112083435,0.2924852765985155,2.597007751464844,2.0,0.8622025772201084,0.72940803002122,0.3,0.2,0.9,0.0
vit_tiny_patch16_224,random,1,random_2+random_3,2,dare,0.91925,0.9805121550494144,0.0952877402305603,0.4260072112083435,0.2924852765985155,2.597007751464844,2.0,0.8622025772201084,0.72940803002122,0.5,0.2,0.9,0.0
vit_tiny_patch16_224,random,1,random_2+random_4,2,dare,0.90525,0.9617549606270772,0.1028316468000412,0.4202381074428558,0.3046866295989097,2.5570703744888306,2.0,0.8888966113052849,0.7299976090847902,0.2,0.2,0.9,0.0
vit_tiny_patch16_224,random,1,random_2+random_4,2,dare,0.91825,0.9755658182191688,0.1028316468000412,0.4202381074428558,0.3046866295989097,2.5570703744888306,2.0,0.8888966113052849,0.7299976090847902,0.3,0.2,0.9,0.0
vit_tiny_patch16_224,random,1,random_2+random_4,2,dare,0.92675,0.9845950935237426,0.1028316468000412,0.4202381074428558,0.3046866295989097,2.5570703744888306,2.0,0.8888966113052849,0.7299976090847902,0.5,0.2,0.9,0.0
vit_tiny_patch16_224,random,1,random_3+random_4,2,dare,0.893,0.952269033991728,0.1033664941787719,0.4198931157588959,0.3062752773316252,2.583276391029358,2.0,0.8796986668597438,0.7326387939015817,0.2,0.2,0.9,0.0
vit_tiny_patch16_224,random,1,random_3+random_4,2,dare,0.9075,0.96773395681637,0.1033664941787719,0.4198931157588959,0.3062752773316252,2.583276391029358,2.0,0.8796986668597438,0.7326387939015817,0.3,0.2,0.9,0.0
vit_tiny_patch16_224,random,1,random_3+random_4,2,dare,0.9215,0.9826678121954464,0.1033664941787719,0.4198931157588959,0.3062752773316252,2.583276391029358,2.0,0.8796986668597438,0.7326387939015817,0.5,0.2,0.9,0.0
vit_tiny_patch16_224,random,1,random_0+random_1+random_2,3,dare,0.9021666666666668,0.9644301072416088,0.100352091093858,0.4220760265986125,0.3017145466514873,2.580693006515503,3.0,0.8815083700006406,0.7263790347896961,0.2,0.2,0.9,0.0
vit_tiny_patch16_224,random,1,random_0+random_1+random_2,3,dare,0.91,0.9727640931793448,0.100352091093858,0.4220760265986125,0.3017145466514873,2.580693006515503,3.0,0.8815083700006406,0.7263790347896961,0.3,0.2,0.9,0.0
vit_tiny_patch16_224,random,1,random_0+random_1+random_2,3,dare,0.9065,0.9689802805222074,0.100352091093858,0.4220760265986125,0.3017145466514873,2.580693006515503,3.0,0.8815083700006406,0.7263790347896961,0.5,0.2,0.9,0.0
vit_tiny_patch16_224,random,1,random_0+random_1+random_3,3,dare,0.8923333333333333,0.9562766572161668,0.0965471863746643,0.4249618550141652,0.2924191074988772,2.598163684209188,3.0,0.8676075723457523,0.7281398246675571,0.2,0.2,0.9,0.0
vit_tiny_patch16_224,random,1,random_0+random_1+random_3,3,dare,0.903,0.967756383305253,0.0965471863746643,0.4249618550141652,0.2924191074988772,2.598163684209188,3.0,0.8676075723457523,0.7281398246675571,0.3,0.2,0.9,0.0
vit_tiny_patch16_224,random,1,random_0+random_1+random_3,3,dare,0.8995000000000001,0.9639374416822404,0.0965471863746643,0.4249618550141652,0.2924191074988772,2.598163684209188,3.0,0.8676075723457523,0.7281398246675571,0.5,0.2,0.9,0.0
vit_tiny_patch16_224,random,1,random_0+random_1+random_4,3,dare,0.8973333333333334,0.959066424488782,0.0997140084703763,0.4225920935471852,0.2963408640316468,2.571538766225179,3.0,0.8786527812947366,0.7285328773766039,0.2,0.2,0.9,0.0
vit_tiny_patch16_224,random,1,random_0+random_1+random_4,3,dare,0.9045,0.9667754142484892,0.0997140084703763,0.4225920935471852,0.2963408640316468,2.571538766225179,3.0,0.8786527812947366,0.7285328773766039,0.3,0.2,0.9,0.0
vit_tiny_patch16_224,random,1,random_0+random_1+random_4,3,dare,0.8958333333333334,0.9574797543469874,0.0997140084703763,0.4225920935471852,0.2963408640316468,2.571538766225179,3.0,0.8786527812947366,0.7285328773766039,0.5,0.2,0.9,0.0
vit_tiny_patch16_224,random,1,random_0+random_2+random_3,3,dare,0.8993333333333333,0.9555165541982548,0.0984705065687497,0.4235768914222717,0.2944206972820656,2.5854666233062744,3.0,0.8739587403010446,0.7306144702059503,0.2,0.2,0.9,0.0
vit_tiny_patch16_224,random,1,random_0+random_2+random_3,3,dare,0.9106666666666668,0.9675583599576946,0.0984705065687497,0.4235768914222717,0.2944206972820656,2.5854666233062744,3.0,0.8739587403010446,0.7306144702059503,0.3,0.2,0.9,0.0
vit_tiny_patch16_224,random,1,random_0+random_2+random_3,3,dare,0.909,0.9657743587151654,0.0984705065687497,0.4235768914222717,0.2944206972820656,2.5854666233062744,3.0,0.8739587403010446,0.7306144702059503,0.5,0.2,0.9,0.0
vit_tiny_patch16_224,random,1,random_0+random_2+random_4,3,dare,0.9061666666666668,0.9602674125514156,0.1017107218503952,0.4211347897847493,0.2976813211876994,2.5588417053222656,3.0,0.88671335488891,0.7310075229149972,0.2,0.2,0.9,0.0
vit_tiny_patch16_224,random,1,random_0+random_2+random_4,3,dare,0.9156666666666666,0.9703369895277718,0.1017107218503952,0.4211347897847493,0.2976813211876994,2.5588417053222656,3.0,0.88671335488891,0.7310075229149972,0.3,0.2,0.9,0.0
vit_tiny_patch16_224,random,1,random_0+random_2+random_4,3,dare,0.9121666666666668,0.9666250253472244,0.1017107218503952,0.4211347897847493,0.2976813211876994,2.5588417053222656,3.0,0.88671335488891,0.7310075229149972,0.5,0.2,0.9,0.0
vit_tiny_patch16_224,random,1,random_0+random_3+random_4,3,dare,0.8991666666666666,0.9551870504291168,0.1023646717270215,0.4206488728523254,0.2980599041090915,2.5763123830159507,3.0,0.8810464202453955,0.732768312792858,0.2,0.2,0.9,0.0
vit_tiny_patch16_224,random,1,random_0+random_3+random_4,3,dare,0.9048333333333334,0.9612195285749068,0.1023646717270215,0.4206488728523254,0.2980599041090915,2.5763123830159507,3.0,0.8810464202453955,0.732768312792858,0.3,0.2,0.9,0.0
vit_tiny_patch16_224,random,1,random_0+random_3+random_4,3,dare,0.8983333333333334,0.9543200722041688,0.1023646717270215,0.4206488728523254,0.2980599041090915,2.5763123830159507,3.0,0.8810464202453955,0.732768312792858,0.5,0.2,0.9,0.0
vit_tiny_patch16_224,random,1,random_1+random_2+random_3,3,dare,0.894,0.9605784571218358,0.0962798049052556,0.4251979688803355,0.2969740498359765,2.6009694735209146,3.0,0.8653070763287646,0.7260529895438963,0.2,0.2,0.9,0.0
vit_tiny_patch16_224,random,1,random_1+random_2+random_3,3,dare,0.9051666666666668,0.97260826734488,0.0962798049052556,0.4251979688803355,0.2969740498359765,2.6009694735209146,3.0,0.8653070763287646,0.7260529895438963,0.3,0.2,0.9,0.0
vit_tiny_patch16_224,random,1,random_1+random_2+random_3,3,dare,0.9008333333333334,0.9679230637294048,0.0962798049052556,0.4251979688803355,0.2969740498359765,2.6009694735209146,3.0,0.8653070763287646,0.7260529895438963,0.5,0.2,0.9,0.0
vit_tiny_patch16_224,random,1,random_1+random_2+random_4,3,dare,0.9015,0.9660538830494084,0.1012356827656428,0.4214242398738861,0.3057694177967085,2.5743445555369058,3.0,0.8813936934133347,0.7264460422529431,0.2,0.2,0.9,0.0
vit_tiny_patch16_224,random,1,random_1+random_2+random_4,3,dare,0.9108333333333332,0.976077427997336,0.1012356827656428,0.4214242398738861,0.3057694177967085,2.5743445555369058,3.0,0.8813936934133347,0.7264460422529431,0.3,0.2,0.9,0.0
vit_tiny_patch16_224,random,1,random_1+random_2+random_4,3,dare,0.9098333333333332,0.9749399015559927,0.1012356827656428,0.4214242398738861,0.3057694177967085,2.5743445555369058,3.0,0.8813936934133347,0.7264460422529431,0.5,0.2,0.9,0.0
vit_tiny_patch16_224,random,1,random_1+random_3+random_4,3,dare,0.8911666666666666,0.9573651898219536,0.0971333930889765,0.4245659907658894,0.2971544942111834,2.591815233230591,3.0,0.8670278674382667,0.7282068321308041,0.2,0.2,0.9,0.0
vit_tiny_patch16_224,random,1,random_1+random_3+random_4,3,dare,0.901,0.9679368026122762,0.0971333930889765,0.4245659907658894,0.2971544942111834,2.591815233230591,3.0,0.8670278674382667,0.7282068321308041,0.3,0.2,0.9,0.0
vit_tiny_patch16_224,random,1,random_1+random_3+random_4,3,dare,0.895,0.9614722180305844,0.0971333930889765,0.4245659907658894,0.2971544942111834,2.591815233230591,3.0,0.8670278674382667,0.7282068321308041,0.5,0.2,0.9,0.0
vit_tiny_patch16_224,random,1,random_2+random_3+random_4,3,dare,0.9048333333333334,0.963765103504056,0.1004952937364578,0.422046144803365,0.3011490611763501,2.5791181723276773,3.0,0.8769326184617124,0.7306814776691972,0.2,0.2,0.9,0.0
vit_tiny_patch16_224,random,1,random_2+random_3+random_4,3,dare,0.913,0.9724615620851692,0.1004952937364578,0.422046144803365,0.3011490611763501,2.5791181723276773,3.0,0.8769326184617124,0.7306814776691972,0.3,0.2,0.9,0.0
vit_tiny_patch16_224,random,1,random_2+random_3+random_4,3,dare,0.9081666666666668,0.9673132249398324,0.1004952937364578,0.422046144803365,0.3011490611763501,2.5791181723276773,3.0,0.8769326184617124,0.7306814776691972,0.5,0.2,0.9,0.0
vit_tiny_patch16_224,random,1,random_0+random_1+random_2+random_3+random_4,5,dare,0.8999,0.9610519299241328,0.0994303360581398,0.4228224873542786,0.2981683463781086,2.5817263603210447,5.0,0.8760148494718557,0.7288829384344504,0.2,0.2,0.9,0.0
vit_tiny_patch16_224,random,1,random_0+random_1+random_2+random_3+random_4,5,dare,0.8977999999999999,0.95877978292207,0.0994303360581398,0.4228224873542786,0.2981683463781086,2.5817263603210447,5.0,0.8760148494718557,0.7288829384344504,0.3,0.2,0.9,0.0
vit_tiny_patch16_224,random,1,random_0+random_1+random_2+random_3+random_4,5,dare,0.8648999999999999,0.923483312556072,0.0994303360581398,0.4228224873542786,0.2981683463781086,2.5817263603210447,5.0,0.8760148494718557,0.7288829384344504,0.5,0.2,0.9,0.0
