backbone,regime,seed,subset,n_tasks,method,absolute_acc,normalized_acc,cosine,sign_conflict,subspace_overlap,mean_tau_norm,num_tasks,cka,drift,param_scaling,param_density,param_drop_rate,param_seed
resnet18,semantic,0,aquatic_life+flora_and_insects,2,averaging,0.67025,0.9601746226746228,0.1794328987598419,0.3643046617507934,0.2620863083929972,4.531644582748413,2.0,0.9386370868208724,0.8741280800066052,,,,
resnet18,semantic,0,aquatic_life+flora_and_insects,2,task_arithmetic,0.6519999999999999,0.9329749344455228,0.1794328987598419,0.3643046617507934,0.2620863083929972,4.531644582748413,2.0,0.9386370868208724,0.8741280800066052,0.1,,,
resnet18,semantic,0,aquatic_life+flora_and_insects,2,task_arithmetic,0.6657500000000001,0.9533285672991556,0.1794328987598419,0.3643046617507934,0.2620863083929972,4.531644582748413,2.0,0.9386370868208724,0.8741280800066052,0.2,,,
resnet18,semantic,0,aquatic_life+flora_and_insects,2,task_arithmetic,0.67225,0.963107798401916,0.1794328987598419,0.3643046617507934,0.2620863083929972,4.531644582748413,2.0,0.9386370868208724,0.8741280800066052,0.3,,,
resnet18,semantic,0,aquatic_life+flora_and_insects,2,task_arithmetic,0.67025,0.9601746226746228,0.1794328987598419,0.3643046617507934,0.2620863083929972,4.531644582748413,2.0,0.9386370868208724,0.8741280800066052,0.5,,,
resnet18,semantic,0,aquatic_life+flora_and_insects,2,task_arithmetic,0.587,0.83933268639151,0.1794328987598419,0.3643046617507934,0.2620863083929972,4.531644582748413,2.0,0.9386370868208724,0.8741280800066052,1.0,,,
resnet18,semantic,0,aquatic_life+flora_and_insects,2,ties,0.66725,0.9558526727644374,0.1794328987598419,0.3643046617507934,0.2620863083929972,4.531644582748413,2.0,0.9386370868208724,0.8741280800066052,0.5,0.2,,
resnet18,semantic,0,aquatic_life+flora_and_insects,2,ties,0.6597500000000001,0.945255301137654,0.1794328987598419,0.3643046617507934,0.2620863083929972,4.531644582748413,2.0,0.9386370868208724,0.8741280800066052,1.0,0.2,,
resnet18,semantic,0,aquatic_life+flora_and_insects,2,dare,0.606,0.8670681663328722,0.1794328987598419,0.3643046617507934,0.2620863083929972,4.531644582748413,2.0,0.9386370868208724,0.8741280800066052,1.0,0.2,0.9,0.0
resnet18,semantic,0,aquatic_life+flora_and_insects,2,dare,0.605,0.86593877108583,0.1794328987598419,0.3643046617507934,0.2620863083929972,4.531644582748413,2.0,0.9386370868208724,0.8741280800066052,1.0,0.2,0.9,1.0
resnet18,semantic,0,aquatic_life+flora_and_insects,2,dare,0.5952500000000001,0.8513996138996139,0.1794328987598419,0.3643046617507934,0.2620863083929972,4.531644582748413,2.0,0.9386370868208724,0.8741280800066052,1.0,0.2,0.9,2.0
resnet18,semantic,0,aquatic_life+household_and_people,2,averaging,0.63425,0.9419586372342278,0.1708515137434005,0.3695456683635711,0.2408826860992276,4.634900331497192,2.0,0.9201561955379904,0.8725223055340133,,,,
resnet18,semantic,0,aquatic_life+household_and_people,2,task_arithmetic,0.632,0.9382018279656076,0.1708515137434005,0.3695456683635711,0.2408826860992276,4.634900331497192,2.0,0.9201561955379904,0.8725223055340133,0.1,,,
resnet18,semantic,0,aquatic_life+household_and_people,2,task_arithmetic,0.64225,0.9539473720576084,0.1708515137434005,0.3695456683635711,0.2408826860992276,4.634900331497192,2.0,0.9201561955379904,0.8725223055340133,0.2,,,
resnet18,semantic,0,aquatic_life+household_and_people,2,task_arithmetic,0.64425,0.9571489374638982,0.1708515137434005,0.3695456683635711,0.2408826860992276,4.634900331497192,2.0,0.9201561955379904,0.8725223055340133,0.3,,,
resnet18,semantic,0,aquatic_life+household_and_people,2,task_arithmetic,0.63425,0.9419586372342278,0.1708515137434005,0.3695456683635711,0.2408826860992276,4.634900331497192,2.0,0.9201561955379904,0.8725223055340133,0.5,,,
resnet18,semantic,0,aquatic_life+household_and_people,2,task_arithmetic,0.507,0.7496903181942551,0.1708515137434005,0.3695456683635711,0.2408826860992276,4.634900331497192,2.0,0.9201561955379904,0.8725223055340133,1.0,,,
resnet18,semantic,0,aquatic_life+household_and_people,2,ties,0.638,0.9475809995495036,0.1708515137434005,0.3695456683635711,0.2408826860992276,4.634900331497192,2.0,0.9201561955379904,0.8725223055340133,0.5,0.2,,
resnet18,semantic,0,aquatic_life+household_and_people,2,ties,0.62425,0.9271066239570176,0.1708515137434005,0.3695456683635711,0.2408826860992276,4.634900331497192,2.0,0.9201561955379904,0.8725223055340133,1.0,0.2,,
resnet18,semantic,0,aquatic_life+household_and_people,2,dare,0.54375,0.8054040235142598,0.1708515137434005,0.3695456683635711,0.2408826860992276,4.634900331497192,2.0,0.9201561955379904,0.8725223055340133,1.0,0.2,0.9,0.0
resnet18,semantic,0,aquatic_life+household_and_people,2,dare,0.5327500000000001,0.788218272470241,0.1708515137434005,0.3695456683635711,0.2408826860992276,4.634900331497192,2.0,0.9201561955379904,0.8725223055340133,1.0,0.2,0.9,1.0
resnet18,semantic,0,aquatic_life+household_and_people,2,dare,0.513,0.7588439651431778,0.1708515137434005,0.3695456683635711,0.2408826860992276,4.634900331497192,2.0,0.9201561955379904,0.8725223055340133,1.0,0.2,0.9,2.0
resnet18,semantic,0,aquatic_life+mammals,2,averaging,0.613,0.9245263370539716,0.2034120857715606,0.3469739556312561,0.2646036528799318,4.605047464370728,2.0,0.9346599486723532,0.8621504034177909,,,,
resnet18,semantic,0,aquatic_life+mammals,2,task_arithmetic,0.59675,0.9004706043025866,0.2034120857715606,0.3469739556312561,0.2646036528799318,4.605047464370728,2.0,0.9346599486723532,0.8621504034177909,0.1,,,
resnet18,semantic,0,aquatic_life+mammals,2,task_arithmetic,0.61575,0.929020408976194,0.2034120857715606,0.3469739556312561,0.2646036528799318,4.605047464370728,2.0,0.9346599486723532,0.8621504034177909,0.2,,,
resnet18,semantic,0,aquatic_life+mammals,2,task_arithmetic,0.62375,0.9409346076258382,0.2034120857715606,0.3469739556312561,0.2646036528799318,4.605047464370728,2.0,0.9346599486723532,0.8621504034177909,0.3,,,
resnet18,semantic,0,aquatic_life+mammals,2,task_arithmetic,0.613,0.9245263370539716,0.2034120857715606,0.3469739556312561,0.2646036528799318,4.605047464370728,2.0,0.9346599486723532,0.8621504034177909,0.5,,,
resnet18,semantic,0,aquatic_life+mammals,2,task_arithmetic,0.4475,0.674555216338562,0.2034120857715606,0.3469739556312561,0.2646036528799318,4.605047464370728,2.0,0.9346599486723532,0.8621504034177909,1.0,,,
resnet18,semantic,0,aquatic_life+mammals,2,ties,0.61225,0.9238443306976838,0.2034120857715606,0.3469739556312561,0.2646036528799318,4.605047464370728,2.0,0.9346599486723532,0.8621504034177909,0.5,0.2,,
resnet18,semantic,0,aquatic_life+mammals,2,ties,0.59325,0.895082839445404,0.2034120857715606,0.3469739556312561,0.2646036528799318,4.605047464370728,2.0,0.9346599486723532,0.8621504034177909,1.0,0.2,,
resnet18,semantic,0,aquatic_life+mammals,2,dare,0.5035,0.7587484315560955,0.2034120857715606,0.3469739556312561,0.2646036528799318,4.605047464370728,2.0,0.9346599486723532,0.8621504034177909,1.0,0.2,0.9,0.0
resnet18,semantic,0,aquatic_life+mammals,2,dare,0.47525,0.716777299459687,0.2034120857715606,0.3469739556312561,0.2646036528799318,4.605047464370728,2.0,0.9346599486723532,0.8621504034177909,1.0,0.2,0.9,1.0
resnet18,semantic,0,aquatic_life+mammals,2,dare,0.4659999999999999,0.7025797879150864,0.2034120857715606,0.3469739556312561,0.2646036528799318,4.605047464370728,2.0,0.9346599486723532,0.8621504034177909,1.0,0.2,0.9,2.0
resnet18,semantic,0,aquatic_life+outdoor_and_vehicles,2,averaging,0.6885,0.946027983334963,0.1504530012607574,0.3844777345657348,0.242053213440679,4.565762519836426,2.0,0.91536658865399,0.8781236716025109,,,,
resnet18,semantic,0,aquatic_life+outdoor_and_vehicles,2,task_arithmetic,0.6732499999999999,0.9233258052899808,0.1504530012607574,0.3844777345657348,0.242053213440679,4.565762519836426,2.0,0.91536658865399,0.8781236716025109,0.1,,,
resnet18,semantic,0,aquatic_life+outdoor_and_vehicles,2,task_arithmetic,0.6877500000000001,0.943633397802638,0.1504530012607574,0.3844777345657348,0.242053213440679,4.565762519836426,2.0,0.91536658865399,0.8781236716025109,0.2,,,
resnet18,semantic,0,aquatic_life+outdoor_and_vehicles,2,task_arithmetic,0.69475,0.95398060197319,0.1504530012607574,0.3844777345657348,0.242053213440679,4.565762519836426,2.0,0.91536658865399,0.8781236716025109,0.3,,,
resnet18,semantic,0,aquatic_life+outdoor_and_vehicles,2,task_arithmetic,0.6885,0.946027983334963,0.1504530012607574,0.3844777345657348,0.242053213440679,4.565762519836426,2.0,0.91536658865399,0.8781236716025109,0.5,,,
resnet18,semantic,0,aquatic_life+outdoor_and_vehicles,2,task_arithmetic,0.556,0.7670476794627505,0.1504530012607574,0.3844777345657348,0.242053213440679,4.565762519836426,2.0,0.91536658865399,0.8781236716025109,1.0,,,
resnet18,semantic,0,aquatic_life+outdoor_and_vehicles,2,ties,0.6855,0.9411629753816289,0.1504530012607574,0.3844777345657348,0.242053213440679,4.565762519836426,2.0,0.91536658865399,0.8781236716025109,0.5,0.2,,
resnet18,semantic,0,aquatic_life+outdoor_and_vehicles,2,ties,0.6635,0.9126721533145252,0.1504530012607574,0.3844777345657348,0.242053213440679,4.565762519836426,2.0,0.91536658865399,0.8781236716025109,1.0,0.2,,
resnet18,semantic,0,aquatic_life+outdoor_and_vehicles,2,dare,0.5920000000000001,0.8150738932703109,0.1504530012607574,0.3844777345657348,0.242053213440679,4.565762519836426,2.0,0.91536658865399,0.8781236716025109,1.0,0.2,0.9,0.0
resnet18,semantic,0,aquatic_life+outdoor_and_vehicles,2,dare,0.57775,0.7953842044638832,0.1504530012607574,0.3844777345657348,0.242053213440679,4.565762519836426,2.0,0.91536658865399,0.8781236716025109,1.0,0.2,0.9,1.0
resnet18,semantic,0,aquatic_life+outdoor_and_vehicles,2,dare,0.5565,0.7668926669544335,0.1504530012607574,0.3844777345657348,0.242053213440679,4.565762519836426,2.0,0.91536658865399,0.8781236716025109,1.0,0.2,0.9,2.0
resnet18,semantic,0,flora_and_insects+household_and_people,2,averaging,0.6935,0.9590666975451598,0.1492747962474823,0.3855060338973999,0.2418574352292908,4.467702865600586,2.0,0.8997218026694375,0.8703620011232882,,,,
resnet18,semantic,0,flora_and_insects+household_and_people,2,task_arithmetic,0.6897500000000001,0.9538638468988168,0.1492747962474823,0.3855060338973999,0.2418574352292908,4.467702865600586,2.0,0.8997218026694375,0.8703620011232882,0.1,,,
resnet18,semantic,0,flora_and_insects+household_and_people,2,task_arithmetic,0.6935,0.9590193271295632,0.1492747962474823,0.3855060338973999,0.2418574352292908,4.467702865600586,2.0,0.8997218026694375,0.8703620011232882,0.2,,,
resnet18,semantic,0,flora_and_insects+household_and_people,2,task_arithmetic,0.69925,0.9668012337361572,0.1492747962474823,0.3855060338973999,0.2418574352292908,4.467702865600586,2.0,0.8997218026694375,0.8703620011232882,0.3,,,
resnet18,semantic,0,flora_and_insects+household_and_people,2,task_arithmetic,0.6935,0.9590666975451598,0.1492747962474823,0.3855060338973999,0.2418574352292908,4.467702865600586,2.0,0.8997218026694375,0.8703620011232882,0.5,,,
resnet18,semantic,0,flora_and_insects+household_and_people,2,task_arithmetic,0.62325,0.8624021011411007,0.1492747962474823,0.3855060338973999,0.2418574352292908,4.467702865600586,2.0,0.8997218026694375,0.8703620011232882,1.0,,,
resnet18,semantic,0,flora_and_insects+household_and_people,2,ties,0.6950000000000001,0.9609773043075498,0.1492747962474823,0.3855060338973999,0.2418574352292908,4.467702865600586,2.0,0.8997218026694375,0.8703620011232882,0.5,0.2,,
resnet18,semantic,0,flora_and_insects+household_and_people,2,ties,0.6855,0.9481346583014022,0.1492747962474823,0.3855060338973999,0.2418574352292908,4.467702865600586,2.0,0.8997218026694375,0.8703620011232882,1.0,0.2,,
resnet18,semantic,0,flora_and_insects+household_and_people,2,dare,0.63975,0.885266221735652,0.1492747962474823,0.3855060338973999,0.2418574352292908,4.467702865600586,2.0,0.8997218026694375,0.8703620011232882,1.0,0.2,0.9,0.0
resnet18,semantic,0,flora_and_insects+household_and_people,2,dare,0.63725,0.881687123668365,0.1492747962474823,0.3855060338973999,0.2418574352292908,4.467702865600586,2.0,0.8997218026694375,0.8703620011232882,1.0,0.2,0.9,1.0
resnet18,semantic,0,flora_and_insects+household_and_people,2,dare,0.6225,0.8613283717209146,0.1492747962474823,0.3855060338973999,0.2418574352292908,4.467702865600586,2.0,0.8997218026694375,0.8703620011232882,1.0,0.2,0.9,2.0
resnet18,semantic,0,flora_and_insects+mammals,2,averaging,0.6775,0.9493985927592716,0.1695536375045776,0.3705222308635711,0.2360218495756875,4.437849998474121,2.0,0.912212513929854,0.8599900990070657,,,,
resnet18,semantic,0,flora_and_insects+mammals,2,task_arithmetic,0.65325,0.9143426932640812,0.1695536375045776,0.3705222308635711,0.2360218495756875,4.437849998474121,2.0,0.912212513929854,0.8599900990070657,0.1,,,
resnet18,semantic,0,flora_and_insects+mammals,2,task_arithmetic,0.667,0.9338205738515678,0.1695536375045776,0.3705222308635711,0.2360218495756875,4.437849998474121,2.0,0.912212513929854,0.8599900990070657,0.2,,,
resnet18,semantic,0,flora_and_insects+mammals,2,task_arithmetic,0.6725000000000001,0.9417555140901408,0.1695536375045776,0.3705222308635711,0.2360218495756875,4.437849998474121,2.0,0.912212513929854,0.8599900990070657,0.3,,,
resnet18,semantic,0,flora_and_insects+mammals,2,task_arithmetic,0.6775,0.9493985927592716,0.1695536375045776,0.3705222308635711,0.2360218495756875,4.437849998474121,2.0,0.912212513929854,0.8599900990070657,0.5,,,
resnet18,semantic,0,flora_and_insects+mammals,2,task_arithmetic,0.5702499999999999,0.798963780594974,0.1695536375045776,0.3705222308635711,0.2360218495756875,4.437849998474121,2.0,0.912212513929854,0.8599900990070657,1.0,,,
resnet18,semantic,0,flora_and_insects+mammals,2,ties,0.6645000000000001,0.9303756221454216,0.1695536375045776,0.3705222308635711,0.2360218495756875,4.437849998474121,2.0,0.912212513929854,0.8599900990070657,0.5,0.2,,
resnet18,semantic,0,flora_and_insects+mammals,2,ties,0.6597500000000001,0.924128060482584,0.1695536375045776,0.3705222308635711,0.2360218495756875,4.437849998474121,2.0,0.912212513929854,0.8599900990070657,1.0,0.2,,
resnet18,semantic,0,flora_and_insects+mammals,2,dare,0.59875,0.839804203988824,0.1695536375045776,0.3705222308635711,0.2360218495756875,4.437849998474121,2.0,0.912212513929854,0.8599900990070657,1.0,0.2,0.9,0.0
resnet18,semantic,0,flora_and_insects+mammals,2,dare,0.593,0.8312953924786904,0.1695536375045776,0.3705222308635711,0.2360218495756875,4.437849998474121,2.0,0.912212513929854,0.8599900990070657,1.0,0.2,0.9,1.0
resnet18,semantic,0,flora_and_insects+mammals,2,dare,0.583,0.8170362923088442,0.1695536375045776,0.3705222308635711,0.2360218495756875,4.437849998474121,2.0,0.912212513929854,0.8599900990070657,1.0,0.2,0.9,2.0
resnet18,semantic,0,flora_and_insects+outdoor_and_vehicles,2,averaging,0.74275,0.9539284086367434,0.1360334455966949,0.3951028883457184,0.2335511067296847,4.398565053939819,2.0,0.9082787820715728,0.8759633671917857,,,,
resnet18,semantic,0,flora_and_insects+outdoor_and_vehicles,2,task_arithmetic,0.731,0.9390070040594148,0.1360334455966949,0.3951028883457184,0.2335511067296847,4.398565053939819,2.0,0.9082787820715728,0.8759633671917857,0.1,,,
resnet18,semantic,0,flora_and_insects+outdoor_and_vehicles,2,task_arithmetic,0.74175,0.9525407262686084,0.1360334455966949,0.3951028883457184,0.2335511067296847,4.398565053939819,2.0,0.9082787820715728,0.8759633671917857,0.2,,,
resnet18,semantic,0,flora_and_insects+outdoor_and_vehicles,2,task_arithmetic,0.7464999999999999,0.958738641731048,0.1360334455966949,0.3951028883457184,0.2335511067296847,4.398565053939819,2.0,0.9082787820715728,0.8759633671917857,0.3,,,
resnet18,semantic,0,flora_and_insects+outdoor_and_vehicles,2,task_arithmetic,0.74275,0.9539284086367434,0.1360334455966949,0.3951028883457184,0.2335511067296847,4.398565053939819,2.0,0.9082787820715728,0.8759633671917857,0.5,,,
resnet18,semantic,0,flora_and_insects+outdoor_and_vehicles,2,task_arithmetic,0.6559999999999999,0.8447321331250227,0.1360334455966949,0.3951028883457184,0.2335511067296847,4.398565053939819,2.0,0.9082787820715728,0.8759633671917857,1.0,,,
resnet18,semantic,0,flora_and_insects+outdoor_and_vehicles,2,ties,0.73825,0.9482424616766802,0.1360334455966949,0.3951028883457184,0.2335511067296847,4.398565053939819,2.0,0.9082787820715728,0.8759633671917857,0.5,0.2,,
resnet18,semantic,0,flora_and_insects+outdoor_and_vehicles,2,ties,0.7324999999999999,0.9413932314460964,0.1360334455966949,0.3951028883457184,0.2335511067296847,4.398565053939819,2.0,0.9082787820715728,0.8759633671917857,1.0,0.2,,
resnet18,semantic,0,flora_and_insects+outdoor_and_vehicles,2,dare,0.6735,0.8665789438915552,0.1360334455966949,0.3951028883457184,0.2335511067296847,4.398565053939819,2.0,0.9082787820715728,0.8759633671917857,1.0,0.2,0.9,0.0
resnet18,semantic,0,flora_and_insects+outdoor_and_vehicles,2,dare,0.6759999999999999,0.8699973658394797,0.1360334455966949,0.3951028883457184,0.2335511067296847,4.398565053939819,2.0,0.9082787820715728,0.8759633671917857,1.0,0.2,0.9,1.0
resnet18,semantic,0,flora_and_insects+outdoor_and_vehicles,2,dare,0.65825,0.8472323147912655,0.1360334455966949,0.3951028883457184,0.2335511067296847,4.398565053939819,2.0,0.9082787820715728,0.8759633671917857,1.0,0.2,0.9,2.0
resnet18,semantic,0,household_and_people+mammals,2,averaging,0.6365000000000001,0.9243098565248512,0.1751874834299087,0.365990400314331,0.2353429289084759,4.5411057472229,2.0,0.8896574379052734,0.8583843245344738,,,,
resnet18,semantic,0,household_and_people+mammals,2,task_arithmetic,0.63175,0.9169187684526638,0.1751874834299087,0.365990400314331,0.2353429289084759,4.5411057472229,2.0,0.8896574379052734,0.8583843245344738,0.1,,,
resnet18,semantic,0,household_and_people+mammals,2,task_arithmetic,0.639,0.927699054031457,0.1751874834299087,0.365990400314331,0.2353429289084759,4.5411057472229,2.0,0.8896574379052734,0.8583843245344738,0.2,,,
resnet18,semantic,0,household_and_people+mammals,2,task_arithmetic,0.64,0.9291728933829676,0.1751874834299087,0.365990400314331,0.2353429289084759,4.5411057472229,2.0,0.8896574379052734,0.8583843245344738,0.3,,,
resnet18,semantic,0,household_and_people+mammals,2,task_arithmetic,0.6365000000000001,0.9243098565248512,0.1751874834299087,0.365990400314331,0.2353429289084759,4.5411057472229,2.0,0.8896574379052734,0.8583843245344738,0.5,,,
resnet18,semantic,0,household_and_people+mammals,2,task_arithmetic,0.5395,0.7830248943810006,0.1751874834299087,0.365990400314331,0.2353429289084759,4.5411057472229,2.0,0.8896574379052734,0.8583843245344738,1.0,,,
resnet18,semantic,0,household_and_people+mammals,2,ties,0.63375,0.9200879978098137,0.1751874834299087,0.365990400314331,0.2353429289084759,4.5411057472229,2.0,0.8896574379052734,0.8583843245344738,0.5,0.2,,
resnet18,semantic,0,household_and_people+mammals,2,ties,0.62425,0.906381924842633,0.1751874834299087,0.365990400314331,0.2353429289084759,4.5411057472229,2.0,0.8896574379052734,0.8583843245344738,1.0,0.2,,
resnet18,semantic,0,household_and_people+mammals,2,dare,0.5647500000000001,0.8199122870410276,0.1751874834299087,0.365990400314331,0.2353429289084759,4.5411057472229,2.0,0.8896574379052734,0.8583843245344738,1.0,0.2,0.9,0.0
resnet18,semantic,0,household_and_people+mammals,2,dare,0.556,0.8071322430579476,0.1751874834299087,0.365990400314331,0.2353429289084759,4.5411057472229,2.0,0.8896574379052734,0.8583843245344738,1.0,0.2,0.9,1.0
resnet18,semantic,0,household_and_people+mammals,2,dare,0.53925,0.7827408347923146,0.1751874834299087,0.365990400314331,0.2353429289084759,4.5411057472229,2.0,0.8896574379052734,0.8583843245344738,1.0,0.2,0.9,2.0
resnet18,semantic,0,household_and_people+outdoor_and_vehicles,2,averaging,0.721,0.957172852972243,0.1465786844491958,0.3877682685852051,0.2379222186218706,4.501820802688599,2.0,0.9183409009682654,0.8743575927191938,,,,
resnet18,semantic,0,household_and_people+outdoor_and_vehicles,2,task_arithmetic,0.7112499999999999,0.9444903775539484,0.1465786844491958,0.3877682685852051,0.2379222186218706,4.501820802688599,2.0,0.9183409009682654,0.8743575927191938,0.1,,,
resnet18,semantic,0,household_and_people+outdoor_and_vehicles,2,task_arithmetic,0.72275,0.9593837584553152,0.1465786844491958,0.3877682685852051,0.2379222186218706,4.501820802688599,2.0,0.9183409009682654,0.8743575927191938,0.2,,,
resnet18,semantic,0,household_and_people+outdoor_and_vehicles,2,task_arithmetic,0.719,0.953916956966375,0.1465786844491958,0.3877682685852051,0.2379222186218706,4.501820802688599,2.0,0.9183409009682654,0.8743575927191938,0.3,,,
resnet18,semantic,0,household_and_people+outdoor_and_vehicles,2,task_arithmetic,0.721,0.957172852972243,0.1465786844491958,0.3877682685852051,0.2379222186218706,4.501820802688599,2.0,0.9183409009682654,0.8743575927191938,0.5,,,
resnet18,semantic,0,household_and_people+outdoor_and_vehicles,2,task_arithmetic,0.63975,0.8520417660185087,0.1465786844491958,0.3877682685852051,0.2379222186218706,4.501820802688599,2.0,0.9183409009682654,0.8743575927191938,1.0,,,
resnet18,semantic,0,household_and_people+outdoor_and_vehicles,2,ties,0.71375,0.947186086129149,0.1465786844491958,0.3877682685852051,0.2379222186218706,4.501820802688599,2.0,0.9183409009682654,0.8743575927191938,0.5,0.2,,
resnet18,semantic,0,household_and_people+outdoor_and_vehicles,2,ties,0.7090000000000001,0.9415145752634142,0.1465786844491958,0.3877682685852051,0.2379222186218706,4.501820802688599,2.0,0.9183409009682654,0.8743575927191938,1.0,0.2,,
resnet18,semantic,0,household_and_people+outdoor_and_vehicles,2,dare,0.6547499999999999,0.8715041894680342,0.1465786844491958,0.3877682685852051,0.2379222186218706,4.501820802688599,2.0,0.9183409009682654,0.8743575927191938,1.0,0.2,0.9,0.0
resnet18,semantic,0,household_and_people+outdoor_and_vehicles,2,dare,0.6547499999999999,0.8720440386020869,0.1465786844491958,0.3877682685852051,0.2379222186218706,4.501820802688599,2.0,0.9183409009682654,0.8743575927191938,1.0,0.2,0.9,1.0
resnet18,semantic,0,household_and_people+outdoor_and_vehicles,2,dare,0.63825,0.8503850791181845,0.1465786844491958,0.3877682685852051,0.2379222186218706,4.501820802688599,2.0,0.9183409009682654,0.8743575927191938,1.0,0.2,0.9,2.0
resnet18,semantic,0,mammals+outdoor_and_vehicles,2,averaging,0.688,0.924023991082316,0.1510706543922424,0.3833639323711395,0.2275428587745614,4.471967935562134,2.0,0.8892591279675255,0.8639856906029714,,,,
resnet18,semantic,0,mammals+outdoor_and_vehicles,2,task_arithmetic,0.67675,0.9072047894772056,0.1510706543922424,0.3833639323711395,0.2275428587745614,4.471967935562134,2.0,0.8892591279675255,0.8639856906029714,0.1,,,
resnet18,semantic,0,mammals+outdoor_and_vehicles,2,task_arithmetic,0.69,0.9254809891564932,0.1510706543922424,0.3833639323711395,0.2275428587745614,4.471967935562134,2.0,0.8892591279675255,0.8639856906029714,0.2,,,
resnet18,semantic,0,mammals+outdoor_and_vehicles,2,task_arithmetic,0.69225,0.928856754922546,0.1510706543922424,0.3833639323711395,0.2275428587745614,4.471967935562134,2.0,0.8892591279675255,0.8639856906029714,0.3,,,
resnet18,semantic,0,mammals+outdoor_and_vehicles,2,task_arithmetic,0.688,0.924023991082316,0.1510706543922424,0.3833639323711395,0.2275428587745614,4.471967935562134,2.0,0.8892591279675255,0.8639856906029714,0.5,,,
resnet18,semantic,0,mammals+outdoor_and_vehicles,2,task_arithmetic,0.56175,0.7563765855266062,0.1510706543922424,0.3833639323711395,0.2275428587745614,4.471967935562134,2.0,0.8892591279675255,0.8639856906029714,1.0,,,
resnet18,semantic,0,mammals+outdoor_and_vehicles,2,ties,0.6852499999999999,0.9191361517135088,0.1510706543922424,0.3833639323711395,0.2275428587745614,4.471967935562134,2.0,0.8892591279675255,0.8639856906029714,0.5,0.2,,
resnet18,semantic,0,mammals+outdoor_and_vehicles,2,ties,0.66875,0.8986935720485776,0.1510706543922424,0.3833639323711395,0.2275428587745614,4.471967935562134,2.0,0.8892591279675255,0.8639856906029714,1.0,0.2,,
resnet18,semantic,0,mammals+outdoor_and_vehicles,2,dare,0.5880000000000001,0.7918449983454583,0.1510706543922424,0.3833639323711395,0.2275428587745614,4.471967935562134,2.0,0.8892591279675255,0.8639856906029714,1.0,0.2,0.9,0.0
resnet18,semantic,0,mammals+outdoor_and_vehicles,2,dare,0.58375,0.7846867727242314,0.1510706543922424,0.3833639323711395,0.2275428587745614,4.471967935562134,2.0,0.8892591279675255,0.8639856906029714,1.0,0.2,0.9,1.0
resnet18,semantic,0,mammals+outdoor_and_vehicles,2,dare,0.5725,0.7718625952044236,0.1510706543922424,0.3833639323711395,0.2275428587745614,4.471967935562134,2.0,0.8892591279675255,0.8639856906029714,1.0,0.2,0.9,2.0
resnet18,semantic,0,aquatic_life+flora_and_insects+household_and_people,3,averaging,0.6521666666666667,0.9339001417278396,0.1665197362502416,0.3731187880039215,0.2482754765738385,4.5447492599487305,3.0,0.9195050283427668,0.8723374622213024,,,,
resnet18,semantic,0,aquatic_life+flora_and_insects+household_and_people,3,task_arithmetic,0.6616666666666666,0.9471751286364531,0.1665197362502416,0.3731187880039215,0.2482754765738385,4.5447492599487305,3.0,0.9195050283427668,0.8723374622213024,0.1,,,
resnet18,semantic,0,aquatic_life+flora_and_insects+household_and_people,3,task_arithmetic,0.6666666666666666,0.955081297739936,0.1665197362502416,0.3731187880039215,0.2482754765738385,4.5447492599487305,3.0,0.9195050283427668,0.8723374622213024,0.2,,,
resnet18,semantic,0,aquatic_life+flora_and_insects+household_and_people,3,task_arithmetic,0.6583333333333333,0.9427796445049804,0.1665197362502416,0.3731187880039215,0.2482754765738385,4.5447492599487305,3.0,0.9195050283427668,0.8723374622213024,0.3,,,
resnet18,semantic,0,aquatic_life+flora_and_insects+household_and_people,3,task_arithmetic,0.6135,0.87745510438887,0.1665197362502416,0.3731187880039215,0.2482754765738385,4.5447492599487305,3.0,0.9195050283427668,0.8723374622213024,0.5,,,
resnet18,semantic,0,aquatic_life+flora_and_insects+household_and_people,3,task_arithmetic,0.3301666666666666,0.4697550389305832,0.1665197362502416,0.3731187880039215,0.2482754765738385,4.5447492599487305,3.0,0.9195050283427668,0.8723374622213024,1.0,,,
resnet18,semantic,0,aquatic_life+flora_and_insects+household_and_people,3,ties,0.6611666666666667,0.9467344354213276,0.1665197362502416,0.3731187880039215,0.2482754765738385,4.5447492599487305,3.0,0.9195050283427668,0.8723374622213024,0.5,0.2,,
resnet18,semantic,0,aquatic_life+flora_and_insects+household_and_people,3,ties,0.6378333333333334,0.9130613438279024,0.1665197362502416,0.3731187880039215,0.2482754765738385,4.5447492599487305,3.0,0.9195050283427668,0.8723374622213024,1.0,0.2,,
resnet18,semantic,0,aquatic_life+flora_and_insects+household_and_people,3,dare,0.3918333333333333,0.5576916481154555,0.1665197362502416,0.3731187880039215,0.2482754765738385,4.5447492599487305,3.0,0.9195050283427668,0.8723374622213024,1.0,0.2,0.9,0.0
resnet18,semantic,0,aquatic_life+flora_and_insects+household_and_people,3,dare,0.3833333333333333,0.54625129240692,0.1665197362502416,0.3731187880039215,0.2482754765738385,4.5447492599487305,3.0,0.9195050283427668,0.8723374622213024,1.0,0.2,0.9,1.0
resnet18,semantic,0,aquatic_life+flora_and_insects+household_and_people,3,dare,0.3798333333333333,0.5410443794070473,0.1665197362502416,0.3731187880039215,0.2482754765738385,4.5447492599487305,3.0,0.9195050283427668,0.8723374622213024,1.0,0.2,0.9,2.0
resnet18,semantic,0,aquatic_life+flora_and_insects+mammals,3,averaging,0.6423333333333333,0.928343209621115,0.1841328740119934,0.3606002827485402,0.2542372702828722,4.524847348531087,3.0,0.9285031831410264,0.8654228608104874,,,,
resnet18,semantic,0,aquatic_life+flora_and_insects+mammals,3,task_arithmetic,0.6366666666666667,0.91977009806673,0.1841328740119934,0.3606002827485402,0.2542372702828722,4.524847348531087,3.0,0.9285031831410264,0.8654228608104874,0.1,,,
resnet18,semantic,0,aquatic_life+flora_and_insects+mammals,3,task_arithmetic,0.6498333333333334,0.9395997199239646,0.1841328740119934,0.3606002827485402,0.2542372702828722,4.524847348531087,3.0,0.9285031831410264,0.8654228608104874,0.2,,,
resnet18,semantic,0,aquatic_life+flora_and_insects+mammals,3,task_arithmetic,0.6481666666666667,0.9367165543419392,0.1841328740119934,0.3606002827485402,0.2542372702828722,4.524847348531087,3.0,0.9285031831410264,0.8654228608104874,0.3,,,
resnet18,semantic,0,aquatic_life+flora_and_insects+mammals,3,task_arithmetic,0.5883333333333334,0.8496919743311006,0.1841328740119934,0.3606002827485402,0.2542372702828722,4.524847348531087,3.0,0.9285031831410264,0.8654228608104874,0.5,,,
resnet18,semantic,0,aquatic_life+flora_and_insects+mammals,3,task_arithmetic,0.2386666666666666,0.3427270040007913,0.1841328740119934,0.3606002827485402,0.2542372702828722,4.524847348531087,3.0,0.9285031831410264,0.8654228608104874,1.0,,,
resnet18,semantic,0,aquatic_life+flora_and_insects+mammals,3,ties,0.6468333333333334,0.935293713809254,0.1841328740119934,0.3606002827485402,0.2542372702828722,4.524847348531087,3.0,0.9285031831410264,0.8654228608104874,0.5,0.2,,
resnet18,semantic,0,aquatic_life+flora_and_insects+mammals,3,ties,0.615,0.8887151752783119,0.1841328740119934,0.3606002827485402,0.2542372702828722,4.524847348531087,3.0,0.9285031831410264,0.8654228608104874,1.0,0.2,,
resnet18,semantic,0,aquatic_life+flora_and_insects+mammals,3,dare,0.3175,0.4560661977877722,0.1841328740119934,0.3606002827485402,0.2542372702828722,4.524847348531087,3.0,0.9285031831410264,0.8654228608104874,1.0,0.2,0.9,0.0
resnet18,semantic,0,aquatic_life+flora_and_insects+mammals,3,dare,0.2876666666666667,0.4134652767677606,0.1841328740119934,0.3606002827485402,0.2542372702828722,4.524847348531087,3.0,0.9285031831410264,0.8654228608104874,1.0,0.2,0.9,1.0
resnet18,semantic,0,aquatic_life+flora_and_insects+mammals,3,dare,0.292,0.4195476316179424,0.1841328740119934,0.3606002827485402,0.2542372702828722,4.524847348531087,3.0,0.9285031831410264,0.8654228608104874,1.0,0.2,0.9,2.0
resnet18,semantic,0,aquatic_life+flora_and_insects+outdoor_and_vehicles,3,averaging,0.6865,0.9348320777107608,0.1553064485390981,0.3812950948874156,0.245896876187787,4.49865738550822,3.0,0.9207608191821453,0.8760717062669673,,,,
resnet18,semantic,0,aquatic_life+flora_and_insects+outdoor_and_vehicles,3,task_arithmetic,0.6875,0.9347796119387152,0.1553064485390981,0.3812950948874156,0.245896876187787,4.49865738550822,3.0,0.9207608191821453,0.8760717062669673,0.1,,,
resnet18,semantic,0,aquatic_life+flora_and_insects+outdoor_and_vehicles,3,task_arithmetic,0.6973333333333334,0.9491935493915656,0.1553064485390981,0.3812950948874156,0.245896876187787,4.49865738550822,3.0,0.9207608191821453,0.8760717062669673,0.2,,,
resnet18,semantic,0,aquatic_life+flora_and_insects+outdoor_and_vehicles,3,task_arithmetic,0.6913333333333332,0.941420255867264,0.1553064485390981,0.3812950948874156,0.245896876187787,4.49865738550822,3.0,0.9207608191821453,0.8760717062669673,0.3,,,
resnet18,semantic,0,aquatic_life+flora_and_insects+outdoor_and_vehicles,3,task_arithmetic,0.637,0.8684413857024037,0.1553064485390981,0.3812950948874156,0.245896876187787,4.49865738550822,3.0,0.9207608191821453,0.8760717062669673,0.5,,,
resnet18,semantic,0,aquatic_life+flora_and_insects+outdoor_and_vehicles,3,task_arithmetic,0.315,0.4322305514363067,0.1553064485390981,0.3812950948874156,0.245896876187787,4.49865738550822,3.0,0.9207608191821453,0.8760717062669673,1.0,,,
resnet18,semantic,0,aquatic_life+flora_and_insects+outdoor_and_vehicles,3,ties,0.6923333333333334,0.9423825548357758,0.1553064485390981,0.3812950948874156,0.245896876187787,4.49865738550822,3.0,0.9207608191821453,0.8760717062669673,0.5,0.2,,
resnet18,semantic,0,aquatic_life+flora_and_insects+outdoor_and_vehicles,3,ties,0.6561666666666667,0.8936249570282925,0.1553064485390981,0.3812950948874156,0.245896876187787,4.49865738550822,3.0,0.9207608191821453,0.8760717062669673,1.0,0.2,,
resnet18,semantic,0,aquatic_life+flora_and_insects+outdoor_and_vehicles,3,dare,0.3893333333333333,0.5322659230036696,0.1553064485390981,0.3812950948874156,0.245896876187787,4.49865738550822,3.0,0.9207608191821453,0.8760717062669673,1.0,0.2,0.9,0.0
resnet18,semantic,0,aquatic_life+flora_and_insects+outdoor_and_vehicles,3,dare,0.3738333333333333,0.5121299266595928,0.1553064485390981,0.3812950948874156,0.245896876187787,4.49865738550822,3.0,0.9207608191821453,0.8760717062669673,1.0,0.2,0.9,1.0
resnet18,semantic,0,aquatic_life+flora_and_insects+outdoor_and_vehicles,3,dare,0.372,0.5088158055676132,0.1553064485390981,0.3812950948874156,0.245896876187787,4.49865738550822,3.0,0.9207608191821453,0.8760717062669673,1.0,0.2,0.9,2.0
resnet18,semantic,0,aquatic_life+household_and_people+mammals,3,averaging,0.612,0.9066293568141668,0.1831503609816233,0.3608366747697194,0.2469430892958784,4.593684514363607,3.0,0.9148245273718724,0.8643523444954261,,,,
resnet18,semantic,0,aquatic_life+household_and_people+mammals,3,task_arithmetic,0.6223333333333333,0.921855332035268,0.1831503609816233,0.3608366747697194,0.2469430892958784,4.593684514363607,3.0,0.9148245273718724,0.8643523444954261,0.1,,,
resnet18,semantic,0,aquatic_life+household_and_people+mammals,3,task_arithmetic,0.6288333333333334,0.931750168367533,0.1831503609816233,0.3608366747697194,0.2469430892958784,4.593684514363607,3.0,0.9148245273718724,0.8643523444954261,0.2,,,
resnet18,semantic,0,aquatic_life+household_and_people+mammals,3,task_arithmetic,0.6196666666666667,0.918199394574446,0.1831503609816233,0.3608366747697194,0.2469430892958784,4.593684514363607,3.0,0.9148245273718724,0.8643523444954261,0.3,,,
resnet18,semantic,0,aquatic_life+household_and_people+mammals,3,task_arithmetic,0.5515,0.8160463536542079,0.1831503609816233,0.3608366747697194,0.2469430892958784,4.593684514363607,3.0,0.9148245273718724,0.8643523444954261,0.5,,,
resnet18,semantic,0,aquatic_life+household_and_people+mammals,3,task_arithmetic,0.2198333333333333,0.3226782681380886,0.1831503609816233,0.3608366747697194,0.2469430892958784,4.593684514363607,3.0,0.9148245273718724,0.8643523444954261,1.0,,,
resnet18,semantic,0,aquatic_life+household_and_people+mammals,3,ties,0.6233333333333334,0.9234112652932538,0.1831503609816233,0.3608366747697194,0.2469430892958784,4.593684514363607,3.0,0.9148245273718724,0.8643523444954261,0.5,0.2,,
resnet18,semantic,0,aquatic_life+household_and_people+mammals,3,ties,0.5791666666666666,0.8574965947992367,0.1831503609816233,0.3608366747697194,0.2469430892958784,4.593684514363607,3.0,0.9148245273718724,0.8643523444954261,1.0,0.2,,
resnet18,semantic,0,aquatic_life+household_and_people+mammals,3,dare,0.2871666666666667,0.422176292971644,0.1831503609816233,0.3608366747697194,0.2469430892958784,4.593684514363607,3.0,0.9148245273718724,0.8643523444954261,1.0,0.2,0.9,0.0
resnet18,semantic,0,aquatic_life+household_and_people+mammals,3,dare,0.264,0.3877188591826602,0.1831503609816233,0.3608366747697194,0.2469430892958784,4.593684514363607,3.0,0.9148245273718724,0.8643523444954261,1.0,0.2,0.9,1.0
resnet18,semantic,0,aquatic_life+household_and_people+mammals,3,dare,0.264,0.3877398449190092,0.1831503609816233,0.3608366747697194,0.2469430892958784,4.593684514363607,3.0,0.9148245273718724,0.8643523444954261,1.0,0.2,0.9,2.0
resnet18,semantic,0,aquatic_life+household_and_people+outdoor_and_vehicles,3,averaging,0.6651666666666666,0.9262106486999856,0.1559610664844513,0.3805972238381703,0.2402860393872591,4.567494551340739,3.0,0.917954561720082,0.875001189951906,,,,
resnet18,semantic,0,aquatic_life+household_and_people+outdoor_and_vehicles,3,task_arithmetic,0.6763333333333333,0.9411468043247164,0.1559610664844513,0.3805972238381703,0.2402860393872591,4.567494551340739,3.0,0.917954561720082,0.875001189951906,0.1,,,
resnet18,semantic,0,aquatic_life+household_and_people+outdoor_and_vehicles,3,task_arithmetic,0.6763333333333333,0.9417099323924282,0.1559610664844513,0.3805972238381703,0.2402860393872591,4.567494551340739,3.0,0.917954561720082,0.875001189951906,0.2,,,
resnet18,semantic,0,aquatic_life+household_and_people+outdoor_and_vehicles,3,task_arithmetic,0.6699999999999999,0.9323408174025596,0.1559610664844513,0.3805972238381703,0.2402860393872591,4.567494551340739,3.0,0.917954561720082,0.875001189951906,0.3,,,
resnet18,semantic,0,aquatic_life+household_and_people+outdoor_and_vehicles,3,task_arithmetic,0.6101666666666666,0.8498841987454089,0.1559610664844513,0.3805972238381703,0.2402860393872591,4.567494551340739,3.0,0.917954561720082,0.875001189951906,0.5,,,
resnet18,semantic,0,aquatic_life+household_and_people+outdoor_and_vehicles,3,task_arithmetic,0.2953333333333333,0.4135918820768514,0.1559610664844513,0.3805972238381703,0.2402860393872591,4.567494551340739,3.0,0.917954561720082,0.875001189951906,1.0,,,
resnet18,semantic,0,aquatic_life+household_and_people+outdoor_and_vehicles,3,ties,0.6713333333333334,0.9352144704247928,0.1559610664844513,0.3805972238381703,0.2402860393872591,4.567494551340739,3.0,0.917954561720082,0.875001189951906,0.5,0.2,,
resnet18,semantic,0,aquatic_life+household_and_people+outdoor_and_vehicles,3,ties,0.6341666666666667,0.8836037008623373,0.1559610664844513,0.3805972238381703,0.2402860393872591,4.567494551340739,3.0,0.917954561720082,0.875001189951906,1.0,0.2,,
resnet18,semantic,0,aquatic_life+household_and_people+outdoor_and_vehicles,3,dare,0.3673333333333333,0.5118385595884587,0.1559610664844513,0.3805972238381703,0.2402860393872591,4.567494551340739,3.0,0.917954561720082,0.875001189951906,1.0,0.2,0.9,0.0
resnet18,semantic,0,aquatic_life+household_and_people+outdoor_and_vehicles,3,dare,0.3456666666666666,0.4834392952498325,0.1559610664844513,0.3805972238381703,0.2402860393872591,4.567494551340739,3.0,0.917954561720082,0.875001189951906,1.0,0.2,0.9,1.0
resnet18,semantic,0,aquatic_life+household_and_people+outdoor_and_vehicles,3,dare,0.3458333333333334,0.4819369210638245,0.1559610664844513,0.3805972238381703,0.2402860393872591,4.567494551340739,3.0,0.917954561720082,0.875001189951906,1.0,0.2,0.9,2.0
resnet18,semantic,0,aquatic_life+mammals+outdoor_and_vehicles,3,averaging,0.6438333333333334,0.9049882964252808,0.1683119138081868,0.3716052075227101,0.2447332416983908,4.547592639923096,3.0,0.9130952217646228,0.868086588541091,,,,
resnet18,semantic,0,aquatic_life+mammals+outdoor_and_vehicles,3,task_arithmetic,0.6513333333333333,0.913696754038896,0.1683119138081868,0.3716052075227101,0.2447332416983908,4.547592639923096,3.0,0.9130952217646228,0.868086588541091,0.1,,,
resnet18,semantic,0,aquatic_life+mammals+outdoor_and_vehicles,3,task_arithmetic,0.6606666666666667,0.9278216297032555,0.1683119138081868,0.3716052075227101,0.2447332416983908,4.547592639923096,3.0,0.9130952217646228,0.868086588541091,0.2,,,
resnet18,semantic,0,aquatic_life+mammals+outdoor_and_vehicles,3,task_arithmetic,0.6496666666666667,0.9129877695953992,0.1683119138081868,0.3716052075227101,0.2447332416983908,4.547592639923096,3.0,0.9130952217646228,0.868086588541091,0.3,,,
resnet18,semantic,0,aquatic_life+mammals+outdoor_and_vehicles,3,task_arithmetic,0.5778333333333333,0.8140137923588228,0.1683119138081868,0.3716052075227101,0.2447332416983908,4.547592639923096,3.0,0.9130952217646228,0.868086588541091,0.5,,,
resnet18,semantic,0,aquatic_life+mammals+outdoor_and_vehicles,3,task_arithmetic,0.1756666666666666,0.2501758924644309,0.1683119138081868,0.3716052075227101,0.2447332416983908,4.547592639923096,3.0,0.9130952217646228,0.868086588541091,1.0,,,
resnet18,semantic,0,aquatic_life+mammals+outdoor_and_vehicles,3,ties,0.6541666666666667,0.9183816295082062,0.1683119138081868,0.3716052075227101,0.2447332416983908,4.547592639923096,3.0,0.9130952217646228,0.868086588541091,0.5,0.2,,
resnet18,semantic,0,aquatic_life+mammals+outdoor_and_vehicles,3,ties,0.6055,0.8522404850914448,0.1683119138081868,0.3716052075227101,0.2447332416983908,4.547592639923096,3.0,0.9130952217646228,0.868086588541091,1.0,0.2,,
resnet18,semantic,0,aquatic_life+mammals+outdoor_and_vehicles,3,dare,0.264,0.3732000681868752,0.1683119138081868,0.3716052075227101,0.2447332416983908,4.547592639923096,3.0,0.9130952217646228,0.868086588541091,1.0,0.2,0.9,0.0
resnet18,semantic,0,aquatic_life+mammals+outdoor_and_vehicles,3,dare,0.2278333333333333,0.3231534956902882,0.1683119138081868,0.3716052075227101,0.2447332416983908,4.547592639923096,3.0,0.9130952217646228,0.868086588541091,1.0,0.2,0.9,1.0
resnet18,semantic,0,aquatic_life+mammals+outdoor_and_vehicles,3,dare,0.2395,0.3390040276662522,0.1683119138081868,0.3716052075227101,0.2447332416983908,4.547592639923096,3.0,0.9130952217646228,0.868086588541091,1.0,0.2,0.9,2.0
resnet18,semantic,0,flora_and_insects+household_and_people+mammals,3,averaging,0.6525,0.9203977524130896,0.1646719723939895,0.3740062216917674,0.2377407379044847,4.482219537099202,3.0,0.9005305848348549,0.8629121415549426,,,,
resnet18,semantic,0,flora_and_insects+household_and_people+mammals,3,task_arithmetic,0.6585,0.928668058877738,0.1646719723939895,0.3740062216917674,0.2377407379044847,4.482219537099202,3.0,0.9005305848348549,0.8629121415549426,0.1,,,
resnet18,semantic,0,flora_and_insects+household_and_people+mammals,3,task_arithmetic,0.6628333333333333,0.9351181358872764,0.1646719723939895,0.3740062216917674,0.2377407379044847,4.482219537099202,3.0,0.9005305848348549,0.8629121415549426,0.2,,,
resnet18,semantic,0,flora_and_insects+household_and_people+mammals,3,task_arithmetic,0.6576666666666666,0.9277491873657504,0.1646719723939895,0.3740062216917674,0.2377407379044847,4.482219537099202,3.0,0.9005305848348549,0.8629121415549426,0.3,,,
resnet18,semantic,0,flora_and_insects+household_and_people+mammals,3,task_arithmetic,0.617,0.8706579316959747,0.1646719723939895,0.3740062216917674,0.2377407379044847,4.482219537099202,3.0,0.9005305848348549,0.8629121415549426,0.5,,,
resnet18,semantic,0,flora_and_insects+household_and_people+mammals,3,task_arithmetic,0.3025,0.4267972384031601,0.1646719723939895,0.3740062216917674,0.2377407379044847,4.482219537099202,3.0,0.9005305848348549,0.8629121415549426,1.0,,,
resnet18,semantic,0,flora_and_insects+household_and_people+mammals,3,ties,0.6555,0.9244925685839166,0.1646719723939895,0.3740062216917674,0.2377407379044847,4.482219537099202,3.0,0.9005305848348549,0.8629121415549426,0.5,0.2,,
resnet18,semantic,0,flora_and_insects+household_and_people+mammals,3,ties,0.6335000000000001,0.8939050210070256,0.1646719723939895,0.3740062216917674,0.2377407379044847,4.482219537099202,3.0,0.9005305848348549,0.8629121415549426,1.0,0.2,,
resnet18,semantic,0,flora_and_insects+household_and_people+mammals,3,dare,0.3746666666666667,0.5286354168744997,0.1646719723939895,0.3740062216917674,0.2377407379044847,4.482219537099202,3.0,0.9005305848348549,0.8629121415549426,1.0,0.2,0.9,0.0
resnet18,semantic,0,flora_and_insects+household_and_people+mammals,3,dare,0.3678333333333333,0.5193226664864473,0.1646719723939895,0.3740062216917674,0.2377407379044847,4.482219537099202,3.0,0.9005305848348549,0.8629121415549426,1.0,0.2,0.9,1.0
resnet18,semantic,0,flora_and_insects+household_and_people+mammals,3,dare,0.3628333333333333,0.5119693995001913,0.1646719723939895,0.3740062216917674,0.2377407379044847,4.482219537099202,3.0,0.9005305848348549,0.8629121415549426,1.0,0.2,0.9,2.0
resnet18,semantic,0,flora_and_insects+household_and_people+outdoor_and_vehicles,3,averaging,0.7048333333333333,0.9379705761458847,0.1439623087644577,0.3894590636094411,0.2377769201936153,4.456029574076335,3.0,0.9087804952364252,0.8735609870114226,,,,
resnet18,semantic,0,flora_and_insects+household_and_people+outdoor_and_vehicles,3,task_arithmetic,0.7148333333333333,0.9513618977687112,0.1439623087644577,0.3894590636094411,0.2377769201936153,4.456029574076335,3.0,0.9087804952364252,0.8735609870114226,0.1,,,
resnet18,semantic,0,flora_and_insects+household_and_people+outdoor_and_vehicles,3,task_arithmetic,0.7126666666666667,0.9483412391742676,0.1439623087644577,0.3894590636094411,0.2377769201936153,4.456029574076335,3.0,0.9087804952364252,0.8735609870114226,0.2,,,
resnet18,semantic,0,flora_and_insects+household_and_people+outdoor_and_vehicles,3,task_arithmetic,0.7086666666666667,0.943038880095711,0.1439623087644577,0.3894590636094411,0.2377769201936153,4.456029574076335,3.0,0.9087804952364252,0.8735609870114226,0.3,,,
resnet18,semantic,0,flora_and_insects+household_and_people+outdoor_and_vehicles,3,task_arithmetic,0.6741666666666667,0.8983403919619758,0.1439623087644577,0.3894590636094411,0.2377769201936153,4.456029574076335,3.0,0.9087804952364252,0.8735609870114226,0.5,,,
resnet18,semantic,0,flora_and_insects+household_and_people+outdoor_and_vehicles,3,task_arithmetic,0.4014999999999999,0.5405703860981137,0.1439623087644577,0.3894590636094411,0.2377769201936153,4.456029574076335,3.0,0.9087804952364252,0.8735609870114226,1.0,,,
resnet18,semantic,0,flora_and_insects+household_and_people+outdoor_and_vehicles,3,ties,0.711,0.9462226080921295,0.1439623087644577,0.3894590636094411,0.2377769201936153,4.456029574076335,3.0,0.9087804952364252,0.8735609870114226,0.5,0.2,,
resnet18,semantic,0,flora_and_insects+household_and_people+outdoor_and_vehicles,3,ties,0.6890000000000001,0.9174960677776076,0.1439623087644577,0.3894590636094411,0.2377769201936153,4.456029574076335,3.0,0.9087804952364252,0.8735609870114226,1.0,0.2,,
resnet18,semantic,0,flora_and_insects+household_and_people+outdoor_and_vehicles,3,dare,0.4598333333333333,0.6170770024208209,0.1439623087644577,0.3894590636094411,0.2377769201936153,4.456029574076335,3.0,0.9087804952364252,0.8735609870114226,1.0,0.2,0.9,0.0
resnet18,semantic,0,flora_and_insects+household_and_people+outdoor_and_vehicles,3,dare,0.4483333333333333,0.6029473772236374,0.1439623087644577,0.3894590636094411,0.2377769201936153,4.456029574076335,3.0,0.9087804952364252,0.8735609870114226,1.0,0.2,0.9,1.0
resnet18,semantic,0,flora_and_insects+household_and_people+outdoor_and_vehicles,3,dare,0.463,0.6212247362009794,0.1439623087644577,0.3894590636094411,0.2377769201936153,4.456029574076335,3.0,0.9087804952364252,0.8735609870114226,1.0,0.2,0.9,2.0
resnet18,semantic,0,flora_and_insects+mammals+outdoor_and_vehicles,3,averaging,0.6875,0.922335115507532,0.1522192458311716,0.3829963505268097,0.2323719383599779,4.436127662658691,3.0,0.903250141322984,0.8666463856006077,,,,
resnet18,semantic,0,flora_and_insects+mammals+outdoor_and_vehicles,3,task_arithmetic,0.6896666666666667,0.9240178777319096,0.1522192458311716,0.3829963505268097,0.2323719383599779,4.436127662658691,3.0,0.903250141322984,0.8666463856006077,0.1,,,
resnet18,semantic,0,flora_and_insects+mammals+outdoor_and_vehicles,3,task_arithmetic,0.6960000000000001,0.9326476994119424,0.1522192458311716,0.3829963505268097,0.2323719383599779,4.436127662658691,3.0,0.903250141322984,0.8666463856006077,0.2,,,
resnet18,semantic,0,flora_and_insects+mammals+outdoor_and_vehicles,3,task_arithmetic,0.6905000000000001,0.9260639303528504,0.1522192458311716,0.3829963505268097,0.2323719383599779,4.436127662658691,3.0,0.903250141322984,0.8666463856006077,0.3,,,
resnet18,semantic,0,flora_and_insects+mammals+outdoor_and_vehicles,3,task_arithmetic,0.6318333333333334,0.8494661584657682,0.1522192458311716,0.3829963505268097,0.2323719383599779,4.436127662658691,3.0,0.903250141322984,0.8666463856006077,0.5,,,
resnet18,semantic,0,flora_and_insects+mammals+outdoor_and_vehicles,3,task_arithmetic,0.2743333333333333,0.3710400968987885,0.1522192458311716,0.3829963505268097,0.2323719383599779,4.436127662658691,3.0,0.903250141322984,0.8666463856006077,1.0,,,
resnet18,semantic,0,flora_and_insects+mammals+outdoor_and_vehicles,3,ties,0.6883333333333334,0.9223707704640486,0.1522192458311716,0.3829963505268097,0.2323719383599779,4.436127662658691,3.0,0.903250141322984,0.8666463856006077,0.5,0.2,,
resnet18,semantic,0,flora_and_insects+mammals+outdoor_and_vehicles,3,ties,0.6553333333333333,0.8795887450338302,0.1522192458311716,0.3829963505268097,0.2323719383599779,4.436127662658691,3.0,0.903250141322984,0.8666463856006077,1.0,0.2,,
resnet18,semantic,0,flora_and_insects+mammals+outdoor_and_vehicles,3,dare,0.3628333333333333,0.4902556863868661,0.1522192458311716,0.3829963505268097,0.2323719383599779,4.436127662658691,3.0,0.903250141322984,0.8666463856006077,1.0,0.2,0.9,0.0
resnet18,semantic,0,flora_and_insects+mammals+outdoor_and_vehicles,3,dare,0.3446666666666667,0.4660493736296345,0.1522192458311716,0.3829963505268097,0.2323719383599779,4.436127662658691,3.0,0.903250141322984,0.8666463856006077,1.0,0.2,0.9,1.0
resnet18,semantic,0,flora_and_insects+mammals+outdoor_and_vehicles,3,dare,0.3613333333333333,0.4881347043007722,0.1522192458311716,0.3829963505268097,0.2323719383599779,4.436127662658691,3.0,0.903250141322984,0.8666463856006077,1.0,0.2,0.9,2.0
resnet18,semantic,0,household_and_people+mammals+outdoor_and_vehicles,3,averaging,0.6645,0.9114863990115444,0.157612274090449,0.3790408670902252,0.2336026687683026,4.504964828491211,3.0,0.8990858222803547,0.8655758692855464,,,,
resnet18,semantic,0,household_and_people+mammals+outdoor_and_vehicles,3,task_arithmetic,0.6766666666666666,0.9274696632944732,0.157612274090449,0.3790408670902252,0.2336026687683026,4.504964828491211,3.0,0.8990858222803547,0.8655758692855464,0.1,,,
resnet18,semantic,0,household_and_people+mammals+outdoor_and_vehicles,3,task_arithmetic,0.6776666666666666,0.9292407270205536,0.157612274090449,0.3790408670902252,0.2336026687683026,4.504964828491211,3.0,0.8990858222803547,0.8655758692855464,0.2,,,
resnet18,semantic,0,household_and_people+mammals+outdoor_and_vehicles,3,task_arithmetic,0.6671666666666667,0.9149607195433076,0.157612274090449,0.3790408670902252,0.2336026687683026,4.504964828491211,3.0,0.8990858222803547,0.8655758692855464,0.3,,,
resnet18,semantic,0,household_and_people+mammals+outdoor_and_vehicles,3,task_arithmetic,0.6191666666666666,0.8501730575402142,0.157612274090449,0.3790408670902252,0.2336026687683026,4.504964828491211,3.0,0.8990858222803547,0.8655758692855464,0.5,,,
resnet18,semantic,0,household_and_people+mammals+outdoor_and_vehicles,3,task_arithmetic,0.2876666666666667,0.397761086464963,0.157612274090449,0.3790408670902252,0.2336026687683026,4.504964828491211,3.0,0.8990858222803547,0.8655758692855464,1.0,,,
resnet18,semantic,0,household_and_people+mammals+outdoor_and_vehicles,3,ties,0.6703333333333333,0.9189845078313044,0.157612274090449,0.3790408670902252,0.2336026687683026,4.504964828491211,3.0,0.8990858222803547,0.8655758692855464,0.5,0.2,,
resnet18,semantic,0,household_and_people+mammals+outdoor_and_vehicles,3,ties,0.6325,0.8683506827960229,0.157612274090449,0.3790408670902252,0.2336026687683026,4.504964828491211,3.0,0.8990858222803547,0.8655758692855464,1.0,0.2,,
resnet18,semantic,0,household_and_people+mammals+outdoor_and_vehicles,3,dare,0.3645,0.5020642868758961,0.157612274090449,0.3790408670902252,0.2336026687683026,4.504964828491211,3.0,0.8990858222803547,0.8655758692855464,1.0,0.2,0.9,0.0
resnet18,semantic,0,household_and_people+mammals+outdoor_and_vehicles,3,dare,0.344,0.4746616299962142,0.157612274090449,0.3790408670902252,0.2336026687683026,4.504964828491211,3.0,0.8990858222803547,0.8655758692855464,1.0,0.2,0.9,1.0
resnet18,semantic,0,household_and_people+mammals+outdoor_and_vehicles,3,dare,0.3486666666666667,0.4805925447215698,0.157612274090449,0.3790408670902252,0.2336026687683026,4.504964828491211,3.0,0.8990858222803547,0.8655758692855464,1.0,0.2,0.9,2.0
resnet18,semantic,0,aquatic_life+flora_and_insects+household_and_people+mammals+outdoor_and_vehicles,5,averaging,0.6462,0.9021687170303162,0.1631848201155662,0.375355577468872,0.2421864258652407,4.515636730194092,5.0,0.9126290385197132,0.8689967535739699,,,,
resnet18,semantic,0,aquatic_life+flora_and_insects+household_and_people+mammals+outdoor_and_vehicles,5,task_arithmetic,0.6678,0.9318173871443728,0.1631848201155662,0.375355577468872,0.2421864258652407,4.515636730194092,5.0,0.9126290385197132,0.8689967535739699,0.1,,,
resnet18,semantic,0,aquatic_life+flora_and_insects+household_and_people+mammals+outdoor_and_vehicles,5,task_arithmetic,0.6462,0.9021687170303162,0.1631848201155662,0.375355577468872,0.2421864258652407,4.515636730194092,5.0,0.9126290385197132,0.8689967535739699,0.2,,,
resnet18,semantic,0,aquatic_life+flora_and_insects+household_and_people+mammals+outdoor_and_vehicles,5,task_arithmetic,0.5862999999999999,0.8191354928796137,0.1631848201155662,0.375355577468872,0.2421864258652407,4.515636730194092,5.0,0.9126290385197132,0.8689967535739699,0.3,,,
resnet18,semantic,0,aquatic_life+flora_and_insects+household_and_people+mammals+outdoor_and_vehicles,5,task_arithmetic,0.3541999999999999,0.4952523717225797,0.1631848201155662,0.375355577468872,0.2421864258652407,4.515636730194092,5.0,0.9126290385197132,0.8689967535739699,0.5,,,
resnet18,semantic,0,aquatic_life+flora_and_insects+household_and_people+mammals+outdoor_and_vehicles,5,task_arithmetic,0.0574999999999999,0.0807959829803127,0.1631848201155662,0.375355577468872,0.2421864258652407,4.515636730194092,5.0,0.9126290385197132,0.8689967535739699,1.0,,,
resnet18,semantic,0,aquatic_life+flora_and_insects+household_and_people+mammals+outdoor_and_vehicles,5,ties,0.6612,0.9229361665887736,0.1631848201155662,0.375355577468872,0.2421864258652407,4.515636730194092,5.0,0.9126290385197132,0.8689967535739699,0.5,0.2,,
resnet18,semantic,0,aquatic_life+flora_and_insects+household_and_people+mammals+outdoor_and_vehicles,5,ties,0.5887,0.8221256246027643,0.1631848201155662,0.375355577468872,0.2421864258652407,4.515636730194092,5.0,0.9126290385197132,0.8689967535739699,1.0,0.2,,
resnet18,semantic,0,aquatic_life+flora_and_insects+household_and_people+mammals+outdoor_and_vehicles,5,dare,0.0980999999999999,0.1385180317267414,0.1631848201155662,0.375355577468872,0.2421864258652407,4.515636730194092,5.0,0.9126290385197132,0.8689967535739699,1.0,0.2,0.9,0.0
resnet18,semantic,0,aquatic_life+flora_and_insects+household_and_people+mammals+outdoor_and_vehicles,5,dare,0.0927,0.1314476840013382,0.1631848201155662,0.375355577468872,0.2421864258652407,4.515636730194092,5.0,0.9126290385197132,0.8689967535739699,1.0,0.2,0.9,1.0
resnet18,semantic,0,aquatic_life+flora_and_insects+household_and_people+mammals+outdoor_and_vehicles,5,dare,0.0955999999999999,0.1353435067216589,0.1631848201155662,0.375355577468872,0.2421864258652407,4.515636730194092,5.0,0.9126290385197132,0.8689967535739699,1.0,0.2,0.9,2.0
resnet18,semantic,1,aquatic_life+flora_and_insects,2,averaging,0.67675,0.9613996601658592,0.1799631714820861,0.3639010787010193,0.2584282555570875,4.556250095367432,2.0,0.9382404285236288,0.875045169587545,,,,
resnet18,semantic,1,aquatic_life+flora_and_insects,2,task_arithmetic,0.6487499999999999,0.920184626309249,0.1799631714820861,0.3639010787010193,0.2584282555570875,4.556250095367432,2.0,0.9382404285236288,0.875045169587545,0.1,,,
resnet18,semantic,1,aquatic_life+flora_and_insects,2,task_arithmetic,0.667,0.9468108848368036,0.1799631714820861,0.3639010787010193,0.2584282555570875,4.556250095367432,2.0,0.9382404285236288,0.875045169587545,0.2,,,
resnet18,semantic,1,aquatic_life+flora_and_insects,2,task_arithmetic,0.67475,0.9583462250513556,0.1799631714820861,0.3639010787010193,0.2584282555570875,4.556250095367432,2.0,0.9382404285236288,0.875045169587545,0.3,,,
resnet18,semantic,1,aquatic_life+flora_and_insects,2,task_arithmetic,0.67675,0.9613996601658592,0.1799631714820861,0.3639010787010193,0.2584282555570875,4.556250095367432,2.0,0.9382404285236288,0.875045169587545,0.5,,,
resnet18,semantic,1,aquatic_life+flora_and_insects,2,task_arithmetic,0.587,0.8315475133777992,0.1799631714820861,0.3639010787010193,0.2584282555570875,4.556250095367432,2.0,0.9382404285236288,0.875045169587545,1.0,,,
resnet18,semantic,1,aquatic_life+flora_and_insects,2,ties,0.6655,0.9449164363064594,0.1799631714820861,0.3639010787010193,0.2584282555570875,4.556250095367432,2.0,0.9382404285236288,0.875045169587545,0.5,0.2,,
resnet18,semantic,1,aquatic_life+flora_and_insects,2,ties,0.6605,0.9373817554715832,0.1799631714820861,0.3639010787010193,0.2584282555570875,4.556250095367432,2.0,0.9382404285236288,0.875045169587545,1.0,0.2,,
resnet18,semantic,1,aquatic_life+flora_and_insects,2,dare,0.6092500000000001,0.8642311886586695,0.1799631714820861,0.3639010787010193,0.2584282555570875,4.556250095367432,2.0,0.9382404285236288,0.875045169587545,1.0,0.2,0.9,0.0
resnet18,semantic,1,aquatic_life+flora_and_insects,2,dare,0.603,0.85454084349877,0.1799631714820861,0.3639010787010193,0.2584282555570875,4.556250095367432,2.0,0.9382404285236288,0.875045169587545,1.0,0.2,0.9,1.0
resnet18,semantic,1,aquatic_life+flora_and_insects,2,dare,0.5972500000000001,0.8467512870584059,0.1799631714820861,0.3639010787010193,0.2584282555570875,4.556250095367432,2.0,0.9382404285236288,0.875045169587545,1.0,0.2,0.9,2.0
resnet18,semantic,1,aquatic_life+household_and_people,2,averaging,0.62425,0.9215799014950474,0.169618546962738,0.3707002103328705,0.2427276674572594,4.628910779953003,2.0,0.916771330921916,0.8700719987939434,,,,
resnet18,semantic,1,aquatic_life+household_and_people,2,task_arithmetic,0.63175,0.9323575664253188,0.169618546962738,0.3707002103328705,0.2427276674572594,4.628910779953003,2.0,0.916771330921916,0.8700719987939434,0.1,,,
resnet18,semantic,1,aquatic_life+household_and_people,2,task_arithmetic,0.64175,0.9475526652032892,0.169618546962738,0.3707002103328705,0.2427276674572594,4.628910779953003,2.0,0.916771330921916,0.8700719987939434,0.2,,,
resnet18,semantic,1,aquatic_life+household_and_people,2,task_arithmetic,0.64025,0.9455028448492392,0.169618546962738,0.3707002103328705,0.2427276674572594,4.628910779953003,2.0,0.916771330921916,0.8700719987939434,0.3,,,
resnet18,semantic,1,aquatic_life+household_and_people,2,task_arithmetic,0.62425,0.9215799014950474,0.169618546962738,0.3707002103328705,0.2427276674572594,4.628910779953003,2.0,0.916771330921916,0.8700719987939434,0.5,,,
resnet18,semantic,1,aquatic_life+household_and_people,2,task_arithmetic,0.49125,0.7222984852952419,0.169618546962738,0.3707002103328705,0.2427276674572594,4.628910779953003,2.0,0.916771330921916,0.8700719987939434,1.0,,,
resnet18,semantic,1,aquatic_life+household_and_people,2,ties,0.63525,0.93786925706298,0.169618546962738,0.3707002103328705,0.2427276674572594,4.628910779953003,2.0,0.916771330921916,0.8700719987939434,0.5,0.2,,
resnet18,semantic,1,aquatic_life+household_and_people,2,ties,0.61625,0.9097025194115912,0.169618546962738,0.3707002103328705,0.2427276674572594,4.628910779953003,2.0,0.916771330921916,0.8700719987939434,1.0,0.2,,
resnet18,semantic,1,aquatic_life+household_and_people,2,dare,0.52025,0.7655401937336872,0.169618546962738,0.3707002103328705,0.2427276674572594,4.628910779953003,2.0,0.916771330921916,0.8700719987939434,1.0,0.2,0.9,0.0
resnet18,semantic,1,aquatic_life+household_and_people,2,dare,0.51125,0.7521360940929791,0.169618546962738,0.3707002103328705,0.2427276674572594,4.628910779953003,2.0,0.916771330921916,0.8700719987939434,1.0,0.2,0.9,1.0
resnet18,semantic,1,aquatic_life+household_and_people,2,dare,0.503,0.7401893653965862,0.169618546962738,0.3707002103328705,0.2427276674572594,4.628910779953003,2.0,0.916771330921916,0.8700719987939434,1.0,0.2,0.9,2.0
resnet18,semantic,1,aquatic_life+mammals,2,averaging,0.612,0.9204697853654672,0.2031214982271194,0.3476382791996002,0.2621312320801509,4.669501304626465,2.0,0.9294460773132176,0.8612897680261304,,,,
resnet18,semantic,1,aquatic_life+mammals,2,task_arithmetic,0.5935,0.8929206819866569,0.2031214982271194,0.3476382791996002,0.2621312320801509,4.669501304626465,2.0,0.9294460773132176,0.8612897680261304,0.1,,,
resnet18,semantic,1,aquatic_life+mammals,2,task_arithmetic,0.6112500000000001,0.919611643343387,0.2031214982271194,0.3476382791996002,0.2621312320801509,4.669501304626465,2.0,0.9294460773132176,0.8612897680261304,0.2,,,
resnet18,semantic,1,aquatic_life+mammals,2,task_arithmetic,0.61775,0.9292925491882592,0.2031214982271194,0.3476382791996002,0.2621312320801509,4.669501304626465,2.0,0.9294460773132176,0.8612897680261304,0.3,,,
resnet18,semantic,1,aquatic_life+mammals,2,task_arithmetic,0.612,0.9204697853654672,0.2031214982271194,0.3476382791996002,0.2621312320801509,4.669501304626465,2.0,0.9294460773132176,0.8612897680261304,0.5,,,
resnet18,semantic,1,aquatic_life+mammals,2,task_arithmetic,0.4255,0.639356266162665,0.2031214982271194,0.3476382791996002,0.2621312320801509,4.669501304626465,2.0,0.9294460773132176,0.8612897680261304,1.0,,,
resnet18,semantic,1,aquatic_life+mammals,2,ties,0.6072500000000001,0.9135158075815276,0.2031214982271194,0.3476382791996002,0.2621312320801509,4.669501304626465,2.0,0.9294460773132176,0.8612897680261304,0.5,0.2,,
resnet18,semantic,1,aquatic_life+mammals,2,ties,0.583,0.8769894578398474,0.2031214982271194,0.3476382791996002,0.2621312320801509,4.669501304626465,2.0,0.9294460773132176,0.8612897680261304,1.0,0.2,,
resnet18,semantic,1,aquatic_life+mammals,2,dare,0.4735,0.7115573311302124,0.2031214982271194,0.3476382791996002,0.2621312320801509,4.669501304626465,2.0,0.9294460773132176,0.8612897680261304,1.0,0.2,0.9,0.0
resnet18,semantic,1,aquatic_life+mammals,2,dare,0.45025,0.6766680436172681,0.2031214982271194,0.3476382791996002,0.2621312320801509,4.669501304626465,2.0,0.9294460773132176,0.8612897680261304,1.0,0.2,0.9,1.0
resnet18,semantic,1,aquatic_life+mammals,2,dare,0.45175,0.6790684646246301,0.2031214982271194,0.3476382791996002,0.2621312320801509,4.669501304626465,2.0,0.9294460773132176,0.8612897680261304,1.0,0.2,0.9,2.0
resnet18,semantic,1,aquatic_life+outdoor_and_vehicles,2,averaging,0.695,0.9496859808853828,0.1526183187961578,0.3826217353343963,0.2358662208079851,4.5516440868377686,2.0,0.9109263271957976,0.8779739570160892,,,,
resnet18,semantic,1,aquatic_life+outdoor_and_vehicles,2,task_arithmetic,0.67225,0.9164100919896836,0.1526183187961578,0.3826217353343963,0.2358662208079851,4.5516440868377686,2.0,0.9109263271957976,0.8779739570160892,0.1,,,
resnet18,semantic,1,aquatic_life+outdoor_and_vehicles,2,task_arithmetic,0.6852499999999999,0.934946178255355,0.1526183187961578,0.3826217353343963,0.2358662208079851,4.5516440868377686,2.0,0.9109263271957976,0.8779739570160892,0.2,,,
resnet18,semantic,1,aquatic_life+outdoor_and_vehicles,2,task_arithmetic,0.69325,0.945921523511356,0.1526183187961578,0.3826217353343963,0.2358662208079851,4.5516440868377686,2.0,0.9109263271957976,0.8779739570160892,0.3,,,
resnet18,semantic,1,aquatic_life+outdoor_and_vehicles,2,task_arithmetic,0.695,0.9496859808853828,0.1526183187961578,0.3826217353343963,0.2358662208079851,4.5516440868377686,2.0,0.9109263271957976,0.8779739570160892,0.5,,,
resnet18,semantic,1,aquatic_life+outdoor_and_vehicles,2,task_arithmetic,0.56625,0.7736638863873186,0.1526183187961578,0.3826217353343963,0.2358662208079851,4.5516440868377686,2.0,0.9109263271957976,0.8779739570160892,1.0,,,
resnet18,semantic,1,aquatic_life+outdoor_and_vehicles,2,ties,0.6825,0.9312576324090358,0.1526183187961578,0.3826217353343963,0.2358662208079851,4.5516440868377686,2.0,0.9109263271957976,0.8779739570160892,0.5,0.2,,
resnet18,semantic,1,aquatic_life+outdoor_and_vehicles,2,ties,0.6705,0.9165793605514664,0.1526183187961578,0.3826217353343963,0.2358662208079851,4.5516440868377686,2.0,0.9109263271957976,0.8779739570160892,1.0,0.2,,
resnet18,semantic,1,aquatic_life+outdoor_and_vehicles,2,dare,0.586,0.8001742193135899,0.1526183187961578,0.3826217353343963,0.2358662208079851,4.5516440868377686,2.0,0.9109263271957976,0.8779739570160892,1.0,0.2,0.9,0.0
resnet18,semantic,1,aquatic_life+outdoor_and_vehicles,2,dare,0.5855,0.7999207879710877,0.1526183187961578,0.3826217353343963,0.2358662208079851,4.5516440868377686,2.0,0.9109263271957976,0.8779739570160892,1.0,0.2,0.9,1.0
resnet18,semantic,1,aquatic_life+outdoor_and_vehicles,2,dare,0.5655,0.7733201627618593,0.1526183187961578,0.3826217353343963,0.2358662208079851,4.5516440868377686,2.0,0.9109263271957976,0.8779739570160892,1.0,0.2,0.9,2.0
resnet18,semantic,1,flora_and_insects+household_and_people,2,averaging,0.694,0.9564596314621268,0.1518893092870712,0.3836888372898102,0.2414535866393774,4.485431432723999,2.0,0.907161625063484,0.8723004841947768,,,,
resnet18,semantic,1,flora_and_insects+household_and_people,2,task_arithmetic,0.6890000000000001,0.9496879738021567,0.1518893092870712,0.3836888372898102,0.2414535866393774,4.485431432723999,2.0,0.907161625063484,0.8723004841947768,0.1,,,
resnet18,semantic,1,flora_and_insects+household_and_people,2,task_arithmetic,0.6977500000000001,0.9616210153090082,0.1518893092870712,0.3836888372898102,0.2414535866393774,4.485431432723999,2.0,0.907161625063484,0.8723004841947768,0.2,,,
resnet18,semantic,1,flora_and_insects+household_and_people,2,task_arithmetic,0.69275,0.954620506751458,0.1518893092870712,0.3836888372898102,0.2414535866393774,4.485431432723999,2.0,0.907161625063484,0.8723004841947768,0.3,,,
resnet18,semantic,1,flora_and_insects+household_and_people,2,task_arithmetic,0.694,0.9564596314621268,0.1518893092870712,0.3836888372898102,0.2414535866393774,4.485431432723999,2.0,0.907161625063484,0.8723004841947768,0.5,,,
resnet18,semantic,1,flora_and_insects+household_and_people,2,task_arithmetic,0.62125,0.8567559731747774,0.1518893092870712,0.3836888372898102,0.2414535866393774,4.485431432723999,2.0,0.907161625063484,0.8723004841947768,1.0,,,
resnet18,semantic,1,flora_and_insects+household_and_people,2,ties,0.6930000000000001,0.9550035884200972,0.1518893092870712,0.3836888372898102,0.2414535866393774,4.485431432723999,2.0,0.907161625063484,0.8723004841947768,0.5,0.2,,
resnet18,semantic,1,flora_and_insects+household_and_people,2,ties,0.6835,0.9421501528049088,0.1518893092870712,0.3836888372898102,0.2414535866393774,4.485431432723999,2.0,0.907161625063484,0.8723004841947768,1.0,0.2,,
resnet18,semantic,1,flora_and_insects+household_and_people,2,dare,0.6319999999999999,0.8716773843982148,0.1518893092870712,0.3836888372898102,0.2414535866393774,4.485431432723999,2.0,0.907161625063484,0.8723004841947768,1.0,0.2,0.9,0.0
resnet18,semantic,1,flora_and_insects+household_and_people,2,dare,0.6345000000000001,0.8749742156569186,0.1518893092870712,0.3836888372898102,0.2414535866393774,4.485431432723999,2.0,0.907161625063484,0.8723004841947768,1.0,0.2,0.9,1.0
resnet18,semantic,1,flora_and_insects+household_and_people,2,dare,0.627,0.8644480249430844,0.1518893092870712,0.3836888372898102,0.2414535866393774,4.485431432723999,2.0,0.907161625063484,0.8723004841947768,1.0,0.2,0.9,2.0
resnet18,semantic,1,flora_and_insects+mammals,2,averaging,0.6699999999999999,0.9386581422439164,0.1708879619836807,0.3692847788333893,0.2460140208976828,4.526021957397461,2.0,0.9065075252218656,0.8635182534269639,,,,
resnet18,semantic,1,flora_and_insects+mammals,2,task_arithmetic,0.65225,0.9126112858300351,0.1708879619836807,0.3692847788333893,0.2460140208976828,4.526021957397461,2.0,0.9065075252218656,0.8635182534269639,0.1,,,
resnet18,semantic,1,flora_and_insects+mammals,2,task_arithmetic,0.66675,0.9334171491618009,0.1708879619836807,0.3692847788333893,0.2460140208976828,4.526021957397461,2.0,0.9065075252218656,0.8635182534269639,0.2,,,
resnet18,semantic,1,flora_and_insects+mammals,2,task_arithmetic,0.673,0.9425295961817416,0.1708879619836807,0.3692847788333893,0.2460140208976828,4.526021957397461,2.0,0.9065075252218656,0.8635182534269639,0.3,,,
resnet18,semantic,1,flora_and_insects+mammals,2,task_arithmetic,0.6699999999999999,0.9386581422439164,0.1708879619836807,0.3692847788333893,0.2460140208976828,4.526021957397461,2.0,0.9065075252218656,0.8635182534269639,0.5,,,
resnet18,semantic,1,flora_and_insects+mammals,2,task_arithmetic,0.5725,0.8029429945646955,0.1708879619836807,0.3692847788333893,0.2460140208976828,4.526021957397461,2.0,0.9065075252218656,0.8635182534269639,1.0,,,
resnet18,semantic,1,flora_and_insects+mammals,2,ties,0.6637500000000001,0.9293920191898024,0.1708879619836807,0.3692847788333893,0.2460140208976828,4.526021957397461,2.0,0.9065075252218656,0.8635182534269639,0.5,0.2,,
resnet18,semantic,1,flora_and_insects+mammals,2,ties,0.6527499999999999,0.9141977938623173,0.1708879619836807,0.3692847788333893,0.2460140208976828,4.526021957397461,2.0,0.9065075252218656,0.8635182534269639,1.0,0.2,,
resnet18,semantic,1,flora_and_insects+mammals,2,dare,0.594,0.833166440503486,0.1708879619836807,0.3692847788333893,0.2460140208976828,4.526021957397461,2.0,0.9065075252218656,0.8635182534269639,1.0,0.2,0.9,0.0
resnet18,semantic,1,flora_and_insects+mammals,2,dare,0.5925,0.8307504759277822,0.1708879619836807,0.3692847788333893,0.2460140208976828,4.526021957397461,2.0,0.9065075252218656,0.8635182534269639,1.0,0.2,0.9,1.0
resnet18,semantic,1,flora_and_insects+mammals,2,dare,0.5902499999999999,0.8279909567564506,0.1708879619836807,0.3692847788333893,0.2460140208976828,4.526021957397461,2.0,0.9065075252218656,0.8635182534269639,1.0,0.2,0.9,2.0
resnet18,semantic,1,flora_and_insects+outdoor_and_vehicles,2,averaging,0.74525,0.9544567316275376,0.1343764960765838,0.3965045213699341,0.2236328687340067,4.408164739608765,2.0,0.9127031413009752,0.8802024424169227,,,,
resnet18,semantic,1,flora_and_insects+outdoor_and_vehicles,2,task_arithmetic,0.731,0.9361514736753545,0.1343764960765838,0.3965045213699341,0.2236328687340067,4.408164739608765,2.0,0.9127031413009752,0.8802024424169227,0.1,,,
resnet18,semantic,1,flora_and_insects+outdoor_and_vehicles,2,task_arithmetic,0.741,0.9488790709986684,0.1343764960765838,0.3965045213699341,0.2236328687340067,4.408164739608765,2.0,0.9127031413009752,0.8802024424169227,0.2,,,
resnet18,semantic,1,flora_and_insects+outdoor_and_vehicles,2,task_arithmetic,0.7502500000000001,0.9605164173775288,0.1343764960765838,0.3965045213699341,0.2236328687340067,4.408164739608765,2.0,0.9127031413009752,0.8802024424169227,0.3,,,
resnet18,semantic,1,flora_and_insects+outdoor_and_vehicles,2,task_arithmetic,0.74525,0.9544567316275376,0.1343764960765838,0.3965045213699341,0.2236328687340067,4.408164739608765,2.0,0.9127031413009752,0.8802024424169227,0.5,,,
resnet18,semantic,1,flora_and_insects+outdoor_and_vehicles,2,task_arithmetic,0.6779999999999999,0.8698134076446845,0.1343764960765838,0.3965045213699341,0.2236328687340067,4.408164739608765,2.0,0.9127031413009752,0.8802024424169227,1.0,,,
resnet18,semantic,1,flora_and_insects+outdoor_and_vehicles,2,ties,0.739,0.946338230194185,0.1343764960765838,0.3965045213699341,0.2236328687340067,4.408164739608765,2.0,0.9127031413009752,0.8802024424169227,0.5,0.2,,
resnet18,semantic,1,flora_and_insects+outdoor_and_vehicles,2,ties,0.7344999999999999,0.9409196029705388,0.1343764960765838,0.3965045213699341,0.2236328687340067,4.408164739608765,2.0,0.9127031413009752,0.8802024424169227,1.0,0.2,,
resnet18,semantic,1,flora_and_insects+outdoor_and_vehicles,2,dare,0.6915,0.8866541218380568,0.1343764960765838,0.3965045213699341,0.2236328687340067,4.408164739608765,2.0,0.9127031413009752,0.8802024424169227,1.0,0.2,0.9,0.0
resnet18,semantic,1,flora_and_insects+outdoor_and_vehicles,2,dare,0.68625,0.8800048838645733,0.1343764960765838,0.3965045213699341,0.2236328687340067,4.408164739608765,2.0,0.9127031413009752,0.8802024424169227,1.0,0.2,0.9,1.0
resnet18,semantic,1,flora_and_insects+outdoor_and_vehicles,2,dare,0.6757500000000001,0.8665660481122222,0.1343764960765838,0.3965045213699341,0.2236328687340067,4.408164739608765,2.0,0.9127031413009752,0.8802024424169227,1.0,0.2,0.9,2.0
resnet18,semantic,1,household_and_people+mammals,2,averaging,0.63575,0.9256225933266946,0.1827956736087799,0.3602842688560486,0.2478295489154595,4.598682641983032,2.0,0.8941610585120987,0.8585450826333624,,,,
resnet18,semantic,1,household_and_people+mammals,2,task_arithmetic,0.6345000000000001,0.9232757057365654,0.1827956736087799,0.3602842688560486,0.2478295489154595,4.598682641983032,2.0,0.8941610585120987,0.8585450826333624,0.1,,,
resnet18,semantic,1,household_and_people+mammals,2,task_arithmetic,0.63925,0.9301880479473484,0.1827956736087799,0.3602842688560486,0.2478295489154595,4.598682641983032,2.0,0.8941610585120987,0.8585450826333624,0.2,,,
resnet18,semantic,1,household_and_people+mammals,2,task_arithmetic,0.64275,0.9356239083473056,0.1827956736087799,0.3602842688560486,0.2478295489154595,4.598682641983032,2.0,0.8941610585120987,0.8585450826333624,0.3,,,
resnet18,semantic,1,household_and_people+mammals,2,task_arithmetic,0.63575,0.9256225933266946,0.1827956736087799,0.3602842688560486,0.2478295489154595,4.598682641983032,2.0,0.8941610585120987,0.8585450826333624,0.5,,,
resnet18,semantic,1,household_and_people+mammals,2,task_arithmetic,0.516,0.7506039550305371,0.1827956736087799,0.3602842688560486,0.2478295489154595,4.598682641983032,2.0,0.8941610585120987,0.8585450826333624,1.0,,,
resnet18,semantic,1,household_and_people+mammals,2,ties,0.636,0.9255905131867934,0.1827956736087799,0.3602842688560486,0.2478295489154595,4.598682641983032,2.0,0.8941610585120987,0.8585450826333624,0.5,0.2,,
resnet18,semantic,1,household_and_people+mammals,2,ties,0.61625,0.8968941652323397,0.1827956736087799,0.3602842688560486,0.2478295489154595,4.598682641983032,2.0,0.8941610585120987,0.8585450826333624,1.0,0.2,,
resnet18,semantic,1,household_and_people+mammals,2,dare,0.54525,0.7932548987169004,0.1827956736087799,0.3602842688560486,0.2478295489154595,4.598682641983032,2.0,0.8941610585120987,0.8585450826333624,1.0,0.2,0.9,0.0
resnet18,semantic,1,household_and_people+mammals,2,dare,0.534,0.7768746732332857,0.1827956736087799,0.3602842688560486,0.2478295489154595,4.598682641983032,2.0,0.8941610585120987,0.8585450826333624,1.0,0.2,0.9,1.0
resnet18,semantic,1,household_and_people+mammals,2,dare,0.5305,0.7718025645022912,0.1827956736087799,0.3602842688560486,0.2478295489154595,4.598682641983032,2.0,0.8941610585120987,0.8585450826333624,1.0,0.2,0.9,2.0
resnet18,semantic,1,household_and_people+outdoor_and_vehicles,2,averaging,0.7172499999999999,0.9520958202885796,0.1437301188707351,0.389653742313385,0.2287921449024493,4.480825424194336,2.0,0.9091175497649588,0.8752292716233212,,,,
resnet18,semantic,1,household_and_people+outdoor_and_vehicles,2,task_arithmetic,0.7105,0.9431226644257524,0.1437301188707351,0.389653742313385,0.2287921449024493,4.480825424194336,2.0,0.9091175497649588,0.8752292716233212,0.1,,,
resnet18,semantic,1,household_and_people+outdoor_and_vehicles,2,task_arithmetic,0.7195,0.954728850267876,0.1437301188707351,0.389653742313385,0.2287921449024493,4.480825424194336,2.0,0.9091175497649588,0.8752292716233212,0.2,,,
resnet18,semantic,1,household_and_people+outdoor_and_vehicles,2,task_arithmetic,0.7195,0.9546800290894696,0.1437301188707351,0.389653742313385,0.2287921449024493,4.480825424194336,2.0,0.9091175497649588,0.8752292716233212,0.3,,,
resnet18,semantic,1,household_and_people+outdoor_and_vehicles,2,task_arithmetic,0.7172499999999999,0.9520958202885796,0.1437301188707351,0.389653742313385,0.2287921449024493,4.480825424194336,2.0,0.9091175497649588,0.8752292716233212,0.5,,,
resnet18,semantic,1,household_and_people+outdoor_and_vehicles,2,task_arithmetic,0.64975,0.8647076782238104,0.1437301188707351,0.389653742313385,0.2287921449024493,4.480825424194336,2.0,0.9091175497649588,0.8752292716233212,1.0,,,
resnet18,semantic,1,household_and_people+outdoor_and_vehicles,2,ties,0.7155,0.9494457802154496,0.1437301188707351,0.389653742313385,0.2287921449024493,4.480825424194336,2.0,0.9091175497649588,0.8752292716233212,0.5,0.2,,
resnet18,semantic,1,household_and_people+outdoor_and_vehicles,2,ties,0.70825,0.9406360979816752,0.1437301188707351,0.389653742313385,0.2287921449024493,4.480825424194336,2.0,0.9091175497649588,0.8752292716233212,1.0,0.2,,
resnet18,semantic,1,household_and_people+outdoor_and_vehicles,2,dare,0.66675,0.8869288253491929,0.1437301188707351,0.389653742313385,0.2287921449024493,4.480825424194336,2.0,0.9091175497649588,0.8752292716233212,1.0,0.2,0.9,0.0
resnet18,semantic,1,household_and_people+outdoor_and_vehicles,2,dare,0.6625000000000001,0.8814833862192615,0.1437301188707351,0.389653742313385,0.2287921449024493,4.480825424194336,2.0,0.9091175497649588,0.8752292716233212,1.0,0.2,0.9,1.0
resnet18,semantic,1,household_and_people+outdoor_and_vehicles,2,dare,0.65325,0.8687384077315075,0.1437301188707351,0.389653742313385,0.2287921449024493,4.480825424194336,2.0,0.9091175497649588,0.8752292716233212,1.0,0.2,0.9,2.0
resnet18,semantic,1,mammals+outdoor_and_vehicles,2,averaging,0.68725,0.9258135530127548,0.1447306871414184,0.3878823518753052,0.2210350424932802,4.521415948867798,2.0,0.8806844354160749,0.8664470408555083,,,,
resnet18,semantic,1,mammals+outdoor_and_vehicles,2,task_arithmetic,0.67675,0.9099374047346396,0.1447306871414184,0.3878823518753052,0.2210350424932802,4.521415948867798,2.0,0.8806844354160749,0.8664470408555083,0.1,,,
resnet18,semantic,1,mammals+outdoor_and_vehicles,2,task_arithmetic,0.692,0.9313723111073058,0.1447306871414184,0.3878823518753052,0.2210350424932802,4.521415948867798,2.0,0.8806844354160749,0.8664470408555083,0.2,,,
resnet18,semantic,1,mammals+outdoor_and_vehicles,2,task_arithmetic,0.6985,0.940020082132534,0.1447306871414184,0.3878823518753052,0.2210350424932802,4.521415948867798,2.0,0.8806844354160749,0.8664470408555083,0.3,,,
resnet18,semantic,1,mammals+outdoor_and_vehicles,2,task_arithmetic,0.68725,0.9258135530127548,0.1447306871414184,0.3878823518753052,0.2210350424932802,4.521415948867798,2.0,0.8806844354160749,0.8664470408555083,0.5,,,
resnet18,semantic,1,mammals+outdoor_and_vehicles,2,task_arithmetic,0.55,0.7427275528598267,0.1447306871414184,0.3878823518753052,0.2210350424932802,4.521415948867798,2.0,0.8806844354160749,0.8664470408555083,1.0,,,
resnet18,semantic,1,mammals+outdoor_and_vehicles,2,ties,0.6872499999999999,0.9248863683711448,0.1447306871414184,0.3878823518753052,0.2210350424932802,4.521415948867798,2.0,0.8806844354160749,0.8664470408555083,0.5,0.2,,
resnet18,semantic,1,mammals+outdoor_and_vehicles,2,ties,0.66625,0.8979554319512864,0.1447306871414184,0.3878823518753052,0.2210350424932802,4.521415948867798,2.0,0.8806844354160749,0.8664470408555083,1.0,0.2,,
resnet18,semantic,1,mammals+outdoor_and_vehicles,2,dare,0.57775,0.7804076498914163,0.1447306871414184,0.3878823518753052,0.2210350424932802,4.521415948867798,2.0,0.8806844354160749,0.8664470408555083,1.0,0.2,0.9,0.0
resnet18,semantic,1,mammals+outdoor_and_vehicles,2,dare,0.5655,0.7632350456564032,0.1447306871414184,0.3878823518753052,0.2210350424932802,4.521415948867798,2.0,0.8806844354160749,0.8664470408555083,1.0,0.2,0.9,1.0
resnet18,semantic,1,mammals+outdoor_and_vehicles,2,dare,0.5595,0.7561321244982329,0.1447306871414184,0.3878823518753052,0.2210350424932802,4.521415948867798,2.0,0.8806844354160749,0.8664470408555083,1.0,0.2,0.9,2.0
resnet18,semantic,1,aquatic_life+flora_and_insects+household_and_people,3,averaging,0.6485,0.9227198324395328,0.1671570092439651,0.3727633754412333,0.2475365032179081,4.556864102681478,3.0,0.9207244615030096,0.8724725508587551,,,,
resnet18,semantic,1,aquatic_life+flora_and_insects+household_and_people,3,task_arithmetic,0.6611666666666666,0.9407920963739717,0.1671570092439651,0.3727633754412333,0.2475365032179081,4.556864102681478,3.0,0.9207244615030096,0.8724725508587551,0.1,,,
resnet18,semantic,1,aquatic_life+flora_and_insects+household_and_people,3,task_arithmetic,0.6648333333333333,0.9464758797615684,0.1671570092439651,0.3727633754412333,0.2475365032179081,4.556864102681478,3.0,0.9207244615030096,0.8724725508587551,0.2,,,
resnet18,semantic,1,aquatic_life+flora_and_insects+household_and_people,3,task_arithmetic,0.6536666666666667,0.9303666823172893,0.1671570092439651,0.3727633754412333,0.2475365032179081,4.556864102681478,3.0,0.9207244615030096,0.8724725508587551,0.3,,,
resnet18,semantic,1,aquatic_life+flora_and_insects+household_and_people,3,task_arithmetic,0.6075,0.8633772483196746,0.1671570092439651,0.3727633754412333,0.2475365032179081,4.556864102681478,3.0,0.9207244615030096,0.8724725508587551,0.5,,,
resnet18,semantic,1,aquatic_life+flora_and_insects+household_and_people,3,task_arithmetic,0.3333333333333333,0.4713796095669773,0.1671570092439651,0.3727633754412333,0.2475365032179081,4.556864102681478,3.0,0.9207244615030096,0.8724725508587551,1.0,,,
resnet18,semantic,1,aquatic_life+flora_and_insects+household_and_people,3,ties,0.6605,0.9401643033573662,0.1671570092439651,0.3727633754412333,0.2475365032179081,4.556864102681478,3.0,0.9207244615030096,0.8724725508587551,0.5,0.2,,
resnet18,semantic,1,aquatic_life+flora_and_insects+household_and_people,3,ties,0.6271666666666667,0.8921026313181981,0.1671570092439651,0.3727633754412333,0.2475365032179081,4.556864102681478,3.0,0.9207244615030096,0.8724725508587551,1.0,0.2,,
resnet18,semantic,1,aquatic_life+flora_and_insects+household_and_people,3,dare,0.3913333333333333,0.5534423780567558,0.1671570092439651,0.3727633754412333,0.2475365032179081,4.556864102681478,3.0,0.9207244615030096,0.8724725508587551,1.0,0.2,0.9,0.0
resnet18,semantic,1,aquatic_life+flora_and_insects+household_and_people,3,dare,0.3795,0.5371999223527885,0.1671570092439651,0.3727633754412333,0.2475365032179081,4.556864102681478,3.0,0.9207244615030096,0.8724725508587551,1.0,0.2,0.9,1.0
resnet18,semantic,1,aquatic_life+flora_and_insects+household_and_people,3,dare,0.3853333333333333,0.5460087375244759,0.1671570092439651,0.3727633754412333,0.2475365032179081,4.556864102681478,3.0,0.9207244615030096,0.8724725508587551,1.0,0.2,0.9,2.0
resnet18,semantic,1,aquatic_life+flora_and_insects+mammals,3,averaging,0.637,0.917207980332686,0.1846575438976287,0.3602747122446696,0.2555245028449737,4.583924452463786,3.0,0.9247313436862372,0.8666177303468797,,,,
resnet18,semantic,1,aquatic_life+flora_and_insects+mammals,3,task_arithmetic,0.6355,0.9145999207142655,0.1846575438976287,0.3602747122446696,0.2555245028449737,4.583924452463786,3.0,0.9247313436862372,0.8666177303468797,0.1,,,
resnet18,semantic,1,aquatic_life+flora_and_insects+mammals,3,task_arithmetic,0.6495000000000001,0.9353502930558584,0.1846575438976287,0.3602747122446696,0.2555245028449737,4.583924452463786,3.0,0.9247313436862372,0.8666177303468797,0.2,,,
resnet18,semantic,1,aquatic_life+flora_and_insects+mammals,3,task_arithmetic,0.6398333333333334,0.9212113465517208,0.1846575438976287,0.3602747122446696,0.2555245028449737,4.583924452463786,3.0,0.9247313436862372,0.8666177303468797,0.3,,,
resnet18,semantic,1,aquatic_life+flora_and_insects+mammals,3,task_arithmetic,0.5891666666666667,0.8475120085564575,0.1846575438976287,0.3602747122446696,0.2555245028449737,4.583924452463786,3.0,0.9247313436862372,0.8666177303468797,0.5,,,
resnet18,semantic,1,aquatic_life+flora_and_insects+mammals,3,task_arithmetic,0.2426666666666666,0.3474505806300456,0.1846575438976287,0.3602747122446696,0.2555245028449737,4.583924452463786,3.0,0.9247313436862372,0.8666177303468797,1.0,,,
resnet18,semantic,1,aquatic_life+flora_and_insects+mammals,3,ties,0.6415000000000001,0.923576587107272,0.1846575438976287,0.3602747122446696,0.2555245028449737,4.583924452463786,3.0,0.9247313436862372,0.8666177303468797,0.5,0.2,,
resnet18,semantic,1,aquatic_life+flora_and_insects+mammals,3,ties,0.6035,0.8681350513500806,0.1846575438976287,0.3602747122446696,0.2555245028449737,4.583924452463786,3.0,0.9247313436862372,0.8666177303468797,1.0,0.2,,
resnet18,semantic,1,aquatic_life+flora_and_insects+mammals,3,dare,0.321,0.4598764534472478,0.1846575438976287,0.3602747122446696,0.2555245028449737,4.583924452463786,3.0,0.9247313436862372,0.8666177303468797,1.0,0.2,0.9,0.0
resnet18,semantic,1,aquatic_life+flora_and_insects+mammals,3,dare,0.2915,0.4174556171246883,0.1846575438976287,0.3602747122446696,0.2555245028449737,4.583924452463786,3.0,0.9247313436862372,0.8666177303468797,1.0,0.2,0.9,1.0
resnet18,semantic,1,aquatic_life+flora_and_insects+mammals,3,dare,0.3021666666666666,0.4333408951878399,0.1846575438976287,0.3602747122446696,0.2555245028449737,4.583924452463786,3.0,0.9247313436862372,0.8666177303468797,1.0,0.2,0.9,2.0
resnet18,semantic,1,aquatic_life+flora_and_insects+outdoor_and_vehicles,3,averaging,0.6906666666666667,0.9350397211743264,0.1556526621182759,0.3810091118017832,0.2393091150330264,4.505352973937988,3.0,0.9206232990068006,0.8777405230068522,,,,
resnet18,semantic,1,aquatic_life+flora_and_insects+outdoor_and_vehicles,3,task_arithmetic,0.6873333333333332,0.9291495509623988,0.1556526621182759,0.3810091118017832,0.2393091150330264,4.505352973937988,3.0,0.9206232990068006,0.8777405230068522,0.1,,,
resnet18,semantic,1,aquatic_life+flora_and_insects+outdoor_and_vehicles,3,task_arithmetic,0.6988333333333333,0.9453554802446728,0.1556526621182759,0.3810091118017832,0.2393091150330264,4.505352973937988,3.0,0.9206232990068006,0.8777405230068522,0.2,,,
resnet18,semantic,1,aquatic_life+flora_and_insects+outdoor_and_vehicles,3,task_arithmetic,0.6928333333333333,0.9379261240894362,0.1556526621182759,0.3810091118017832,0.2393091150330264,4.505352973937988,3.0,0.9206232990068006,0.8777405230068522,0.3,,,
resnet18,semantic,1,aquatic_life+flora_and_insects+outdoor_and_vehicles,3,task_arithmetic,0.6443333333333333,0.872801409709281,0.1556526621182759,0.3810091118017832,0.2393091150330264,4.505352973937988,3.0,0.9206232990068006,0.8777405230068522,0.5,,,
resnet18,semantic,1,aquatic_life+flora_and_insects+outdoor_and_vehicles,3,task_arithmetic,0.3336666666666666,0.4525923630328681,0.1556526621182759,0.3810091118017832,0.2393091150330264,4.505352973937988,3.0,0.9206232990068006,0.8777405230068522,1.0,,,
resnet18,semantic,1,aquatic_life+flora_and_insects+outdoor_and_vehicles,3,ties,0.6931666666666666,0.937659775574168,0.1556526621182759,0.3810091118017832,0.2393091150330264,4.505352973937988,3.0,0.9206232990068006,0.8777405230068522,0.5,0.2,,
resnet18,semantic,1,aquatic_life+flora_and_insects+outdoor_and_vehicles,3,ties,0.6658333333333334,0.9009908730150462,0.1556526621182759,0.3810091118017832,0.2393091150330264,4.505352973937988,3.0,0.9206232990068006,0.8777405230068522,1.0,0.2,,
resnet18,semantic,1,aquatic_life+flora_and_insects+outdoor_and_vehicles,3,dare,0.4051666666666667,0.548967909881039,0.1556526621182759,0.3810091118017832,0.2393091150330264,4.505352973937988,3.0,0.9206232990068006,0.8777405230068522,1.0,0.2,0.9,0.0
resnet18,semantic,1,aquatic_life+flora_and_insects+outdoor_and_vehicles,3,dare,0.3768333333333333,0.5108368555257734,0.1556526621182759,0.3810091118017832,0.2393091150330264,4.505352973937988,3.0,0.9206232990068006,0.8777405230068522,1.0,0.2,0.9,1.0
resnet18,semantic,1,aquatic_life+flora_and_insects+outdoor_and_vehicles,3,dare,0.3826666666666667,0.5190645826108429,0.1556526621182759,0.3810091118017832,0.2393091150330264,4.505352973937988,3.0,0.9206232990068006,0.8777405230068522,1.0,0.2,0.9,2.0
resnet18,semantic,1,aquatic_life+household_and_people+mammals,3,averaging,0.606,0.8957424167677724,0.1851785729328791,0.3595409194628398,0.2508961494842899,4.632364908854167,3.0,0.9134594889157442,0.8633022831511453,,,,
resnet18,semantic,1,aquatic_life+household_and_people+mammals,3,task_arithmetic,0.6216666666666667,0.9187349746745332,0.1851785729328791,0.3595409194628398,0.2508961494842899,4.632364908854167,3.0,0.9134594889157442,0.8633022831511453,0.1,,,
resnet18,semantic,1,aquatic_life+household_and_people+mammals,3,task_arithmetic,0.6258333333333334,0.9253158959096152,0.1851785729328791,0.3595409194628398,0.2508961494842899,4.632364908854167,3.0,0.9134594889157442,0.8633022831511453,0.2,,,
resnet18,semantic,1,aquatic_life+household_and_people+mammals,3,task_arithmetic,0.6118333333333333,0.9044794377765004,0.1851785729328791,0.3595409194628398,0.2508961494842899,4.632364908854167,3.0,0.9134594889157442,0.8633022831511453,0.3,,,
resnet18,semantic,1,aquatic_life+household_and_people+mammals,3,task_arithmetic,0.5373333333333333,0.7934082921526556,0.1851785729328791,0.3595409194628398,0.2508961494842899,4.632364908854167,3.0,0.9134594889157442,0.8633022831511453,0.5,,,
resnet18,semantic,1,aquatic_life+household_and_people+mammals,3,task_arithmetic,0.204,0.2990142715383123,0.1851785729328791,0.3595409194628398,0.2508961494842899,4.632364908854167,3.0,0.9134594889157442,0.8633022831511453,1.0,,,
resnet18,semantic,1,aquatic_life+household_and_people+mammals,3,ties,0.6196666666666667,0.9161772344906614,0.1851785729328791,0.3595409194628398,0.2508961494842899,4.632364908854167,3.0,0.9134594889157442,0.8633022831511453,0.5,0.2,,
resnet18,semantic,1,aquatic_life+household_and_people+mammals,3,ties,0.5661666666666667,0.8363867050336856,0.1851785729328791,0.3595409194628398,0.2508961494842899,4.632364908854167,3.0,0.9134594889157442,0.8633022831511453,1.0,0.2,,
resnet18,semantic,1,aquatic_life+household_and_people+mammals,3,dare,0.267,0.3915667775720812,0.1851785729328791,0.3595409194628398,0.2508961494842899,4.632364908854167,3.0,0.9134594889157442,0.8633022831511453,1.0,0.2,0.9,0.0
resnet18,semantic,1,aquatic_life+household_and_people+mammals,3,dare,0.2473333333333333,0.362642019534241,0.1851785729328791,0.3595409194628398,0.2508961494842899,4.632364908854167,3.0,0.9134594889157442,0.8633022831511453,1.0,0.2,0.9,1.0
resnet18,semantic,1,aquatic_life+household_and_people+mammals,3,dare,0.2576666666666666,0.3780390157483595,0.1851785729328791,0.3595409194628398,0.2508961494842899,4.632364908854167,3.0,0.9134594889157442,0.8633022831511453,1.0,0.2,0.9,2.0
resnet18,semantic,1,aquatic_life+household_and_people+outdoor_and_vehicles,3,averaging,0.6629999999999999,0.9194530275126108,0.155322328209877,0.3809918959935506,0.2357953443892313,4.553793430328369,3.0,0.9122717359608908,0.8744250758111178,,,,
resnet18,semantic,1,aquatic_life+household_and_people+outdoor_and_vehicles,3,task_arithmetic,0.6748333333333333,0.935226795731171,0.155322328209877,0.3809918959935506,0.2357953443892313,4.553793430328369,3.0,0.9122717359608908,0.8744250758111178,0.1,,,
resnet18,semantic,1,aquatic_life+household_and_people+outdoor_and_vehicles,3,task_arithmetic,0.6763333333333333,0.9376264249184328,0.155322328209877,0.3809918959935506,0.2357953443892313,4.553793430328369,3.0,0.9122717359608908,0.8744250758111178,0.2,,,
resnet18,semantic,1,aquatic_life+household_and_people+outdoor_and_vehicles,3,task_arithmetic,0.6708333333333334,0.9303134014876152,0.155322328209877,0.3809918959935506,0.2357953443892313,4.553793430328369,3.0,0.9122717359608908,0.8744250758111178,0.3,,,
resnet18,semantic,1,aquatic_life+household_and_people+outdoor_and_vehicles,3,task_arithmetic,0.6136666666666667,0.8506209431297201,0.155322328209877,0.3809918959935506,0.2357953443892313,4.553793430328369,3.0,0.9122717359608908,0.8744250758111178,0.5,,,
resnet18,semantic,1,aquatic_life+household_and_people+outdoor_and_vehicles,3,task_arithmetic,0.2998333333333333,0.4164800372526957,0.155322328209877,0.3809918959935506,0.2357953443892313,4.553793430328369,3.0,0.9122717359608908,0.8744250758111178,1.0,,,
resnet18,semantic,1,aquatic_life+household_and_people+outdoor_and_vehicles,3,ties,0.6739999999999999,0.9341797966592212,0.155322328209877,0.3809918959935506,0.2357953443892313,4.553793430328369,3.0,0.9122717359608908,0.8744250758111178,0.5,0.2,,
resnet18,semantic,1,aquatic_life+household_and_people+outdoor_and_vehicles,3,ties,0.6318333333333334,0.876139387979241,0.155322328209877,0.3809918959935506,0.2357953443892313,4.553793430328369,3.0,0.9122717359608908,0.8744250758111178,1.0,0.2,,
resnet18,semantic,1,aquatic_life+household_and_people+outdoor_and_vehicles,3,dare,0.3628333333333333,0.5019804853206359,0.155322328209877,0.3809918959935506,0.2357953443892313,4.553793430328369,3.0,0.9122717359608908,0.8744250758111178,1.0,0.2,0.9,0.0
resnet18,semantic,1,aquatic_life+household_and_people+outdoor_and_vehicles,3,dare,0.3476666666666666,0.4824180167046553,0.155322328209877,0.3809918959935506,0.2357953443892313,4.553793430328369,3.0,0.9122717359608908,0.8744250758111178,1.0,0.2,0.9,1.0
resnet18,semantic,1,aquatic_life+household_and_people+outdoor_and_vehicles,3,dare,0.349,0.4832033864693791,0.155322328209877,0.3809918959935506,0.2357953443892313,4.553793430328369,3.0,0.9122717359608908,0.8744250758111178,1.0,0.2,0.9,2.0
resnet18,semantic,1,aquatic_life+mammals+outdoor_and_vehicles,3,averaging,0.6433333333333334,0.9020812893722232,0.1668235013882319,0.3727141221364339,0.239677498460472,4.580853780110677,3.0,0.9070189466416968,0.8685702552992426,,,,
resnet18,semantic,1,aquatic_life+mammals+outdoor_and_vehicles,3,task_arithmetic,0.6509999999999999,0.9115241635921612,0.1668235013882319,0.3727141221364339,0.239677498460472,4.580853780110677,3.0,0.9070189466416968,0.8685702552992426,0.1,,,
resnet18,semantic,1,aquatic_life+mammals+outdoor_and_vehicles,3,task_arithmetic,0.6646666666666667,0.931766882420462,0.1668235013882319,0.3727141221364339,0.239677498460472,4.580853780110677,3.0,0.9070189466416968,0.8685702552992426,0.2,,,
resnet18,semantic,1,aquatic_life+mammals+outdoor_and_vehicles,3,task_arithmetic,0.6533333333333333,0.9159827991238132,0.1668235013882319,0.3727141221364339,0.239677498460472,4.580853780110677,3.0,0.9070189466416968,0.8685702552992426,0.3,,,
resnet18,semantic,1,aquatic_life+mammals+outdoor_and_vehicles,3,task_arithmetic,0.5691666666666667,0.7993497660778363,0.1668235013882319,0.3727141221364339,0.239677498460472,4.580853780110677,3.0,0.9070189466416968,0.8685702552992426,0.5,,,
resnet18,semantic,1,aquatic_life+mammals+outdoor_and_vehicles,3,task_arithmetic,0.1618333333333333,0.2289200938196098,0.1668235013882319,0.3727141221364339,0.239677498460472,4.580853780110677,3.0,0.9070189466416968,0.8685702552992426,1.0,,,
resnet18,semantic,1,aquatic_life+mammals+outdoor_and_vehicles,3,ties,0.6543333333333333,0.91708415467073,0.1668235013882319,0.3727141221364339,0.239677498460472,4.580853780110677,3.0,0.9070189466416968,0.8685702552992426,0.5,0.2,,
resnet18,semantic,1,aquatic_life+mammals+outdoor_and_vehicles,3,ties,0.6008333333333334,0.8431293247157642,0.1668235013882319,0.3727141221364339,0.239677498460472,4.580853780110677,3.0,0.9070189466416968,0.8685702552992426,1.0,0.2,,
resnet18,semantic,1,aquatic_life+mammals+outdoor_and_vehicles,3,dare,0.2381666666666666,0.3350037716460332,0.1668235013882319,0.3727141221364339,0.239677498460472,4.580853780110677,3.0,0.9070189466416968,0.8685702552992426,1.0,0.2,0.9,0.0
resnet18,semantic,1,aquatic_life+mammals+outdoor_and_vehicles,3,dare,0.2118333333333333,0.2988647875484594,0.1668235013882319,0.3727141221364339,0.239677498460472,4.580853780110677,3.0,0.9070189466416968,0.8685702552992426,1.0,0.2,0.9,1.0
resnet18,semantic,1,aquatic_life+mammals+outdoor_and_vehicles,3,dare,0.2235,0.3144617281510289,0.1668235013882319,0.3727141221364339,0.239677498460472,4.580853780110677,3.0,0.9070189466416968,0.8685702552992426,1.0,0.2,0.9,2.0
resnet18,semantic,1,flora_and_insects+household_and_people+mammals,3,averaging,0.6495000000000001,0.9160937128371576,0.1685243149598439,0.3710859616597493,0.2450990521508399,4.536712010701497,3.0,0.9026100695991496,0.8647879400850345,,,,
resnet18,semantic,1,flora_and_insects+household_and_people+mammals,3,task_arithmetic,0.6615000000000001,0.932630547525494,0.1685243149598439,0.3710859616597493,0.2450990521508399,4.536712010701497,3.0,0.9026100695991496,0.8647879400850345,0.1,,,
resnet18,semantic,1,flora_and_insects+household_and_people+mammals,3,task_arithmetic,0.6636666666666667,0.9359565020890046,0.1685243149598439,0.3710859616597493,0.2450990521508399,4.536712010701497,3.0,0.9026100695991496,0.8647879400850345,0.2,,,
resnet18,semantic,1,flora_and_insects+household_and_people+mammals,3,task_arithmetic,0.6521666666666667,0.9197813624268152,0.1685243149598439,0.3710859616597493,0.2450990521508399,4.536712010701497,3.0,0.9026100695991496,0.8647879400850345,0.3,,,
resnet18,semantic,1,flora_and_insects+household_and_people+mammals,3,task_arithmetic,0.6063333333333333,0.8558263188301624,0.1685243149598439,0.3710859616597493,0.2450990521508399,4.536712010701497,3.0,0.9026100695991496,0.8647879400850345,0.5,,,
resnet18,semantic,1,flora_and_insects+household_and_people+mammals,3,task_arithmetic,0.304,0.4292022209586177,0.1685243149598439,0.3710859616597493,0.2450990521508399,4.536712010701497,3.0,0.9026100695991496,0.8647879400850345,1.0,,,
resnet18,semantic,1,flora_and_insects+household_and_people+mammals,3,ties,0.6558333333333334,0.924506037162124,0.1685243149598439,0.3710859616597493,0.2450990521508399,4.536712010701497,3.0,0.9026100695991496,0.8647879400850345,0.5,0.2,,
resnet18,semantic,1,flora_and_insects+household_and_people+mammals,3,ties,0.6203333333333333,0.8749207276762595,0.1685243149598439,0.3710859616597493,0.2450990521508399,4.536712010701497,3.0,0.9026100695991496,0.8647879400850345,1.0,0.2,,
resnet18,semantic,1,flora_and_insects+household_and_people+mammals,3,dare,0.3718333333333333,0.5245210048993091,0.1685243149598439,0.3710859616597493,0.2450990521508399,4.536712010701497,3.0,0.9026100695991496,0.8647879400850345,1.0,0.2,0.9,0.0
resnet18,semantic,1,flora_and_insects+household_and_people+mammals,3,dare,0.3605,0.5087527115121461,0.1685243149598439,0.3710859616597493,0.2450990521508399,4.536712010701497,3.0,0.9026100695991496,0.8647879400850345,1.0,0.2,0.9,1.0
resnet18,semantic,1,flora_and_insects+household_and_people+mammals,3,dare,0.3695,0.5219094576083384,0.1685243149598439,0.3710859616597493,0.2450990521508399,4.536712010701497,3.0,0.9026100695991496,0.8647879400850345,1.0,0.2,0.9,2.0
resnet18,semantic,1,flora_and_insects+household_and_people+outdoor_and_vehicles,3,averaging,0.7058333333333334,0.9370511306418136,0.1433319747447967,0.3899490336577098,0.2312928667586112,4.4581405321757,3.0,0.9096607720431392,0.875910732745007,,,,
resnet18,semantic,1,flora_and_insects+household_and_people+outdoor_and_vehicles,3,task_arithmetic,0.714,0.9480414966301912,0.1433319747447967,0.3899490336577098,0.2312928667586112,4.4581405321757,3.0,0.9096607720431392,0.875910732745007,0.1,,,
resnet18,semantic,1,flora_and_insects+household_and_people+outdoor_and_vehicles,3,task_arithmetic,0.714,0.947846211916566,0.1433319747447967,0.3899490336577098,0.2312928667586112,4.4581405321757,3.0,0.9096607720431392,0.875910732745007,0.2,,,
resnet18,semantic,1,flora_and_insects+household_and_people+outdoor_and_vehicles,3,task_arithmetic,0.7076666666666668,0.9393274295158308,0.1433319747447967,0.3899490336577098,0.2312928667586112,4.4581405321757,3.0,0.9096607720431392,0.875910732745007,0.3,,,
resnet18,semantic,1,flora_and_insects+household_and_people+outdoor_and_vehicles,3,task_arithmetic,0.6746666666666666,0.8970399384595057,0.1433319747447967,0.3899490336577098,0.2312928667586112,4.4581405321757,3.0,0.9096607720431392,0.875910732745007,0.5,,,
resnet18,semantic,1,flora_and_insects+household_and_people+outdoor_and_vehicles,3,task_arithmetic,0.4266666666666667,0.5715259032877485,0.1433319747447967,0.3899490336577098,0.2312928667586112,4.4581405321757,3.0,0.9096607720431392,0.875910732745007,1.0,,,
resnet18,semantic,1,flora_and_insects+household_and_people+outdoor_and_vehicles,3,ties,0.7105,0.9434730559678212,0.1433319747447967,0.3899490336577098,0.2312928667586112,4.4581405321757,3.0,0.9096607720431392,0.875910732745007,0.5,0.2,,
resnet18,semantic,1,flora_and_insects+household_and_people+outdoor_and_vehicles,3,ties,0.6911666666666667,0.9182792946546262,0.1433319747447967,0.3899490336577098,0.2312928667586112,4.4581405321757,3.0,0.9096607720431392,0.875910732745007,1.0,0.2,,
resnet18,semantic,1,flora_and_insects+household_and_people+outdoor_and_vehicles,3,dare,0.4893333333333333,0.653912911605581,0.1433319747447967,0.3899490336577098,0.2312928667586112,4.4581405321757,3.0,0.9096607720431392,0.875910732745007,1.0,0.2,0.9,0.0
resnet18,semantic,1,flora_and_insects+household_and_people+outdoor_and_vehicles,3,dare,0.4693333333333333,0.6285384016239123,0.1433319747447967,0.3899490336577098,0.2312928667586112,4.4581405321757,3.0,0.9096607720431392,0.875910732745007,1.0,0.2,0.9,1.0
resnet18,semantic,1,flora_and_insects+household_and_people+outdoor_and_vehicles,3,dare,0.4791666666666667,0.640334577671445,0.1433319747447967,0.3899490336577098,0.2312928667586112,4.4581405321757,3.0,0.9096607720431392,0.875910732745007,1.0,0.2,0.9,2.0
resnet18,semantic,1,flora_and_insects+mammals+outdoor_and_vehicles,3,averaging,0.6813333333333333,0.9135947059574496,0.1499983817338943,0.3845572173595428,0.2302273107083232,4.485200881958008,3.0,0.8999650339796386,0.8700559122331316,,,,
resnet18,semantic,1,flora_and_insects+mammals+outdoor_and_vehicles,3,task_arithmetic,0.6908333333333333,0.9254874402328448,0.1499983817338943,0.3845572173595428,0.2302273107083232,4.485200881958008,3.0,0.8999650339796386,0.8700559122331316,0.1,,,
resnet18,semantic,1,flora_and_insects+mammals+outdoor_and_vehicles,3,task_arithmetic,0.6973333333333334,0.9346976702648258,0.1499983817338943,0.3845572173595428,0.2302273107083232,4.485200881958008,3.0,0.8999650339796386,0.8700559122331316,0.2,,,
resnet18,semantic,1,flora_and_insects+mammals+outdoor_and_vehicles,3,task_arithmetic,0.6896666666666667,0.9246788003492336,0.1499983817338943,0.3845572173595428,0.2302273107083232,4.485200881958008,3.0,0.8999650339796386,0.8700559122331316,0.3,,,
resnet18,semantic,1,flora_and_insects+mammals+outdoor_and_vehicles,3,task_arithmetic,0.6335000000000001,0.851280235758887,0.1499983817338943,0.3845572173595428,0.2302273107083232,4.485200881958008,3.0,0.8999650339796386,0.8700559122331316,0.5,,,
resnet18,semantic,1,flora_and_insects+mammals+outdoor_and_vehicles,3,task_arithmetic,0.3048333333333333,0.4112095033305614,0.1499983817338943,0.3845572173595428,0.2302273107083232,4.485200881958008,3.0,0.8999650339796386,0.8700559122331316,1.0,,,
resnet18,semantic,1,flora_and_insects+mammals+outdoor_and_vehicles,3,ties,0.6928333333333333,0.9283078010618476,0.1499983817338943,0.3845572173595428,0.2302273107083232,4.485200881958008,3.0,0.8999650339796386,0.8700559122331316,0.5,0.2,,
resnet18,semantic,1,flora_and_insects+mammals+outdoor_and_vehicles,3,ties,0.652,0.8748556824042378,0.1499983817338943,0.3845572173595428,0.2302273107083232,4.485200881958008,3.0,0.8999650339796386,0.8700559122331316,1.0,0.2,,
resnet18,semantic,1,flora_and_insects+mammals+outdoor_and_vehicles,3,dare,0.3841666666666666,0.5177718757032336,0.1499983817338943,0.3845572173595428,0.2302273107083232,4.485200881958008,3.0,0.8999650339796386,0.8700559122331316,1.0,0.2,0.9,0.0
resnet18,semantic,1,flora_and_insects+mammals+outdoor_and_vehicles,3,dare,0.358,0.4831630693862332,0.1499983817338943,0.3845572173595428,0.2302273107083232,4.485200881958008,3.0,0.8999650339796386,0.8700559122331316,1.0,0.2,0.9,1.0
resnet18,semantic,1,flora_and_insects+mammals+outdoor_and_vehicles,3,dare,0.3816666666666666,0.5149363772092581,0.1499983817338943,0.3845572173595428,0.2302273107083232,4.485200881958008,3.0,0.8999650339796386,0.8700559122331316,1.0,0.2,0.9,2.0
resnet18,semantic,1,household_and_people+mammals+outdoor_and_vehicles,3,averaging,0.6645,0.9131116059646152,0.1570854932069778,0.3792734543482463,0.232552245437063,4.533641338348389,3.0,0.8946543478977107,0.8667404650373972,,,,
resnet18,semantic,1,household_and_people+mammals+outdoor_and_vehicles,3,task_arithmetic,0.6808333333333333,0.9349354596813196,0.1570854932069778,0.3792734543482463,0.232552245437063,4.533641338348389,3.0,0.8946543478977107,0.8667404650373972,0.1,,,
resnet18,semantic,1,household_and_people+mammals+outdoor_and_vehicles,3,task_arithmetic,0.6791666666666667,0.9328371844552812,0.1570854932069778,0.3792734543482463,0.232552245437063,4.533641338348389,3.0,0.8946543478977107,0.8667404650373972,0.2,,,
resnet18,semantic,1,household_and_people+mammals+outdoor_and_vehicles,3,task_arithmetic,0.6731666666666666,0.9246616629021924,0.1570854932069778,0.3792734543482463,0.232552245437063,4.533641338348389,3.0,0.8946543478977107,0.8667404650373972,0.3,,,
resnet18,semantic,1,household_and_people+mammals+outdoor_and_vehicles,3,task_arithmetic,0.6156666666666667,0.8472136981793114,0.1570854932069778,0.3792734543482463,0.232552245437063,4.533641338348389,3.0,0.8946543478977107,0.8667404650373972,0.5,,,
resnet18,semantic,1,household_and_people+mammals+outdoor_and_vehicles,3,task_arithmetic,0.2841666666666667,0.3929276317583994,0.1570854932069778,0.3792734543482463,0.232552245437063,4.533641338348389,3.0,0.8946543478977107,0.8667404650373972,1.0,,,
resnet18,semantic,1,household_and_people+mammals+outdoor_and_vehicles,3,ties,0.6726666666666666,0.924085484381778,0.1570854932069778,0.3792734543482463,0.232552245437063,4.533641338348389,3.0,0.8946543478977107,0.8667404650373972,0.5,0.2,,
resnet18,semantic,1,household_and_people+mammals+outdoor_and_vehicles,3,ties,0.6318333333333334,0.8685754749970079,0.1570854932069778,0.3792734543482463,0.232552245437063,4.533641338348389,3.0,0.8946543478977107,0.8667404650373972,1.0,0.2,,
resnet18,semantic,1,household_and_people+mammals+outdoor_and_vehicles,3,dare,0.3606666666666667,0.4982961012604229,0.1570854932069778,0.3792734543482463,0.232552245437063,4.533641338348389,3.0,0.8946543478977107,0.8667404650373972,1.0,0.2,0.9,0.0
resnet18,semantic,1,household_and_people+mammals+outdoor_and_vehicles,3,dare,0.3345,0.4615964290738328,0.1570854932069778,0.3792734543482463,0.232552245437063,4.533641338348389,3.0,0.8946543478977107,0.8667404650373972,1.0,0.2,0.9,1.0
resnet18,semantic,1,household_and_people+mammals+outdoor_and_vehicles,3,dare,0.3501666666666667,0.4826528848083861,0.1570854932069778,0.3792734543482463,0.232552245437063,4.533641338348389,3.0,0.8946543478977107,0.8667404650373972,1.0,0.2,0.9,2.0
resnet18,semantic,1,aquatic_life+flora_and_insects+household_and_people+mammals+outdoor_and_vehicles,5,averaging,0.6425,0.8945857661508472,0.1633731782436371,0.3752159804105758,0.2407910588484739,4.542684841156006,5.0,0.9105719499234018,0.8700623468574562,,,,
resnet18,semantic,1,aquatic_life+flora_and_insects+household_and_people+mammals+outdoor_and_vehicles,5,task_arithmetic,0.6678,0.9295297889377456,0.1633731782436371,0.3752159804105758,0.2407910588484739,4.542684841156006,5.0,0.9105719499234018,0.8700623468574562,0.1,,,
resnet18,semantic,1,aquatic_life+flora_and_insects+household_and_people+mammals+outdoor_and_vehicles,5,task_arithmetic,0.6425,0.8945857661508472,0.1633731782436371,0.3752159804105758,0.2407910588484739,4.542684841156006,5.0,0.9105719499234018,0.8700623468574562,0.2,,,
resnet18,semantic,1,aquatic_life+flora_and_insects+household_and_people+mammals+outdoor_and_vehicles,5,task_arithmetic,0.5811,0.8095050709548144,0.1633731782436371,0.3752159804105758,0.2407910588484739,4.542684841156006,5.0,0.9105719499234018,0.8700623468574562,0.3,,,
resnet18,semantic,1,aquatic_life+flora_and_insects+household_and_people+mammals+outdoor_and_vehicles,5,task_arithmetic,0.3537,0.4930388405700642,0.1633731782436371,0.3752159804105758,0.2407910588484739,4.542684841156006,5.0,0.9105719499234018,0.8700623468574562,0.5,,,
resnet18,semantic,1,aquatic_life+flora_and_insects+household_and_people+mammals+outdoor_and_vehicles,5,task_arithmetic,0.0572,0.0803267384521503,0.1633731782436371,0.3752159804105758,0.2407910588484739,4.542684841156006,5.0,0.9105719499234018,0.8700623468574562,1.0,,,
resnet18,semantic,1,aquatic_life+flora_and_insects+household_and_people+mammals+outdoor_and_vehicles,5,ties,0.6565,0.9135404989720634,0.1633731782436371,0.3752159804105758,0.2407910588484739,4.542684841156006,5.0,0.9105719499234018,0.8700623468574562,0.5,0.2,,
resnet18,semantic,1,aquatic_life+flora_and_insects+household_and_people+mammals+outdoor_and_vehicles,5,ties,0.5786,0.8051899182893015,0.1633731782436371,0.3752159804105758,0.2407910588484739,4.542684841156006,5.0,0.9105719499234018,0.8700623468574562,1.0,0.2,,
resnet18,semantic,1,aquatic_life+flora_and_insects+household_and_people+mammals+outdoor_and_vehicles,5,dare,0.1002,0.1411799003773415,0.1633731782436371,0.3752159804105758,0.2407910588484739,4.542684841156006,5.0,0.9105719499234018,0.8700623468574562,1.0,0.2,0.9,0.0
resnet18,semantic,1,aquatic_life+flora_and_insects+household_and_people+mammals+outdoor_and_vehicles,5,dare,0.0914,0.1289929139010903,0.1633731782436371,0.3752159804105758,0.2407910588484739,4.542684841156006,5.0,0.9105719499234018,0.8700623468574562,1.0,0.2,0.9,1.0
resnet18,semantic,1,aquatic_life+flora_and_insects+household_and_people+mammals+outdoor_and_vehicles,5,dare,0.0944,0.1333847900470343,0.1633731782436371,0.3752159804105758,0.2407910588484739,4.542684841156006,5.0,0.9105719499234018,0.8700623468574562,1.0,0.2,0.9,2.0
resnet18,random,0,random_0+random_1,2,averaging,0.81725,0.970878588244604,0.1499555706977844,0.3853484392166137,0.23819656917921,4.441448450088501,2.0,0.9431777081623132,0.8866791481066163,,,,
resnet18,random,0,random_0+random_1,2,task_arithmetic,0.8025,0.9526715235325538,0.1499555706977844,0.3853484392166137,0.23819656917921,4.441448450088501,2.0,0.9431777081623132,0.8866791481066163,0.1,,,
resnet18,random,0,random_0+random_1,2,task_arithmetic,0.81,0.961592676123212,0.1499555706977844,0.3853484392166137,0.23819656917921,4.441448450088501,2.0,0.9431777081623132,0.8866791481066163,0.2,,,
resnet18,random,0,random_0+random_1,2,task_arithmetic,0.8155,0.9685132154232694,0.1499555706977844,0.3853484392166137,0.23819656917921,4.441448450088501,2.0,0.9431777081623132,0.8866791481066163,0.3,,,
resnet18,random,0,random_0+random_1,2,task_arithmetic,0.81725,0.970878588244604,0.1499555706977844,0.3853484392166137,0.23819656917921,4.441448450088501,2.0,0.9431777081623132,0.8866791481066163,0.5,,,
resnet18,random,0,random_0+random_1,2,task_arithmetic,0.7825,0.929638504757948,0.1499555706977844,0.3853484392166137,0.23819656917921,4.441448450088501,2.0,0.9431777081623132,0.8866791481066163,1.0,,,
resnet18,random,0,random_0+random_1,2,ties,0.8082499999999999,0.959605664035452,0.1499555706977844,0.3853484392166137,0.23819656917921,4.441448450088501,2.0,0.9431777081623132,0.8866791481066163,0.5,0.2,,
resnet18,random,0,random_0+random_1,2,ties,0.80775,0.959263161018458,0.1499555706977844,0.3853484392166137,0.23819656917921,4.441448450088501,2.0,0.9431777081623132,0.8866791481066163,1.0,0.2,,
resnet18,random,0,random_0+random_1,2,dare,0.7935,0.9427859220131758,0.1499555706977844,0.3853484392166137,0.23819656917921,4.441448450088501,2.0,0.9431777081623132,0.8866791481066163,1.0,0.2,0.9,0.0
resnet18,random,0,random_0+random_1,2,dare,0.7887500000000001,0.936999228440857,0.1499555706977844,0.3853484392166137,0.23819656917921,4.441448450088501,2.0,0.9431777081623132,0.8866791481066163,1.0,0.2,0.9,1.0
resnet18,random,0,random_0+random_1,2,dare,0.7847500000000001,0.9323463805962768,0.1499555706977844,0.3853484392166137,0.23819656917921,4.441448450088501,2.0,0.9431777081623132,0.8866791481066163,1.0,0.2,0.9,2.0
resnet18,random,0,random_0+random_2,2,averaging,0.84875,0.9818059409650262,0.1351036578416824,0.3968051373958587,0.228404821178068,4.351693868637085,2.0,0.9478843435748684,0.8973172634238769,,,,
resnet18,random,0,random_0+random_2,2,task_arithmetic,0.83325,0.9637722903274906,0.1351036578416824,0.3968051373958587,0.228404821178068,4.351693868637085,2.0,0.9478843435748684,0.8973172634238769,0.1,,,
resnet18,random,0,random_0+random_2,2,task_arithmetic,0.8440000000000001,0.9762618989075836,0.1351036578416824,0.3968051373958587,0.228404821178068,4.351693868637085,2.0,0.9478843435748684,0.8973172634238769,0.2,,,
resnet18,random,0,random_0+random_2,2,task_arithmetic,0.84775,0.9805929256384136,0.1351036578416824,0.3968051373958587,0.228404821178068,4.351693868637085,2.0,0.9478843435748684,0.8973172634238769,0.3,,,
resnet18,random,0,random_0+random_2,2,task_arithmetic,0.84875,0.9818059409650262,0.1351036578416824,0.3968051373958587,0.228404821178068,4.351693868637085,2.0,0.9478843435748684,0.8973172634238769,0.5,,,
resnet18,random,0,random_0+random_2,2,task_arithmetic,0.82675,0.9563794536747572,0.1351036578416824,0.3968051373958587,0.228404821178068,4.351693868637085,2.0,0.9478843435748684,0.8973172634238769,1.0,,,
resnet18,random,0,random_0+random_2,2,ties,0.83975,0.9713430983408852,0.1351036578416824,0.3968051373958587,0.228404821178068,4.351693868637085,2.0,0.9478843435748684,0.8973172634238769,0.5,0.2,,
resnet18,random,0,random_0+random_2,2,ties,0.844,0.976275949278162,0.1351036578416824,0.3968051373958587,0.228404821178068,4.351693868637085,2.0,0.9478843435748684,0.8973172634238769,1.0,0.2,,
resnet18,random,0,random_0+random_2,2,dare,0.8300000000000001,0.9601882749657522,0.1351036578416824,0.3968051373958587,0.228404821178068,4.351693868637085,2.0,0.9478843435748684,0.8973172634238769,1.0,0.2,0.9,0.0
resnet18,random,0,random_0+random_2,2,dare,0.8302499999999999,0.9604610863278183,0.1351036578416824,0.3968051373958587,0.228404821178068,4.351693868637085,2.0,0.9478843435748684,0.8973172634238769,1.0,0.2,0.9,1.0
resnet18,random,0,random_0+random_2,2,dare,0.83075,0.9609973421382322,0.1351036578416824,0.3968051373958587,0.228404821178068,4.351693868637085,2.0,0.9478843435748684,0.8973172634238769,1.0,0.2,0.9,2.0
resnet18,random,0,random_0+random_3,2,averaging,0.82775,0.9804739152448226,0.1459225416183471,0.3887496888637543,0.2479040542015026,4.401997089385986,2.0,0.94983274368269,0.9007116384286169,,,,
resnet18,random,0,random_0+random_3,2,task_arithmetic,0.81525,0.9654802107538388,0.1459225416183471,0.3887496888637543,0.2479040542015026,4.401997089385986,2.0,0.94983274368269,0.9007116384286169,0.1,,,
resnet18,random,0,random_0+random_3,2,task_arithmetic,0.82475,0.9768019446205876,0.1459225416183471,0.3887496888637543,0.2479040542015026,4.401997089385986,2.0,0.94983274368269,0.9007116384286169,0.2,,,
resnet18,random,0,random_0+random_3,2,task_arithmetic,0.8320000000000001,0.9854845154354084,0.1459225416183471,0.3887496888637543,0.2479040542015026,4.401997089385986,2.0,0.94983274368269,0.9007116384286169,0.3,,,
resnet18,random,0,random_0+random_3,2,task_arithmetic,0.82775,0.9804739152448226,0.1459225416183471,0.3887496888637543,0.2479040542015026,4.401997089385986,2.0,0.94983274368269,0.9007116384286169,0.5,,,
resnet18,random,0,random_0+random_3,2,task_arithmetic,0.7967500000000001,0.943697503776252,0.1459225416183471,0.3887496888637543,0.2479040542015026,4.401997089385986,2.0,0.94983274368269,0.9007116384286169,1.0,,,
resnet18,random,0,random_0+random_3,2,ties,0.8205,0.9718870235268756,0.1459225416183471,0.3887496888637543,0.2479040542015026,4.401997089385986,2.0,0.94983274368269,0.9007116384286169,0.5,0.2,,
resnet18,random,0,random_0+random_3,2,ties,0.815,0.9654421146730654,0.1459225416183471,0.3887496888637543,0.2479040542015026,4.401997089385986,2.0,0.94983274368269,0.9007116384286169,1.0,0.2,,
resnet18,random,0,random_0+random_3,2,dare,0.80375,0.9519975337615544,0.1459225416183471,0.3887496888637543,0.2479040542015026,4.401997089385986,2.0,0.94983274368269,0.9007116384286169,1.0,0.2,0.9,0.0
resnet18,random,0,random_0+random_3,2,dare,0.8045,0.952915526417613,0.1459225416183471,0.3887496888637543,0.2479040542015026,4.401997089385986,2.0,0.94983274368269,0.9007116384286169,1.0,0.2,0.9,1.0
resnet18,random,0,random_0+random_3,2,dare,0.8007500000000001,0.9484021064148184,0.1459225416183471,0.3887496888637543,0.2479040542015026,4.401997089385986,2.0,0.94983274368269,0.9007116384286169,1.0,0.2,0.9,2.0
resnet18,random,0,random_0+random_4,2,averaging,0.84825,0.9809001239724132,0.1230830177664756,0.4054908156394958,0.2285723484967226,4.337512493133545,2.0,0.9426446433461202,0.896114058668916,,,,
resnet18,random,0,random_0+random_4,2,task_arithmetic,0.83575,0.9664035763433354,0.1230830177664756,0.4054908156394958,0.2285723484967226,4.337512493133545,2.0,0.9426446433461202,0.896114058668916,0.1,,,
resnet18,random,0,random_0+random_4,2,task_arithmetic,0.8454999999999999,0.9777220771196676,0.1230830177664756,0.4054908156394958,0.2285723484967226,4.337512493133545,2.0,0.9426446433461202,0.896114058668916,0.2,,,
resnet18,random,0,random_0+random_4,2,task_arithmetic,0.8492500000000001,0.9820430573442622,0.1230830177664756,0.4054908156394958,0.2285723484967226,4.337512493133545,2.0,0.9426446433461202,0.896114058668916,0.3,,,
resnet18,random,0,random_0+random_4,2,task_arithmetic,0.84825,0.9809001239724132,0.1230830177664756,0.4054908156394958,0.2285723484967226,4.337512493133545,2.0,0.9426446433461202,0.896114058668916,0.5,,,
resnet18,random,0,random_0+random_4,2,task_arithmetic,0.8162499999999999,0.9440148205208444,0.1230830177664756,0.4054908156394958,0.2285723484967226,4.337512493133545,2.0,0.9426446433461202,0.896114058668916,1.0,,,
resnet18,random,0,random_0+random_4,2,ties,0.8415,0.9731097216036976,0.1230830177664756,0.4054908156394958,0.2285723484967226,4.337512493133545,2.0,0.9426446433461202,0.896114058668916,0.5,0.2,,
resnet18,random,0,random_0+random_4,2,ties,0.842,0.9737421213324828,0.1230830177664756,0.4054908156394958,0.2285723484967226,4.337512493133545,2.0,0.9426446433461202,0.896114058668916,1.0,0.2,,
resnet18,random,0,random_0+random_4,2,dare,0.82375,0.9526703216462252,0.1230830177664756,0.4054908156394958,0.2285723484967226,4.337512493133545,2.0,0.9426446433461202,0.896114058668916,1.0,0.2,0.9,0.0
resnet18,random,0,random_0+random_4,2,dare,0.819,0.9471748131386686,0.1230830177664756,0.4054908156394958,0.2285723484967226,4.337512493133545,2.0,0.9426446433461202,0.896114058668916,1.0,0.2,0.9,1.0
resnet18,random,0,random_0+random_4,2,dare,0.819,0.9472064080497816,0.1230830177664756,0.4054908156394958,0.2285723484967226,4.337512493133545,2.0,0.9426446433461202,0.896114058668916,1.0,0.2,0.9,2.0
resnet18,random,0,random_1+random_2,2,averaging,0.8175,0.97911556248115,0.166835606098175,0.3733711838722229,0.2554550475287511,4.448435783386231,2.0,0.9493406265044216,0.8888090628787971,,,,
resnet18,random,0,random_1+random_2,2,task_arithmetic,0.78525,0.9404280184980396,0.166835606098175,0.3733711838722229,0.2554550475287511,4.448435783386231,2.0,0.9493406265044216,0.8888090628787971,0.1,,,
resnet18,random,0,random_1+random_2,2,task_arithmetic,0.79925,0.957048607620388,0.166835606098175,0.3733711838722229,0.2554550475287511,4.448435783386231,2.0,0.9493406265044216,0.8888090628787971,0.2,,,
resnet18,random,0,random_1+random_2,2,task_arithmetic,0.80925,0.9691515029657184,0.166835606098175,0.3733711838722229,0.2554550475287511,4.448435783386231,2.0,0.9493406265044216,0.8888090628787971,0.3,,,
resnet18,random,0,random_1+random_2,2,task_arithmetic,0.8175,0.97911556248115,0.166835606098175,0.3733711838722229,0.2554550475287511,4.448435783386231,2.0,0.9493406265044216,0.8888090628787971,0.5,,,
resnet18,random,0,random_1+random_2,2,task_arithmetic,0.7869999999999999,0.942664873831306,0.166835606098175,0.3733711838722229,0.2554550475287511,4.448435783386231,2.0,0.9493406265044216,0.8888090628787971,1.0,,,
resnet18,random,0,random_1+random_2,2,ties,0.79925,0.9571139539559664,0.166835606098175,0.3733711838722229,0.2554550475287511,4.448435783386231,2.0,0.9493406265044216,0.8888090628787971,0.5,0.2,,
resnet18,random,0,random_1+random_2,2,ties,0.80775,0.9673695586609028,0.166835606098175,0.3733711838722229,0.2554550475287511,4.448435783386231,2.0,0.9493406265044216,0.8888090628787971,1.0,0.2,,
resnet18,random,0,random_1+random_2,2,dare,0.79975,0.9579094199256056,0.166835606098175,0.3733711838722229,0.2554550475287511,4.448435783386231,2.0,0.9493406265044216,0.8888090628787971,1.0,0.2,0.9,0.0
resnet18,random,0,random_1+random_2,2,dare,0.7922499999999999,0.9487873228108976,0.166835606098175,0.3733711838722229,0.2554550475287511,4.448435783386231,2.0,0.9493406265044216,0.8888090628787971,1.0,0.2,0.9,1.0
resnet18,random,0,random_1+random_2,2,dare,0.79175,0.9482532421835728,0.166835606098175,0.3733711838722229,0.2554550475287511,4.448435783386231,2.0,0.9493406265044216,0.8888090628787971,1.0,0.2,0.9,2.0
resnet18,random,0,random_1+random_3,2,averaging,0.7955,0.9766556276416783,0.1552207171916961,0.381883442401886,0.2394689628532269,4.498739004135132,2.0,0.9355357658323716,0.8922034378835373,,,,
resnet18,random,0,random_1+random_3,2,task_arithmetic,0.7735,0.9496147897811892,0.1552207171916961,0.381883442401886,0.2394689628532269,4.498739004135132,2.0,0.9355357658323716,0.8922034378835373,0.1,,,
resnet18,random,0,random_1+random_3,2,task_arithmetic,0.782,0.9600432014277877,0.1552207171916961,0.381883442401886,0.2394689628532269,4.498739004135132,2.0,0.9355357658323716,0.8922034378835373,0.2,,,
resnet18,random,0,random_1+random_3,2,task_arithmetic,0.7887500000000001,0.9683447039812844,0.1552207171916961,0.381883442401886,0.2394689628532269,4.498739004135132,2.0,0.9355357658323716,0.8922034378835373,0.3,,,
resnet18,random,0,random_1+random_3,2,task_arithmetic,0.7955,0.9766556276416783,0.1552207171916961,0.381883442401886,0.2394689628532269,4.498739004135132,2.0,0.9355357658323716,0.8922034378835373,0.5,,,
resnet18,random,0,random_1+random_3,2,task_arithmetic,0.7555000000000001,0.9275622396006054,0.1552207171916961,0.381883442401886,0.2394689628532269,4.498739004135132,2.0,0.9355357658323716,0.8922034378835373,1.0,,,
resnet18,random,0,random_1+random_3,2,ties,0.7797499999999999,0.9572779181313348,0.1552207171916961,0.381883442401886,0.2394689628532269,4.498739004135132,2.0,0.9355357658323716,0.8922034378835373,0.5,0.2,,
resnet18,random,0,random_1+random_3,2,ties,0.7845,0.9631201349403984,0.1552207171916961,0.381883442401886,0.2394689628532269,4.498739004135132,2.0,0.9355357658323716,0.8922034378835373,1.0,0.2,,
resnet18,random,0,random_1+random_3,2,dare,0.7575,0.9300271780091768,0.1552207171916961,0.381883442401886,0.2394689628532269,4.498739004135132,2.0,0.9355357658323716,0.8922034378835373,1.0,0.2,0.9,0.0
resnet18,random,0,random_1+random_3,2,dare,0.7637499999999999,0.9376790010310458,0.1552207171916961,0.381883442401886,0.2394689628532269,4.498739004135132,2.0,0.9355357658323716,0.8922034378835373,1.0,0.2,0.9,1.0
resnet18,random,0,random_1+random_3,2,dare,0.7569999999999999,0.9294001091341022,0.1552207171916961,0.381883442401886,0.2394689628532269,4.498739004135132,2.0,0.9355357658323716,0.8922034378835373,1.0,0.2,0.9,2.0
resnet18,random,0,random_1+random_4,2,averaging,0.8155,0.9763813772434462,0.1478527039289474,0.3872572779655456,0.2408180297063955,4.43425440788269,2.0,0.9394384324508916,0.8876058581238364,,,,
resnet18,random,0,random_1+random_4,2,task_arithmetic,0.79375,0.9501403768645148,0.1478527039289474,0.3872572779655456,0.2408180297063955,4.43425440788269,2.0,0.9394384324508916,0.8876058581238364,0.1,,,
resnet18,random,0,random_1+random_4,2,task_arithmetic,0.8015,0.959519647019647,0.1478527039289474,0.3872572779655456,0.2408180297063955,4.43425440788269,2.0,0.9394384324508916,0.8876058581238364,0.2,,,
resnet18,random,0,random_1+random_4,2,task_arithmetic,0.80725,0.966386343541516,0.1478527039289474,0.3872572779655456,0.2408180297063955,4.43425440788269,2.0,0.9394384324508916,0.8876058581238364,0.3,,,
resnet18,random,0,random_1+random_4,2,task_arithmetic,0.8155,0.9763813772434462,0.1478527039289474,0.3872572779655456,0.2408180297063955,4.43425440788269,2.0,0.9394384324508916,0.8876058581238364,0.5,,,
resnet18,random,0,random_1+random_4,2,task_arithmetic,0.7855,0.9406405376232962,0.1478527039289474,0.3872572779655456,0.2408180297063955,4.43425440788269,2.0,0.9394384324508916,0.8876058581238364,1.0,,,
resnet18,random,0,random_1+random_4,2,ties,0.79975,0.957364474605854,0.1478527039289474,0.3872572779655456,0.2408180297063955,4.43425440788269,2.0,0.9394384324508916,0.8876058581238364,0.5,0.2,,
resnet18,random,0,random_1+random_4,2,ties,0.80475,0.9635056035918104,0.1478527039289474,0.3872572779655456,0.2408180297063955,4.43425440788269,2.0,0.9394384324508916,0.8876058581238364,1.0,0.2,,
resnet18,random,0,random_1+random_4,2,dare,0.7942499999999999,0.9510697635697636,0.1478527039289474,0.3872572779655456,0.2408180297063955,4.43425440788269,2.0,0.9394384324508916,0.8876058581238364,1.0,0.2,0.9,0.0
resnet18,random,0,random_1+random_4,2,dare,0.78725,0.9428122165191132,0.1478527039289474,0.3872572779655456,0.2408180297063955,4.43425440788269,2.0,0.9394384324508916,0.8876058581238364,1.0,0.2,0.9,1.0
resnet18,random,0,random_1+random_4,2,dare,0.7845,0.939425517011724,0.1478527039289474,0.3872572779655456,0.2408180297063955,4.43425440788269,2.0,0.9394384324508916,0.8876058581238364,1.0,0.2,0.9,2.0
resnet18,random,0,random_2+random_3,2,averaging,0.82175,0.9815628891878484,0.1434067189693451,0.3906708359718323,0.2350530819785536,4.408984422683716,2.0,0.9490101988794414,0.9028415532007976,,,,
resnet18,random,0,random_2+random_3,2,task_arithmetic,0.8005,0.9562901677544596,0.1434067189693451,0.3906708359718323,0.2350530819785536,4.408984422683716,2.0,0.9490101988794414,0.9028415532007976,0.1,,,
resnet18,random,0,random_2+random_3,2,task_arithmetic,0.8160000000000001,0.9747417309291264,0.1434067189693451,0.3906708359718323,0.2350530819785536,4.408984422683716,2.0,0.9490101988794414,0.9028415532007976,0.2,,,
resnet18,random,0,random_2+random_3,2,task_arithmetic,0.82125,0.9810665129839312,0.1434067189693451,0.3906708359718323,0.2350530819785536,4.408984422683716,2.0,0.9490101988794414,0.9028415532007976,0.3,,,
resnet18,random,0,random_2+random_3,2,task_arithmetic,0.82175,0.9815628891878484,0.1434067189693451,0.3906708359718323,0.2350530819785536,4.408984422683716,2.0,0.9490101988794414,0.9028415532007976,0.5,,,
resnet18,random,0,random_2+random_3,2,task_arithmetic,0.80325,0.95930928412631,0.1434067189693451,0.3906708359718323,0.2350530819785536,4.408984422683716,2.0,0.9490101988794414,0.9028415532007976,1.0,,,
resnet18,random,0,random_2+random_3,2,ties,0.8127500000000001,0.9709082863780238,0.1434067189693451,0.3906708359718323,0.2350530819785536,4.408984422683716,2.0,0.9490101988794414,0.9028415532007976,0.5,0.2,,
resnet18,random,0,random_2+random_3,2,ties,0.81975,0.9792738847593592,0.1434067189693451,0.3906708359718323,0.2350530819785536,4.408984422683716,2.0,0.9490101988794414,0.9028415532007976,1.0,0.2,,
resnet18,random,0,random_2+random_3,2,dare,0.8069999999999999,0.9636680096063605,0.1434067189693451,0.3906708359718323,0.2350530819785536,4.408984422683716,2.0,0.9490101988794414,0.9028415532007976,1.0,0.2,0.9,0.0
resnet18,random,0,random_2+random_3,2,dare,0.8075,0.964366718885491,0.1434067189693451,0.3906708359718323,0.2350530819785536,4.408984422683716,2.0,0.9490101988794414,0.9028415532007976,1.0,0.2,0.9,1.0
resnet18,random,0,random_2+random_3,2,dare,0.80325,0.959367093576371,0.1434067189693451,0.3906708359718323,0.2350530819785536,4.408984422683716,2.0,0.9490101988794414,0.9028415532007976,1.0,0.2,0.9,2.0
resnet18,random,0,random_2+random_4,2,averaging,0.84625,0.9865926590416386,0.1315800249576568,0.3994084298610687,0.235447667036402,4.344499826431274,2.0,0.9425391862427656,0.8982439734410969,,,,
resnet18,random,0,random_2+random_4,2,task_arithmetic,0.8214999999999999,0.9577368210021272,0.1315800249576568,0.3994084298610687,0.235447667036402,4.344499826431274,2.0,0.9425391862427656,0.8982439734410969,0.1,,,
resnet18,random,0,random_2+random_4,2,task_arithmetic,0.8322499999999999,0.970271055475137,0.1315800249576568,0.3994084298610687,0.235447667036402,4.344499826431274,2.0,0.9425391862427656,0.8982439734410969,0.2,,,
resnet18,random,0,random_2+random_4,2,task_arithmetic,0.84175,0.9813468844081088,0.1315800249576568,0.3994084298610687,0.235447667036402,4.344499826431274,2.0,0.9425391862427656,0.8982439734410969,0.3,,,
resnet18,random,0,random_2+random_4,2,task_arithmetic,0.84625,0.9865926590416386,0.1315800249576568,0.3994084298610687,0.235447667036402,4.344499826431274,2.0,0.9425391862427656,0.8982439734410969,0.5,,,
resnet18,random,0,random_2+random_4,2,task_arithmetic,0.821,0.957154919910022,0.1315800249576568,0.3994084298610687,0.235447667036402,4.344499826431274,2.0,0.9425391862427656,0.8982439734410969,1.0,,,
resnet18,random,0,random_2+random_4,2,ties,0.83275,0.9708517672803388,0.1315800249576568,0.3994084298610687,0.235447667036402,4.344499826431274,2.0,0.9425391862427656,0.8982439734410969,0.5,0.2,,
resnet18,random,0,random_2+random_4,2,ties,0.83575,0.9743511590450368,0.1315800249576568,0.3994084298610687,0.235447667036402,4.344499826431274,2.0,0.9425391862427656,0.8982439734410969,1.0,0.2,,
resnet18,random,0,random_2+random_4,2,dare,0.82925,0.966773532589859,0.1315800249576568,0.3994084298610687,0.235447667036402,4.344499826431274,2.0,0.9425391862427656,0.8982439734410969,1.0,0.2,0.9,0.0
resnet18,random,0,random_2+random_4,2,dare,0.822,0.9583212705661684,0.1315800249576568,0.3994084298610687,0.235447667036402,4.344499826431274,2.0,0.9425391862427656,0.8982439734410969,1.0,0.2,0.9,1.0
resnet18,random,0,random_2+random_4,2,dare,0.8235,0.9600696922125492,0.1315800249576568,0.3994084298610687,0.235447667036402,4.344499826431274,2.0,0.9425391862427656,0.8982439734410969,1.0,0.2,0.9,2.0
resnet18,random,0,random_3+random_4,2,averaging,0.8240000000000001,0.9839148000102712,0.1416028439998626,0.3921808004379272,0.2382820466468921,4.394803047180176,2.0,0.9494994265829818,0.901638348445837,,,,
resnet18,random,0,random_3+random_4,2,task_arithmetic,0.8042499999999999,0.960325883826496,0.1416028439998626,0.3921808004379272,0.2382820466468921,4.394803047180176,2.0,0.9494994265829818,0.901638348445837,0.1,,,
resnet18,random,0,random_3+random_4,2,task_arithmetic,0.81575,0.9741385705277994,0.1416028439998626,0.3921808004379272,0.2382820466468921,4.394803047180176,2.0,0.9494994265829818,0.901638348445837,0.2,,,
resnet18,random,0,random_3+random_4,2,task_arithmetic,0.8205,0.9798063014097288,0.1416028439998626,0.3921808004379272,0.2382820466468921,4.394803047180176,2.0,0.9494994265829818,0.901638348445837,0.3,,,
resnet18,random,0,random_3+random_4,2,task_arithmetic,0.8240000000000001,0.9839148000102712,0.1416028439998626,0.3921808004379272,0.2382820466468921,4.394803047180176,2.0,0.9494994265829818,0.901638348445837,0.5,,,
resnet18,random,0,random_3+random_4,2,task_arithmetic,0.79825,0.9530550538812472,0.1416028439998626,0.3921808004379272,0.2382820466468921,4.394803047180176,2.0,0.9494994265829818,0.901638348445837,1.0,,,
resnet18,random,0,random_3+random_4,2,ties,0.817,0.9754930911601658,0.1416028439998626,0.3921808004379272,0.2382820466468921,4.394803047180176,2.0,0.9494994265829818,0.901638348445837,0.5,0.2,,
resnet18,random,0,random_3+random_4,2,ties,0.8205,0.9798063014097288,0.1416028439998626,0.3921808004379272,0.2382820466468921,4.394803047180176,2.0,0.9494994265829818,0.901638348445837,1.0,0.2,,
resnet18,random,0,random_3+random_4,2,dare,0.8029999999999999,0.9587081625025322,0.1416028439998626,0.3921808004379272,0.2382820466468921,4.394803047180176,2.0,0.9494994265829818,0.901638348445837,1.0,0.2,0.9,0.0
resnet18,random,0,random_3+random_4,2,dare,0.8035,0.9594663802130144,0.1416028439998626,0.3921808004379272,0.2382820466468921,4.394803047180176,2.0,0.9494994265829818,0.901638348445837,1.0,0.2,0.9,1.0
resnet18,random,0,random_3+random_4,2,dare,0.80075,0.9560419180982216,0.1416028439998626,0.3921808004379272,0.2382820466468921,4.394803047180176,2.0,0.9494994265829818,0.901638348445837,1.0,0.2,0.9,2.0
resnet18,random,0,random_0+random_1+random_2,3,averaging,0.823,0.971540742239088,0.1506316115458806,0.3851749201615651,0.240685479295343,4.4138593673706055,3.0,0.9468008927472013,0.8909351581364301,,,,
resnet18,random,0,random_0+random_1+random_2,3,task_arithmetic,0.8113333333333334,0.9574280668803022,0.1506316115458806,0.3851749201615651,0.240685479295343,4.4138593673706055,3.0,0.9468008927472013,0.8909351581364301,0.1,,,
resnet18,random,0,random_0+random_1+random_2,3,task_arithmetic,0.8178333333333333,0.9651373363162108,0.1506316115458806,0.3851749201615651,0.240685479295343,4.4138593673706055,3.0,0.9468008927472013,0.8909351581364301,0.2,,,
resnet18,random,0,random_0+random_1+random_2,3,task_arithmetic,0.8226666666666667,0.97103213968437,0.1506316115458806,0.3851749201615651,0.240685479295343,4.4138593673706055,3.0,0.9468008927472013,0.8909351581364301,0.3,,,
resnet18,random,0,random_0+random_1+random_2,3,task_arithmetic,0.8113333333333334,0.9576804554096552,0.1506316115458806,0.3851749201615651,0.240685479295343,4.4138593673706055,3.0,0.9468008927472013,0.8909351581364301,0.5,,,
resnet18,random,0,random_0+random_1+random_2,3,task_arithmetic,0.653,0.7696772916537973,0.1506316115458806,0.3851749201615651,0.240685479295343,4.4138593673706055,3.0,0.9468008927472013,0.8909351581364301,1.0,,,
resnet18,random,0,random_0+random_1+random_2,3,ties,0.8146666666666667,0.9613386423277642,0.1506316115458806,0.3851749201615651,0.240685479295343,4.4138593673706055,3.0,0.9468008927472013,0.8909351581364301,0.5,0.2,,
resnet18,random,0,random_0+random_1+random_2,3,ties,0.8111666666666667,0.957412828822747,0.1506316115458806,0.3851749201615651,0.240685479295343,4.4138593673706055,3.0,0.9468008927472013,0.8909351581364301,1.0,0.2,,
resnet18,random,0,random_0+random_1+random_2,3,dare,0.6973333333333334,0.8223682437938477,0.1506316115458806,0.3851749201615651,0.240685479295343,4.4138593673706055,3.0,0.9468008927472013,0.8909351581364301,1.0,0.2,0.9,0.0
resnet18,random,0,random_0+random_1+random_2,3,dare,0.6918333333333333,0.8157817389325405,0.1506316115458806,0.3851749201615651,0.240685479295343,4.4138593673706055,3.0,0.9468008927472013,0.8909351581364301,1.0,0.2,0.9,1.0
resnet18,random,0,random_0+random_1+random_2,3,dare,0.6975000000000001,0.8226358703807556,0.1506316115458806,0.3851749201615651,0.240685479295343,4.4138593673706055,3.0,0.9468008927472013,0.8909351581364301,1.0,0.2,0.9,2.0
resnet18,random,0,random_0+random_1+random_3,3,averaging,0.8055,0.9663482712911042,0.1503662765026092,0.3853271901607513,0.2418565287446465,4.447394847869873,3.0,0.9428487392257916,0.8931980748062568,,,,
resnet18,random,0,random_0+random_1+random_3,3,task_arithmetic,0.8005,0.960078528939102,0.1503662765026092,0.3853271901607513,0.2418565287446465,4.447394847869873,3.0,0.9428487392257916,0.8931980748062568,0.1,,,
resnet18,random,0,random_0+random_1+random_3,3,task_arithmetic,0.8075,0.9685414989230384,0.1503662765026092,0.3853271901607513,0.2418565287446465,4.447394847869873,3.0,0.9428487392257916,0.8931980748062568,0.2,,,
resnet18,random,0,random_0+random_1+random_3,3,task_arithmetic,0.8078333333333333,0.9691544757392072,0.1503662765026092,0.3853271901607513,0.2418565287446465,4.447394847869873,3.0,0.9428487392257916,0.8931980748062568,0.3,,,
resnet18,random,0,random_0+random_1+random_3,3,task_arithmetic,0.7885,0.945913496434684,0.1503662765026092,0.3853271901607513,0.2418565287446465,4.447394847869873,3.0,0.9428487392257916,0.8931980748062568,0.5,,,
resnet18,random,0,random_0+random_1+random_3,3,task_arithmetic,0.6231666666666666,0.7460148521079027,0.1503662765026092,0.3853271901607513,0.2418565287446465,4.447394847869873,3.0,0.9428487392257916,0.8931980748062568,1.0,,,
resnet18,random,0,random_0+random_1+random_3,3,ties,0.7985000000000001,0.95762697581724,0.1503662765026092,0.3853271901607513,0.2418565287446465,4.447394847869873,3.0,0.9428487392257916,0.8931980748062568,0.5,0.2,,
resnet18,random,0,random_0+random_1+random_3,3,ties,0.7961666666666667,0.9551775818566908,0.1503662765026092,0.3853271901607513,0.2418565287446465,4.447394847869873,3.0,0.9428487392257916,0.8931980748062568,1.0,0.2,,
resnet18,random,0,random_0+random_1+random_3,3,dare,0.6705,0.8032658224935162,0.1503662765026092,0.3853271901607513,0.2418565287446465,4.447394847869873,3.0,0.9428487392257916,0.8931980748062568,1.0,0.2,0.9,0.0
resnet18,random,0,random_0+random_1+random_3,3,dare,0.6713333333333332,0.8043142325286942,0.1503662765026092,0.3853271901607513,0.2418565287446465,4.447394847869873,3.0,0.9428487392257916,0.8931980748062568,1.0,0.2,0.9,1.0
resnet18,random,0,random_0+random_1+random_3,3,dare,0.672,0.8050292287079474,0.1503662765026092,0.3853271901607513,0.2418565287446465,4.447394847869873,3.0,0.9428487392257916,0.8931980748062568,1.0,0.2,0.9,2.0
resnet18,random,0,random_0+random_1+random_4,3,averaging,0.82,0.9678835509226036,0.1402970974644025,0.3926988442738851,0.2358623157941094,4.404405117034912,3.0,0.9417535946531084,0.8901330216331229,,,,
resnet18,random,0,random_0+random_1+random_4,3,task_arithmetic,0.8126666666666665,0.9587871852101184,0.1402970974644025,0.3926988442738851,0.2358623157941094,4.404405117034912,3.0,0.9417535946531084,0.8901330216331229,0.1,,,
resnet18,random,0,random_0+random_1+random_4,3,task_arithmetic,0.8181666666666666,0.9653394659626484,0.1402970974644025,0.3926988442738851,0.2358623157941094,4.404405117034912,3.0,0.9417535946531084,0.8901330216331229,0.2,,,
resnet18,random,0,random_0+random_1+random_4,3,task_arithmetic,0.8225000000000001,0.970698178477572,0.1402970974644025,0.3926988442738851,0.2358623157941094,4.404405117034912,3.0,0.9417535946531084,0.8901330216331229,0.3,,,
resnet18,random,0,random_0+random_1+random_4,3,task_arithmetic,0.8056666666666666,0.9508350959846598,0.1402970974644025,0.3926988442738851,0.2358623157941094,4.404405117034912,3.0,0.9417535946531084,0.8901330216331229,0.5,,,
resnet18,random,0,random_0+random_1+random_4,3,task_arithmetic,0.6691666666666666,0.7890820115581229,0.1402970974644025,0.3926988442738851,0.2358623157941094,4.404405117034912,3.0,0.9417535946531084,0.8901330216331229,1.0,,,
resnet18,random,0,random_0+random_1+random_4,3,ties,0.8148333333333332,0.9614015041414292,0.1402970974644025,0.3926988442738851,0.2358623157941094,4.404405117034912,3.0,0.9417535946531084,0.8901330216331229,0.5,0.2,,
resnet18,random,0,random_0+random_1+random_4,3,ties,0.8095,0.9553187545501628,0.1402970974644025,0.3926988442738851,0.2358623157941094,4.404405117034912,3.0,0.9417535946531084,0.8901330216331229,1.0,0.2,,
resnet18,random,0,random_0+random_1+random_4,3,dare,0.7128333333333333,0.8409594144949359,0.1402970974644025,0.3926988442738851,0.2358623157941094,4.404405117034912,3.0,0.9417535946531084,0.8901330216331229,1.0,0.2,0.9,0.0
resnet18,random,0,random_0+random_1+random_4,3,dare,0.7090000000000001,0.836331581449986,0.1402970974644025,0.3926988442738851,0.2358623157941094,4.404405117034912,3.0,0.9417535946531084,0.8901330216331229,1.0,0.2,0.9,1.0
resnet18,random,0,random_0+random_1+random_4,3,dare,0.7046666666666667,0.8311740422251432,0.1402970974644025,0.3926988442738851,0.2358623157941094,4.404405117034912,3.0,0.9417535946531084,0.8901330216331229,1.0,0.2,0.9,2.0
resnet18,random,0,random_0+random_2+random_3,3,averaging,0.8286666666666666,0.9763611935433436,0.1414776394764582,0.3920752207438151,0.2371206524527081,4.387558460235596,3.0,0.948909095379,0.9002901516844305,,,,
resnet18,random,0,random_0+random_2+random_3,3,task_arithmetic,0.8233333333333333,0.9701189027180324,0.1414776394764582,0.3920752207438151,0.2371206524527081,4.387558460235596,3.0,0.948909095379,0.9002901516844305,0.1,,,
resnet18,random,0,random_0+random_2+random_3,3,task_arithmetic,0.8298333333333333,0.9778282577420576,0.1414776394764582,0.3920752207438151,0.2371206524527081,4.387558460235596,3.0,0.948909095379,0.9002901516844305,0.2,,,
resnet18,random,0,random_0+random_2+random_3,3,task_arithmetic,0.8273333333333334,0.9748255556826738,0.1414776394764582,0.3920752207438151,0.2371206524527081,4.387558460235596,3.0,0.948909095379,0.9002901516844305,0.3,,,
resnet18,random,0,random_0+random_2+random_3,3,task_arithmetic,0.8216666666666667,0.9681319982156432,0.1414776394764582,0.3920752207438151,0.2371206524527081,4.387558460235596,3.0,0.948909095379,0.9002901516844305,0.5,,,
resnet18,random,0,random_0+random_2+random_3,3,task_arithmetic,0.6798333333333333,0.8000680935646335,0.1414776394764582,0.3920752207438151,0.2371206524527081,4.387558460235596,3.0,0.948909095379,0.9002901516844305,1.0,,,
resnet18,random,0,random_0+random_2+random_3,3,ties,0.8220000000000001,0.9686241228114364,0.1414776394764582,0.3920752207438151,0.2371206524527081,4.387558460235596,3.0,0.948909095379,0.9002901516844305,0.5,0.2,,
resnet18,random,0,random_0+random_2+random_3,3,ties,0.8215,0.9680790360765528,0.1414776394764582,0.3920752207438151,0.2371206524527081,4.387558460235596,3.0,0.948909095379,0.9002901516844305,1.0,0.2,,
resnet18,random,0,random_0+random_2+random_3,3,dare,0.7243333333333334,0.8528202954115732,0.1414776394764582,0.3920752207438151,0.2371206524527081,4.387558460235596,3.0,0.948909095379,0.9002901516844305,1.0,0.2,0.9,0.0
resnet18,random,0,random_0+random_2+random_3,3,dare,0.7218333333333332,0.8500001206214663,0.1414776394764582,0.3920752207438151,0.2371206524527081,4.387558460235596,3.0,0.948909095379,0.9002901516844305,1.0,0.2,0.9,1.0
resnet18,random,0,random_0+random_2+random_3,3,dare,0.7296666666666667,0.859124053980767,0.1414776394764582,0.3920752207438151,0.2371206524527081,4.387558460235596,3.0,0.948909095379,0.9002901516844305,1.0,0.2,0.9,2.0
resnet18,random,0,random_0+random_2+random_4,3,averaging,0.8418333333333333,0.9762566095489628,0.1299222335219383,0.4005681276321411,0.2308082789037309,4.344568729400635,3.0,0.9443560577212514,0.8972250985112966,,,,
resnet18,random,0,random_0+random_2+random_4,3,task_arithmetic,0.8331666666666666,0.9661398255324984,0.1299222335219383,0.4005681276321411,0.2308082789037309,4.344568729400635,3.0,0.9443560577212514,0.8972250985112966,0.1,,,
resnet18,random,0,random_0+random_2+random_4,3,task_arithmetic,0.8411666666666666,0.9754238603513252,0.1299222335219383,0.4005681276321411,0.2308082789037309,4.344568729400635,3.0,0.9443560577212514,0.8972250985112966,0.2,,,
resnet18,random,0,random_0+random_2+random_4,3,task_arithmetic,0.842,0.9764326922428718,0.1299222335219383,0.4005681276321411,0.2308082789037309,4.344568729400635,3.0,0.9443560577212514,0.8972250985112966,0.3,,,
resnet18,random,0,random_0+random_2+random_4,3,task_arithmetic,0.8353333333333334,0.9687608501107396,0.1299222335219383,0.4005681276321411,0.2308082789037309,4.344568729400635,3.0,0.9443560577212514,0.8972250985112966,0.5,,,
resnet18,random,0,random_0+random_2+random_4,3,task_arithmetic,0.7166666666666667,0.8310655576699343,0.1299222335219383,0.4005681276321411,0.2308082789037309,4.344568729400635,3.0,0.9443560577212514,0.8972250985112966,1.0,,,
resnet18,random,0,random_0+random_2+random_4,3,ties,0.8370000000000001,0.970608825919866,0.1299222335219383,0.4005681276321411,0.2308082789037309,4.344568729400635,3.0,0.9443560577212514,0.8972250985112966,0.5,0.2,,
resnet18,random,0,random_0+random_2+random_4,3,ties,0.8386666666666667,0.9725732972597984,0.1299222335219383,0.4005681276321411,0.2308082789037309,4.344568729400635,3.0,0.9443560577212514,0.8972250985112966,1.0,0.2,,
resnet18,random,0,random_0+random_2+random_4,3,dare,0.7523333333333334,0.8724896800874179,0.1299222335219383,0.4005681276321411,0.2308082789037309,4.344568729400635,3.0,0.9443560577212514,0.8972250985112966,1.0,0.2,0.9,0.0
resnet18,random,0,random_0+random_2+random_4,3,dare,0.7505000000000001,0.8703183560695239,0.1299222335219383,0.4005681276321411,0.2308082789037309,4.344568729400635,3.0,0.9443560577212514,0.8972250985112966,1.0,0.2,0.9,1.0
resnet18,random,0,random_0+random_2+random_4,3,dare,0.7545000000000001,0.8749670145170514,0.1299222335219383,0.4005681276321411,0.2308082789037309,4.344568729400635,3.0,0.9443560577212514,0.8972250985112966,1.0,0.2,0.9,2.0
resnet18,random,0,random_0+random_3+random_4,3,averaging,0.8251666666666667,0.9721305445376762,0.1368694677948951,0.3954737683137257,0.2382528164483724,4.378104209899902,3.0,0.947325604537264,0.8994880151811233,,,,
resnet18,random,0,random_0+random_3+random_4,3,task_arithmetic,0.8226666666666667,0.9691207519988986,0.1368694677948951,0.3954737683137257,0.2382528164483724,4.378104209899902,3.0,0.947325604537264,0.8994880151811233,0.1,,,
resnet18,random,0,random_0+random_3+random_4,3,task_arithmetic,0.8303333333333334,0.9782645778649378,0.1368694677948951,0.3954737683137257,0.2382528164483724,4.378104209899902,3.0,0.947325604537264,0.8994880151811233,0.2,,,
resnet18,random,0,random_0+random_3+random_4,3,task_arithmetic,0.8276666666666667,0.9750622268724052,0.1368694677948951,0.3954737683137257,0.2382528164483724,4.378104209899902,3.0,0.947325604537264,0.8994880151811233,0.3,,,
resnet18,random,0,random_0+random_3+random_4,3,task_arithmetic,0.8156666666666667,0.9610271254031116,0.1368694677948951,0.3954737683137257,0.2382528164483724,4.378104209899902,3.0,0.947325604537264,0.8994880151811233,0.5,,,
resnet18,random,0,random_0+random_3+random_4,3,task_arithmetic,0.6881666666666667,0.8097904198868644,0.1368694677948951,0.3954737683137257,0.2382528164483724,4.378104209899902,3.0,0.947325604537264,0.8994880151811233,1.0,,,
resnet18,random,0,random_0+random_3+random_4,3,ties,0.8228333333333334,0.969403581627262,0.1368694677948951,0.3954737683137257,0.2382528164483724,4.378104209899902,3.0,0.947325604537264,0.8994880151811233,0.5,0.2,,
resnet18,random,0,random_0+random_3+random_4,3,ties,0.8178333333333333,0.9635951007188712,0.1368694677948951,0.3954737683137257,0.2382528164483724,4.378104209899902,3.0,0.947325604537264,0.8994880151811233,1.0,0.2,,
resnet18,random,0,random_0+random_3+random_4,3,dare,0.723,0.85102930271487,0.1368694677948951,0.3954737683137257,0.2382528164483724,4.378104209899902,3.0,0.947325604537264,0.8994880151811233,1.0,0.2,0.9,0.0
resnet18,random,0,random_0+random_3+random_4,3,dare,0.7271666666666666,0.8560797999900801,0.1368694677948951,0.3954737683137257,0.2382528164483724,4.378104209899902,3.0,0.947325604537264,0.8994880151811233,1.0,0.2,0.9,1.0
resnet18,random,0,random_0+random_3+random_4,3,dare,0.7153333333333333,0.8418006275101731,0.1368694677948951,0.3954737683137257,0.2382528164483724,4.378104209899902,3.0,0.947325604537264,0.8994880151811233,1.0,0.2,0.9,2.0
resnet18,random,0,random_1+random_2+random_3,3,averaging,0.8043333333333335,0.9703184989378836,0.1551543474197387,0.3819751540819804,0.2433256974535105,4.452053070068359,3.0,0.9446288637387448,0.8946180179877107,,,,
resnet18,random,0,random_1+random_2+random_3,3,task_arithmetic,0.7931666666666667,0.9568110742135276,0.1551543474197387,0.3819751540819804,0.2433256974535105,4.452053070068359,3.0,0.9446288637387448,0.8946180179877107,0.1,,,
resnet18,random,0,random_1+random_2+random_3,3,task_arithmetic,0.8005,0.9656311601221276,0.1551543474197387,0.3819751540819804,0.2433256974535105,4.452053070068359,3.0,0.9446288637387448,0.8946180179877107,0.2,,,
resnet18,random,0,random_1+random_2+random_3,3,task_arithmetic,0.8041666666666667,0.9701178547402826,0.1551543474197387,0.3819751540819804,0.2433256974535105,4.452053070068359,3.0,0.9446288637387448,0.8946180179877107,0.3,,,
resnet18,random,0,random_1+random_2+random_3,3,task_arithmetic,0.7951666666666667,0.9590734657454396,0.1551543474197387,0.3819751540819804,0.2433256974535105,4.452053070068359,3.0,0.9446288637387448,0.8946180179877107,0.5,,,
resnet18,random,0,random_1+random_2+random_3,3,task_arithmetic,0.6281666666666667,0.7571844976662726,0.1551543474197387,0.3819751540819804,0.2433256974535105,4.452053070068359,3.0,0.9446288637387448,0.8946180179877107,1.0,,,
resnet18,random,0,random_1+random_2+random_3,3,ties,0.7966666666666667,0.9610154483798814,0.1551543474197387,0.3819751540819804,0.2433256974535105,4.452053070068359,3.0,0.9446288637387448,0.8946180179877107,0.5,0.2,,
resnet18,random,0,random_1+random_2+random_3,3,ties,0.7935,0.9572693435140968,0.1551543474197387,0.3819751540819804,0.2433256974535105,4.452053070068359,3.0,0.9446288637387448,0.8946180179877107,1.0,0.2,,
resnet18,random,0,random_1+random_2+random_3,3,dare,0.6758333333333333,0.8147153044551053,0.1551543474197387,0.3819751540819804,0.2433256974535105,4.452053070068359,3.0,0.9446288637387448,0.8946180179877107,1.0,0.2,0.9,0.0
resnet18,random,0,random_1+random_2+random_3,3,dare,0.6676666666666667,0.8049724176651143,0.1551543474197387,0.3819751540819804,0.2433256974535105,4.452053070068359,3.0,0.9446288637387448,0.8946180179877107,1.0,0.2,0.9,1.0
resnet18,random,0,random_1+random_2+random_3,3,dare,0.6771666666666666,0.8164285533810632,0.1551543474197387,0.3819751540819804,0.2433256974535105,4.452053070068359,3.0,0.9446288637387448,0.8946180179877107,1.0,0.2,0.9,2.0
resnet18,random,0,random_1+random_2+random_4,3,averaging,0.8184999999999999,0.9711984571062684,0.1487561116615931,0.3866789638996124,0.2439069147571829,4.409063339233398,3.0,0.9437727483993597,0.8915529648145769,,,,
resnet18,random,0,random_1+random_2+random_4,3,task_arithmetic,0.8045,0.9545480264516154,0.1487561116615931,0.3866789638996124,0.2439069147571829,4.409063339233398,3.0,0.9437727483993597,0.8915529648145769,0.1,,,
resnet18,random,0,random_1+random_2+random_4,3,task_arithmetic,0.8153333333333332,0.967419215783044,0.1487561116615931,0.3866789638996124,0.2439069147571829,4.409063339233398,3.0,0.9437727483993597,0.8915529648145769,0.2,,,
resnet18,random,0,random_1+random_2+random_4,3,task_arithmetic,0.8191666666666667,0.9720303662245956,0.1487561116615931,0.3866789638996124,0.2439069147571829,4.409063339233398,3.0,0.9437727483993597,0.8915529648145769,0.3,,,
resnet18,random,0,random_1+random_2+random_4,3,task_arithmetic,0.8130000000000001,0.9647988652211033,0.1487561116615931,0.3866789638996124,0.2439069147571829,4.409063339233398,3.0,0.9437727483993597,0.8915529648145769,0.5,,,
resnet18,random,0,random_1+random_2+random_4,3,task_arithmetic,0.6543333333333333,0.776632818663079,0.1487561116615931,0.3866789638996124,0.2439069147571829,4.409063339233398,3.0,0.9437727483993597,0.8915529648145769,1.0,,,
resnet18,random,0,random_1+random_2+random_4,3,ties,0.8111666666666667,0.9624296631509862,0.1487561116615931,0.3866789638996124,0.2439069147571829,4.409063339233398,3.0,0.9437727483993597,0.8915529648145769,0.5,0.2,,
resnet18,random,0,random_1+random_2+random_4,3,ties,0.8135,0.9652602284727548,0.1487561116615931,0.3866789638996124,0.2439069147571829,4.409063339233398,3.0,0.9437727483993597,0.8915529648145769,1.0,0.2,,
resnet18,random,0,random_1+random_2+random_4,3,dare,0.6968333333333333,0.8270129139763199,0.1487561116615931,0.3866789638996124,0.2439069147571829,4.409063339233398,3.0,0.9437727483993597,0.8915529648145769,1.0,0.2,0.9,0.0
resnet18,random,0,random_1+random_2+random_4,3,dare,0.6890000000000001,0.8176176919491486,0.1487561116615931,0.3866789638996124,0.2439069147571829,4.409063339233398,3.0,0.9437727483993597,0.8915529648145769,1.0,0.2,0.9,1.0
resnet18,random,0,random_1+random_2+random_4,3,dare,0.693,0.8225433472618553,0.1487561116615931,0.3866789638996124,0.2439069147571829,4.409063339233398,3.0,0.9437727483993597,0.8915529648145769,1.0,0.2,0.9,2.0
resnet18,random,0,random_1+random_3+random_4,3,averaging,0.8068333333333334,0.973092228283635,0.1482254217068354,0.3871071736017863,0.2395230130688382,4.442598819732666,3.0,0.9414912082887484,0.8938158814844036,,,,
resnet18,random,0,random_1+random_3+random_4,3,task_arithmetic,0.7944999999999999,0.95818885235063,0.1482254217068354,0.3871071736017863,0.2395230130688382,4.442598819732666,3.0,0.9414912082887484,0.8938158814844036,0.1,,,
resnet18,random,0,random_1+random_3+random_4,3,task_arithmetic,0.8035,0.969062912073506,0.1482254217068354,0.3871071736017863,0.2395230130688382,4.442598819732666,3.0,0.9414912082887484,0.8938158814844036,0.2,,,
resnet18,random,0,random_1+random_3+random_4,3,task_arithmetic,0.807,0.9733427562322172,0.1482254217068354,0.3871071736017863,0.2395230130688382,4.442598819732666,3.0,0.9414912082887484,0.8938158814844036,0.3,,,
resnet18,random,0,random_1+random_3+random_4,3,task_arithmetic,0.7919999999999999,0.9552797709004184,0.1482254217068354,0.3871071736017863,0.2395230130688382,4.442598819732666,3.0,0.9414912082887484,0.8938158814844036,0.5,,,
resnet18,random,0,random_1+random_3+random_4,3,task_arithmetic,0.628,0.7573410594292289,0.1482254217068354,0.3871071736017863,0.2395230130688382,4.442598819732666,3.0,0.9414912082887484,0.8938158814844036,1.0,,,
resnet18,random,0,random_1+random_3+random_4,3,ties,0.7959999999999999,0.9599270549181916,0.1482254217068354,0.3871071736017863,0.2395230130688382,4.442598819732666,3.0,0.9414912082887484,0.8938158814844036,0.5,0.2,,
resnet18,random,0,random_1+random_3+random_4,3,ties,0.7935,0.9570648561753528,0.1482254217068354,0.3871071736017863,0.2395230130688382,4.442598819732666,3.0,0.9414912082887484,0.8938158814844036,1.0,0.2,,
resnet18,random,0,random_1+random_3+random_4,3,dare,0.6789999999999999,0.8188125500886653,0.1482254217068354,0.3871071736017863,0.2395230130688382,4.442598819732666,3.0,0.9414912082887484,0.8938158814844036,1.0,0.2,0.9,0.0
resnet18,random,0,random_1+random_3+random_4,3,dare,0.6703333333333333,0.8081650923629567,0.1482254217068354,0.3871071736017863,0.2395230130688382,4.442598819732666,3.0,0.9414912082887484,0.8938158814844036,1.0,0.2,0.9,1.0
resnet18,random,0,random_1+random_3+random_4,3,dare,0.665,0.8019361715442836,0.1482254217068354,0.3871071736017863,0.2395230130688382,4.442598819732666,3.0,0.9414912082887484,0.8938158814844036,1.0,0.2,0.9,2.0
resnet18,random,0,random_2+random_3+random_4,3,averaging,0.8254999999999999,0.9778784254017188,0.1388631959756215,0.3940866887569427,0.2362609318872826,4.382762432098389,3.0,0.9470162705683964,0.9009079583625772,,,,
resnet18,random,0,random_2+random_3+random_4,3,task_arithmetic,0.8133333333333334,0.963529270835743,0.1388631959756215,0.3940866887569427,0.2362609318872826,4.382762432098389,3.0,0.9470162705683964,0.9009079583625772,0.1,,,
resnet18,random,0,random_2+random_3+random_4,3,task_arithmetic,0.8246666666666668,0.9770242657810414,0.1388631959756215,0.3940866887569427,0.2362609318872826,4.382762432098389,3.0,0.9470162705683964,0.9009079583625772,0.2,,,
resnet18,random,0,random_2+random_3+random_4,3,task_arithmetic,0.8251666666666667,0.9775192827999264,0.1388631959756215,0.3940866887569427,0.2362609318872826,4.382762432098389,3.0,0.9470162705683964,0.9009079583625772,0.3,,,
resnet18,random,0,random_2+random_3+random_4,3,task_arithmetic,0.8176666666666667,0.968542368907068,0.1388631959756215,0.3940866887569427,0.2362609318872826,4.382762432098389,3.0,0.9470162705683964,0.9009079583625772,0.5,,,
resnet18,random,0,random_2+random_3+random_4,3,task_arithmetic,0.6789999999999999,0.8038361715165853,0.1388631959756215,0.3940866887569427,0.2362609318872826,4.382762432098389,3.0,0.9470162705683964,0.9009079583625772,1.0,,,
resnet18,random,0,random_2+random_3+random_4,3,ties,0.8201666666666666,0.971699146572376,0.1388631959756215,0.3940866887569427,0.2362609318872826,4.382762432098389,3.0,0.9470162705683964,0.9009079583625772,0.5,0.2,,
resnet18,random,0,random_2+random_3+random_4,3,ties,0.8188333333333334,0.9700481163424236,0.1388631959756215,0.3940866887569427,0.2362609318872826,4.382762432098389,3.0,0.9470162705683964,0.9009079583625772,1.0,0.2,,
resnet18,random,0,random_2+random_3+random_4,3,dare,0.7225,0.855530005122841,0.1388631959756215,0.3940866887569427,0.2362609318872826,4.382762432098389,3.0,0.9470162705683964,0.9009079583625772,1.0,0.2,0.9,0.0
resnet18,random,0,random_2+random_3+random_4,3,dare,0.7140000000000001,0.8452804734185095,0.1388631959756215,0.3940866887569427,0.2362609318872826,4.382762432098389,3.0,0.9470162705683964,0.9009079583625772,1.0,0.2,0.9,1.0
resnet18,random,0,random_2+random_3+random_4,3,dare,0.7166666666666667,0.8484580729278853,0.1388631959756215,0.3940866887569427,0.2362609318872826,4.382762432098389,3.0,0.9470162705683964,0.9009079583625772,1.0,0.2,0.9,2.0
resnet18,random,0,random_0+random_1+random_2+random_3+random_4,5,averaging,0.8153,0.9667721606756444,0.1440563403069973,0.3901166051626205,0.2387602628805724,4.406236839294434,5.0,0.9448903075258864,0.8952164342601929,,,,
resnet18,random,0,random_0+random_1+random_2+random_3+random_4,5,task_arithmetic,0.8131999999999999,0.9642326331805904,0.1440563403069973,0.3901166051626205,0.2387602628805724,4.406236839294434,5.0,0.9448903075258864,0.8952164342601929,0.1,,,
resnet18,random,0,random_0+random_1+random_2+random_3+random_4,5,task_arithmetic,0.8153,0.9667721606756444,0.1440563403069973,0.3901166051626205,0.2387602628805724,4.406236839294434,5.0,0.9448903075258864,0.8952164342601929,0.2,,,
resnet18,random,0,random_0+random_1+random_2+random_3+random_4,5,task_arithmetic,0.8018000000000001,0.9506612897079236,0.1440563403069973,0.3901166051626205,0.2387602628805724,4.406236839294434,5.0,0.9448903075258864,0.8952164342601929,0.3,,,
resnet18,random,0,random_0+random_1+random_2+random_3+random_4,5,task_arithmetic,0.7155,0.8477995609759669,0.1440563403069973,0.3901166051626205,0.2387602628805724,4.406236839294434,5.0,0.9448903075258864,0.8952164342601929,0.5,,,
resnet18,random,0,random_0+random_1+random_2+random_3+random_4,5,task_arithmetic,0.2619,0.3096562350635957,0.1440563403069973,0.3901166051626205,0.2387602628805724,4.406236839294434,5.0,0.9448903075258864,0.8952164342601929,1.0,,,
resnet18,random,0,random_0+random_1+random_2+random_3+random_4,5,ties,0.8112999999999999,0.9619264946155782,0.1440563403069973,0.3901166051626205,0.2387602628805724,4.406236839294434,5.0,0.9448903075258864,0.8952164342601929,0.5,0.2,,
resnet18,random,0,random_0+random_1+random_2+random_3+random_4,5,ties,0.7981999999999999,0.9464502835640376,0.1440563403069973,0.3901166051626205,0.2387602628805724,4.406236839294434,5.0,0.9448903075258864,0.8952164342601929,1.0,0.2,,
resnet18,random,0,random_0+random_1+random_2+random_3+random_4,5,dare,0.4227999999999999,0.4999788921530692,0.1440563403069973,0.3901166051626205,0.2387602628805724,4.406236839294434,5.0,0.9448903075258864,0.8952164342601929,1.0,0.2,0.9,0.0
resnet18,random,0,random_0+random_1+random_2+random_3+random_4,5,dare,0.4208,0.4976337728250062,0.1440563403069973,0.3901166051626205,0.2387602628805724,4.406236839294434,5.0,0.9448903075258864,0.8952164342601929,1.0,0.2,0.9,1.0
resnet18,random,0,random_0+random_1+random_2+random_3+random_4,5,dare,0.4196,0.4965375140802227,0.1440563403069973,0.3901166051626205,0.2387602628805724,4.406236839294434,5.0,0.9448903075258864,0.8952164342601929,1.0,0.2,0.9,2.0
resnet18,random,1,random_0+random_1,2,averaging,0.81975,0.9754964281980076,0.1444571763277053,0.3898505568504333,0.2410936643500763,4.433340311050415,2.0,0.9408267669340123,0.8926327449465983,,,,
resnet18,random,1,random_0+random_1,2,task_arithmetic,0.80175,0.9533223695286568,0.1444571763277053,0.3898505568504333,0.2410936643500763,4.433340311050415,2.0,0.9408267669340123,0.8926327449465983,0.1,,,
resnet18,random,1,random_0+random_1,2,task_arithmetic,0.8105,0.963620253029962,0.1444571763277053,0.3898505568504333,0.2410936643500763,4.433340311050415,2.0,0.9408267669340123,0.8926327449465983,0.2,,,
resnet18,random,1,random_0+random_1,2,task_arithmetic,0.8160000000000001,0.9704080059403029,0.1444571763277053,0.3898505568504333,0.2410936643500763,4.433340311050415,2.0,0.9408267669340123,0.8926327449465983,0.3,,,
resnet18,random,1,random_0+random_1,2,task_arithmetic,0.81975,0.9754964281980076,0.1444571763277053,0.3898505568504333,0.2410936643500763,4.433340311050415,2.0,0.9408267669340123,0.8926327449465983,0.5,,,
resnet18,random,1,random_0+random_1,2,task_arithmetic,0.79375,0.9446316640113702,0.1444571763277053,0.3898505568504333,0.2410936643500763,4.433340311050415,2.0,0.9408267669340123,0.8926327449465983,1.0,,,
resnet18,random,1,random_0+random_1,2,ties,0.8055,0.957802584173488,0.1444571763277053,0.3898505568504333,0.2410936643500763,4.433340311050415,2.0,0.9408267669340123,0.8926327449465983,0.5,0.2,,
resnet18,random,1,random_0+random_1,2,ties,0.81,0.963609265596396,0.1444571763277053,0.3898505568504333,0.2410936643500763,4.433340311050415,2.0,0.9408267669340123,0.8926327449465983,1.0,0.2,,
resnet18,random,1,random_0+random_1,2,dare,0.79975,0.9516643303602282,0.1444571763277053,0.3898505568504333,0.2410936643500763,4.433340311050415,2.0,0.9408267669340123,0.8926327449465983,1.0,0.2,0.9,0.0
resnet18,random,1,random_0+random_1,2,dare,0.7985,0.9502099131461098,0.1444571763277053,0.3898505568504333,0.2410936643500763,4.433340311050415,2.0,0.9408267669340123,0.8926327449465983,1.0,0.2,0.9,1.0
resnet18,random,1,random_0+random_1,2,dare,0.794,0.9447541207306288,0.1444571763277053,0.3898505568504333,0.2410936643500763,4.433340311050415,2.0,0.9408267669340123,0.8926327449465983,1.0,0.2,0.9,2.0
resnet18,random,1,random_0+random_2,2,averaging,0.8514999999999999,0.9847024137506754,0.1230073869228363,0.4059915542602539,0.231741456324006,4.351884841918945,2.0,0.9474885395344051,0.9032737859610964,,,,
resnet18,random,1,random_0+random_2,2,task_arithmetic,0.8322499999999999,0.9623428213385832,0.1230073869228363,0.4059915542602539,0.231741456324006,4.351884841918945,2.0,0.9474885395344051,0.9032737859610964,0.1,,,
resnet18,random,1,random_0+random_2,2,task_arithmetic,0.8455,0.9777340260205748,0.1230073869228363,0.4059915542602539,0.231741456324006,4.351884841918945,2.0,0.9474885395344051,0.9032737859610964,0.2,,,
resnet18,random,1,random_0+random_2,2,task_arithmetic,0.8492500000000001,0.9820914625339032,0.1230073869228363,0.4059915542602539,0.231741456324006,4.351884841918945,2.0,0.9474885395344051,0.9032737859610964,0.3,,,
resnet18,random,1,random_0+random_2,2,task_arithmetic,0.8514999999999999,0.9847024137506754,0.1230073869228363,0.4059915542602539,0.231741456324006,4.351884841918945,2.0,0.9474885395344051,0.9032737859610964,0.5,,,
resnet18,random,1,random_0+random_2,2,task_arithmetic,0.831,0.9611165870464188,0.1230073869228363,0.4059915542602539,0.231741456324006,4.351884841918945,2.0,0.9474885395344051,0.9032737859610964,1.0,,,
resnet18,random,1,random_0+random_2,2,ties,0.8382499999999999,0.9693404648288922,0.1230073869228363,0.4059915542602539,0.231741456324006,4.351884841918945,2.0,0.9474885395344051,0.9032737859610964,0.5,0.2,,
resnet18,random,1,random_0+random_2,2,ties,0.844,0.9760343499403517,0.1230073869228363,0.4059915542602539,0.231741456324006,4.351884841918945,2.0,0.9474885395344051,0.9032737859610964,1.0,0.2,,
resnet18,random,1,random_0+random_2,2,dare,0.8365,0.96747745801882,0.1230073869228363,0.4059915542602539,0.231741456324006,4.351884841918945,2.0,0.9474885395344051,0.9032737859610964,1.0,0.2,0.9,0.0
resnet18,random,1,random_0+random_2,2,dare,0.8382499999999999,0.9694808924778926,0.1230073869228363,0.4059915542602539,0.231741456324006,4.351884841918945,2.0,0.9474885395344051,0.9032737859610964,1.0,0.2,0.9,1.0
resnet18,random,1,random_0+random_2,2,dare,0.83325,0.9637392405672742,0.1230073869228363,0.4059915542602539,0.231741456324006,4.351884841918945,2.0,0.9474885395344051,0.9032737859610964,1.0,0.2,0.9,2.0
resnet18,random,1,random_0+random_3,2,averaging,0.83175,0.9836812460900488,0.1475228369235992,0.3873854279518127,0.2482819052634435,4.421045780181885,2.0,0.9434704600003256,0.9013726783521846,,,,
resnet18,random,1,random_0+random_3,2,task_arithmetic,0.8165,0.9652906554442614,0.1475228369235992,0.3873854279518127,0.2482819052634435,4.421045780181885,2.0,0.9434704600003256,0.9013726783521846,0.1,,,
resnet18,random,1,random_0+random_3,2,task_arithmetic,0.827,0.9778161444768048,0.1475228369235992,0.3873854279518127,0.2482819052634435,4.421045780181885,2.0,0.9434704600003256,0.9013726783521846,0.2,,,
resnet18,random,1,random_0+random_3,2,task_arithmetic,0.831,0.9825507716336632,0.1475228369235992,0.3873854279518127,0.2482819052634435,4.421045780181885,2.0,0.9434704600003256,0.9013726783521846,0.3,,,
resnet18,random,1,random_0+random_3,2,task_arithmetic,0.83175,0.9836812460900488,0.1475228369235992,0.3873854279518127,0.2482819052634435,4.421045780181885,2.0,0.9434704600003256,0.9013726783521846,0.5,,,
resnet18,random,1,random_0+random_3,2,task_arithmetic,0.8005,0.9464298210134592,0.1475228369235992,0.3873854279518127,0.2482819052634435,4.421045780181885,2.0,0.9434704600003256,0.9013726783521846,1.0,,,
resnet18,random,1,random_0+random_3,2,ties,0.82325,0.9735813262834088,0.1475228369235992,0.3873854279518127,0.2482819052634435,4.421045780181885,2.0,0.9434704600003256,0.9013726783521846,0.5,0.2,,
resnet18,random,1,random_0+random_3,2,ties,0.8235,0.9739646239519232,0.1475228369235992,0.3873854279518127,0.2482819052634435,4.421045780181885,2.0,0.9434704600003256,0.9013726783521846,1.0,0.2,,
resnet18,random,1,random_0+random_3,2,dare,0.80725,0.9545068878118688,0.1475228369235992,0.3873854279518127,0.2482819052634435,4.421045780181885,2.0,0.9434704600003256,0.9013726783521846,1.0,0.2,0.9,0.0
resnet18,random,1,random_0+random_3,2,dare,0.80775,0.9550210420098444,0.1475228369235992,0.3873854279518127,0.2482819052634435,4.421045780181885,2.0,0.9434704600003256,0.9013726783521846,1.0,0.2,0.9,1.0
resnet18,random,1,random_0+random_3,2,dare,0.8015,0.9474775479585682,0.1475228369235992,0.3873854279518127,0.2482819052634435,4.421045780181885,2.0,0.9434704600003256,0.9013726783521846,1.0,0.2,0.9,2.0
resnet18,random,1,random_0+random_4,2,averaging,0.8532500000000001,0.987084647405906,0.1260205954313278,0.4034292697906494,0.2376386744861004,4.333506107330322,2.0,0.9397378286069112,0.8980803947054561,,,,
resnet18,random,1,random_0+random_4,2,task_arithmetic,0.83675,0.9678880083984668,0.1260205954313278,0.4034292697906494,0.2376386744861004,4.333506107330322,2.0,0.9397378286069112,0.8980803947054561,0.1,,,
resnet18,random,1,random_0+random_4,2,task_arithmetic,0.8425,0.9745490056093488,0.1260205954313278,0.4034292697906494,0.2376386744861004,4.333506107330322,2.0,0.9397378286069112,0.8980803947054561,0.2,,,
resnet18,random,1,random_0+random_4,2,task_arithmetic,0.84875,0.981824565582411,0.1260205954313278,0.4034292697906494,0.2376386744861004,4.333506107330322,2.0,0.9397378286069112,0.8980803947054561,0.3,,,
resnet18,random,1,random_0+random_4,2,task_arithmetic,0.8532500000000001,0.987084647405906,0.1260205954313278,0.4034292697906494,0.2376386744861004,4.333506107330322,2.0,0.9397378286069112,0.8980803947054561,0.5,,,
resnet18,random,1,random_0+random_4,2,task_arithmetic,0.8315,0.9619439453189688,0.1260205954313278,0.4034292697906494,0.2376386744861004,4.333506107330322,2.0,0.9397378286069112,0.8980803947054561,1.0,,,
resnet18,random,1,random_0+random_4,2,ties,0.8422499999999999,0.974347106520086,0.1260205954313278,0.4034292697906494,0.2376386744861004,4.333506107330322,2.0,0.9397378286069112,0.8980803947054561,0.5,0.2,,
resnet18,random,1,random_0+random_4,2,ties,0.84975,0.9830777784877608,0.1260205954313278,0.4034292697906494,0.2376386744861004,4.333506107330322,2.0,0.9397378286069112,0.8980803947054561,1.0,0.2,,
resnet18,random,1,random_0+random_4,2,dare,0.8340000000000001,0.9648421256176992,0.1260205954313278,0.4034292697906494,0.2376386744861004,4.333506107330322,2.0,0.9397378286069112,0.8980803947054561,1.0,0.2,0.9,0.0
resnet18,random,1,random_0+random_4,2,dare,0.8355,0.9665473114635524,0.1260205954313278,0.4034292697906494,0.2376386744861004,4.333506107330322,2.0,0.9397378286069112,0.8980803947054561,1.0,0.2,0.9,1.0
resnet18,random,1,random_0+random_4,2,dare,0.835,0.965986945308598,0.1260205954313278,0.4034292697906494,0.2376386744861004,4.333506107330322,2.0,0.9397378286069112,0.8980803947054561,1.0,0.2,0.9,2.0
resnet18,random,1,random_1+random_2,2,averaging,0.81875,0.9842517577616388,0.157395526766777,0.3803451657295227,0.2427857013442468,4.410656690597534,2.0,0.9553139285667476,0.8957106792978196,,,,
resnet18,random,1,random_1+random_2,2,task_arithmetic,0.78425,0.9426324108098724,0.157395526766777,0.3803451657295227,0.2427857013442468,4.410656690597534,2.0,0.9553139285667476,0.8957106792978196,0.1,,,
resnet18,random,1,random_1+random_2,2,task_arithmetic,0.79975,0.9611608822082696,0.157395526766777,0.3803451657295227,0.2427857013442468,4.410656690597534,2.0,0.9553139285667476,0.8957106792978196,0.2,,,
resnet18,random,1,random_1+random_2,2,task_arithmetic,0.8095,0.9730071467839472,0.157395526766777,0.3803451657295227,0.2427857013442468,4.410656690597534,2.0,0.9553139285667476,0.8957106792978196,0.3,,,
resnet18,random,1,random_1+random_2,2,task_arithmetic,0.81875,0.9842517577616388,0.157395526766777,0.3803451657295227,0.2427857013442468,4.410656690597534,2.0,0.9553139285667476,0.8957106792978196,0.5,,,
resnet18,random,1,random_1+random_2,2,task_arithmetic,0.7895,0.9489410028645004,0.157395526766777,0.3803451657295227,0.2427857013442468,4.410656690597534,2.0,0.9553139285667476,0.8957106792978196,1.0,,,
resnet18,random,1,random_1+random_2,2,ties,0.7975,0.9584446702931048,0.157395526766777,0.3803451657295227,0.2427857013442468,4.410656690597534,2.0,0.9553139285667476,0.8957106792978196,0.5,0.2,,
resnet18,random,1,random_1+random_2,2,ties,0.79975,0.9612485894505368,0.157395526766777,0.3803451657295227,0.2427857013442468,4.410656690597534,2.0,0.9553139285667476,0.8957106792978196,1.0,0.2,,
resnet18,random,1,random_1+random_2,2,dare,0.80175,0.96344470646104,0.157395526766777,0.3803451657295227,0.2427857013442468,4.410656690597534,2.0,0.9553139285667476,0.8957106792978196,1.0,0.2,0.9,0.0
resnet18,random,1,random_1+random_2,2,dare,0.79125,0.9510380197332252,0.157395526766777,0.3803451657295227,0.2427857013442468,4.410656690597534,2.0,0.9553139285667476,0.8957106792978196,1.0,0.2,0.9,1.0
resnet18,random,1,random_1+random_2,2,dare,0.7975,0.958479753190012,0.157395526766777,0.3803451657295227,0.2427857013442468,4.410656690597534,2.0,0.9553139285667476,0.8957106792978196,1.0,0.2,0.9,2.0
resnet18,random,1,random_1+random_3,2,averaging,0.7935000000000001,0.9763199527655612,0.1540517359972,0.3825750648975372,0.2365516448506632,4.479817628860474,2.0,0.9426322693758856,0.8938095716889078,,,,
resnet18,random,1,random_1+random_3,2,task_arithmetic,0.771,0.9485356567025216,0.1540517359972,0.3825750648975372,0.2365516448506632,4.479817628860474,2.0,0.9426322693758856,0.8938095716889078,0.1,,,
resnet18,random,1,random_1+random_3,2,task_arithmetic,0.78225,0.9623681939639838,0.1540517359972,0.3825750648975372,0.2365516448506632,4.479817628860474,2.0,0.9426322693758856,0.8938095716889078,0.2,,,
resnet18,random,1,random_1+random_3,2,task_arithmetic,0.78775,0.9691554951667968,0.1540517359972,0.3825750648975372,0.2365516448506632,4.479817628860474,2.0,0.9426322693758856,0.8938095716889078,0.3,,,
resnet18,random,1,random_1+random_3,2,task_arithmetic,0.7935000000000001,0.9763199527655612,0.1540517359972,0.3825750648975372,0.2365516448506632,4.479817628860474,2.0,0.9426322693758856,0.8938095716889078,0.5,,,
resnet18,random,1,random_1+random_3,2,task_arithmetic,0.7609999999999999,0.9363623804945992,0.1540517359972,0.3825750648975372,0.2365516448506632,4.479817628860474,2.0,0.9426322693758856,0.8938095716889078,1.0,,,
resnet18,random,1,random_1+random_3,2,ties,0.7789999999999999,0.9583434261621262,0.1540517359972,0.3825750648975372,0.2365516448506632,4.479817628860474,2.0,0.9426322693758856,0.8938095716889078,0.5,0.2,,
resnet18,random,1,random_1+random_3,2,ties,0.779,0.9583871407268352,0.1540517359972,0.3825750648975372,0.2365516448506632,4.479817628860474,2.0,0.9426322693758856,0.8938095716889078,1.0,0.2,,
resnet18,random,1,random_1+random_3,2,dare,0.7685,0.9455430068050898,0.1540517359972,0.3825750648975372,0.2365516448506632,4.479817628860474,2.0,0.9426322693758856,0.8938095716889078,1.0,0.2,0.9,0.0
resnet18,random,1,random_1+random_3,2,dare,0.7655000000000001,0.9418755251424982,0.1540517359972,0.3825750648975372,0.2365516448506632,4.479817628860474,2.0,0.9426322693758856,0.8938095716889078,1.0,0.2,0.9,1.0
resnet18,random,1,random_1+random_3,2,dare,0.7655,0.9418556548858122,0.1540517359972,0.3825750648975372,0.2365516448506632,4.479817628860474,2.0,0.9426322693758856,0.8938095716889078,1.0,0.2,0.9,2.0
resnet18,random,1,random_1+random_4,2,averaging,0.8122499999999999,0.976595259593271,0.1476046741008758,0.3875612616539001,0.2553109337720324,4.392277956008911,2.0,0.946306671842752,0.8905172880421792,,,,
resnet18,random,1,random_1+random_4,2,task_arithmetic,0.79025,0.9499586539836028,0.1476046741008758,0.3875612616539001,0.2553109337720324,4.392277956008911,2.0,0.946306671842752,0.8905172880421792,0.1,,,
resnet18,random,1,random_1+random_4,2,task_arithmetic,0.80075,0.9626664471196212,0.1476046741008758,0.3875612616539001,0.2553109337720324,4.392277956008911,2.0,0.946306671842752,0.8905172880421792,0.2,,,
resnet18,random,1,random_1+random_4,2,task_arithmetic,0.8062499999999999,0.9694081096094656,0.1476046741008758,0.3875612616539001,0.2553109337720324,4.392277956008911,2.0,0.946306671842752,0.8905172880421792,0.3,,,
resnet18,random,1,random_1+random_4,2,task_arithmetic,0.8122499999999999,0.976595259593271,0.1476046741008758,0.3875612616539001,0.2553109337720324,4.392277956008911,2.0,0.946306671842752,0.8905172880421792,0.5,,,
resnet18,random,1,random_1+random_4,2,task_arithmetic,0.78125,0.9394906026023562,0.1476046741008758,0.3875612616539001,0.2553109337720324,4.392277956008911,2.0,0.946306671842752,0.8905172880421792,1.0,,,
resnet18,random,1,random_1+random_4,2,ties,0.7985,0.9599495524316344,0.1476046741008758,0.3875612616539001,0.2553109337720324,4.392277956008911,2.0,0.946306671842752,0.8905172880421792,0.5,0.2,,
resnet18,random,1,random_1+random_4,2,ties,0.80325,0.9657971638623152,0.1476046741008758,0.3875612616539001,0.2553109337720324,4.392277956008911,2.0,0.946306671842752,0.8905172880421792,1.0,0.2,,
resnet18,random,1,random_1+random_4,2,dare,0.78925,0.9490503082404328,0.1476046741008758,0.3875612616539001,0.2553109337720324,4.392277956008911,2.0,0.946306671842752,0.8905172880421792,1.0,0.2,0.9,0.0
resnet18,random,1,random_1+random_4,2,dare,0.787,0.9464376380839332,0.1476046741008758,0.3875612616539001,0.2553109337720324,4.392277956008911,2.0,0.946306671842752,0.8905172880421792,1.0,0.2,0.9,1.0
resnet18,random,1,random_1+random_4,2,dare,0.786,0.9451645064805584,0.1476046741008758,0.3875612616539001,0.2553109337720324,4.392277956008911,2.0,0.946306671842752,0.8905172880421792,1.0,0.2,0.9,2.0
resnet18,random,1,random_2+random_3,2,averaging,0.8220000000000001,0.982110315791879,0.145057201385498,0.3895992338657379,0.2409869374152368,4.398362159729004,2.0,0.9523459989917602,0.904450612703406,,,,
resnet18,random,1,random_2+random_3,2,task_arithmetic,0.7989999999999999,0.9547120284258392,0.145057201385498,0.3895992338657379,0.2409869374152368,4.398362159729004,2.0,0.9523459989917602,0.904450612703406,0.1,,,
resnet18,random,1,random_2+random_3,2,task_arithmetic,0.81575,0.974618970363092,0.145057201385498,0.3895992338657379,0.2409869374152368,4.398362159729004,2.0,0.9523459989917602,0.904450612703406,0.2,,,
resnet18,random,1,random_2+random_3,2,task_arithmetic,0.82175,0.9818182597171126,0.145057201385498,0.3895992338657379,0.2409869374152368,4.398362159729004,2.0,0.9523459989917602,0.904450612703406,0.3,,,
resnet18,random,1,random_2+random_3,2,task_arithmetic,0.8220000000000001,0.982110315791879,0.145057201385498,0.3895992338657379,0.2409869374152368,4.398362159729004,2.0,0.9523459989917602,0.904450612703406,0.5,,,
resnet18,random,1,random_2+random_3,2,task_arithmetic,0.7995,0.9550247926330462,0.145057201385498,0.3895992338657379,0.2409869374152368,4.398362159729004,2.0,0.9523459989917602,0.904450612703406,1.0,,,
resnet18,random,1,random_2+random_3,2,ties,0.81375,0.972309656559194,0.145057201385498,0.3895992338657379,0.2409869374152368,4.398362159729004,2.0,0.9523459989917602,0.904450612703406,0.5,0.2,,
resnet18,random,1,random_2+random_3,2,ties,0.8160000000000001,0.9749652960263236,0.145057201385498,0.3895992338657379,0.2409869374152368,4.398362159729004,2.0,0.9523459989917602,0.904450612703406,1.0,0.2,,
resnet18,random,1,random_2+random_3,2,dare,0.80525,0.9619455933094164,0.145057201385498,0.3895992338657379,0.2409869374152368,4.398362159729004,2.0,0.9523459989917602,0.904450612703406,1.0,0.2,0.9,0.0
resnet18,random,1,random_2+random_3,2,dare,0.8015,0.9575647521879214,0.145057201385498,0.3895992338657379,0.2409869374152368,4.398362159729004,2.0,0.9523459989917602,0.904450612703406,1.0,0.2,0.9,1.0
resnet18,random,1,random_2+random_3,2,dare,0.79925,0.9548277083380938,0.145057201385498,0.3895992338657379,0.2409869374152368,4.398362159729004,2.0,0.9523459989917602,0.904450612703406,1.0,0.2,0.9,2.0
resnet18,random,1,random_2+random_4,2,averaging,0.84825,0.9912366108249534,0.1356441676616668,0.3962894976139068,0.2383736111334079,4.310822486877441,2.0,0.9493503542371922,0.9011583290566774,,,,
resnet18,random,1,random_2+random_4,2,task_arithmetic,0.81975,0.9579343664141318,0.1356441676616668,0.3962894976139068,0.2383736111334079,4.310822486877441,2.0,0.9493503542371922,0.9011583290566774,0.1,,,
resnet18,random,1,random_2+random_4,2,task_arithmetic,0.8342499999999999,0.9748761791486642,0.1356441676616668,0.3962894976139068,0.2383736111334079,4.310822486877441,2.0,0.9493503542371922,0.9011583290566774,0.2,,,
resnet18,random,1,random_2+random_4,2,task_arithmetic,0.8420000000000001,0.9839331606373274,0.1356441676616668,0.3962894976139068,0.2383736111334079,4.310822486877441,2.0,0.9493503542371922,0.9011583290566774,0.3,,,
resnet18,random,1,random_2+random_4,2,task_arithmetic,0.84825,0.9912366108249534,0.1356441676616668,0.3962894976139068,0.2383736111334079,4.310822486877441,2.0,0.9493503542371922,0.9011583290566774,0.5,,,
resnet18,random,1,random_2+random_4,2,task_arithmetic,0.8214999999999999,0.9599779054714682,0.1356441676616668,0.3962894976139068,0.2383736111334079,4.310822486877441,2.0,0.9493503542371922,0.9011583290566774,1.0,,,
resnet18,random,1,random_2+random_4,2,ties,0.8340000000000001,0.9745853179263372,0.1356441676616668,0.3962894976139068,0.2383736111334079,4.310822486877441,2.0,0.9493503542371922,0.9011583290566774,0.5,0.2,,
resnet18,random,1,random_2+random_4,2,ties,0.8415,0.9833497312606172,0.1356441676616668,0.3962894976139068,0.2383736111334079,4.310822486877441,2.0,0.9493503542371922,0.9011583290566774,1.0,0.2,,
resnet18,random,1,random_2+random_4,2,dare,0.8325,0.9728319573185054,0.1356441676616668,0.3962894976139068,0.2383736111334079,4.310822486877441,2.0,0.9493503542371922,0.9011583290566774,1.0,0.2,0.9,0.0
resnet18,random,1,random_2+random_4,2,dare,0.82775,0.9672799901134496,0.1356441676616668,0.3962894976139068,0.2383736111334079,4.310822486877441,2.0,0.9493503542371922,0.9011583290566774,1.0,0.2,0.9,1.0
resnet18,random,1,random_2+random_4,2,dare,0.8265,0.9658202218192344,0.1356441676616668,0.3962894976139068,0.2383736111334079,4.310822486877441,2.0,0.9493503542371922,0.9011583290566774,1.0,0.2,0.9,2.0
resnet18,random,1,random_3+random_4,2,averaging,0.8287500000000001,0.9903540159388624,0.1500283181667328,0.3856991827487945,0.249853329941277,4.379983425140381,2.0,0.9492513218339652,0.8992572214477657,,,,
resnet18,random,1,random_3+random_4,2,task_arithmetic,0.8065,0.9637965687290208,0.1500283181667328,0.3856991827487945,0.249853329941277,4.379983425140381,2.0,0.9492513218339652,0.8992572214477657,0.1,,,
resnet18,random,1,random_3+random_4,2,task_arithmetic,0.8180000000000001,0.9775739176534975,0.1500283181667328,0.3856991827487945,0.249853329941277,4.379983425140381,2.0,0.9492513218339652,0.8992572214477657,0.2,,,
resnet18,random,1,random_3+random_4,2,task_arithmetic,0.8227500000000001,0.9832601932840715,0.1500283181667328,0.3856991827487945,0.249853329941277,4.379983425140381,2.0,0.9492513218339652,0.8992572214477657,0.3,,,
resnet18,random,1,random_3+random_4,2,task_arithmetic,0.8287500000000001,0.9903540159388624,0.1500283181667328,0.3856991827487945,0.249853329941277,4.379983425140381,2.0,0.9492513218339652,0.8992572214477657,0.5,,,
resnet18,random,1,random_3+random_4,2,task_arithmetic,0.8047500000000001,0.961496443978914,0.1500283181667328,0.3856991827487945,0.249853329941277,4.379983425140381,2.0,0.9492513218339652,0.8992572214477657,1.0,,,
resnet18,random,1,random_3+random_4,2,ties,0.819,0.9787562214292962,0.1500283181667328,0.3856991827487945,0.249853329941277,4.379983425140381,2.0,0.9492513218339652,0.8992572214477657,0.5,0.2,,
resnet18,random,1,random_3+random_4,2,ties,0.81825,0.9779733180527552,0.1500283181667328,0.3856991827487945,0.249853329941277,4.379983425140381,2.0,0.9492513218339652,0.8992572214477657,1.0,0.2,,
resnet18,random,1,random_3+random_4,2,dare,0.8067500000000001,0.9637806713070468,0.1500283181667328,0.3856991827487945,0.249853329941277,4.379983425140381,2.0,0.9492513218339652,0.8992572214477657,1.0,0.2,0.9,0.0
resnet18,random,1,random_3+random_4,2,dare,0.8089999999999999,0.966598266073544,0.1500283181667328,0.3856991827487945,0.249853329941277,4.379983425140381,2.0,0.9492513218339652,0.8992572214477657,1.0,0.2,0.9,1.0
resnet18,random,1,random_3+random_4,2,dare,0.8042499999999999,0.9609253871468808,0.1500283181667328,0.3856991827487945,0.249853329941277,4.379983425140381,2.0,0.9492513218339652,0.8992572214477657,1.0,0.2,0.9,2.0
resnet18,random,1,random_0+random_1+random_2,3,averaging,0.8241666666666667,0.9745597740539348,0.1416200300057729,0.3920624256134033,0.2385402740061097,4.398627281188965,3.0,0.9478764116783884,0.8972057367351715,,,,
resnet18,random,1,random_0+random_1+random_2,3,task_arithmetic,0.8119999999999999,0.959761647456628,0.1416200300057729,0.3920624256134033,0.2385402740061097,4.398627281188965,3.0,0.9478764116783884,0.8972057367351715,0.1,,,
resnet18,random,1,random_0+random_1+random_2,3,task_arithmetic,0.8198333333333334,0.9691115328766652,0.1416200300057729,0.3920624256134033,0.2385402740061097,4.398627281188965,3.0,0.9478764116783884,0.8972057367351715,0.2,,,
resnet18,random,1,random_0+random_1+random_2,3,task_arithmetic,0.824,0.9743338958803256,0.1416200300057729,0.3920624256134033,0.2385402740061097,4.398627281188965,3.0,0.9478764116783884,0.8972057367351715,0.3,,,
resnet18,random,1,random_0+random_1+random_2,3,task_arithmetic,0.8156666666666667,0.9644623266094292,0.1416200300057729,0.3920624256134033,0.2385402740061097,4.398627281188965,3.0,0.9478764116783884,0.8972057367351715,0.5,,,
resnet18,random,1,random_0+random_1+random_2,3,task_arithmetic,0.6633333333333333,0.7828197853010653,0.1416200300057729,0.3920624256134033,0.2385402740061097,4.398627281188965,3.0,0.9478764116783884,0.8972057367351715,1.0,,,
resnet18,random,1,random_0+random_1+random_2,3,ties,0.8155,0.963967383498161,0.1416200300057729,0.3920624256134033,0.2385402740061097,4.398627281188965,3.0,0.9478764116783884,0.8972057367351715,0.5,0.2,,
resnet18,random,1,random_0+random_1+random_2,3,ties,0.8119999999999999,0.959878638477004,0.1416200300057729,0.3920624256134033,0.2385402740061097,4.398627281188965,3.0,0.9478764116783884,0.8972057367351715,1.0,0.2,,
resnet18,random,1,random_0+random_1+random_2,3,dare,0.7088333333333333,0.8370106906260072,0.1416200300057729,0.3920624256134033,0.2385402740061097,4.398627281188965,3.0,0.9478764116783884,0.8972057367351715,1.0,0.2,0.9,0.0
resnet18,random,1,random_0+random_1+random_2,3,dare,0.706,0.8337124160776241,0.1416200300057729,0.3920624256134033,0.2385402740061097,4.398627281188965,3.0,0.9478764116783884,0.8972057367351715,1.0,0.2,0.9,1.0
resnet18,random,1,random_0+random_1+random_2,3,dare,0.7078333333333333,0.8357644829868436,0.1416200300057729,0.3920624256134033,0.2385402740061097,4.398627281188965,3.0,0.9478764116783884,0.8972057367351715,1.0,0.2,0.9,2.0
resnet18,random,1,random_0+random_1+random_3,3,averaging,0.8096666666666666,0.9720911765846164,0.1486772497495015,0.3866036832332611,0.2419757381547277,4.444734573364258,3.0,0.9423098321034078,0.8959383316625636,,,,
resnet18,random,1,random_0+random_1+random_3,3,task_arithmetic,0.801,0.9612834376172558,0.1486772497495015,0.3866036832332611,0.2419757381547277,4.444734573364258,3.0,0.9423098321034078,0.8959383316625636,0.1,,,
resnet18,random,1,random_0+random_1+random_3,3,task_arithmetic,0.8063333333333333,0.9678125576735008,0.1486772497495015,0.3866036832332611,0.2419757381547277,4.444734573364258,3.0,0.9423098321034078,0.8959383316625636,0.2,,,
resnet18,random,1,random_0+random_1+random_3,3,task_arithmetic,0.8096666666666668,0.972122065580258,0.1486772497495015,0.3866036832332611,0.2419757381547277,4.444734573364258,3.0,0.9423098321034078,0.8959383316625636,0.3,,,
resnet18,random,1,random_0+random_1+random_3,3,task_arithmetic,0.7958333333333334,0.9554974514762375,0.1486772497495015,0.3866036832332611,0.2419757381547277,4.444734573364258,3.0,0.9423098321034078,0.8959383316625636,0.5,,,
resnet18,random,1,random_0+random_1+random_3,3,task_arithmetic,0.6315,0.7567153144047528,0.1486772497495015,0.3866036832332611,0.2419757381547277,4.444734573364258,3.0,0.9423098321034078,0.8959383316625636,1.0,,,
resnet18,random,1,random_0+random_1+random_3,3,ties,0.7999999999999999,0.9601306698236828,0.1486772497495015,0.3866036832332611,0.2419757381547277,4.444734573364258,3.0,0.9423098321034078,0.8959383316625636,0.5,0.2,,
resnet18,random,1,random_0+random_1+random_3,3,ties,0.7925,0.951311499552047,0.1486772497495015,0.3866036832332611,0.2419757381547277,4.444734573364258,3.0,0.9423098321034078,0.8959383316625636,1.0,0.2,,
resnet18,random,1,random_0+random_1+random_3,3,dare,0.6789999999999999,0.8143711391273961,0.1486772497495015,0.3866036832332611,0.2419757381547277,4.444734573364258,3.0,0.9423098321034078,0.8959383316625636,1.0,0.2,0.9,0.0
resnet18,random,1,random_0+random_1+random_3,3,dare,0.6831666666666667,0.8191977004289743,0.1486772497495015,0.3866036832332611,0.2419757381547277,4.444734573364258,3.0,0.9423098321034078,0.8959383316625636,1.0,0.2,0.9,1.0
resnet18,random,1,random_0+random_1+random_3,3,dare,0.6745,0.8087310058446882,0.1486772497495015,0.3866036832332611,0.2419757381547277,4.444734573364258,3.0,0.9423098321034078,0.8959383316625636,1.0,0.2,0.9,2.0
resnet18,random,1,random_0+random_1+random_4,3,averaging,0.8206666666666668,0.970514633271594,0.1393608152866363,0.3936136960983276,0.244681090869403,4.386374791463216,3.0,0.9422904224612252,0.8937434758980779,,,,
resnet18,random,1,random_0+random_1+random_4,3,task_arithmetic,0.8131666666666666,0.9612903232845088,0.1393608152866363,0.3936136960983276,0.244681090869403,4.386374791463216,3.0,0.9422904224612252,0.8937434758980779,0.1,,,
resnet18,random,1,random_0+random_1+random_4,3,task_arithmetic,0.8203333333333332,0.9699097548325164,0.1393608152866363,0.3936136960983276,0.244681090869403,4.386374791463216,3.0,0.9422904224612252,0.8937434758980779,0.2,,,
resnet18,random,1,random_0+random_1+random_4,3,task_arithmetic,0.8216666666666667,0.9716559015859904,0.1393608152866363,0.3936136960983276,0.244681090869403,4.386374791463216,3.0,0.9422904224612252,0.8937434758980779,0.3,,,
resnet18,random,1,random_0+random_1+random_4,3,task_arithmetic,0.8121666666666667,0.9604739263745344,0.1393608152866363,0.3936136960983276,0.244681090869403,4.386374791463216,3.0,0.9422904224612252,0.8937434758980779,0.5,,,
resnet18,random,1,random_0+random_1+random_4,3,task_arithmetic,0.6783333333333333,0.8011712583604368,0.1393608152866363,0.3936136960983276,0.244681090869403,4.386374791463216,3.0,0.9422904224612252,0.8937434758980779,1.0,,,
resnet18,random,1,random_0+random_1+random_4,3,ties,0.8161666666666667,0.9649485174196458,0.1393608152866363,0.3936136960983276,0.244681090869403,4.386374791463216,3.0,0.9422904224612252,0.8937434758980779,0.5,0.2,,
resnet18,random,1,random_0+random_1+random_4,3,ties,0.8155,0.9641937966063724,0.1393608152866363,0.3936136960983276,0.244681090869403,4.386374791463216,3.0,0.9422904224612252,0.8937434758980779,1.0,0.2,,
resnet18,random,1,random_0+random_1+random_4,3,dare,0.7261666666666667,0.8582273624511881,0.1393608152866363,0.3936136960983276,0.244681090869403,4.386374791463216,3.0,0.9422904224612252,0.8937434758980779,1.0,0.2,0.9,0.0
resnet18,random,1,random_0+random_1+random_4,3,dare,0.7146666666666667,0.8444308764535128,0.1393608152866363,0.3936136960983276,0.244681090869403,4.386374791463216,3.0,0.9422904224612252,0.8937434758980779,1.0,0.2,0.9,1.0
resnet18,random,1,random_0+random_1+random_4,3,dare,0.7084999999999999,0.8369531764068979,0.1393608152866363,0.3936136960983276,0.244681090869403,4.386374791463216,3.0,0.9422904224612252,0.8937434758980779,1.0,0.2,0.9,2.0
resnet18,random,1,random_0+random_2+random_3,3,averaging,0.831,0.9786452654602597,0.1385291417439778,0.3943254053592682,0.2403367663342287,4.390430927276611,3.0,0.9477683328421636,0.9030323590055622,,,,
resnet18,random,1,random_0+random_2+random_3,3,task_arithmetic,0.8203333333333335,0.9660228114821502,0.1385291417439778,0.3943254053592682,0.2403367663342287,4.390430927276611,3.0,0.9477683328421636,0.9030323590055622,0.1,,,
resnet18,random,1,random_0+random_2+random_3,3,task_arithmetic,0.8293333333333334,0.9766866932396958,0.1385291417439778,0.3943254053592682,0.2403367663342287,4.390430927276611,3.0,0.9477683328421636,0.9030323590055622,0.2,,,
resnet18,random,1,random_0+random_2+random_3,3,task_arithmetic,0.8296666666666667,0.97705535410389,0.1385291417439778,0.3943254053592682,0.2403367663342287,4.390430927276611,3.0,0.9477683328421636,0.9030323590055622,0.3,,,
resnet18,random,1,random_0+random_2+random_3,3,task_arithmetic,0.8201666666666667,0.9657445574228216,0.1385291417439778,0.3943254053592682,0.2403367663342287,4.390430927276611,3.0,0.9477683328421636,0.9030323590055622,0.5,,,
resnet18,random,1,random_0+random_2+random_3,3,task_arithmetic,0.6853333333333333,0.8059501434246595,0.1385291417439778,0.3943254053592682,0.2403367663342287,4.390430927276611,3.0,0.9477683328421636,0.9030323590055622,1.0,,,
resnet18,random,1,random_0+random_2+random_3,3,ties,0.8256666666666667,0.9723670244174792,0.1385291417439778,0.3943254053592682,0.2403367663342287,4.390430927276611,3.0,0.9477683328421636,0.9030323590055622,0.5,0.2,,
resnet18,random,1,random_0+random_2+random_3,3,ties,0.8215,0.9674830884497928,0.1385291417439778,0.3943254053592682,0.2403367663342287,4.390430927276611,3.0,0.9477683328421636,0.9030323590055622,1.0,0.2,,
resnet18,random,1,random_0+random_2+random_3,3,dare,0.719,0.8459007808961004,0.1385291417439778,0.3943254053592682,0.2403367663342287,4.390430927276611,3.0,0.9477683328421636,0.9030323590055622,1.0,0.2,0.9,0.0
resnet18,random,1,random_0+random_2+random_3,3,dare,0.7321666666666666,0.8614961394871353,0.1385291417439778,0.3943254053592682,0.2403367663342287,4.390430927276611,3.0,0.9477683328421636,0.9030323590055622,1.0,0.2,0.9,1.0
resnet18,random,1,random_0+random_2+random_3,3,dare,0.7281666666666666,0.8568106377553589,0.1385291417439778,0.3943254053592682,0.2403367663342287,4.390430927276611,3.0,0.9477683328421636,0.9030323590055622,1.0,0.2,0.9,2.0
resnet18,random,1,random_0+random_2+random_4,3,averaging,0.8460000000000001,0.9818918335567977,0.128224050005277,0.4019034405549367,0.2359179139811714,4.332071145375569,3.0,0.9455255741261696,0.9008375032410764,,,,
resnet18,random,1,random_0+random_2+random_4,3,task_arithmetic,0.8338333333333333,0.967673430917471,0.128224050005277,0.4019034405549367,0.2359179139811714,4.332071145375569,3.0,0.9455255741261696,0.9008375032410764,0.1,,,
resnet18,random,1,random_0+random_2+random_4,3,task_arithmetic,0.842,0.9772085175286612,0.128224050005277,0.4019034405549367,0.2359179139811714,4.332071145375569,3.0,0.9455255741261696,0.9008375032410764,0.2,,,
resnet18,random,1,random_0+random_2+random_4,3,task_arithmetic,0.8458333333333333,0.9816971295069532,0.128224050005277,0.4019034405549367,0.2359179139811714,4.332071145375569,3.0,0.9455255741261696,0.9008375032410764,0.3,,,
resnet18,random,1,random_0+random_2+random_4,3,task_arithmetic,0.8424999999999999,0.9778681098163668,0.128224050005277,0.4019034405549367,0.2359179139811714,4.332071145375569,3.0,0.9455255741261696,0.9008375032410764,0.5,,,
resnet18,random,1,random_0+random_2+random_4,3,task_arithmetic,0.7186666666666667,0.8340868764511216,0.128224050005277,0.4019034405549367,0.2359179139811714,4.332071145375569,3.0,0.9455255741261696,0.9008375032410764,1.0,,,
resnet18,random,1,random_0+random_2+random_4,3,ties,0.8386666666666667,0.9733537855984656,0.128224050005277,0.4019034405549367,0.2359179139811714,4.332071145375569,3.0,0.9455255741261696,0.9008375032410764,0.5,0.2,,
resnet18,random,1,random_0+random_2+random_4,3,ties,0.8410000000000001,0.9760602522516164,0.128224050005277,0.4019034405549367,0.2359179139811714,4.332071145375569,3.0,0.9455255741261696,0.9008375032410764,1.0,0.2,,
resnet18,random,1,random_0+random_2+random_4,3,dare,0.7571666666666667,0.878800017022708,0.128224050005277,0.4019034405549367,0.2359179139811714,4.332071145375569,3.0,0.9455255741261696,0.9008375032410764,1.0,0.2,0.9,0.0
resnet18,random,1,random_0+random_2+random_4,3,dare,0.7641666666666667,0.886869844952503,0.128224050005277,0.4019034405549367,0.2359179139811714,4.332071145375569,3.0,0.9455255741261696,0.9008375032410764,1.0,0.2,0.9,1.0
resnet18,random,1,random_0+random_2+random_4,3,dare,0.7558333333333334,0.8772094715476758,0.128224050005277,0.4019034405549367,0.2359179139811714,4.332071145375569,3.0,0.9455255741261696,0.9008375032410764,1.0,0.2,0.9,2.0
resnet18,random,1,random_0+random_3+random_4,3,averaging,0.8328333333333333,0.981072496181604,0.1411905835072199,0.3921712934970855,0.2452579698969403,4.378178437550862,3.0,0.9441532034804008,0.8995700981684687,,,,
resnet18,random,1,random_0+random_3+random_4,3,task_arithmetic,0.8251666666666667,0.971921110896771,0.1411905835072199,0.3921712934970855,0.2452579698969403,4.378178437550862,3.0,0.9441532034804008,0.8995700981684687,0.1,,,
resnet18,random,1,random_0+random_3+random_4,3,task_arithmetic,0.8323333333333333,0.9804546176010086,0.1411905835072199,0.3921712934970855,0.2452579698969403,4.378178437550862,3.0,0.9441532034804008,0.8995700981684687,0.2,,,
resnet18,random,1,random_0+random_3+random_4,3,task_arithmetic,0.8330000000000001,0.9812512557729256,0.1411905835072199,0.3921712934970855,0.2452579698969403,4.378178437550862,3.0,0.9441532034804008,0.8995700981684687,0.3,,,
resnet18,random,1,random_0+random_3+random_4,3,task_arithmetic,0.8221666666666666,0.968372757602459,0.1411905835072199,0.3921712934970855,0.2452579698969403,4.378178437550862,3.0,0.9441532034804008,0.8995700981684687,0.5,,,
resnet18,random,1,random_0+random_3+random_4,3,task_arithmetic,0.6918333333333333,0.81400628283659,0.1411905835072199,0.3921712934970855,0.2452579698969403,4.378178437550862,3.0,0.9441532034804008,0.8995700981684687,1.0,,,
resnet18,random,1,random_0+random_3+random_4,3,ties,0.8285,0.9759674930961634,0.1411905835072199,0.3921712934970855,0.2452579698969403,4.378178437550862,3.0,0.9441532034804008,0.8995700981684687,0.5,0.2,,
resnet18,random,1,random_0+random_3+random_4,3,ties,0.8245,0.9713105401359368,0.1411905835072199,0.3921712934970855,0.2452579698969403,4.378178437550862,3.0,0.9441532034804008,0.8995700981684687,1.0,0.2,,
resnet18,random,1,random_0+random_3+random_4,3,dare,0.7343333333333334,0.8643339606214221,0.1411905835072199,0.3921712934970855,0.2452579698969403,4.378178437550862,3.0,0.9441532034804008,0.8995700981684687,1.0,0.2,0.9,0.0
resnet18,random,1,random_0+random_3+random_4,3,dare,0.733,0.8628062258302246,0.1411905835072199,0.3921712934970855,0.2452579698969403,4.378178437550862,3.0,0.9441532034804008,0.8995700981684687,1.0,0.2,0.9,1.0
resnet18,random,1,random_0+random_3+random_4,3,dare,0.7183333333333333,0.8454388880905249,0.1411905835072199,0.3921712934970855,0.2452579698969403,4.378178437550862,3.0,0.9441532034804008,0.8995700981684687,1.0,0.2,0.9,2.0
resnet18,random,1,random_1+random_2+random_3,3,averaging,0.8028333333333334,0.9705214478271378,0.1521681547164917,0.3841731548309326,0.2401080945367156,4.429612159729004,3.0,0.9500973989781312,0.8979902878967111,,,,
resnet18,random,1,random_1+random_2+random_3,3,task_arithmetic,0.7919999999999999,0.9573308519123328,0.1521681547164917,0.3841731548309326,0.2401080945367156,4.429612159729004,3.0,0.9500973989781312,0.8979902878967111,0.1,,,
resnet18,random,1,random_1+random_2+random_3,3,task_arithmetic,0.8016666666666667,0.9690038442240736,0.1521681547164917,0.3841731548309326,0.2401080945367156,4.429612159729004,3.0,0.9500973989781312,0.8979902878967111,0.2,,,
resnet18,random,1,random_1+random_2+random_3,3,task_arithmetic,0.8008333333333333,0.9681084378713404,0.1521681547164917,0.3841731548309326,0.2401080945367156,4.429612159729004,3.0,0.9500973989781312,0.8979902878967111,0.3,,,
resnet18,random,1,random_1+random_2+random_3,3,task_arithmetic,0.7921666666666667,0.9574986914694632,0.1521681547164917,0.3841731548309326,0.2401080945367156,4.429612159729004,3.0,0.9500973989781312,0.8979902878967111,0.5,,,
resnet18,random,1,random_1+random_2+random_3,3,task_arithmetic,0.6303333333333333,0.761120195639582,0.1521681547164917,0.3841731548309326,0.2401080945367156,4.429612159729004,3.0,0.9500973989781312,0.8979902878967111,1.0,,,
resnet18,random,1,random_1+random_2+random_3,3,ties,0.7968333333333333,0.9630959502948934,0.1521681547164917,0.3841731548309326,0.2401080945367156,4.429612159729004,3.0,0.9500973989781312,0.8979902878967111,0.5,0.2,,
resnet18,random,1,random_1+random_2+random_3,3,ties,0.7858333333333333,0.9498327066464838,0.1521681547164917,0.3841731548309326,0.2401080945367156,4.429612159729004,3.0,0.9500973989781312,0.8979902878967111,1.0,0.2,,
resnet18,random,1,random_1+random_2+random_3,3,dare,0.6733333333333333,0.8132349003086731,0.1521681547164917,0.3841731548309326,0.2401080945367156,4.429612159729004,3.0,0.9500973989781312,0.8979902878967111,1.0,0.2,0.9,0.0
resnet18,random,1,random_1+random_2+random_3,3,dare,0.6743333333333333,0.8144026688976534,0.1521681547164917,0.3841731548309326,0.2401080945367156,4.429612159729004,3.0,0.9500973989781312,0.8979902878967111,1.0,0.2,0.9,1.0
resnet18,random,1,random_1+random_2+random_3,3,dare,0.6868333333333334,0.8296382470175986,0.1521681547164917,0.3841731548309326,0.2401080945367156,4.429612159729004,3.0,0.9500973989781312,0.8979902878967111,1.0,0.2,0.9,2.0
resnet18,random,1,random_1+random_2+random_4,3,averaging,0.8166666666666668,0.9723439092264624,0.1468814561764399,0.3880653083324432,0.245490082083229,4.371252377827962,3.0,0.9503236515488972,0.8957954321322253,,,,
resnet18,random,1,random_1+random_2+random_4,3,task_arithmetic,0.8029999999999999,0.9559897617729102,0.1468814561764399,0.3880653083324432,0.245490082083229,4.371252377827962,3.0,0.9503236515488972,0.8957954321322253,0.1,,,
resnet18,random,1,random_1+random_2+random_4,3,task_arithmetic,0.8135,0.9685384870204082,0.1468814561764399,0.3880653083324432,0.245490082083229,4.371252377827962,3.0,0.9503236515488972,0.8957954321322253,0.2,,,
resnet18,random,1,random_1+random_2+random_4,3,task_arithmetic,0.8170000000000001,0.972733658712562,0.1468814561764399,0.3880653083324432,0.245490082083229,4.371252377827962,3.0,0.9503236515488972,0.8957954321322253,0.3,,,
resnet18,random,1,random_1+random_2+random_4,3,task_arithmetic,0.8103333333333333,0.9648018650625234,0.1468814561764399,0.3880653083324432,0.245490082083229,4.371252377827962,3.0,0.9503236515488972,0.8957954321322253,0.5,,,
resnet18,random,1,random_1+random_2+random_4,3,task_arithmetic,0.664,0.7902964487138006,0.1468814561764399,0.3880653083324432,0.245490082083229,4.371252377827962,3.0,0.9503236515488972,0.8957954321322253,1.0,,,
resnet18,random,1,random_1+random_2+random_4,3,ties,0.8096666666666666,0.9638954357337214,0.1468814561764399,0.3880653083324432,0.245490082083229,4.371252377827962,3.0,0.9503236515488972,0.8957954321322253,0.5,0.2,,
resnet18,random,1,random_1+random_2+random_4,3,ties,0.8048333333333333,0.9581663616271628,0.1468814561764399,0.3880653083324432,0.245490082083229,4.371252377827962,3.0,0.9503236515488972,0.8957954321322253,1.0,0.2,,
resnet18,random,1,random_1+random_2+random_4,3,dare,0.7061666666666667,0.840782453032149,0.1468814561764399,0.3880653083324432,0.245490082083229,4.371252377827962,3.0,0.9503236515488972,0.8957954321322253,1.0,0.2,0.9,0.0
resnet18,random,1,random_1+random_2+random_4,3,dare,0.7096666666666667,0.8446869741821343,0.1468814561764399,0.3880653083324432,0.245490082083229,4.371252377827962,3.0,0.9503236515488972,0.8957954321322253,1.0,0.2,0.9,1.0
resnet18,random,1,random_1+random_2+random_4,3,dare,0.7068333333333333,0.8415829508974081,0.1468814561764399,0.3880653083324432,0.245490082083229,4.371252377827962,3.0,0.9503236515488972,0.8957954321322253,1.0,0.2,0.9,2.0
resnet18,random,1,random_1+random_3+random_4,3,averaging,0.8061666666666666,0.974634067599458,0.1505615760882695,0.3852785031000773,0.2472386361879908,4.417359670003255,3.0,0.9460634210175344,0.8945280270596175,,,,
resnet18,random,1,random_1+random_3+random_4,3,task_arithmetic,0.7938333333333333,0.9596319403706236,0.1505615760882695,0.3852785031000773,0.2472386361879908,4.417359670003255,3.0,0.9460634210175344,0.8945280270596175,0.1,,,
resnet18,random,1,random_1+random_3+random_4,3,task_arithmetic,0.8024999999999999,0.9701727011157651,0.1505615760882695,0.3852785031000773,0.2472386361879908,4.417359670003255,3.0,0.9460634210175344,0.8945280270596175,0.2,,,
resnet18,random,1,random_1+random_3+random_4,3,task_arithmetic,0.8058333333333333,0.974227552670214,0.1505615760882695,0.3852785031000773,0.2472386361879908,4.417359670003255,3.0,0.9460634210175344,0.8945280270596175,0.3,,,
resnet18,random,1,random_1+random_3+random_4,3,task_arithmetic,0.7916666666666666,0.9571423815634892,0.1505615760882695,0.3852785031000773,0.2472386361879908,4.417359670003255,3.0,0.9460634210175344,0.8945280270596175,0.5,,,
resnet18,random,1,random_1+random_3+random_4,3,task_arithmetic,0.6388333333333334,0.772056196097977,0.1505615760882695,0.3852785031000773,0.2472386361879908,4.417359670003255,3.0,0.9460634210175344,0.8945280270596175,1.0,,,
resnet18,random,1,random_1+random_3+random_4,3,ties,0.7966666666666667,0.9630252069977028,0.1505615760882695,0.3852785031000773,0.2472386361879908,4.417359670003255,3.0,0.9460634210175344,0.8945280270596175,0.5,0.2,,
resnet18,random,1,random_1+random_3+random_4,3,ties,0.7905000000000001,0.9556267434987534,0.1505615760882695,0.3852785031000773,0.2472386361879908,4.417359670003255,3.0,0.9460634210175344,0.8945280270596175,1.0,0.2,,
resnet18,random,1,random_1+random_3+random_4,3,dare,0.6831666666666667,0.8256625553151057,0.1505615760882695,0.3852785031000773,0.2472386361879908,4.417359670003255,3.0,0.9460634210175344,0.8945280270596175,1.0,0.2,0.9,0.0
resnet18,random,1,random_1+random_3+random_4,3,dare,0.6826666666666666,0.8250777182103762,0.1505615760882695,0.3852785031000773,0.2472386361879908,4.417359670003255,3.0,0.9460634210175344,0.8945280270596175,1.0,0.2,0.9,1.0
resnet18,random,1,random_1+random_3+random_4,3,dare,0.6813333333333333,0.823559898994497,0.1505615760882695,0.3852785031000773,0.2472386361879908,4.417359670003255,3.0,0.9460634210175344,0.8945280270596175,1.0,0.2,0.9,2.0
resnet18,random,1,random_2+random_3+random_4,3,averaging,0.8258333333333333,0.979422430194119,0.1435765624046325,0.3905293047428131,0.2430712928299739,4.363056023915608,3.0,0.9503158916876392,0.9016220544026164,,,,
resnet18,random,1,random_2+random_3+random_4,3,task_arithmetic,0.8141666666666666,0.965600472054105,0.1435765624046325,0.3905293047428131,0.2430712928299739,4.363056023915608,3.0,0.9503158916876392,0.9016220544026164,0.1,,,
resnet18,random,1,random_2+random_3+random_4,3,task_arithmetic,0.8251666666666666,0.978687586901622,0.1435765624046325,0.3905293047428131,0.2430712928299739,4.363056023915608,3.0,0.9503158916876392,0.9016220544026164,0.2,,,
resnet18,random,1,random_2+random_3+random_4,3,task_arithmetic,0.8266666666666667,0.9803960642388104,0.1435765624046325,0.3905293047428131,0.2430712928299739,4.363056023915608,3.0,0.9503158916876392,0.9016220544026164,0.3,,,
resnet18,random,1,random_2+random_3+random_4,3,task_arithmetic,0.818,0.969954198274708,0.1435765624046325,0.3905293047428131,0.2430712928299739,4.363056023915608,3.0,0.9503158916876392,0.9016220544026164,0.5,,,
resnet18,random,1,random_2+random_3+random_4,3,task_arithmetic,0.6793333333333335,0.8049810563873573,0.1435765624046325,0.3905293047428131,0.2430712928299739,4.363056023915608,3.0,0.9503158916876392,0.9016220544026164,1.0,,,
resnet18,random,1,random_2+random_3+random_4,3,ties,0.8208333333333333,0.9735342633142112,0.1435765624046325,0.3905293047428131,0.2430712928299739,4.363056023915608,3.0,0.9503158916876392,0.9016220544026164,0.5,0.2,,
resnet18,random,1,random_2+random_3+random_4,3,ties,0.8170000000000001,0.969009821351506,0.1435765624046325,0.3905293047428131,0.2430712928299739,4.363056023915608,3.0,0.9503158916876392,0.9016220544026164,1.0,0.2,,
resnet18,random,1,random_2+random_3+random_4,3,dare,0.7193333333333333,0.8525686727674038,0.1435765624046325,0.3905293047428131,0.2430712928299739,4.363056023915608,3.0,0.9503158916876392,0.9016220544026164,1.0,0.2,0.9,0.0
resnet18,random,1,random_2+random_3+random_4,3,dare,0.722,0.855810680400134,0.1435765624046325,0.3905293047428131,0.2430712928299739,4.363056023915608,3.0,0.9503158916876392,0.9016220544026164,1.0,0.2,0.9,1.0
resnet18,random,1,random_2+random_3+random_4,3,dare,0.7171666666666666,0.8500904241622491,0.1435765624046325,0.3905293047428131,0.2430712928299739,4.363056023915608,3.0,0.9503158916876392,0.9016220544026164,1.0,0.2,0.9,2.0
resnet18,random,1,random_0+random_1+random_2+random_3+random_4,5,averaging,0.8145,0.9671631648102887,0.1430789619684219,0.3908726215362549,0.242261785888049,4.391169738769531,5.0,0.9466724139923955,0.898026330620209,,,,
resnet18,random,1,random_0+random_1+random_2+random_3+random_4,5,task_arithmetic,0.8141,0.9665334500764606,0.1430789619684219,0.3908726215362549,0.242261785888049,4.391169738769531,5.0,0.9466724139923955,0.898026330620209,0.1,,,
resnet18,random,1,random_0+random_1+random_2+random_3+random_4,5,task_arithmetic,0.8145,0.9671631648102887,0.1430789619684219,0.3908726215362549,0.242261785888049,4.391169738769531,5.0,0.9466724139923955,0.898026330620209,0.2,,,
resnet18,random,1,random_0+random_1+random_2+random_3+random_4,5,task_arithmetic,0.8013,0.951243745364251,0.1430789619684219,0.3908726215362549,0.242261785888049,4.391169738769531,5.0,0.9466724139923955,0.898026330620209,0.3,,,
resnet18,random,1,random_0+random_1+random_2+random_3+random_4,5,task_arithmetic,0.724,0.8589448643689543,0.1430789619684219,0.3908726215362549,0.242261785888049,4.391169738769531,5.0,0.9466724139923955,0.898026330620209,0.5,,,
resnet18,random,1,random_0+random_1+random_2+random_3+random_4,5,task_arithmetic,0.2183,0.2585755478603212,0.1430789619684219,0.3908726215362549,0.242261785888049,4.391169738769531,5.0,0.9466724139923955,0.898026330620209,1.0,,,
resnet18,random,1,random_0+random_1+random_2+random_3+random_4,5,ties,0.8108000000000001,0.9625823354190416,0.1430789619684219,0.3908726215362549,0.242261785888049,4.391169738769531,5.0,0.9466724139923955,0.898026330620209,0.5,0.2,,
resnet18,random,1,random_0+random_1+random_2+random_3+random_4,5,ties,0.7981,0.9474195364751304,0.1430789619684219,0.3908726215362549,0.242261785888049,4.391169738769531,5.0,0.9466724139923955,0.898026330620209,1.0,0.2,,
resnet18,random,1,random_0+random_1+random_2+random_3+random_4,5,dare,0.4030999999999999,0.4769072662733918,0.1430789619684219,0.3908726215362549,0.242261785888049,4.391169738769531,5.0,0.9466724139923955,0.898026330620209,1.0,0.2,0.9,0.0
resnet18,random,1,random_0+random_1+random_2+random_3+random_4,5,dare,0.408,0.4828741840177404,0.1430789619684219,0.3908726215362549,0.242261785888049,4.391169738769531,5.0,0.9466724139923955,0.898026330620209,1.0,0.2,0.9,1.0
resnet18,random,1,random_0+random_1+random_2+random_3+random_4,5,dare,0.4117,0.4870711162899356,0.1430789619684219,0.3908726215362549,0.242261785888049,4.391169738769531,5.0,0.9466724139923955,0.898026330620209,1.0,0.2,0.9,2.0
